"comid","metric","n_years","value_mean","mk_tau","mk_pvalue","sen_slope","trend_direction"
620003068,"cohesion",40,99.9595077404552,-0.146909168218515,0.187664009029,-0.000558261610185778,"sin tendencia"
620003068,"ed",40,8.6458287959994,-0.14433181439012,0.195595602756647,-0.0629646978372651,"sin tendencia"
620003068,"lpi",40,95.2807917406458,-0.140556847374207,0.207918628785803,-0.0423640934589857,"sin tendencia"
620003068,"mesh",40,2548.23565506917,-0.141754460561725,0.203770205060612,-2.30466066466956,"sin tendencia"
620003068,"np",40,5.825,-0.0594374123917115,0.618735755864324,0,"sin tendencia"
620003068,"pd",40,0.207594271575976,-0.0580551469872531,0.62711304001515,0,"sin tendencia"
620003069,"cohesion",40,99.9976873087749,-0.284989395529913,0.0106208728649135,-2.43251749430307e-05,"descenso"
620003069,"ed",40,0.820926497713487,0.38139678924727,0.000606386919147001,0.0116986545858759,"incremento"
620003069,"lpi",40,99.6276036451032,-0.580342041806369,1.83956142288029e-07,-0.0133103010881895,"descenso"
620003069,"mesh",40,1828.89989582049,-0.580342041806369,1.83956142288029e-07,-0.489200000960278,"descenso"
620003069,"np",40,1.175,-0.120148093765837,0.373528929668732,0,"sin tendencia"
620003069,"pd",40,0.0637689529844899,-0.148418233475446,0.269829875096559,0,"sin tendencia"
620003071,"cohesion",40,97.0727716615773,0.565747390279424,2.94703298275331e-07,0.0190995282262145,"incremento"
620003071,"ed",40,31.6547893744475,-0.642719824331046,5.68012984749407e-09,-0.146950075743109,"descenso"
620003071,"lpi",40,11.8527710843374,0.420108674028386,0.000151053756865464,0.015475234270415,"incremento"
620003071,"mesh",40,43.5305511739023,0.581141877089748,1.3895457028526e-07,0.184020006241316,"incremento"
620003071,"np",40,47.975,-0.534945413883608,2.56336652512537e-06,-0.285714285714286,"descenso"
620003071,"pd",40,1.6707004919511,-0.528291863959682,3.41095097323964e-06,-0.00994982798750002,"descenso"
620003101,"cohesion",40,99.8054260965992,0.215384615384615,0.0516880497553147,0.000406380492952433,"sin tendencia"
620003101,"ed",40,20.0997021796005,-0.0564827166281941,0.616327131647527,-0.0146389735412026,"sin tendencia"
620003101,"lpi",40,79.2128994831769,-0.109044281573132,0.327701871290238,-0.0204251443572187,"sin tendencia"
620003101,"mesh",40,1098.36835952573,-0.107692307692308,0.333526103088346,-0.573641630529325,"sin tendencia"
620003101,"np",40,7.95,-0.12440333788203,0.327054666377789,0,"sin tendencia"
620003101,"pd",40,0.454439385180194,-0.129188081646723,0.308560103826554,0,"sin tendencia"
620003119,"cohesion",40,85.35428346704,-0.740218240796434,1.92697909684985e-11,-0.0574497981797497,"descenso"
620003119,"ed",40,21.6565809204769,-0.0154043772622348,0.898007491703648,-0.00144731568747646,"sin tendencia"
620003119,"lpi",40,0.579996315656159,0.332953786917323,0.00300564366039973,0.00162042900431461,"incremento"
620003119,"mesh",40,0.423142824325032,-0.514432434245009,3.15089571565034e-06,-0.00276313640815925,"descenso"
620003119,"np",40,100.4,0.156951660990113,0.167320513700225,0.0983870967741935,"sin tendencia"
620003119,"pd",40,2.50591803234278,0.159589504031963,0.160238655326447,0.00245567729040143,"sin tendencia"
620003127,"cohesion",40,99.711201551928,-0.325641025641026,0.00320135424849328,-0.000701599691430369,"descenso"
620003127,"ed",40,21.3198454292372,-0.212820512820513,0.0545528426741626,-0.116552564251344,"sin tendencia"
620003127,"lpi",40,64.3049701623336,0.0423348387283923,0.709253824535276,0.0120377890273136,"sin tendencia"
620003127,"mesh",40,915.150844857612,0.041025641025641,0.7179633437776,0.331226818868766,"sin tendencia"
620003127,"np",40,14.525,-0.210792849609003,0.0777652423282168,-0.0138888888888889,"sin tendencia"
620003127,"pd",40,0.657003874193123,-0.210792849609003,0.0777652423282168,-0.000628230899018096,"sin tendencia"
620004484,"cohesion",40,99.951848371654,0.0384615384615385,0.735453618117175,2.31983264412201e-05,"sin tendencia"
620004484,"ed",40,18.9891435178557,0.112820512820513,0.310754560425242,0.0789288562601614,"sin tendencia"
620004484,"lpi",40,91.7727272727273,-0.041025641025641,0.7179633437776,-0.00950905800184967,"sin tendencia"
620004484,"mesh",40,3262.31218290349,-0.041025641025641,0.7179633437776,-0.685526194831099,"sin tendencia"
620004484,"np",40,11.525,0.0188003447725608,0.884189266119409,0,"sin tendencia"
620004484,"pd",40,0.297677962066602,0.0188003447725608,0.884189266119409,0,"sin tendencia"
620004485,"cohesion",40,99.9931594605169,0.106478533771411,0.339350337952359,6.35969959540564e-05,"sin tendencia"
620004485,"ed",40,5.13611058653471,-0.0833868035559241,0.455838491604328,-0.0137199354017579,"sin tendencia"
620004485,"lpi",40,98.4794455557265,0.0308087545244695,0.788691483691962,0.00274767546655527,"sin tendencia"
620004485,"mesh",40,3489.17056854757,0.0320718475215093,0.779750791615175,0.195927565136078,"sin tendencia"
620004485,"np",40,1.65,-0.231223411942268,0.0678978574446694,0,"sin tendencia"
620004485,"pd",40,0.0458647609258005,-0.234526603541443,0.064032579421787,0,"sin tendencia"
620005821,"cohesion",40,97.8584381243526,-0.299680005793883,0.00685189890220679,-0.0612509353539482,"descenso"
620005821,"ed",40,46.6213445529262,-0.575665860723309,2.00290770647239e-07,-0.336418031010415,"descenso"
620005821,"lpi",40,50.1451818761966,-0.458288019262273,4.90883516252873e-05,-0.400259018731934,"descenso"
620005821,"mesh",40,83.0187733645109,-0.369133741042251,0.000858139288938831,-1.42603365715501,"descenso"
620005821,"np",40,7.375,0.0503254660450605,0.671537832277079,0,"sin tendencia"
620005821,"pd",40,2.55068019292073,0.0503254660450605,0.671537832277079,0,"sin tendencia"
620005868,"cohesion",40,97.6694304167871,0.395888197569576,0.000346446599542764,0.00731630411701183,"incremento"
620005868,"ed",40,23.7306520785889,-0.362469064008508,0.00105725603062963,-0.122521619758738,"descenso"
620005868,"lpi",40,32.2534046483653,-0.0260104635130608,0.824444769063604,-0.00060767009675245,"sin tendencia"
620005868,"mesh",40,223.668078653418,-0.0488433490507919,0.666319054053275,-0.0111580928571416,"sin tendencia"
620005868,"np",40,46.05,-0.274134916868561,0.015837211573777,-0.180194805194805,"descenso"
620005868,"pd",40,2.14434966890838,-0.274134916868561,0.015837211573777,-0.00839089404687275,"descenso"
620005900,"cohesion",40,95.1071508917271,NA,NA,NA,"sin tendencia"
620005900,"ed",40,0,NA,NA,NA,"sin tendencia"
620005900,"lpi",40,62.0915032679739,NA,NA,NA,"sin tendencia"
620005900,"mesh",40,12.5905901316654,NA,NA,NA,"sin tendencia"
620005900,"np",40,7,NA,NA,NA,"sin tendencia"
620005900,"pd",40,24.7953127598797,NA,NA,NA,"sin tendencia"
620007234,"cohesion",40,96.5340437008966,0.174582942305327,0.115694918639106,0.00231979376145341,"sin tendencia"
620007234,"ed",40,23.2072965850457,-0.204634729919743,0.0655316914936963,-0.019716561134217,"sin tendencia"
620007234,"lpi",40,7.50038711675441,0.430525867184206,0.000107984896694578,0.00825849076081349,"incremento"
620007234,"mesh",40,11.4004106422822,0.269576602089108,0.014875465439524,0.0138671206245739,"incremento"
620007234,"np",40,19.975,-0.238370069802698,0.0402540927137898,-0.0701970443349754,"descenso"
620007234,"pd",40,1.11753329168504,-0.247904872594806,0.0328715388112402,-0.00392728580837174,"descenso"
620007257,"cohesion",40,99.8874122050612,0.00642261950064312,0.962821168134357,1.59124334821438e-06,"sin tendencia"
620007257,"ed",40,21.5049464200272,0.124598818312476,0.263256564790831,0.0226234581449383,"sin tendencia"
620007257,"lpi",40,74.6368802479736,-0.712084615108913,1.15774280441494e-10,-0.0301120614449952,"descenso"
620007257,"mesh",40,3531.78709756566,-0.710341716771129,1.25372569733765e-10,-2.84721327928125,"descenso"
620007257,"np",40,25.925,-0.106943677450458,0.362852783164794,0,"sin tendencia"
620007257,"pd",40,0.408928661642915,-0.0850065128452357,0.470993430127666,0,"sin tendencia"
620007280,"cohesion",40,99.9959520117976,-0.0860631013086178,0.441819164070508,-1.72963035261558e-05,"sin tendencia"
620007280,"ed",40,4.51928188394418,0.236504637509097,0.0329478317914049,0.0350175360147233,"incremento"
620007280,"lpi",40,99.1222373599758,-0.259640960743683,0.0191553417528472,-0.00605510142294605,"descenso"
620007280,"mesh",40,2994.06164611296,-0.258189303925853,0.0197701586290096,-0.365787470130954,"descenso"
620007280,"np",40,1.425,0.117700328945717,0.381297366886745,0,"sin tendencia"
620007280,"pd",40,0.0467626665335544,0.117700328945717,0.381297366886745,0,"sin tendencia"
620008574,"cohesion",40,99.7657052430122,0.148717948717949,0.180287946389303,0.000821930415106597,"sin tendencia"
620008574,"ed",40,35.2878825957691,0.266666666666667,0.0158755471413791,0.163641671660538,"incremento"
620008574,"lpi",40,73.8874107427116,-0.353846153846154,0.00135516234741214,-0.177377541274386,"descenso"
620008574,"mesh",40,1111.34197601969,-0.353846153846154,0.00135516234741214,-5.29541830385669,"descenso"
620008574,"np",40,20.025,0.0197037800467645,0.869999052272242,0,"sin tendencia"
620008574,"pd",40,0.987187222559938,0.0249581213925684,0.833340195326267,0,"sin tendencia"
620008582,"cohesion",40,93.1812552240796,0.0748402672434138,0.506312577913659,0.0149528503249833,"sin tendencia"
620008582,"ed",40,77.7953077488346,-0.0362239949961803,0.752822309508905,-0.0937970915720668,"sin tendencia"
620008582,"lpi",40,52.5185185185185,0.142734324544099,0.210091621032478,0.0823045267489716,"sin tendencia"
620008582,"mesh",40,4.18811488676496,0.0968391106113806,0.388214396857859,0.014686714051262,"sin tendencia"
620008582,"np",40,3.65,0.032888704309239,0.792099782113872,0,"sin tendencia"
620008582,"pd",40,29.3056982245721,0.0128694929905718,0.923640451872873,0,"sin tendencia"
620009972,"cohesion",40,73.7180505367666,-0.628874334128381,1.36967553006252e-08,-0.0980573822501371,"descenso"
620009972,"ed",40,1.31510242876945,0.613933753314374,3.63669265496439e-08,0.0218187546847351,"incremento"
620009972,"lpi",40,0.13543931936973,0.150384123548281,0.261616467878577,0,"sin tendencia"
620009972,"mesh",40,0.00547942935887457,0.456581043639715,4.21015792585524e-05,1.69743743879686e-05,"incremento"
620009972,"np",40,6.4,0.642397259110875,1.08634012701539e-07,0.0794736842105263,"incremento"
620009972,"pd",40,0.264660641436362,0.640930598701946,1.16120009576616e-07,0.00328649316257324,"incremento"
620009985,"cohesion",40,99.5449980439674,-0.188582463426475,0.0889117239345013,-0.000331735898100097,"sin tendencia"
620009985,"ed",40,41.1240876074099,0.699166275968902,2.31872807105499e-10,0.0630004998371374,"incremento"
620009985,"lpi",40,46.4933335192882,-0.581141877089748,1.3895457028526e-07,-0.0303438437660632,"descenso"
620009985,"mesh",40,715.396355800145,-0.581141877089748,1.3895457028526e-07,-0.93359723571029,"descenso"
620009985,"np",40,38.75,0.499880809195502,1.29596986814393e-05,0.181818181818182,"incremento"
620009985,"pd",40,1.17155696417243,0.520037293437256,5.70340162371332e-06,0.00549704147412284,"incremento"
620010011,"cohesion",40,99.9901196277747,0.31690984341434,0.00455970755390959,0.000233719417317265,"incremento"
620010011,"ed",40,7.15233804461233,-0.600954181362696,6.95132560001992e-08,-0.0557920777764132,"descenso"
620010011,"lpi",40,98.565826002609,0.432788830827207,0.000106283771609018,0.0167240860286981,"incremento"
620010011,"mesh",40,2679.73639445602,0.43380281844422,0.000101411809517282,0.909686327613692,"incremento"
620010011,"np",40,2,-0.473081009990609,0.000131906725212998,-0.0377492877492877,"descenso"
620010011,"pd",40,0.0725095752989795,-0.466794219160169,0.000162009499908264,-0.00136859241126991,"descenso"
620010021,"cohesion",40,99.999286905051,-0.380301458184168,0.000655416421566342,-2.45857905104193e-05,"descenso"
620010021,"ed",40,1.6369649635606,0.521026800225931,2.7494037539813e-06,0.0681252264960562,"incremento"
620010021,"lpi",40,99.7046669446867,-0.380301458184168,0.000655416421566342,-0.0112261102896885,"descenso"
620010021,"mesh",40,4838.36423259176,-0.380301458184168,0.000655416421566342,-1.09154964857504,"descenso"
620010021,"np",40,1.025,0.166271721403831,0.225200701002455,0,"sin tendencia"
620010021,"pd",40,0.021060149392425,0.212139782480749,0.118917562671426,0,"sin tendencia"
620011368,"cohesion",40,99.9890137803439,0.433233149362684,0.000101854967553805,0.000409017469446592,"incremento"
620011368,"ed",40,7.01914701550827,-0.329897951750993,0.00314775985570059,-0.0923875715471648,"descenso"
620011368,"lpi",40,98.2117120966134,0.434815660381216,9.69641805751025e-05,0.037865270007858,"incremento"
620011368,"mesh",40,3124.43473419293,0.433233149362684,0.000101854967553805,2.40324530668431,"incremento"
620011368,"np",40,2.3,-0.469273900178483,0.000129038369272692,-0.05,"descenso"
620011368,"pd",40,0.0710071944143396,-0.469273900178483,0.000129038369272692,-0.0015436346611813,"descenso"
620011380,"cohesion",40,99.9961888635717,0.374617682136869,0.000777745149233586,3.40040420661174e-05,"incremento"
620011380,"ed",40,6.23351161745886,-0.386568271135368,0.000508313583988739,-0.074012882038558,"descenso"
620011380,"lpi",40,98.7504536656182,0.374617682136869,0.000777745149233586,0.0122261683929968,"incremento"
620011380,"mesh",40,2976.5392516134,0.374617682136869,0.000777745149233586,0.742987875615961,"incremento"
620011380,"np",40,1.1,-0.262575453814459,0.0498636902105405,0,"descenso"
620011380,"pd",40,0.0360603776018361,-0.280478325665445,0.0360483266641831,0,"descenso"
620011390,"cohesion",40,99.8991975373523,-0.800787176324608,4.84076507852247e-13,-0.00344927367059897,"descenso"
620011390,"ed",40,32.1303123927766,0.829156448271695,7.08782118539143e-14,1.97229789146023,"incremento"
620011390,"lpi",40,87.0514556533514,-0.816261324659383,1.71107930240642e-13,-0.706435604922937,"descenso"
620011390,"mesh",40,2579.32472385724,-0.816261324659383,1.71107930240642e-13,-41.7095414482657,"descenso"
620011390,"np",40,15.05,0.81377457841092,5.54541718608887e-13,1,"incremento"
620011390,"pd",40,0.460190596511613,0.820369186015547,3.6015559627593e-13,0.0305774482731969,"incremento"
620011394,"cohesion",40,99.816605550121,-0.648598299622736,5.09474247187733e-09,-0.00738863353620512,"descenso"
620011394,"ed",40,42.674735344403,0.547820077769004,8.04816006215086e-07,0.670005838095133,"incremento"
620011394,"lpi",40,83.2752195516524,-0.620173672946042,2.30464068094613e-08,-0.587699696932924,"descenso"
620011394,"mesh",40,1132.5728094821,-0.620173672946042,2.30464068094613e-08,-15.8564035608051,"descenso"
620011394,"np",40,15.35,0.673008744313105,2.28451076355102e-09,0.7,"incremento"
620011394,"pd",40,0.961290101748332,0.676952154924314,1.84097668672946e-09,0.0438373336302171,"incremento"
620011398,"cohesion",40,99.8923886708842,-0.665811554546533,1.58328419501254e-09,-0.00350123411480825,"descenso"
620011398,"ed",40,49.7485034739619,0.534958416658775,1.25241808619505e-06,0.880504583724515,"incremento"
620011398,"lpi",40,81.3067115575671,-0.688903284762019,4.22775245904233e-10,-0.535839128674982,"descenso"
620011398,"mesh",40,1675.39145912908,-0.688903284762019,4.22775245904233e-10,-23.1962348555006,"descenso"
620011398,"np",40,19.325,0.592912517883654,1.15642373745292e-07,0.522774327122153,"incremento"
620011398,"pd",40,0.770745442541618,0.592912517883654,1.15642373745292e-07,0.0208499834466836,"incremento"
620012720,"cohesion",40,96.6063710574865,NA,NA,NA,"sin tendencia"
620012720,"ed",40,0,NA,NA,NA,"sin tendencia"
620012720,"lpi",40,83.4862385321101,NA,NA,NA,"sin tendencia"
620012720,"mesh",40,42.424865083371,NA,NA,NA,"sin tendencia"
620012720,"np",40,8,NA,NA,NA,"sin tendencia"
620012720,"pd",40,13.2588304145356,NA,NA,NA,"sin tendencia"
620012728,"cohesion",40,99.9976353405206,-0.130396827619387,0.247652144612034,-1.14578339382231e-05,"sin tendencia"
620012728,"ed",40,1.89532546855223,0.117984727646969,0.298051313088772,0.00328536222679859,"sin tendencia"
620012728,"lpi",40,99.5746328977502,-0.135612700724162,0.229061129995811,-0.00339825208476671,"sin tendencia"
620012728,"mesh",40,2037.08341696028,-0.135612700724162,0.229061129995811,-0.139258468463073,"sin tendencia"
620012728,"np",40,1.325,0.0144948973631045,0.923259809423063,0,"sin tendencia"
620012728,"pd",40,0.0644923407860468,0.0144948973631045,0.923259809423063,0,"sin tendencia"
620012776,"cohesion",40,99.9821275302698,-0.0756895601507619,0.499163903982076,-6.64211378980342e-05,"sin tendencia"
620012776,"ed",40,22.7567040309707,-0.262989149676376,0.0174553946868672,-0.132054042635163,"descenso"
620012776,"lpi",40,94.3869870944651,0.0833868035559241,0.455838491604328,0.0158248945591841,"sin tendencia"
620012776,"mesh",40,3905.09004575896,0.0833868035559241,0.455838491604328,1.30556870869237,"sin tendencia"
620012776,"np",40,3.55,0.00694243592829414,0.962054764189995,0,"sin tendencia"
620012776,"pd",40,0.0810096701336534,0.0194388205992236,0.877121268891364,0,"sin tendencia"
620014149,"cohesion",40,99.9995686266581,-0.162418151723524,0.195742504184006,0,"sin tendencia"
620014149,"ed",40,0.237760087253638,0.129934521378819,0.301881116815857,0,"sin tendencia"
620014149,"lpi",40,99.9472682944849,-0.129934521378819,0.301881116815857,0,"sin tendencia"
620014149,"mesh",40,2494.90176878982,-0.129934521378819,0.301881116815857,0,"sin tendencia"
620014149,"np",40,1.125,0.338332476225479,0.0112272433120388,0,"descenso"
620014149,"pd",40,0.0450444409018734,0.338332476225479,0.0112272433120388,0,"descenso"
620015505,"cohesion",40,99.9934866199459,-0.274591578851145,0.0142243426965234,-5.13420524952743e-05,"descenso"
620015505,"ed",40,5.16489306652164,0.381304893854907,0.00065244903234912,0.0895516786569485,"incremento"
620015505,"lpi",40,98.5700685453161,-0.279797106412304,0.0124810393339392,-0.0191449829682831,"descenso"
620015505,"mesh",40,3295.8479826275,-0.279797106412304,0.0124810393339392,-1.27716346279865,"descenso"
620015505,"np",40,2.125,0.26013207834217,0.0383190807731108,0,"descenso"
620015505,"pd",40,0.0626511654356192,0.202140850686272,0.108124068869505,0,"sin tendencia"
620015527,"cohesion",40,96.0340667629602,NA,NA,NA,"sin tendencia"
620015527,"ed",40,0,NA,NA,NA,"sin tendencia"
620015527,"lpi",40,69.6808510638298,NA,NA,NA,"sin tendencia"
620015527,"mesh",40,9.70678612794641,NA,NA,NA,"sin tendencia"
620015527,"np",40,4,NA,NA,NA,"sin tendencia"
620015527,"pd",40,23.0619018380486,NA,NA,NA,"sin tendencia"
620016852,"cohesion",40,92.1787445809563,-0.0132523003020116,0.916035770711858,0,"sin tendencia"
620016852,"ed",40,1.75504153433064,0.154722306221308,0.182790772830253,0.00947390841699599,"sin tendencia"
620016852,"lpi",40,40.3307818480044,-0.104714664518209,0.413366380916393,0,"sin tendencia"
620016852,"mesh",40,30.8141531780671,-0.0372085220312073,0.751653858869911,0,"sin tendencia"
620016852,"np",40,32.25,0.351645613570718,0.00299124316496754,0.0555555555555556,"incremento"
620016852,"pd",40,19.1121255937792,0.338986371482172,0.0042185932000827,0.0329235583010838,"incremento"
620018287,"cohesion",40,99.9993060037122,-0.595118313768754,1.95730208875913e-06,0,"descenso"
620018287,"ed",40,1.0273424594072,0.595118313768754,1.95730208875913e-06,0,"descenso"
620018287,"lpi",40,99.8035489493561,-0.595118313768754,1.95730208875913e-06,0,"descenso"
620018287,"mesh",40,1898.06416719594,-0.595118313768754,1.95730208875913e-06,0,"descenso"
620018287,"np",40,1,NA,NA,NA,"sin tendencia"
620018287,"pd",40,0.0524793931629845,-Inf,0,0,"descenso"
620019630,"cohesion",40,99.702426539602,-0.222796854373898,0.0449316187272747,-0.00257042141685218,"descenso"
620019630,"ed",40,45.290676876799,0.434003120947998,8.95393610401489e-05,0.212414349267597,"incremento"
620019630,"lpi",40,69.3917880969101,-0.472638413613992,1.98048832087244e-05,-0.348760263612791,"descenso"
620019630,"mesh",40,2110.98925278878,-0.457184296547595,3.67246922332221e-05,-21.8077782614233,"descenso"
620019630,"np",40,38.925,0.174930363986553,0.124751204517248,0.134848484848485,"sin tendencia"
620019630,"pd",40,0.92589476966528,0.174930363986553,0.124751204517248,0.00320759169732819,"sin tendencia"
620019649,"cohesion",40,99.8256442916237,-0.726813779607392,5.2282557580683e-11,-0.00766647592643127,"descenso"
620019649,"ed",40,30.7848382283054,0.765474087033317,4.70939377817016e-12,1.68033117072932,"incremento"
620019649,"lpi",40,85.1307939421753,-0.786092917660477,1.24196074479672e-12,-0.848110470129427,"descenso"
620019649,"mesh",40,1970.52680719139,-0.786092917660477,1.24196074479672e-12,-38.8674668086268,"descenso"
620019649,"np",40,18.875,0.779487873897441,3.70599548809526e-12,1.22875816993464,"incremento"
620019649,"pd",40,0.722236370511837,0.767697301014959,7.77195496251729e-12,0.0470174220339265,"incremento"
620019653,"cohesion",40,99.9816352892274,-0.209108445840241,0.0590802450411771,-0.000195582842489089,"sin tendencia"
620019653,"ed",40,18.927888215541,-0.0128369810518623,0.916476148645103,-0.00224511393364468,"sin tendencia"
620019653,"lpi",40,95.2713462639565,-0.101347038167969,0.363433330331591,-0.0218790756115393,"sin tendencia"
620019653,"mesh",40,4681.28007752481,-0.101347038167969,0.363433330331591,-2.16103202889393,"sin tendencia"
620019653,"np",40,7.125,0.491909858248415,1.87245189961154e-05,0.173913043478261,"incremento"
620019653,"pd",40,0.13818448285887,0.491909858248415,1.87245189961154e-05,0.00337292406673062,"incremento"
620021002,"cohesion",40,98.2876885557614,0.311859813235796,0.00495515975350496,0.0200234033683564,"incremento"
620021002,"ed",40,95.0456239100061,-0.304127751750611,0.00614433840386702,-0.50470062864104,"descenso"
620021002,"lpi",40,29.1379363135334,0.305715897022998,0.00607953316329555,0.26160829712575,"incremento"
620021002,"mesh",40,148.227433132982,0.268044798153081,0.0157996021375652,2.26055418685869,"incremento"
620021002,"np",40,49.775,-0.475838213752625,2.41002521398141e-05,-0.523148148148148,"descenso"
620021002,"pd",40,3.30383280511186,-0.479781624363834,2.06116876154108e-05,-0.0347241389007609,"descenso"
620022391,"cohesion",40,95.273512089541,-0.722836739571325,7.89511267140034e-11,-0.15342886535625,"descenso"
620022391,"ed",40,80.8621556318958,-0.468937096281039,2.50418064417572e-05,-1.22324714460883,"descenso"
620022391,"lpi",40,7.2369750729845,-0.77617840271035,3.14734528258233e-12,-0.211655064001797,"descenso"
620022391,"mesh",40,33.3289171567666,-0.735790803004503,3.60834206935611e-11,-1.30866288445779,"descenso"
620022391,"np",40,106.7,0.0289183444822037,0.805856266090206,0,"sin tendencia"
620022391,"pd",40,4.32865976212962,0.0380939747570781,0.743155284338002,2.63278694592888e-17,"sin tendencia"
620027904,"cohesion",40,99.9999910470974,0.184002684986769,0.16264632460186,0,"sin tendencia"
620027904,"ed",40,0.0195383899517926,-0.184002684986769,0.16264632460186,0,"sin tendencia"
620027904,"lpi",40,99.9970326943136,0.184002684986769,0.16264632460186,0,"sin tendencia"
620027904,"mesh",40,2564.91460574836,0.184002684986769,0.16264632460186,0,"sin tendencia"
620027904,"np",40,1,NA,NA,NA,"sin tendencia"
620027904,"pd",40,0.0389853392219647,Inf,0,0,"descenso"
620029271,"cohesion",40,99.9968432846767,0.173858816996973,0.118225813231477,2.62790041868075e-05,"sin tendencia"
620029271,"ed",40,6.05897200224623,-0.286457574621343,0.00996008389753064,-0.0711066395326321,"descenso"
620029271,"lpi",40,98.7501110656976,0.142950582864178,0.199682902970394,0.00877567098490099,"sin tendencia"
620029271,"mesh",40,5063.19779169108,0.142950582864178,0.199682902970394,0.900036259461472,"sin tendencia"
620029271,"np",40,1.4,-0.454934252534752,0.000498170471731907,0,"descenso"
620029271,"pd",40,0.0269662740735983,-0.529298505352932,5.0431562081099e-05,0,"descenso"
620030632,"cohesion",40,89.4010867192079,-0.558488658476091,5.45317455098624e-07,-0.599714950445247,"descenso"
620030632,"ed",40,69.6241435447169,0.228892078914935,0.0409603259879171,1.18285195758349,"incremento"
620030632,"lpi",40,39.6914008321775,-0.709253130207933,2.09595722413398e-10,-1.96930106994254,"descenso"
620030632,"mesh",40,16.3064097592955,-0.732529310187245,4.88420057529317e-11,-0.95871177038372,"descenso"
620030632,"np",40,17,0.661916855938329,1.28225856938254e-08,0.25,"incremento"
620030632,"pd",40,25.5568093877958,0.661916855938329,1.28225856938254e-08,0.375835432173468,"incremento"
620030642,"cohesion",40,99.9999836710736,0.286445949615773,0.0322365272468247,0,"descenso"
620030642,"ed",40,0.0433814478541414,-0.286445949615773,0.0322365272468247,0,"descenso"
620030642,"lpi",40,99.9931844514619,0.286445949615773,0.0322365272468247,0,"descenso"
620030642,"mesh",40,4060.39495527524,0.286445949615773,0.0322365272468247,0,"descenso"
620030642,"np",40,1,NA,NA,NA,"sin tendencia"
620030642,"pd",40,0.0246247901126447,NA,NA,NA,"sin tendencia"
620030700,"cohesion",40,99.9994344949318,0.014811767439525,0.917117755242803,0,"sin tendencia"
620030700,"ed",40,0.51951393816659,0,1,0,"sin tendencia"
620030700,"lpi",40,99.906831608404,0,1,0,"sin tendencia"
620030700,"mesh",40,2073.16196081904,0,1,0,"sin tendencia"
620030700,"np",40,1.025,-0.0401345534423039,0.794949512946621,0,"sin tendencia"
620030700,"pd",40,0.0493495811774525,-0.0401345534423039,0.794949512946621,0,"sin tendencia"
620033387,"cohesion",40,99.9985757548208,0.61617509048939,2.38311457714323e-08,6.08311885080021e-05,"incremento"
620033387,"ed",40,2.478554729106,-0.501603695236405,5.51411617424096e-06,-0.0395862434106577,"descenso"
620033387,"lpi",40,99.4668350899354,0.644416448803487,5.28435692122495e-09,0.017315575028022,"incremento"
620033387,"mesh",40,6937.03132304253,0.644416448803487,5.28435692122495e-09,2.41650215281417,"incremento"
620033387,"np",40,1.375,-0.693375245281536,1.74854261290302e-07,0,"descenso"
620033387,"pd",40,0.0196104607466399,-0.748845264904059,1.66805015848458e-08,-1.15648231731787e-18,"descenso"
620033391,"cohesion",40,100,NA,NA,NA,"sin tendencia"
620033391,"ed",40,0,NA,NA,NA,"sin tendencia"
620033391,"lpi",40,100,NA,NA,NA,"sin tendencia"
620033391,"mesh",40,2532.68403663438,NA,NA,NA,"sin tendencia"
620033391,"np",40,1,NA,NA,NA,"sin tendencia"
620033391,"pd",40,0.0394838039619373,NA,NA,NA,"sin tendencia"
620034815,"cohesion",40,99.9989687702264,-0.752083848095599,1.76760120761888e-11,-4.09838183808362e-05,"descenso"
620034815,"ed",40,1.47351015258288,0.765140859347259,7.86562083297369e-12,0.073819364966227,"incremento"
620034815,"lpi",40,99.676404494382,-0.757306652596263,1.28062702419068e-11,-0.0149812734082392,"descenso"
620034815,"mesh",40,3059.25953293499,-0.757306652596263,1.28062702419068e-11,-0.918495176417764,"descenso"
620034815,"np",40,1.05,0.295718434854086,0.0275926913288384,0,"descenso"
620034815,"pd",40,0.0341005200212044,0.18071682129972,0.182128835795239,0,"sin tendencia"
620036188,"cohesion",40,100,NA,NA,NA,"sin tendencia"
620036188,"ed",40,0,NA,NA,NA,"sin tendencia"
620036188,"lpi",40,100,NA,NA,NA,"sin tendencia"
620036188,"mesh",40,1334.61340791884,NA,NA,NA,"sin tendencia"
620036188,"np",40,1,NA,NA,NA,"sin tendencia"
620036188,"pd",40,0.0749280648663178,NA,NA,NA,"sin tendencia"
620038918,"cohesion",40,100,NA,NA,NA,"sin tendencia"
620038918,"ed",40,0,NA,NA,NA,"sin tendencia"
620038918,"lpi",40,100,NA,NA,NA,"sin tendencia"
620038918,"mesh",40,2341.89318025768,NA,NA,NA,"sin tendencia"
620038918,"np",40,1,NA,NA,NA,"sin tendencia"
620038918,"pd",40,0.0427004958394375,NA,NA,NA,"sin tendencia"
620040281,"cohesion",40,99.9999084120515,-0.51916063942461,2.3318953702757e-05,-4.74658704445511e-06,"descenso"
620040281,"ed",40,0.136702468224177,0.339224760135477,0.00591281330656322,0,"descenso"
620040281,"lpi",40,99.9739875922036,-0.51916063942461,2.3318953702757e-05,-0.00134757495464569,"descenso"
620040281,"mesh",40,1887.6442726104,-0.51916063942461,2.3318953702757e-05,-0.0508814235640196,"descenso"
620040281,"np",40,1,NA,NA,NA,"sin tendencia"
620040281,"pd",40,0.0529485314048304,NA,NA,NA,"sin tendencia"
620040292,"cohesion",40,99.9999868978769,-0.056201185666364,0.683070584409513,0,"sin tendencia"
620040292,"ed",40,0.0201375304793421,0.056201185666364,0.683070584409513,0,"sin tendencia"
620040292,"lpi",40,99.9959925757192,-0.056201185666364,0.683070584409513,0,"sin tendencia"
620040292,"mesh",40,2186.90792848217,-0.056201185666364,0.683070584409513,0,"sin tendencia"
620040292,"np",40,1,NA,NA,NA,"sin tendencia"
620040292,"pd",40,0.0457229978217828,-Inf,0,0,"descenso"
620040307,"cohesion",40,99.9999984056943,0.473665466715671,0.000373771130742372,0,"descenso"
620040307,"ed",40,0.00727460397691864,-0.473665466715671,0.000373771130742372,0,"descenso"
620040307,"lpi",40,99.9993686868687,0.473665466715671,0.000373771130742372,0,"descenso"
620040307,"mesh",40,3653.39580133876,0.473665466715671,0.000373771130742372,0,"descenso"
620040307,"np",40,1,NA,NA,NA,"sin tendencia"
620040307,"pd",40,0.0273714491512192,NA,NA,NA,"sin tendencia"
620043042,"cohesion",40,99.995684352125,-0.35965252174779,0.00122981634880434,-0.000147751058090301,"descenso"
620043042,"ed",40,1.80220837244282,0.420249235563579,0.000179675893039051,0.0487907511998027,"incremento"
620043042,"lpi",40,99.5523507835945,-0.423320922372436,0.000142472947150133,-0.0147932908853216,"descenso"
620043042,"mesh",40,1645.28874702349,-0.421750798884099,0.00014949373527292,-0.488579485556418,"descenso"
620043042,"np",40,1.65,0.683130051063973,2.65179477004858e-07,0,"descenso"
620043042,"pd",40,0.0993914909130398,0.683130051063973,2.65179477004858e-07,0,"descenso"
620044403,"cohesion",40,99.9999740061072,-0.0100167084494127,0.946244105565646,0,"sin tendencia"
620044403,"ed",40,0.0742936676462306,-0.00166403402864572,1,0,"sin tendencia"
620044403,"lpi",40,99.986679245283,-0.0100167084494127,0.946244105565646,0,"sin tendencia"
620044403,"mesh",40,6110.50686304002,-0.0100167084494127,0.946244105565646,0,"sin tendencia"
620044403,"np",40,1,NA,NA,NA,"sin tendencia"
620044403,"pd",40,0.0163608963978816,NA,NA,NA,"sin tendencia"
620044412,"cohesion",40,100,NA,NA,NA,"sin tendencia"
620044412,"ed",40,0,NA,NA,NA,"sin tendencia"
620044412,"lpi",40,100,NA,NA,NA,"sin tendencia"
620044412,"mesh",40,2239.76287177417,NA,NA,NA,"sin tendencia"
620044412,"np",40,1,NA,NA,NA,"sin tendencia"
620044412,"pd",40,0.0446475835724464,NA,NA,NA,"sin tendencia"
620048560,"cohesion",40,100,NA,NA,NA,"sin tendencia"
620048560,"ed",40,0,NA,NA,NA,"sin tendencia"
620048560,"lpi",40,100,NA,NA,NA,"sin tendencia"
620048560,"mesh",40,1967.0463479465,NA,NA,NA,"sin tendencia"
620048560,"np",40,1,NA,NA,NA,"sin tendencia"
620048560,"pd",40,0.0508376429993097,NA,NA,NA,"sin tendencia"
620049936,"cohesion",40,100,NA,NA,NA,"sin tendencia"
620049936,"ed",40,0,NA,NA,NA,"sin tendencia"
620049936,"lpi",40,100,NA,NA,NA,"sin tendencia"
620049936,"mesh",40,1839.17588041431,NA,NA,NA,"sin tendencia"
620049936,"np",40,1,NA,NA,NA,"sin tendencia"
620049936,"pd",40,0.0543721789008418,NA,NA,NA,"sin tendencia"
620059543,"cohesion",40,90.5429157019168,NA,NA,NA,"sin tendencia"
620059543,"ed",40,0,NA,NA,NA,"sin tendencia"
620059543,"lpi",40,22.2614840989399,NA,NA,NA,"sin tendencia"
620059543,"mesh",40,6.74596440080673,NA,NA,NA,"sin tendencia"
620059543,"np",40,13,NA,NA,NA,"sin tendencia"
620059543,"pd",40,24.8954452704022,NA,NA,NA,"sin tendencia"
620499909,"cohesion",40,99.9427343046417,-0.694479375798722,4.68829675922995e-10,-0.00146795260860048,"descenso"
620499909,"ed",40,19.7544258744763,0.733963817840599,5.55107847194023e-11,0.629742835743878,"incremento"
620499909,"lpi",40,90.0787317362117,-0.751702395527456,1.54692682334807e-11,-0.268683590379244,"descenso"
620499909,"mesh",40,2326.76770364193,-0.751702395527456,1.54692682334807e-11,-13.9170271247046,"descenso"
620499909,"np",40,5.225,0.664395848468863,9.86358212830087e-09,0.207614942528736,"incremento"
620499909,"pd",40,0.186370493085388,0.65072515199831,1.96732006938395e-08,0.00740541611693301,"incremento"
620501242,"cohesion",40,99.9847518139004,-0.41549251814447,0.000181690328366799,-2.11723459807866e-05,"descenso"
620501242,"ed",40,4.29456173017521,-0.272440697853351,0.0143257425431081,-0.00943385216011956,"descenso"
620501242,"lpi",40,98.003870412844,0.198972386736855,0.0743610481558927,0.00130285177137572,"sin tendencia"
620501242,"mesh",40,5872.50999213039,0.196133114155153,0.0782687555070611,0.156114445687729,"sin tendencia"
620501242,"np",40,4.05,0.0821440096816907,0.555497060449358,0,"sin tendencia"
620501242,"pd",40,0.0662396338555128,0.00821440096816907,0.975246746984585,0,"sin tendencia"
620501243,"cohesion",40,99.9927657378622,0.549035893555983,8.32618546763186e-07,0.000123932409544178,"incremento"
620501243,"ed",40,7.44518805592325,-0.546661476880106,8.88365875530544e-07,-0.17511205613783,"descenso"
620501243,"lpi",40,98.1496220002774,0.61652966770471,3.11672342500462e-08,0.0398229065519966,"incremento"
620501243,"mesh",40,2563.87168550505,0.61652966770471,3.11672342500462e-08,2.09955645601217,"incremento"
620501243,"np",40,1.55,-0.346122189119059,0.00751158457844252,0,"descenso"
620501243,"pd",40,0.0582625727875516,-0.346122189119059,0.00751158457844252,0,"descenso"
620501285,"cohesion",40,99.9970270597132,-0.492576944406328,1.07928748542388e-05,-9.79520030386031e-05,"descenso"
620501285,"ed",40,5.01561182383321,0.576197433642415,2.60913302366271e-07,0.189376753817599,"incremento"
620501285,"lpi",40,98.7714091607967,-0.471671822097306,2.51571586707626e-05,-0.0398150700652959,"descenso"
620501285,"mesh",40,5034.66799885192,-0.471671822097306,2.51571586707626e-05,-4.07154389786589,"descenso"
620501285,"np",40,1.225,0.253515795511948,0.0552005882575318,0,"sin tendencia"
620501285,"pd",40,0.0237384953389818,0.279099958361778,0.0346372481892113,0,"descenso"
620502618,"cohesion",40,99.9958369731107,-0.180883987942596,0.105010157028152,-9.19793162612592e-05,"sin tendencia"
620502618,"ed",40,1.05136054909752,0.0168182833910837,0.888688043087914,1.38777878078145e-17,"sin tendencia"
620502618,"lpi",40,99.781462585034,-0.186294831408927,0.0953335481856621,-0.00383655145559914,"sin tendencia"
620502618,"mesh",40,2970.62269683541,-0.188636158854421,0.0908353482160939,-0.228521747059008,"sin tendencia"
620502618,"np",40,1.875,0.316521696299855,0.0112131985249186,0,"descenso"
620502618,"pd",40,0.0628426128457319,0.2614133599214,0.0329036461293611,0,"descenso"
620503994,"cohesion",40,99.9999768768087,0.312147236790425,0.0199576283902411,0,"descenso"
620503994,"ed",40,0.0607095318851599,-0.312147236790425,0.0199576283902411,0,"descenso"
620503994,"lpi",40,99.9924396090725,0.312147236790425,0.0199576283902411,0,"descenso"
620503994,"mesh",40,2501.2149022989,0.312147236790425,0.0199576283902411,0,"descenso"
620503994,"np",40,1,NA,NA,NA,"sin tendencia"
620503994,"pd",40,0.0399745302005636,NA,NA,NA,"sin tendencia"
620503997,"cohesion",40,99.999979745447,-0.385763279621346,0.00130312333722338,-5.59707175376353e-07,"descenso"
620503997,"ed",40,0.065631518719896,0.35777644176623,0.00256140902554597,0.00170927777900374,"incremento"
620503997,"lpi",40,99.9889213214807,-0.385763279621346,0.00130312333722338,-0.000306181810758998,"descenso"
620503997,"mesh",40,6951.99275667644,-0.385763279621346,0.00130312333722338,-0.042579213395269,"descenso"
620503997,"np",40,1,NA,NA,NA,"sin tendencia"
620503997,"pd",40,0.0143811780066292,-Inf,NA,0,"sin tendencia"
620505351,"cohesion",40,99.9949776049952,-0.0116206932733657,0.92566595758018,0,"sin tendencia"
620505351,"ed",40,5.64390954937384,-0.00903831699039552,0.944214103118851,0,"sin tendencia"
620505351,"lpi",40,98.3476307585058,0.0129202848530425,0.916400715640184,0,"sin tendencia"
620505351,"mesh",40,4608.87798696523,0.0142030695563358,0.907158130429057,2.97756287181983e-07,"sin tendencia"
620505351,"np",40,2.125,0.0171569496282666,0.899928097667074,0,"sin tendencia"
620505351,"pd",40,0.0446023013886232,0.121658370091345,0.332898673924065,0,"sin tendencia"
620505370,"cohesion",40,100,NA,NA,NA,"sin tendencia"
620505370,"ed",40,0,NA,NA,NA,"sin tendencia"
620505370,"lpi",40,100,NA,NA,NA,"sin tendencia"
620505370,"mesh",40,2867.58288011224,NA,NA,NA,"sin tendencia"
620505370,"np",40,1,NA,NA,NA,"sin tendencia"
620505370,"pd",40,0.0348725753293959,NA,NA,NA,"sin tendencia"
620506740,"cohesion",40,99.9986145430883,-0.00129966615864026,1,0,"sin tendencia"
620506740,"ed",40,3.46801217656215,0.0921549608569145,0.413845359737892,0.0198730417429097,"sin tendencia"
620506740,"lpi",40,99.3751232741617,0.00129966615864026,1,0,"sin tendencia"
620506740,"mesh",40,5543.12128223711,0.00129966615864026,1,0,"sin tendencia"
620506740,"np",40,1.15,0.00501380697996822,0.984889886893182,0,"sin tendencia"
620506740,"pd",40,0.0204880965540191,0.167962533828935,0.211312650332322,0,"sin tendencia"
620506746,"cohesion",40,100,NA,NA,NA,"sin tendencia"
620506746,"ed",40,0,NA,NA,NA,"sin tendencia"
620506746,"lpi",40,100,NA,NA,NA,"sin tendencia"
620506746,"mesh",40,2110.04723155032,NA,NA,NA,"sin tendencia"
620506746,"np",40,1,NA,NA,NA,"sin tendencia"
620506746,"pd",40,0.0473923040701448,NA,NA,NA,"sin tendencia"
620508116,"cohesion",40,99.9950843746497,0.390701660315945,0.00044546414775527,0.000128526457691213,"incremento"
620508116,"ed",40,7.04543468521561,-0.388114232101932,0.000486212039643285,-0.0848998346968244,"descenso"
620508116,"lpi",40,98.2740705071344,0.225400703737295,0.0435336075441103,0.0298308801236042,"incremento"
620508116,"mesh",40,7031.73536284222,0.226547894236013,0.0423480373018128,4.27725424276144,"incremento"
620508116,"np",40,2.4,-0.493773945272632,6.07122682093729e-05,-0.05,"descenso"
620508116,"pd",40,0.0329647784592326,-0.530349793070605,1.64749502368238e-05,-0.000686766217900679,"descenso"
620509492,"cohesion",40,100,NA,NA,NA,"sin tendencia"
620509492,"ed",40,0,NA,NA,NA,"sin tendencia"
620509492,"lpi",40,100,NA,NA,NA,"sin tendencia"
620509492,"mesh",40,2786.21076440994,NA,NA,NA,"sin tendencia"
620509492,"np",40,1,NA,NA,NA,"sin tendencia"
620509492,"pd",40,0.0358910392843802,NA,NA,NA,"sin tendencia"
620510868,"cohesion",40,100,NA,NA,NA,"sin tendencia"
620510868,"ed",40,0,NA,NA,NA,"sin tendencia"
620510868,"lpi",40,100,NA,NA,NA,"sin tendencia"
620510868,"mesh",40,1917.22668527162,NA,NA,NA,"sin tendencia"
620510868,"np",40,1,NA,NA,NA,"sin tendencia"
620510868,"pd",40,0.052158673133549,NA,NA,NA,"sin tendencia"
620512244,"cohesion",40,99.9999877907424,0.338332476225479,0.0112272433120388,0,"descenso"
620512244,"ed",40,0.0271384189809726,-0.338332476225479,0.0112272433120388,0,"descenso"
620512244,"lpi",40,99.9964672633066,0.338332476225479,0.0112272433120388,0,"descenso"
620512244,"mesh",40,1958.5124438533,0.338332476225479,0.0112272433120388,0,"descenso"
620512244,"np",40,1,NA,NA,NA,"sin tendencia"
620512244,"pd",40,0.0510555528196182,NA,NA,NA,"sin tendencia"
620512274,"cohesion",40,99.9993125798466,-0.226769710112487,0.0590798964776008,0,"sin tendencia"
620512274,"ed",40,0.348079210015126,0.240196864000726,0.0454890160713004,0,"descenso"
620512274,"lpi",40,99.933594158903,-0.226769710112487,0.0590798964776008,0,"sin tendencia"
620512274,"mesh",40,3520.71513011605,-0.226769710112487,0.0590798964776008,0,"sin tendencia"
620512274,"np",40,1.175,-0.153129923427048,0.254682415500663,0,"sin tendencia"
620512274,"pd",40,0.0333296746835087,0.162553303330251,0.226186686248266,0,"sin tendencia"
620523241,"cohesion",40,99.6793650036692,0.591749046269349,9.7782127604089e-08,0.00677380809794135,"incremento"
620523241,"ed",40,67.5477430476279,-0.46771431168014,2.54264708630396e-05,-0.635797162480068,"descenso"
620523241,"lpi",40,54.2985851343863,0.509059223209876,4.55612313760748e-06,0.403632462960246,"incremento"
620523241,"mesh",40,1595.08207420091,0.511643280180485,4.07377532468851e-06,24.2276290658107,"incremento"
620523241,"np",40,63.575,-0.510768800345623,4.74389532065439e-06,-1.19615384615385,"descenso"
620523241,"pd",40,1.19336276041867,-0.510097177700949,4.76276600913807e-06,-0.0224529367791044,"descenso"
620523273,"cohesion",40,99.9996595533879,0.020372839108135,0.868311673124114,0,"sin tendencia"
620523273,"ed",40,0.391785797472572,-0.035414981799258,0.767033355455512,0,"sin tendencia"
620523273,"lpi",40,99.8915700042674,0.020372839108135,0.868311673124114,0,"sin tendencia"
620523273,"mesh",40,2373.00014426534,0.020372839108135,0.868311673124114,0,"sin tendencia"
620523273,"np",40,1,NA,NA,NA,"sin tendencia"
620523273,"pd",40,0.04204947768771,Inf,0,0,"descenso"
620523298,"cohesion",40,99.9994366000622,-0.503008374248765,9.51796814120906e-06,-1.68062129804802e-05,"descenso"
620523298,"ed",40,0.607897380715556,0.46080265004019,4.84646839591846e-05,0.0157166451154544,"incremento"
620523298,"lpi",40,99.886451982487,-0.459412328089665,5.33283665940056e-05,-0.00278577249714485,"descenso"
620523298,"mesh",40,2249.59523191123,-0.457764234766072,5.61300582071751e-05,-0.125537290215531,"descenso"
620523298,"np",40,1.1,0.358057437019716,0.00730813259674708,0,"descenso"
620523298,"pd",40,0.0487867885344225,0.483377539976617,0.000284278585690078,0,"descenso"
620525963,"cohesion",40,96.927937898763,-0.0273290196960855,0.81528924460566,0,"sin tendencia"
620525963,"ed",40,9.12337389856254,0.0911569615713741,0.420241174955006,0.0372141456056609,"sin tendencia"
620525963,"lpi",40,39.7699686765857,-0.0511610170386548,0.656810977168075,-0.00372897788716116,"sin tendencia"
620525963,"mesh",40,57.3367221086252,-0.0273290196960855,0.81528924460566,0,"sin tendencia"
620525963,"np",40,12.975,0.00284405548851893,0.990455043103496,0,"sin tendencia"
620525963,"pd",40,5.50654827250203,0.00284405548851893,0.990455043103496,0,"sin tendencia"
620526011,"cohesion",40,99.9554019288,-0.351431748002757,0.00157146709107376,-0.000787450199094672,"descenso"
620526011,"ed",40,40.1985210407981,-0.178299930971987,0.110026747780657,-0.129193829473933,"sin tendencia"
620526011,"lpi",40,87.8361497370664,-0.302334665561196,0.00656995862230416,-0.121831360217592,"descenso"
620526011,"mesh",40,3429.11403798596,-0.302334665561196,0.00656995862230416,-9.71497607224312,"descenso"
620526011,"np",40,12.25,0.375432844578801,0.000861700560962351,0.333333333333333,"incremento"
620526011,"pd",40,0.275984493842499,0.379370951340118,0.000759216873194903,0.00750978214537412,"incremento"
620527387,"cohesion",40,100,NA,NA,NA,"sin tendencia"
620527387,"ed",40,0,NA,NA,NA,"sin tendencia"
620527387,"lpi",40,100,NA,NA,NA,"sin tendencia"
620527387,"mesh",40,1448.27604568567,NA,NA,NA,"sin tendencia"
620527387,"np",40,1,NA,NA,NA,"sin tendencia"
620527387,"pd",40,0.0690476102935585,NA,NA,NA,"sin tendencia"
620527429,"cohesion",40,99.9979650798403,-0.4113124130593,0.000201053173720616,-3.07949900369209e-05,"descenso"
620527429,"ed",40,3.05064139924425,0.509300938641567,3.94758848718868e-06,0.0665233360426461,"incremento"
620527429,"lpi",40,99.3010573442561,-0.41388311564092,0.00018329106171158,-0.010932868978093,"descenso"
620527429,"mesh",40,2865.1573605137,-0.41388311564092,0.00018329106171158,-0.63265617538345,"descenso"
620527429,"np",40,1.025,0.00573350763461485,1,0,"sin tendencia"
620527429,"pd",40,0.0352767867218015,-0.212139782480749,0.118917562671426,0,"sin tendencia"
620528731,"cohesion",40,92.5388130249459,0.719819261153801,9.68420515122908e-09,0.00183329235262042,"incremento"
620528731,"ed",40,2.79569917886328,-0.719819261153801,9.68420515122908e-09,-0.213276478997644,"descenso"
620528731,"lpi",40,57.4821852731591,NA,NA,NA,"sin tendencia"
620528731,"mesh",40,14.0912463680835,0.719819261153801,9.68420515122908e-09,0.00122719323911014,"incremento"
620528731,"np",40,15,NA,NA,NA,"sin tendencia"
620528731,"pd",40,38.6190992774922,NA,NA,NA,"sin tendencia"
620528743,"cohesion",40,99.9752504791824,0.155043418236511,0.165161923168471,9.17626102043505e-05,"sin tendencia"
620528743,"ed",40,18.1483644472664,0.135398797929282,0.225256690127582,0.0390322297070635,"sin tendencia"
620528743,"lpi",40,94.4389707289076,0.165379646118945,0.138546962798705,0.0100838594477398,"sin tendencia"
620528743,"mesh",40,1290.32667440714,0.165379646118945,0.138546962798705,0.276550897936156,"sin tendencia"
620528743,"np",40,1.525,-0.266710705784991,0.0410101081747272,0,"descenso"
620528743,"pd",40,0.105411760362358,-0.2839178480937,0.0295464448017233,0,"descenso"
620528805,"cohesion",40,100,NA,NA,NA,"sin tendencia"
620528805,"ed",40,0,NA,NA,NA,"sin tendencia"
620528805,"lpi",40,100,NA,NA,NA,"sin tendencia"
620528805,"mesh",40,28.0466249132656,NA,NA,NA,"sin tendencia"
620528805,"np",40,1,NA,NA,NA,"sin tendencia"
620528805,"pd",40,3.56549140259303,NA,NA,NA,"sin tendencia"
620528811,"cohesion",40,99.9972245429923,0.0930145194062492,0.412483347965896,1.54581662473261e-05,"sin tendencia"
620528811,"ed",40,1.85743948226638,0.450360551507387,5.93379574392155e-05,0.04736843659618,"incremento"
620528811,"lpi",40,99.4420729220479,-0.406994892231448,0.000303205334236947,-0.0153272738386383,"descenso"
620528811,"mesh",40,3355.49510507009,-0.415290178194099,0.000215940845585083,-1.03330797135164,"descenso"
620528811,"np",40,1.4,-0.24871298803754,0.0592894139521806,0,"sin tendencia"
620528811,"pd",40,0.0412592278458795,-0.258504269971868,0.0440186173425529,0,"descenso"
620530138,"cohesion",40,99.8659646574088,0.0735022045901814,0.513753185742638,0.000477530101124369,"sin tendencia"
620530138,"ed",40,49.0954173267614,0.0580280562554064,0.607898720040542,0.102521792213166,"sin tendencia"
620530138,"lpi",40,75.7083706970701,-0.0683441551452564,0.544274663440012,-0.0461709032568978,"sin tendencia"
620530138,"mesh",40,2905.99519054363,-0.0683441551452564,0.544274663440012,-3.51689775467617,"sin tendencia"
620530138,"np",40,34.25,0.0801287055235091,0.48285480191411,0.0740740740740741,"sin tendencia"
620530138,"pd",40,0.679389793435816,0.0801287055235091,0.48285480191411,0.00146934802581415,"sin tendencia"
620534260,"cohesion",40,99.6220198498269,NA,NA,NA,"sin tendencia"
620534260,"ed",40,0,NA,NA,NA,"sin tendencia"
620534260,"lpi",40,98.0865224625624,NA,NA,NA,"sin tendencia"
620534260,"mesh",40,106.704095536913,NA,NA,NA,"sin tendencia"
620534260,"np",40,6,NA,NA,NA,"sin tendencia"
620534260,"pd",40,5.41052938282674,NA,NA,NA,"sin tendencia"
620535636,"cohesion",40,100,NA,NA,NA,"sin tendencia"
620535636,"ed",40,0,NA,NA,NA,"sin tendencia"
620535636,"lpi",40,100,NA,NA,NA,"sin tendencia"
620535636,"mesh",40,2.95227630665953,NA,NA,NA,"sin tendencia"
620535636,"np",40,1,NA,NA,NA,"sin tendencia"
620535636,"pd",40,33.8721683246338,NA,NA,NA,"sin tendencia"
620536973,"cohesion",40,92.0132241866687,0.552328025053551,2.25481246367485e-05,0,"descenso"
620536973,"ed",40,3.45066929140038,-0.552328025053551,2.25481246367485e-05,0,"descenso"
620536973,"lpi",40,40.8762886597938,0.552328025053551,2.25481246367485e-05,0,"descenso"
620536973,"mesh",40,6.41566069347383,0.552328025053551,2.25481246367485e-05,0,"descenso"
620536973,"np",40,10.35,-0.551170344417103,2.42339941265777e-05,0,"descenso"
620536973,"pd",40,38.5514163190098,-0.551170344417103,2.42339941265777e-05,0,"descenso"
620536975,"cohesion",40,100,NA,NA,NA,"sin tendencia"
620536975,"ed",40,0,NA,NA,NA,"sin tendencia"
620536975,"lpi",40,100,NA,NA,NA,"sin tendencia"
620536975,"mesh",40,30.1685735086771,NA,NA,NA,"sin tendencia"
620536975,"np",40,1,NA,NA,NA,"sin tendencia"
620536975,"pd",40,3.31470760363389,NA,NA,NA,"sin tendencia"
620537027,"cohesion",40,99.5320533926106,-0.708772302808627,1.54308082650906e-10,-0.0285838496104299,"descenso"
620537027,"ed",40,62.9909789763343,0.605678149672826,4.54383674402934e-08,1.48137585803418,"incremento"
620537027,"lpi",40,67.7766088307653,-0.708772302808627,1.54308082650906e-10,-1.74352160964707,"descenso"
620537027,"mesh",40,744.790898563978,-0.711349656637022,1.32414280356241e-10,-32.2115623073859,"descenso"
620537027,"np",40,16.5,0.619472990683057,4.00834978993379e-08,0.833333333333333,"incremento"
620537027,"pd",40,1.15787290401442,0.62168799072247,3.51728527044477e-08,0.0584784294956775,"incremento"
620538383,"cohesion",40,94.6441057172105,0.0602950733404375,0.591969629156442,0.000845497531615365,"sin tendencia"
620538383,"ed",40,39.8722336543539,-0.65554856333965,2.80825923032734e-09,-0.122268430961279,"descenso"
620538383,"lpi",40,4.94499723604201,0.0889059812626434,0.433754594292504,0.00141202201552623,"sin tendencia"
620538383,"mesh",40,7.87007985600878,-0.319435601314232,0.00385667637892935,-0.0166119432950017,"descenso"
620538383,"np",40,37.85,-0.507943402892204,9.35740164525722e-06,-0.166666666666667,"descenso"
620538383,"pd",40,2.26788116493181,-0.509287168508321,8.86026747166371e-06,-0.00998626668838317,"descenso"
620539744,"cohesion",40,99.9971488419765,0.264103061986088,0.0187757727818325,1.88983363251793e-05,"incremento"
620539744,"ed",40,2.50206166179775,-0.239421352343725,0.0333400903280423,-0.0225092780740565,"descenso"
620539744,"lpi",40,99.55283121539,0.307453649184565,0.00621998381271463,0.00537754873403514,"incremento"
620539744,"mesh",40,2856.5424328927,0.305941170815567,0.00644818467790603,0.308897536531331,"incremento"
620539744,"np",40,1.325,0.0103534981165032,0.948795937582027,0,"sin tendencia"
620539744,"pd",40,0.0459709976301807,-0.122171277774738,0.351763625130182,0,"sin tendencia"
620539759,"cohesion",40,99.9999637804452,-0.354066985882101,0.00212676075495679,-7.33279221138288e-07,"descenso"
620539759,"ed",40,0.11945780124947,0.235181493693856,0.0398893511944656,0.00174263750910981,"incremento"
620539759,"lpi",40,99.9818975784041,-0.354066985882101,0.00212676075495679,-0.000366445781292686,"descenso"
620539759,"mesh",40,5807.88429525102,-0.354066985882101,0.00212676075495679,-0.0425788798030366,"descenso"
620539759,"np",40,1,NA,NA,NA,"sin tendencia"
620539759,"pd",40,0.0172117409504965,Inf,0,0,"descenso"
620539768,"cohesion",40,99.9999736633653,0.244767320816347,0.06061716676484,0,"sin tendencia"
620539768,"ed",40,0.053715934778612,-0.244767320816347,0.06061716676484,0,"sin tendencia"
620539768,"lpi",40,99.9910692817642,0.244767320816347,0.06061716676484,0,"sin tendencia"
620539768,"mesh",40,2685.44602695634,0.244767320816347,0.06061716676484,0,"sin tendencia"
620539768,"np",40,1,NA,NA,NA,"sin tendencia"
620539768,"pd",40,0.0372311127808293,-Inf,0,0,"descenso"
620541113,"cohesion",40,85.2912967500261,-0.477172884761935,1.61531021573558e-05,-0.0774611197512838,"descenso"
620541113,"ed",40,5.88912771014863,0.628942158082442,1.28810475573235e-08,0.0601075515933717,"incremento"
620541113,"lpi",40,0.683118216485773,-0.070228251485264,0.536144565676879,-0.000553670984882482,"sin tendencia"
620541113,"mesh",40,0.109396666020984,0.0501610310127101,0.65784556074006,9.80696771632893e-05,"sin tendencia"
620541113,"np",40,12.875,0.761381086917524,3.68188345236844e-11,0.25,"incremento"
620541113,"pd",40,0.682278935648242,0.768142908293346,2.46879475465425e-11,0.0132481346727814,"incremento"
620541144,"cohesion",40,100,NA,NA,NA,"sin tendencia"
620541144,"ed",40,0,NA,NA,NA,"sin tendencia"
620541144,"lpi",40,100,NA,NA,NA,"sin tendencia"
620541144,"mesh",40,2280.63344695182,NA,NA,NA,"sin tendencia"
620541144,"np",40,1,NA,NA,NA,"sin tendencia"
620541144,"pd",40,0.0438474670858023,NA,NA,NA,"sin tendencia"
620542489,"cohesion",40,99.9947956775206,-0.100472205503452,0.374479037782992,-4.84527593333273e-05,"sin tendencia"
620542489,"ed",40,4.86795665432537,0.0326208459426791,0.779126692968101,0,"sin tendencia"
620542489,"lpi",40,98.8424265807272,-0.0195725075656075,0.870045979675029,0,"sin tendencia"
620542489,"mesh",40,1985.84727621346,-0.0195725075656075,0.870045979675029,0,"sin tendencia"
620542489,"np",40,1.425,0.244454529348798,0.0667883530331958,0,"sin tendencia"
620542489,"pd",40,0.0701089771486786,0.244454529348798,0.0667883530331958,0,"sin tendencia"
620542492,"cohesion",40,99.9071987926579,0.351282051282051,0.0014690324003254,0.000755163103559922,"incremento"
620542492,"ed",40,23.3799782494172,-0.338461538461538,0.00218236833197586,-0.331612082285305,"descenso"
620542492,"lpi",40,83.6449446520482,0.141206791570485,0.204036476657223,0.0506768666713692,"sin tendencia"
620542492,"mesh",40,1834.40975490719,0.138461538461538,0.212521935405059,2.25925836434294,"sin tendencia"
620542492,"np",40,11.225,-0.337477725276236,0.00446408825980706,-0.1,"descenso"
620542492,"pd",40,0.428924869992543,-0.354422213574624,0.00281987223065207,-0.00382115697098034,"descenso"
620542520,"cohesion",40,100,NA,NA,NA,"sin tendencia"
620542520,"ed",40,0,NA,NA,NA,"sin tendencia"
620542520,"lpi",40,100,NA,NA,NA,"sin tendencia"
620542520,"mesh",40,735.116800358224,NA,NA,NA,"sin tendencia"
620542520,"np",40,1,NA,NA,NA,"sin tendencia"
620542520,"pd",40,0.136032804516602,NA,NA,NA,"sin tendencia"
620543865,"cohesion",40,99.998393670301,-0.54281507452189,4.22800531149245e-06,-2.83420210942203e-05,"descenso"
620543865,"ed",40,1.83084672014844,0.60450683099846,1.38100474505952e-07,0.0285601600678517,"incremento"
620543865,"lpi",40,99.6805363833563,-0.54281507452189,4.22800531149245e-06,-0.00563427895315119,"descenso"
620543865,"mesh",40,929.7194378738,-0.54281507452189,4.22800531149245e-06,-0.105064175687732,"descenso"
620543865,"np",40,1,NA,NA,NA,"sin tendencia"
620543865,"pd",40,0.10687333724988,-Inf,0,0,"descenso"
620543868,"cohesion",40,94.6210111030319,0.123076923076923,0.268359528829253,0.0269810706275219,"sin tendencia"
620543868,"ed",40,33.0521871909396,-0.375882052952089,0.000668131678584011,-0.0610787495713774,"descenso"
620543868,"lpi",40,4.46142232403165,0.101608242307797,0.363303009947681,0.00411685126387333,"sin tendencia"
620543868,"mesh",40,11.0756466003697,0.0897435897435897,0.421442378942573,0.0685487907955059,"sin tendencia"
620543868,"np",40,54.25,-0.219650071354766,0.0510960846563121,-0.233031674208145,"sin tendencia"
620543868,"pd",40,2.04088866479377,-0.219650071354766,0.0510960846563121,-0.00876666732588605,"sin tendencia"
620543903,"cohesion",40,99.9190912075575,-0.804134394459242,3.76210355806196e-13,-0.00375180697793,"descenso"
620543903,"ed",40,38.497593671201,0.708772302808627,1.54308082650906e-10,1.59492699643032,"incremento"
620543903,"lpi",40,87.1970752089136,-0.747432610234552,1.46993385191105e-11,-0.651233721945653,"descenso"
620543903,"mesh",40,1944.73870176262,-0.747432610234552,1.46993385191105e-11,-29.4003510132003,"descenso"
620543903,"np",40,10.175,0.749119521686992,4.87842178409937e-11,0.55,"incremento"
620543903,"pd",40,0.40422144870623,0.753125508433981,3.84785478796269e-11,0.0218498080381746,"incremento"
620545244,"cohesion",40,88.5417757862379,0.449872951783609,4.75578432702569e-05,0.117176411587627,"incremento"
620545244,"ed",40,44.4362503172123,0.588690891191123,1.00416282291934e-07,0.146981046299568,"incremento"
620545244,"lpi",40,4.26839826839827,0.393277613438474,0.000456747166692506,0.0320094367713415,"incremento"
620545244,"mesh",40,0.931976624027814,0.457585059528471,3.51507392909607e-05,0.017799227021697,"incremento"
620545244,"np",40,12,-0.399963857455634,0.000619578045020638,-0.0769230769230769,"descenso"
620545244,"pd",40,3.75379874073864,-0.382034443155898,0.00107956994474537,-0.0240628124406324,"descenso"
620545276,"cohesion",40,91.3545944285087,0.487805279970767,1.00385381222706e-05,0.0213670201911059,"incremento"
620545276,"ed",40,29.722886187478,0.441592148184063,6.41916380709801e-05,0.144958027930944,"incremento"
620545276,"lpi",40,1.13971440493301,0.643364197855962,7.66651901026493e-09,0.00638367072833205,"incremento"
620545276,"mesh",40,1.54335592998061,0.608472901858273,3.55409354041426e-08,0.0187322155791836,"incremento"
620545276,"np",40,74.825,0.486368015142696,1.46869644086535e-05,0.309018567639257,"incremento"
620545276,"pd",40,1.88009457639444,0.481138251539011,1.81419548142093e-05,0.00776457244268287,"incremento"
620545279,"cohesion",40,100,NA,NA,NA,"sin tendencia"
620545279,"ed",40,0,NA,NA,NA,"sin tendencia"
620545279,"lpi",40,100,NA,NA,NA,"sin tendencia"
620545279,"mesh",40,326.411049155045,NA,NA,NA,"sin tendencia"
620545279,"np",40,1,NA,NA,NA,"sin tendencia"
620545279,"pd",40,0.306362178176451,NA,NA,NA,"sin tendencia"
620545325,"cohesion",40,99.9963945536991,0.0289573969570961,0.838532703532346,0,"sin tendencia"
620545325,"ed",40,0.542173323756082,-0.0342223782220227,0.806824381788429,0,"sin tendencia"
620545325,"lpi",40,99.8872604284104,0.0289573969570961,0.838532703532346,0,"sin tendencia"
620545325,"mesh",40,571.549116806333,0.0289573969570961,0.838532703532346,0,"sin tendencia"
620545325,"np",40,1.15,-0.0353185680259159,0.804490162100494,0,"sin tendencia"
620545325,"pd",40,0.200756288347002,-0.0382617820280755,0.787126491425627,0,"sin tendencia"
620546636,"cohesion",40,99.954254578629,0.540784561954151,9.85904485800066e-07,0.000388716549494461,"incremento"
620546636,"ed",40,6.64460950668712,-0.491972653749263,8.52321377447838e-06,-0.136117014849862,"descenso"
620546636,"lpi",40,96.9748044748045,0.561136743679295,3.97261605596261e-07,0.0638963138963147,"incremento"
620546636,"mesh",40,1753.34039956485,0.560413162793296,3.98701701170319e-07,2.31648850899813,"incremento"
620546636,"np",40,3.15,-0.555544712229937,3.9985870251101e-06,-0.0645161290322581,"descenso"
620546636,"pd",40,0.169008740081333,-0.543320833183137,5.76336217608216e-06,-0.00346152053417989,"descenso"
620546662,"cohesion",40,99.9999807385247,-0.0844683022879934,0.527504303646473,0,"sin tendencia"
620546662,"ed",40,0.0736554074526403,0.0844683022879934,0.527504303646473,0,"sin tendencia"
620546662,"lpi",40,99.9909789629416,-0.0844683022879934,0.527504303646473,0,"sin tendencia"
620546662,"mesh",40,5112.60516100607,-0.0844683022879934,0.527504303646473,0,"sin tendencia"
620546662,"np",40,1,NA,NA,NA,"sin tendencia"
620546662,"pd",40,0.0195559734846407,-Inf,0,0,"descenso"
620547979,"cohesion",40,99.9852787715341,0.0655107189065598,0.56011521431962,2.10431971351135e-05,"sin tendencia"
620547979,"ed",40,13.392338012913,0.106615483710676,0.339284758604554,0.0824768750823219,"sin tendencia"
620547979,"lpi",40,96.2322498615237,-0.0655107189065598,0.56011521431962,-0.00699629356661458,"sin tendencia"
620547979,"mesh",40,3393.87442679324,-0.0655107189065598,0.56011521431962,-0.492973593555678,"sin tendencia"
620547979,"np",40,4.15,0.0223591892120675,0.863733840341897,0,"sin tendencia"
620547979,"pd",40,0.113254039818505,0.00596245045655134,0.970663307301771,0,"sin tendencia"
620548009,"cohesion",40,97.2396711247521,0.0269403519180678,0.815733056230714,0.00141835752883762,"sin tendencia"
620548009,"ed",40,52.6787905705775,-0.37844780075381,0.000613360245619516,-0.180087381293733,"descenso"
620548009,"lpi",40,11.9615336292822,-0.0154043772622348,0.898007491703648,-0.00593293687355168,"sin tendencia"
620548009,"mesh",40,71.0288137746539,-0.03463759532323,0.761929900908658,-0.237393036951262,"sin tendencia"
620548009,"np",40,135.025,-0.0791753889052364,0.483829929177005,-0.101724137931034,"sin tendencia"
620548009,"pd",40,3.06463826310282,-0.0791753889052364,0.483829929177005,-0.00230881455570892,"sin tendencia"
620548016,"cohesion",40,99.8521974102363,-0.210190514880694,0.0588966557118263,-0.000495963150140676,"sin tendencia"
620548016,"ed",40,20.4814217593062,0.62799251991962,1.45410987807201e-08,0.0822867712388277,"incremento"
620548016,"lpi",40,89.9131465754936,-0.553919712697097,5.99820710286091e-07,-0.0370531147163347,"descenso"
620548016,"mesh",40,1352.62736509131,-0.55577982769067,5.33330746921724e-07,-1.11505460228771,"descenso"
620548016,"np",40,13.375,0.472513274625556,0.000101182246474072,0.1,"incremento"
620548016,"pd",40,0.799453404795934,0.419355531230181,0.000562671921661878,0.00597722171810043,"incremento"
620548019,"cohesion",40,100,NA,NA,NA,"sin tendencia"
620548019,"ed",40,0,NA,NA,NA,"sin tendencia"
620548019,"lpi",40,100,NA,NA,NA,"sin tendencia"
620548019,"mesh",40,1998.87557693542,NA,NA,NA,"sin tendencia"
620548019,"np",40,1,NA,NA,NA,"sin tendencia"
620548019,"pd",40,0.0500281263895952,NA,NA,NA,"sin tendencia"
620548056,"cohesion",40,100,NA,NA,NA,"sin tendencia"
620548056,"ed",40,0,NA,NA,NA,"sin tendencia"
620548056,"lpi",40,100,NA,NA,NA,"sin tendencia"
620548056,"mesh",40,2459.79971525489,NA,NA,NA,"sin tendencia"
620548056,"np",40,1,NA,NA,NA,"sin tendencia"
620548056,"pd",40,0.0406537163899288,NA,NA,NA,"sin tendencia"
620549355,"cohesion",40,99.1744998247356,0.157793489805826,0.155164858230445,0.00251341849324493,"sin tendencia"
620549355,"ed",40,27.0643718212081,-0.0218228677881659,0.852098265554537,-0.00299849822238616,"sin tendencia"
620549355,"lpi",40,38.8820889886043,0.124438768383456,0.26332139058382,0.011318571443488,"sin tendencia"
620549355,"mesh",40,631.137777141987,0.127004516185177,0.253504363355301,0.393793076016686,"sin tendencia"
620549355,"np",40,39.6,0.142039605698602,0.21776884080429,0.0488095238095238,"sin tendencia"
620549355,"pd",40,0.953480056416562,0.139359613138251,0.226660233748573,0.00117522493726188,"sin tendencia"
620549392,"cohesion",40,100,NA,NA,NA,"sin tendencia"
620549392,"ed",40,0,NA,NA,NA,"sin tendencia"
620549392,"lpi",40,100,NA,NA,NA,"sin tendencia"
620549392,"mesh",40,2630.93948240656,NA,NA,NA,"sin tendencia"
620549392,"np",40,1,NA,NA,NA,"sin tendencia"
620549392,"pd",40,0.0380092361183954,NA,NA,NA,"sin tendencia"
620549395,"cohesion",40,99.999998234136,-0.00573350763461485,1,0,"sin tendencia"
620549395,"ed",40,0.00533444615363982,0.00573350763461485,1,0,"sin tendencia"
620549395,"lpi",40,99.9992438645005,-0.00573350763461485,1,0,"sin tendencia"
620549395,"mesh",40,4270.40310630521,-0.00573350763461485,1,0,"sin tendencia"
620549395,"np",40,1,NA,NA,NA,"sin tendencia"
620549395,"pd",40,0.0234166390076971,NA,NA,NA,"sin tendencia"
620549432,"cohesion",40,100,NA,NA,NA,"sin tendencia"
620549432,"ed",40,0,NA,NA,NA,"sin tendencia"
620549432,"lpi",40,100,NA,NA,NA,"sin tendencia"
620549432,"mesh",40,1717.9480345721,NA,NA,NA,"sin tendencia"
620549432,"np",40,1,NA,NA,NA,"sin tendencia"
620549432,"pd",40,0.05820897837862,NA,NA,NA,"sin tendencia"
620550727,"cohesion",40,98.9691495364749,-0.239897419460889,0.0302165945860867,-0.0028812808975438,"descenso"
620550727,"ed",40,28.6240164477323,-0.0833868035559241,0.455838491604328,-0.0109976717067606,"sin tendencia"
620550727,"lpi",40,45.0767714830215,-0.577664147333804,1.67663253209947e-07,-0.0892728236478236,"descenso"
620550727,"mesh",40,873.217568761563,-0.578576129288027,1.5771142626827e-07,-3.33673386440103,"descenso"
620550727,"np",40,34.65,0.103085901059627,0.367385522569459,0.0434782608695652,"sin tendencia"
620550727,"pd",40,0.813354561641415,0.103085901059627,0.367385522569459,0.0010205841792351,"sin tendencia"
620550793,"cohesion",40,93.8759958454833,-0.0272620273369844,0.821821179239106,0,"sin tendencia"
620550793,"ed",40,9.70600800155901,0.332444654403678,0.00520341583469328,0.414123008066946,"incremento"
620550793,"lpi",40,79.2452830188679,NA,NA,NA,"sin tendencia"
620550793,"mesh",40,6.28181209596104,-0.412533390772653,0.00038355803810959,-0.00294067997994855,"descenso"
620550793,"np",40,3.15,-0.231582302942828,0.0729278893991285,0,"sin tendencia"
620550793,"pd",40,32.2105147841801,-0.231582302942828,0.0729278893991285,0,"sin tendencia"
620550811,"cohesion",40,99.9991277023572,-0.365019438819121,0.0011368656744464,-1.41348933344389e-05,"descenso"
620550811,"ed",40,1.79260527621866,0.38751954432031,0.000553357373131797,0.0392801205201522,"incremento"
620550811,"lpi",40,99.6808978486112,-0.388569080033258,0.000530287152754582,-0.00676078145796031,"descenso"
620550811,"mesh",40,5211.28889815237,-0.388569080033258,0.000530287152754582,-0.708097205786481,"descenso"
620550811,"np",40,1.15,-0.120331367519237,0.373398248371611,0,"sin tendencia"
620550811,"pd",40,0.0219272045023752,-0.122838271009221,0.363315909666391,0,"sin tendencia"
620552097,"cohesion",40,95.7899306875561,-0.443589743589744,5.82953207970167e-05,-0.109202976045194,"descenso"
620552097,"ed",40,39.8725066835652,-0.164102564102564,0.138958294570753,-0.146854323544966,"sin tendencia"
620552097,"lpi",40,11.4950172266884,-0.386145044158972,0.00047309000821792,-0.300204918777054,"descenso"
620552097,"mesh",40,49.8638966109309,-0.376923076923077,0.000640746068765776,-1.68544080355772,"descenso"
620552097,"np",40,52.875,0.431773694316809,0.000111938506541241,0.611111111111111,"incremento"
620552097,"pd",40,2.1232063425807,0.431773694316809,0.000111938506541241,0.0245392905367877,"incremento"
620552187,"cohesion",40,99.9999139012351,-0.1072365155824,0.364581363644397,0,"sin tendencia"
620552187,"ed",40,0.176486632821244,0.123577883185745,0.290837904572316,0,"sin tendencia"
620552187,"lpi",40,99.95965995235,-0.1072365155824,0.364581363644397,0,"sin tendencia"
620552187,"mesh",40,5107.37477110958,-0.1072365155824,0.364581363644397,0,"sin tendencia"
620552187,"np",40,1,NA,NA,NA,"sin tendencia"
620552187,"pd",40,0.0195637388339581,NA,NA,NA,"sin tendencia"
620553473,"cohesion",40,43.1141022273561,-0.671165730499384,9.14789600018569e-09,-0.693349461430411,"descenso"
620553473,"ed",40,2.778058491333,-0.191971531125364,0.114763581752762,0,"sin tendencia"
620553473,"lpi",40,0.27321083172147,-0.842599554412899,1.44860342070398e-11,-0.00322372662798195,"descenso"
620553473,"mesh",40,0.00190941468098281,-0.51129873925107,1.21774538986697e-05,-5.27238548274779e-05,"descenso"
620553473,"np",40,3.425,-0.077513327939884,0.538201344440054,0,"sin tendencia"
620553473,"pd",40,1.79515940438658,-0.0319172526811287,0.805516523268352,0,"sin tendencia"
620553538,"cohesion",40,99.9836216789718,-0.0346821453034728,0.761888096774634,-1.17765144005204e-05,"sin tendencia"
620553538,"ed",40,12.876263460598,-0.278741686327911,0.0118274870254274,-0.110415248907352,"descenso"
620553538,"lpi",40,96.9765875745071,0.260758351726111,0.0185678692717688,0.0323906187042364,"incremento"
620553538,"mesh",40,1515.59141932072,0.260758351726111,0.0185678692717688,1.02543824733798,"incremento"
620553538,"np",40,2.025,0.114403197427954,0.359124601047965,0,"sin tendencia"
620553538,"pd",40,0.12579759900483,0.118979325325073,0.339976596377914,0,"sin tendencia"
620553543,"cohesion",40,99.9996424734027,0.257164545065735,0.0215048345995412,5.44370932681638e-06,"incremento"
620553543,"ed",40,0.8661957889456,-0.263139755964652,0.0184349697425589,-0.0172257861883539,"descenso"
620553543,"lpi",40,99.8457602649569,0.257164545065735,0.0215048345995412,0.00234660007325105,"incremento"
620553543,"mesh",40,4332.17450972215,0.257164545065735,0.0215048345995412,0.203633377817386,"incremento"
620553543,"np",40,1,NA,NA,NA,"sin tendencia"
620553543,"pd",40,0.0230119609865458,-Inf,0,0,"descenso"
620553574,"cohesion",40,99.9980506667792,-0.0565554567956537,0.616279241942713,-4.54972397064396e-06,"sin tendencia"
620553574,"ed",40,3.33922822584085,0.120823021336169,0.27843552049416,0.01691885015183,"sin tendencia"
620553574,"lpi",40,99.2256651149074,-0.0488433490507919,0.666319054053275,-0.0015032468216373,"sin tendencia"
620553574,"mesh",40,4312.50674281525,-0.0488433490507919,0.666319054053275,-0.130922792470793,"sin tendencia"
620553574,"np",40,1.075,0.0122413295785282,0.950541084936662,0,"sin tendencia"
620553574,"pd",40,0.024544532478828,-0.220343932413508,0.100233294007188,0,"sin tendencia"
620554897,"cohesion",40,99.9999990582694,-0.223606797749979,0.0997714364192216,0,"sin tendencia"
620554897,"ed",40,0.00170885389501309,0.223606797749979,0.0997714364192216,0,"sin tendencia"
620554897,"lpi",40,99.999740475449,-0.223606797749979,0.0997714364192216,0,"sin tendencia"
620554897,"mesh",40,1777.44562849362,-0.223606797749979,0.0997714364192216,0,"sin tendencia"
620554897,"np",40,1,NA,NA,NA,"sin tendencia"
620554897,"pd",40,0.0562602193703043,NA,NA,NA,"sin tendencia"
620554907,"cohesion",40,99.807089974202,-0.320512820512821,0.00371846164139384,-0.000935899174209967,"descenso"
620554907,"ed",40,30.0284260685419,0.166666666666667,0.132843309662691,0.236825887103268,"sin tendencia"
620554907,"lpi",40,73.2521585247639,-0.197689508198679,0.0746106719544712,-0.0649496264223472,"sin tendencia"
620554907,"mesh",40,2209.53493922764,-0.197435897435897,0.0746500897742795,-3.80167910767499,"sin tendencia"
620554907,"np",40,23.225,0.259566400823332,0.0213214117088753,0.25,"incremento"
620554907,"pd",40,0.567501420204871,0.259566400823332,0.0213214117088753,0.00610873434020312,"incremento"
620554910,"cohesion",40,99.9997815981456,-0.0658114938156664,0.574972282952122,0,"sin tendencia"
620554910,"ed",40,0.545762498424097,0.0726668577547983,0.534996271236981,0,"sin tendencia"
620554910,"lpi",40,99.9184236592614,-0.0658114938156664,0.574972282952122,0,"sin tendencia"
620554910,"mesh",40,3254.64428789677,-0.0658114938156664,0.574972282952122,0,"sin tendencia"
620554910,"np",40,1,NA,NA,NA,"sin tendencia"
620554910,"pd",40,0.0306752338011393,-Inf,0,0,"descenso"
620554912,"cohesion",40,99.9991570544635,0.451569575297579,6.02199061888759e-05,3.32440672612222e-05,"incremento"
620554912,"ed",40,1.97371976832441,-0.433775167233056,0.000118651047220443,-0.0762869220597908,"descenso"
620554912,"lpi",40,99.6777251822167,0.451569575297579,6.02199061888759e-05,0.0126713949365306,"incremento"
620554912,"mesh",40,3408.20946760359,0.451569575297579,6.02199061888759e-05,0.865677662290949,"incremento"
620554912,"np",40,1,NA,NA,NA,"sin tendencia"
620554912,"pd",40,0.0291522386807316,Inf,0,0,"descenso"
620554914,"cohesion",40,99.9999715460946,0.337524038598004,0.00929890433451798,0,"descenso"
620554914,"ed",40,0.0568972882851562,-0.337524038598004,0.00929890433451798,0,"descenso"
620554914,"lpi",40,99.9874451040989,0.337524038598004,0.00929890433451798,0,"descenso"
620554914,"mesh",40,4536.50982759594,0.337524038598004,0.00929890433451798,0,"descenso"
620554914,"np",40,1,NA,NA,NA,"sin tendencia"
620554914,"pd",40,0.0220378453641079,NA,NA,NA,"sin tendencia"
620554925,"cohesion",40,96.199484453001,-0.237363154477688,0.0646768256854747,0,"sin tendencia"
620554925,"ed",40,1.18549101844577,0.237363154477688,0.0646768256854747,0,"sin tendencia"
620554925,"lpi",40,60.082304526749,Inf,0,0,"descenso"
620554925,"mesh",40,19.3021484071807,-0.105117968411548,0.417499509760009,0,"sin tendencia"
620554925,"np",40,7.075,0.377236918007361,0.0047394521854501,0,"descenso"
620554925,"pd",40,15.7791335565284,0.288875117393024,0.0310303025195036,0,"descenso"
620556283,"cohesion",40,99.9999182217803,0.417181577883835,0.000767073411363297,0,"descenso"
620556283,"ed",40,0.135152096895955,-0.408933655521331,0.000934651712526341,0,"descenso"
620556283,"lpi",40,99.9747297631818,0.417181577883835,0.000767073411363297,0,"descenso"
620556283,"mesh",40,2235.03549744911,0.417181577883835,0.000767073411363297,0,"descenso"
620556283,"np",40,1,NA,NA,NA,"sin tendencia"
620556283,"pd",40,0.0447194234833023,NA,NA,NA,"sin tendencia"
620556286,"cohesion",40,100,NA,NA,NA,"sin tendencia"
620556286,"ed",40,0,NA,NA,NA,"sin tendencia"
620556286,"lpi",40,100,NA,NA,NA,"sin tendencia"
620556286,"mesh",40,5009.27482345317,NA,NA,NA,"sin tendencia"
620556286,"np",40,1,NA,NA,NA,"sin tendencia"
620556286,"pd",40,0.019962969396649,NA,NA,NA,"sin tendencia"
620556288,"cohesion",40,99.9995470875853,-0.353276546756969,0.00156220211383657,-7.87328754670879e-06,"descenso"
620556288,"ed",40,0.931984241227127,0.273689205136306,0.0142617795133379,0.0139146864285666,"incremento"
620556288,"lpi",40,99.8424516927889,-0.353276546756969,0.00156220211383657,-0.00273630157301815,"descenso"
620556288,"mesh",40,2822.41252156727,-0.353276546756969,0.00156220211383657,-0.154802084874304,"descenso"
620556288,"np",40,1,NA,NA,NA,"sin tendencia"
620556288,"pd",40,0.0353191497405677,NA,NA,NA,"sin tendencia"
620556290,"cohesion",40,100,NA,NA,NA,"sin tendencia"
620556290,"ed",40,0,NA,NA,NA,"sin tendencia"
620556290,"lpi",40,100,NA,NA,NA,"sin tendencia"
620556290,"mesh",40,2428.43177955895,NA,NA,NA,"sin tendencia"
620556290,"np",40,1,NA,NA,NA,"sin tendencia"
620556290,"pd",40,0.0411788384758174,NA,NA,NA,"sin tendencia"
620556299,"cohesion",40,99.9999752735327,0.728572466779143,4.53590263237435e-09,1.62909534944148e-06,"incremento"
620556299,"ed",40,0.0418793302285979,-0.717980569447944,9.98001580686844e-09,-0.00312532315139164,"descenso"
620556299,"lpi",40,99.9887034611076,0.728572466779143,4.53590263237435e-09,0.000744395863647392,"incremento"
620556299,"mesh",40,4858.25689348503,0.728572466779143,4.53590263237435e-09,0.0723387993685332,"incremento"
620556299,"np",40,1,NA,NA,NA,"sin tendencia"
620556299,"pd",40,0.0205788647716634,-Inf,0,0,"descenso"
620557659,"cohesion",40,100,NA,NA,NA,"sin tendencia"
620557659,"ed",40,0,NA,NA,NA,"sin tendencia"
620557659,"lpi",40,100,NA,NA,NA,"sin tendencia"
620557659,"mesh",40,228.709155131531,NA,NA,NA,"sin tendencia"
620557659,"np",40,1,NA,NA,NA,"sin tendencia"
620557659,"pd",40,0.437236541503946,NA,NA,NA,"sin tendencia"
620557662,"cohesion",40,100,NA,NA,NA,"sin tendencia"
620557662,"ed",40,0,NA,NA,NA,"sin tendencia"
620557662,"lpi",40,100,NA,NA,NA,"sin tendencia"
620557662,"mesh",40,2889.6326937776,NA,NA,NA,"sin tendencia"
620557662,"np",40,1,NA,NA,NA,"sin tendencia"
620557662,"pd",40,0.0346064744544645,NA,NA,NA,"sin tendencia"
620557664,"cohesion",40,99.9985601054292,0.0103227954818502,0.93494297253332,0,"sin tendencia"
620557664,"ed",40,1.72427952353825,-0.123873545782202,0.267947724412146,-0.0127485374074798,"sin tendencia"
620557664,"lpi",40,99.7030222945043,0.0800016649843389,0.476882914069488,0.00115764270064034,"sin tendencia"
620557664,"mesh",40,2706.7962993167,0.0800016649843389,0.476882914069488,0.0629974752084173,"sin tendencia"
620557664,"np",40,1.325,0.108936645057682,0.418778013212866,0,"sin tendencia"
620557664,"pd",40,0.0486609723170182,0.00573350763461485,0.976963057152271,0,"sin tendencia"
620557675,"cohesion",40,99.999997724776,0.312147236790425,0.0199576283902411,0,"descenso"
620557675,"ed",40,0.00746379032892969,-0.312147236790425,0.0199576283902411,0,"descenso"
620557675,"lpi",40,99.9991498526411,0.312147236790425,0.0199576283902411,0,"descenso"
620557675,"mesh",40,3255.56734677581,0.312147236790425,0.0199576283902411,0,"descenso"
620557675,"np",40,1,NA,NA,NA,"sin tendencia"
620557675,"pd",40,0.0307160900691755,NA,NA,NA,"sin tendencia"
620557692,"cohesion",40,100,NA,NA,NA,"sin tendencia"
620557692,"ed",40,0,NA,NA,NA,"sin tendencia"
620557692,"lpi",40,100,NA,NA,NA,"sin tendencia"
620557692,"mesh",40,4272.7741434476,NA,NA,NA,"sin tendencia"
620557692,"np",40,1,NA,NA,NA,"sin tendencia"
620557692,"pd",40,0.023403998583298,NA,NA,NA,"sin tendencia"
620559003,"cohesion",40,99.8778677034409,-0.546855392809334,7.33180489133257e-07,-0.000493460979955529,"descenso"
620559003,"ed",40,26.7154073171796,-0.552701055048434,5.74340641267841e-07,-0.0348272718123259,"descenso"
620559003,"lpi",40,77.644148839364,0.380463982079852,0.000586052126664092,0.0156247414834305,"incremento"
620559003,"mesh",40,3361.76953587703,0.381503598338201,0.000561815741187535,1.35082337067838,"incremento"
620559003,"np",40,22.4,0.464004930750554,4.88147358875174e-05,0.236068111455108,"incremento"
620559003,"pd",40,0.40170695809794,0.462075587962649,4.9757798793787e-05,0.00423349120341772,"incremento"
620559038,"cohesion",40,100,NA,NA,NA,"sin tendencia"
620559038,"ed",40,0,NA,NA,NA,"sin tendencia"
620559038,"lpi",40,100,NA,NA,NA,"sin tendencia"
620559038,"mesh",40,1209.87973392291,NA,NA,NA,"sin tendencia"
620559038,"np",40,1,NA,NA,NA,"sin tendencia"
620559038,"pd",40,0.0826528432505934,NA,NA,NA,"sin tendencia"
620559040,"cohesion",40,99.9999980124959,-0.0492864058090144,0.732866922346619,0,"sin tendencia"
620559040,"ed",40,0.00682160665958987,0.0492864058090144,0.732866922346619,0,"sin tendencia"
620559040,"lpi",40,99.999222999223,-0.0492864058090144,0.732866922346619,0,"sin tendencia"
620559040,"mesh",40,3562.05053047738,-0.0492864058090144,0.732866922346619,0,"sin tendencia"
620559040,"np",40,1,NA,NA,NA,"sin tendencia"
620559040,"pd",40,0.0280732811799249,NA,NA,NA,"sin tendencia"
620559051,"cohesion",40,99.9999569472211,0.495886901979949,0.00014901035183238,0,"descenso"
620559051,"ed",40,0.0654673027546702,-0.495886901979949,0.00014901035183238,0,"descenso"
620559051,"lpi",40,99.9900574458683,0.495886901979949,0.00014901035183238,0,"descenso"
620559051,"mesh",40,1252.4387215903,0.495886901979949,0.00014901035183238,0,"descenso"
620559051,"np",40,1,NA,NA,NA,"sin tendencia"
620559051,"pd",40,0.0798283536866324,NA,NA,NA,"sin tendencia"
620560416,"cohesion",40,99.9999518091813,-0.0300828418798093,0.834973373788272,0,"sin tendencia"
620560416,"ed",40,0.0617688164003181,0.0491829714750505,0.719864754783887,0,"sin tendencia"
620560416,"lpi",40,99.9901500938086,-0.0300828418798093,0.834973373788272,0,"sin tendencia"
620560416,"mesh",40,983.283365135056,-0.0300828418798093,0.834973373788272,0,"sin tendencia"
620560416,"np",40,1,NA,NA,NA,"sin tendencia"
620560416,"pd",40,0.101680055008282,NA,NA,NA,"sin tendencia"
620560419,"cohesion",40,100,NA,NA,NA,"sin tendencia"
620560419,"ed",40,0,NA,NA,NA,"sin tendencia"
620560419,"lpi",40,100,NA,NA,NA,"sin tendencia"
620560419,"mesh",40,2117.79695690976,NA,NA,NA,"sin tendencia"
620560419,"np",40,1,NA,NA,NA,"sin tendencia"
620560419,"pd",40,0.0472188798240214,NA,NA,NA,"sin tendencia"
620561792,"cohesion",40,99.9999777754365,-0.00247673508081354,1,0,"sin tendencia"
620561792,"ed",40,0.0454458328381968,0.0268612459778027,0.850414367278762,0,"sin tendencia"
620561792,"lpi",40,99.9940643807631,-0.00247673508081354,1,0,"sin tendencia"
620561792,"mesh",40,1670.69781422202,-0.00247673508081354,1,0,"sin tendencia"
620561792,"np",40,1,NA,NA,NA,"sin tendencia"
620561792,"pd",40,0.0598481246970505,NA,NA,NA,"sin tendencia"
620563161,"cohesion",40,100,NA,NA,NA,"sin tendencia"
620563161,"ed",40,0,NA,NA,NA,"sin tendencia"
620563161,"lpi",40,100,NA,NA,NA,"sin tendencia"
620563161,"mesh",40,3172.12863287109,NA,NA,NA,"sin tendencia"
620563161,"np",40,1,NA,NA,NA,"sin tendencia"
620563161,"pd",40,0.0315245727943542,NA,NA,NA,"sin tendencia"
620564497,"cohesion",40,99.9991331323799,-0.372104203767625,0.000817274240014763,-1.38082918982244e-05,"descenso"
620564497,"ed",40,1.78174855262524,0.26727594528741,0.0163049987305658,0.0200077585387907,"incremento"
620564497,"lpi",40,99.6132730582044,-0.372104203767625,0.000817274240014763,-0.00614401842985615,"descenso"
620564497,"mesh",40,4627.31849460896,-0.372104203767625,0.000817274240014763,-0.570724415621165,"descenso"
620564497,"np",40,1,NA,NA,NA,"sin tendencia"
620564497,"pd",40,0.0214440190398505,-Inf,0,0,"descenso"
620564537,"cohesion",40,99.9999971896023,-0.21483446221183,0.109495775398697,0,"sin tendencia"
620564537,"ed",40,0.0107008777649976,0.21483446221183,0.109495775398697,0,"sin tendencia"
620564537,"lpi",40,99.9988391799968,-0.21483446221183,0.109495775398697,0,"sin tendencia"
620564537,"mesh",40,3973.76391423469,-0.21483446221183,0.109495775398697,0,"sin tendencia"
620564537,"np",40,1,NA,NA,NA,"sin tendencia"
620564537,"pd",40,0.0251644739478697,NA,NA,NA,"sin tendencia"
620565868,"cohesion",40,82.2033406931491,0.61953932217057,2.07451210964754e-08,0.0789793045550979,"incremento"
620565868,"ed",40,9.73192664087935,0.652093403165231,3.69217514686027e-09,0.159860008062573,"incremento"
620565868,"lpi",40,0.329781231009636,0.605550456536964,9.64476125028037e-08,0.00287309993013613,"incremento"
620565868,"mesh",40,0.0800347058942826,0.763498666741325,4.81452595884476e-12,0.00224030367856498,"incremento"
620565868,"np",40,23.95,0.513921111139924,6.0892934828021e-06,0.25,"incremento"
620565868,"pd",40,1.1268178576265,0.527803184940175,3.29825479363839e-06,0.0117621905806524,"incremento"
620565910,"cohesion",40,99.9986555167667,0.426009953442228,0.000135572271230291,2.42354040236949e-05,"incremento"
620565910,"ed",40,1.6110557936307,-0.362606858260633,0.00117171791605952,-0.0271414369311489,"descenso"
620565910,"lpi",40,99.7121424565339,0.431205196776889,0.000112099413708107,0.00584729368350089,"incremento"
620565910,"mesh",40,1635.53500258827,0.431205196776889,0.000112099413708107,0.191942867096483,"incremento"
620565910,"np",40,1.05,-0.131430415490705,0.336106879654208,0,"sin tendencia"
620565910,"pd",40,0.0638308948782049,-0.131430415490705,0.336106879654208,0,"sin tendencia"
620567266,"cohesion",40,87.1823966014878,NA,NA,NA,"sin tendencia"
620567266,"ed",40,0,NA,NA,NA,"sin tendencia"
620567266,"lpi",40,50,NA,NA,NA,"sin tendencia"
620567266,"mesh",40,1.53149333412444,NA,NA,NA,"sin tendencia"
620567266,"np",40,4,NA,NA,NA,"sin tendencia"
620567266,"pd",40,108.390938635657,NA,NA,NA,"sin tendencia"
620567286,"cohesion",40,99.99853990226,0.395357761424724,0.000389683407824172,2.37214441318362e-05,"incremento"
620567286,"ed",40,1.1316040169189,-0.573320515024869,2.66057872065408e-07,-0.052701112180642,"descenso"
620567286,"lpi",40,99.8096451491129,0.524983256973813,2.4320924095174e-06,0.00876903233924597,"incremento"
620567286,"mesh",40,2434.63963864013,0.524983256973813,2.4320924095174e-06,0.427730314327012,"incremento"
620567286,"np",40,1.15,-0.0852347186594598,0.53198282881175,0,"sin tendencia"
620567286,"pd",40,0.047055333874916,0.0601656837596187,0.66313164338369,0,"sin tendencia"
620568662,"cohesion",40,94.8184046518271,NA,NA,NA,"sin tendencia"
620568662,"ed",40,0,NA,NA,NA,"sin tendencia"
620568662,"lpi",40,31.9148936170213,NA,NA,NA,"sin tendencia"
620568662,"mesh",40,15.5155467976749,NA,NA,NA,"sin tendencia"
620568662,"np",40,8,NA,NA,NA,"sin tendencia"
620568662,"pd",40,12.2996809799738,NA,NA,NA,"sin tendencia"
620568677,"cohesion",40,99.8889995077422,-0.504854563320664,5.40731747868765e-06,-0.00281195218473394,"descenso"
620568677,"ed",40,34.4942220268674,0.850892985238664,1.66909402279298e-14,1.25672594385684,"incremento"
620568677,"lpi",40,83.8963741686333,-0.745015557636888,1.8482533728402e-11,-0.576000180670514,"descenso"
620568677,"mesh",40,3171.27138596671,-0.745015557636888,1.8482533728402e-11,-43.551750398088,"descenso"
620568677,"np",40,22.925,0.399127463077017,0.000424463484369796,0.560386473429952,"incremento"
620568677,"pd",40,0.533117843444569,0.399127463077017,0.000424463484369796,0.0130317133352446,"incremento"
620570044,"cohesion",40,99.9996957443993,0.522671278566927,8.63397528794601e-06,5.63219817161317e-06,"incremento"
620570044,"ed",40,0.649960523557213,-0.495896751072853,2.55929288674054e-05,-0.013273530093068,"descenso"
620570044,"lpi",40,99.8838193791157,0.522671278566927,8.63397528794601e-06,0.00216058635625919,"incremento"
620570044,"mesh",40,3424.5332646358,0.522671278566927,8.63397528794601e-06,0.148282629159981,"incremento"
620570044,"np",40,1,NA,NA,NA,"sin tendencia"
620570044,"pd",40,0.0291334333115578,Inf,0,0,"descenso"
620570047,"cohesion",40,99.9995870495406,-0.525411362963827,2.51270553833542e-06,-1.0242884304823e-05,"descenso"
620570047,"ed",40,0.400805296408139,0.624456437987903,1.8900013139934e-08,0.0225470659124714,"incremento"
620570047,"lpi",40,99.9185665975783,-0.633728582230219,1.45598033374535e-08,-0.00448218995245121,"descenso"
620570047,"mesh",40,4221.79261053211,-0.637256356069989,1.11926799949327e-08,-0.378797188396494,"descenso"
620570047,"np",40,1.125,0.0839064541039189,0.539586529060983,0,"sin tendencia"
620570047,"pd",40,0.0266040811538522,-0.295025919268618,0.0272179276719919,0,"descenso"
620571407,"cohesion",40,99.9930872458602,0.387045628432268,0.000527320984959545,0.00025235330413206,"incremento"
620571407,"ed",40,12.8575336122867,-0.392240871766929,0.000442799756749703,-0.381646923125059,"descenso"
620571407,"lpi",40,97.1684966216216,0.387045628432268,0.000527320984959545,0.0999860292623447,"incremento"
620571407,"mesh",40,3920.47142384164,0.387045628432268,0.000527320984959545,7.97321501034312,"incremento"
620571407,"np",40,1,NA,NA,NA,"sin tendencia"
620571407,"pd",40,0.024091158124948,NA,NA,NA,"sin tendencia"
620571410,"cohesion",40,99.9980598829422,0.382825052283963,0.000643235702210679,6.43920999512479e-05,"incremento"
620571410,"ed",40,5.33733094413922,-0.336870890292821,0.00266950423038174,-0.133682218962926,"descenso"
620571410,"lpi",40,99.0350180164587,0.382825052283963,0.000643235702210679,0.0317590413189172,"incremento"
620571410,"mesh",40,5750.87349737155,0.382825052283963,0.000643235702210679,3.68251843580338,"incremento"
620571410,"np",40,1,NA,NA,NA,"sin tendencia"
620571410,"pd",40,0.0170552041034771,Inf,0,0,"descenso"
620571444,"cohesion",40,93.2278725212331,NA,NA,NA,"sin tendencia"
620571444,"ed",40,0,NA,NA,NA,"sin tendencia"
620571444,"lpi",40,47.953216374269,NA,NA,NA,"sin tendencia"
620571444,"mesh",40,9.34024258422695,NA,NA,NA,"sin tendencia"
620571444,"np",40,10,NA,NA,NA,"sin tendencia"
620571444,"pd",40,31.6932569119381,NA,NA,NA,"sin tendencia"
620572754,"cohesion",40,94.2397467980646,0.408741710477679,0.000220423011718762,0.0125818102289848,"incremento"
620572754,"ed",40,11.9399127583597,0.0321960772216616,0.779663347232641,0.00124605937047994,"sin tendencia"
620572754,"lpi",40,3.24201277955272,-0.360482783610271,0.0012721910305377,-0.00798722044728417,"descenso"
620572754,"mesh",40,2.92457538143294,-0.359898361426887,0.00114789082019313,-0.0122158357849937,"descenso"
620572754,"np",40,19.55,-0.291157613477109,0.015744495402929,-0.04,"descenso"
620572754,"pd",40,0.752233883702198,-0.290117099132234,0.0140221404602094,-0.00153909746026025,"descenso"
620572783,"cohesion",40,99.9991927565032,0.659090911847404,6.20212721609405e-09,5.01386698947215e-05,"incremento"
620572783,"ed",40,1.01538452325488,-0.675344813352172,2.3461269698178e-09,-0.0570306081549499,"descenso"
620572783,"lpi",40,99.8142128979833,0.659090911847404,6.20212721609405e-09,0.0115332052892074,"incremento"
620572783,"mesh",40,1244.27186066538,0.659090911847404,6.20212721609405e-09,0.287518987961441,"incremento"
620572783,"np",40,1,NA,NA,NA,"sin tendencia"
620572783,"pd",40,0.0800701326997636,Inf,0,0,"descenso"
620572846,"cohesion",40,99.9978567431521,0.450752604457643,9.74872098070593e-05,6.65118265945955e-05,"incremento"
620572846,"ed",40,1.48680559133333,-0.406910405847781,0.000437127807816483,-0.0516764495176017,"descenso"
620572846,"lpi",40,99.5861716621253,0.44527232963141,0.000118484476426749,0.0166077420226536,"incremento"
620572846,"mesh",40,1477.51339060032,0.44527232963141,0.000118484476426749,0.493104832532847,"incremento"
620572846,"np",40,1.05,0.0575008067771835,0.686674918844407,0,"sin tendencia"
620572846,"pd",40,0.0704796170242571,0.0739296087135216,0.597856231526131,0,"sin tendencia"
620574130,"cohesion",40,95.1308733377142,0.0359898361426887,0.753017256117108,0.00170638529835018,"sin tendencia"
620574130,"ed",40,24.9644376241533,0.105342377227896,0.350332751745498,0.00568290596738051,"sin tendencia"
620574130,"lpi",40,6.87548547459997,0.159126835161792,0.154706751166432,0.00813747900900296,"sin tendencia"
620574130,"mesh",40,2.89204841675918,0.154242154897237,0.16548760330211,0.00697088452924327,"sin tendencia"
620574130,"np",40,4.675,-0.0502045354289653,0.688136099925686,0,"sin tendencia"
620574130,"pd",40,0.787210871715341,-0.056263526512159,0.646651080947795,0,"sin tendencia"
620574131,"cohesion",40,97.5929540507758,-0.324567096917674,0.00332195752804258,-0.00618805910789868,"descenso"
620574131,"ed",40,25.8033350437873,0.0938306442291528,0.401411888778894,0.0271273065723141,"sin tendencia"
620574131,"lpi",40,18.9312987012987,0.0180065239532805,0.879569576092897,0.00145262145262158,"sin tendencia"
620574131,"mesh",40,64.9052865821705,0.0474663343318337,0.6748758057143,0.0154476300137012,"sin tendencia"
620574131,"np",40,15.225,0,1,0,"sin tendencia"
620574131,"pd",40,0.857273787391978,0.00144031824178667,1,0,"sin tendencia"
620574158,"cohesion",40,98.995226365668,-0.248718017917015,0.0257612924111474,-0.00495266135117965,"descenso"
620574158,"ed",40,71.1678345571055,-0.707291863451512,1.98503951079202e-10,-0.835590268282098,"descenso"
620574158,"lpi",40,43.899202559935,-0.409348404488421,0.000235619042981417,-0.253961804144655,"descenso"
620574158,"mesh",40,365.959772977395,-0.40416677911515,0.000282645345090345,-4.44416373178478,"descenso"
620574158,"np",40,46.85,-0.141509139154074,0.214331652516389,-0.107142857142857,"sin tendencia"
620574158,"pd",40,2.579294735413,-0.141509139154074,0.214331652516389,-0.00589867678475301,"sin tendencia"
620574159,"cohesion",40,89.0649286054724,NA,NA,NA,"sin tendencia"
620574159,"ed",40,0,NA,NA,NA,"sin tendencia"
620574159,"lpi",40,43.9024390243902,NA,NA,NA,"sin tendencia"
620574159,"mesh",40,3.41506962006373,NA,NA,NA,"sin tendencia"
620574159,"np",40,7,NA,NA,NA,"sin tendencia"
620574159,"pd",40,61.6859000367514,NA,NA,NA,"sin tendencia"
620575497,"cohesion",40,99.1969211351894,-0.0102564102564103,0.934998803970505,-3.66756383377775e-05,"sin tendencia"
620575497,"ed",40,31.8858819204944,-0.535897435897436,1.18289511703751e-06,-0.0970691747628464,"descenso"
620575497,"lpi",40,39.7433969124988,-0.197435897435897,0.0746500897742795,-0.0315692043238244,"sin tendencia"
620575497,"mesh",40,441.684367914862,-0.197435897435897,0.0746500897742795,-0.696805255742452,"sin tendencia"
620575497,"np",40,39.1,-0.39902068446548,0.000552342102809427,-0.133333333333333,"descenso"
620575497,"pd",40,1.40097375319103,-0.39902068446548,0.000552342102809427,-0.00477740410295321,"descenso"
620575506,"cohesion",40,99.9961117810322,0.306840617812245,0.01010316507325,6.09863625066279e-05,"incremento"
620575506,"ed",40,1.79118609166033,-0.280677467654257,0.0177276674088312,-0.0182525756618866,"descenso"
620575506,"lpi",40,99.6895328208161,0.306840617812245,0.01010316507325,0.00486145518670671,"incremento"
620575506,"mesh",40,155.043810728882,0.306840617812245,0.01010316507325,0.0150565215752526,"incremento"
620575506,"np",40,1,NA,NA,NA,"sin tendencia"
620575506,"pd",40,0.640987218443691,NA,NA,NA,"sin tendencia"
620575525,"cohesion",40,90.3595058869103,0.574669055794926,2.75306681320393e-07,0.0429229728739645,"incremento"
620575525,"ed",40,25.1053057130497,-0.699767081546203,3.82561619728631e-10,-1.32050820243052,"descenso"
620575525,"lpi",40,31.6239754098361,0.421096462860437,0.000808418782186472,0,"descenso"
620575525,"mesh",40,12.3328667588408,0.616368397712019,3.51963603858238e-08,0.0847153568784667,"incremento"
620575525,"np",40,28.475,-0.751078668453243,7.12902803374425e-11,-0.391304347826087,"descenso"
620575525,"pd",40,31.6232784604573,-0.751078668453243,7.12902803374425e-11,-0.434568089695943,"descenso"
620575531,"cohesion",40,99.9794248996583,0.326059318717302,0.00319721241178685,3.96064501604343e-05,"incremento"
620575531,"ed",40,8.912791725526,-0.324567096917674,0.00332195752804258,-0.0240638524822621,"descenso"
620575531,"lpi",40,96.6918218085106,0.583392919256508,1.37339811853078e-07,0.0154698581560291,"incremento"
620575531,"mesh",40,3243.4728906194,0.583392919256508,1.37339811853078e-07,1.04273832349505,"incremento"
620575531,"np",40,3.675,-0.169735843033392,0.171218697082531,0,"sin tendencia"
620575531,"pd",40,0.105940611568536,-0.169735843033392,0.171218697082531,0,"sin tendencia"
620575566,"cohesion",40,100,NA,NA,NA,"sin tendencia"
620575566,"ed",40,0,NA,NA,NA,"sin tendencia"
620575566,"lpi",40,100,NA,NA,NA,"sin tendencia"
620575566,"mesh",40,3544.29996477935,NA,NA,NA,"sin tendencia"
620575566,"np",40,1,NA,NA,NA,"sin tendencia"
620575566,"pd",40,0.0282143162242831,NA,NA,NA,"sin tendencia"
620576867,"cohesion",40,90.2386853365231,0.375882052952089,0.000668131678584011,0.0334519313786805,"incremento"
620576867,"ed",40,9.46023903889994,0.321337822702578,0.00370912179129014,0.0191002110639492,"incremento"
620576867,"lpi",40,0.717256229863896,0.467610827732932,6.04576487905388e-05,0.00263002169767899,"incremento"
620576867,"mesh",40,0.375894564410232,0.578576129288027,1.5771142626827e-07,0.00425507093578427,"incremento"
620576867,"np",40,20.775,-0.0153427312041085,0.905096966364098,0,"sin tendencia"
620576867,"pd",40,0.740292507798559,-0.00836876247496828,0.952464194951097,0,"sin tendencia"
620576889,"cohesion",40,99.9896838230823,0.127788891066999,0.257052236958716,9.69318465315894e-05,"sin tendencia"
620576889,"ed",40,7.97647602685129,0.225736253923339,0.0444468141812906,0.021890327477805,"incremento"
620576889,"lpi",40,97.8904873752202,-0.0964936524383461,0.393681201042205,-0.00248889987740969,"sin tendencia"
620576889,"mesh",40,2258.49398145626,-0.0964936524383461,0.393681201042205,-0.115521834958648,"sin tendencia"
620576889,"np",40,2.3,0.098449518497084,0.434910256899377,0,"sin tendencia"
620576889,"pd",40,0.0975921545779232,0.126577952353394,0.313691898304416,0,"sin tendencia"
620576907,"cohesion",40,98.9387397905254,-0.114175777176573,0.305193053579646,-0.0026502265462711,"sin tendencia"
620576907,"ed",40,17.7734637719373,-0.711995014977506,1.08139403061754e-10,-0.274850708367362,"descenso"
620576907,"lpi",40,36.5990398241606,0.0655107189065598,0.560097453980375,0.0057841918038033,"sin tendencia"
620576907,"mesh",40,427.509020485588,0.0679923167455997,0.544584531251695,0.13661025816811,"sin tendencia"
620576907,"np",40,41.725,-0.271115640435375,0.0168740639954816,-0.181818181818182,"descenso"
620576907,"pd",40,1.30798273844032,-0.271115640435375,0.0168740639954816,-0.0056995816261902,"descenso"
620576925,"cohesion",40,99.9976382670825,0.345483681754977,0.00197684137247864,4.73520380867252e-05,"incremento"
620576925,"ed",40,4.29090835491466,-0.421369508911584,0.000162390731452266,-0.0916859726436714,"descenso"
620576925,"lpi",40,99.2811579158853,0.411994172288963,0.000224845027802361,0.0167294348760137,"incremento"
620576925,"mesh",40,2715.77245136664,0.410424223438244,0.000235619042981417,0.91333019521368,"incremento"
620576925,"np",40,1.1,-0.0477409916026289,0.735268152927493,0,"sin tendencia"
620576925,"pd",40,0.0399243344828758,0.137255350857558,0.310402256146158,0,"sin tendencia"
620578283,"cohesion",40,99.9794100855065,0.341095520120323,0.00215616767063834,0.00038900732996511,"incremento"
620578283,"ed",40,18.8732066380065,-0.465130254709532,2.81856545281628e-05,-0.541379936167728,"descenso"
620578283,"lpi",40,95.196614146832,0.458969017568748,3.6338213529573e-05,0.137752821544307,"incremento"
620578283,"mesh",40,2496.3994277917,0.458969017568748,3.6338213529573e-05,7.23626392853974,"incremento"
620578283,"np",40,3.05,-0.103368925702507,0.391847643372178,0,"sin tendencia"
620578283,"pd",40,0.110825465252573,-0.0918834895133396,0.447380020025966,0,"sin tendencia"
620578296,"cohesion",40,91.0375223420741,0.0526654799052736,0.641117936749381,0.00240342608824934,"sin tendencia"
620578296,"ed",40,32.431135933731,0.563905992156466,3.32209874596868e-07,0.138764417863308,"incremento"
620578296,"lpi",40,1.05086687829893,0.508131942552432,5.04542672754096e-06,0.00275469665297229,"incremento"
620578296,"mesh",40,1.7776041206612,0.515094083951578,3.14122030206888e-06,0.0147696730533611,"incremento"
620578296,"np",40,108.9,0.519938669528743,3.36961262994203e-06,0.5,"incremento"
620578296,"pd",40,2.21721231801659,0.514726251789106,4.220916353719e-06,0.0101800381910773,"incremento"
620578311,"cohesion",40,98.9237580340814,0.391276539762413,0.000396872297568848,0.00836532768573567,"incremento"
620578311,"ed",40,40.6301763479109,0.170731847989769,0.124013073818019,0.0675819632026445,"sin tendencia"
620578311,"lpi",40,33.5947206539995,-0.278383636486701,0.0118427949981833,-0.0641659698172235,"descenso"
620578311,"mesh",40,518.195617081848,-0.278383636486701,0.0118427949981833,-1.97786751968486,"descenso"
620578311,"np",40,68.7,-0.442762384775246,7.58814748594317e-05,-0.808608058608059,"descenso"
620578311,"pd",40,1.50680051888491,-0.440157900158921,8.36470440272857e-05,-0.0177352407901767,"descenso"
620578327,"cohesion",40,99.9998787654436,-0.253536854233955,0.0279400180831337,-2.33129425474826e-06,"descenso"
620578327,"ed",40,0.193559604010286,0.246721347399708,0.0324503020802671,0.00404769381126226,"incremento"
620578327,"lpi",40,99.9583766037989,-0.253536854233955,0.0279400180831337,-0.000800802716986658,"descenso"
620578327,"mesh",40,2751.72084966272,-0.253536854233955,0.0279400180831337,-0.0441043489425266,"descenso"
620578327,"np",40,1,NA,NA,NA,"sin tendencia"
620578327,"pd",40,0.0363106558034331,Inf,0,0,"descenso"
620579620,"cohesion",40,99.9810356067825,-0.550352903469099,6.13300031983005e-07,-0.000833827799314271,"descenso"
620579620,"ed",40,11.0251150788265,0.419499765581341,0.000145577311378745,0.403365070913604,"incremento"
620579620,"lpi",40,95.6330722315236,-0.555484399072541,4.81382203898568e-07,-0.17828669377342,"descenso"
620579620,"mesh",40,1412.11875387413,-0.555484399072541,4.81382203898568e-07,-5.21555095855367,"descenso"
620579620,"np",40,1.175,0.431119630571534,0.00119876984329976,0,"descenso"
620579620,"pd",40,0.0761536432055159,0.365155971249113,0.00612826402774154,0,"descenso"
620579659,"cohesion",40,99.9938002489334,0.406795507654402,0.000270040169062273,8.68107365652062e-05,"incremento"
620579659,"ed",40,4.87716715378446,-0.510478984799695,4.95399233406981e-06,-0.152580278289195,"descenso"
620579659,"lpi",40,98.9459840903259,0.456785043491715,4.3763697557478e-05,0.0227097767513477,"incremento"
620579659,"mesh",40,1760.44320695093,0.456182821682732,4.38688433171505e-05,0.814338700385429,"incremento"
620579659,"np",40,1.55,-0.190963966410515,0.142109536223529,0,"sin tendencia"
620579659,"pd",40,0.0862232255017622,-0.101449607155586,0.439746544439763,0,"sin tendencia"
620579671,"cohesion",40,99.9999987020547,0.0401345534423039,0.794949512946621,0,"sin tendencia"
620579671,"ed",40,0.00305557286915522,-0.0401345534423039,0.794949512946621,0,"sin tendencia"
620579671,"lpi",40,99.9995359485212,0.0401345534423039,0.794949512946621,0,"sin tendencia"
620579671,"mesh",40,2982.140429327,0.0401345534423039,0.794949512946621,0,"sin tendencia"
620579671,"np",40,1,NA,NA,NA,"sin tendencia"
620579671,"pd",40,0.033532650239998,Inf,0,0,"descenso"
620579672,"cohesion",40,99.9949751035175,0.281662209796328,0.011365544646414,0.000119739133904383,"incremento"
620579672,"ed",40,9.78277360836841,-0.304918722531804,0.00612115098638244,-0.235748367147189,"descenso"
620579672,"lpi",40,98.0842365568768,0.302334665561196,0.00656995862230416,0.0456697884878444,"incremento"
620579672,"mesh",40,4217.90955844789,0.302334665561196,0.00656995862230416,3.92157228756419,"incremento"
620579672,"np",40,1.2,-0.0674491566040964,0.61913529657163,0,"sin tendencia"
620579672,"pd",40,0.027374329446826,-0.304684121211608,0.0210072626235451,0,"descenso"
620579686,"cohesion",40,100,NA,NA,NA,"sin tendencia"
620579686,"ed",40,0,NA,NA,NA,"sin tendencia"
620579686,"lpi",40,100,NA,NA,NA,"sin tendencia"
620579686,"mesh",40,0.738069076664884,NA,NA,NA,"sin tendencia"
620579686,"np",40,1,NA,NA,NA,"sin tendencia"
620579686,"pd",40,135.488673298535,NA,NA,NA,"sin tendencia"
620579687,"cohesion",40,100,NA,NA,NA,"sin tendencia"
620579687,"ed",40,0,NA,NA,NA,"sin tendencia"
620579687,"lpi",40,100,NA,NA,NA,"sin tendencia"
620579687,"mesh",40,3593.84285155048,NA,NA,NA,"sin tendencia"
620579687,"np",40,1,NA,NA,NA,"sin tendencia"
620579687,"pd",40,0.0278253680337907,NA,NA,NA,"sin tendencia"
620579696,"cohesion",40,99.3219447985032,0.587179487179487,1.01218409612511e-07,0.00495580899737558,"incremento"
620579696,"ed",40,35.493657727657,0.441025641025641,6.43388712221746e-05,0.306584771949051,"incremento"
620579696,"lpi",40,49.4059624108879,-0.753046979805038,8.61247670289674e-12,-0.17800820911644,"descenso"
620579696,"mesh",40,910.685201285938,-0.782051282051282,1.2890325188188e-12,-6.30965882979097,"descenso"
620579696,"np",40,31.075,0.187445770063942,0.111206300648227,0.0339080459770115,"sin tendencia"
620579696,"pd",40,0.87316874094662,0.187164530940709,0.111273633680847,0.000952773799314794,"sin tendencia"
620579703,"cohesion",40,99.9999746228954,-0.0974696297884524,0.488286375431843,0,"sin tendencia"
620579703,"ed",40,0.0180365846279693,0.0974696297884524,0.488286375431843,0,"sin tendencia"
620579703,"lpi",40,99.9981738495252,-0.0974696297884524,0.488286375431843,0,"sin tendencia"
620579703,"mesh",40,126.297459500537,-0.0974696297884524,0.488286375431843,0,"sin tendencia"
620579703,"np",40,1,NA,NA,NA,"sin tendencia"
620579703,"pd",40,0.791752656216773,NA,NA,NA,"sin tendencia"
620581021,"cohesion",40,99.9945537146787,-0.245636903983009,0.0281623178393293,-7.0890475655795e-05,"descenso"
620581021,"ed",40,4.21631058203232,0.440449298999286,8.28722351128626e-05,0.061854918386741,"incremento"
620581021,"lpi",40,99.0096363636364,-0.427590166192646,0.000128348798681736,-0.0186901270772238,"descenso"
620581021,"mesh",40,3730.7133828877,-0.427590166192646,0.000128348798681736,-1.40643346554242,"descenso"
620581021,"np",40,2.525,0.214492609057778,0.0788435387076535,0,"sin tendencia"
620581021,"pd",40,0.0663483927425556,0.267381197592572,0.0282523216616542,2.31296463463574e-18,"incremento"
620581043,"cohesion",40,99.9958648594588,0.437585176397393,0.00010626091286316,3.03519568063947e-05,"incremento"
620581043,"ed",40,3.84360010417638,-0.414813912191962,0.000227545970634232,-0.0528198819501363,"descenso"
620581043,"lpi",40,99.1923623707044,0.437585176397393,0.00010626091286316,0.00857028162288255,"incremento"
620581043,"mesh",40,1852.23561613,0.437585176397393,0.00010626091286316,0.321606683203136,"incremento"
620581043,"np",40,1.2,-0.262575453814459,0.0498636902105405,0,"descenso"
620581043,"pd",40,0.0637625012827069,-0.17306109455953,0.198834490208294,0,"sin tendencia"
620581048,"cohesion",40,94.0258114956215,NA,NA,NA,"sin tendencia"
620581048,"ed",40,0,NA,NA,NA,"sin tendencia"
620581048,"lpi",40,42.7318295739348,NA,NA,NA,"sin tendencia"
620581048,"mesh",40,17.635966358203,NA,NA,NA,"sin tendencia"
620581048,"np",40,13,NA,NA,NA,"sin tendencia"
620581048,"pd",40,17.6576717080798,NA,NA,NA,"sin tendencia"
620581058,"cohesion",40,99.9967434812692,-0.0694985875199127,0.536717444665871,-5.54543956208503e-06,"sin tendencia"
620581058,"ed",40,7.51760789456489,0.061617509048939,0.583916472385616,0.00677620581290226,"sin tendencia"
620581058,"lpi",40,98.6881886188189,-0.0694985875199127,0.536717444665871,-0.00221106973982348,"sin tendencia"
620581058,"mesh",40,3759.62428065473,-0.0694985875199127,0.536717444665871,-0.168351664800777,"sin tendencia"
620581058,"np",40,1,NA,NA,NA,"sin tendencia"
620581058,"pd",40,0.0259054369252236,NA,NA,NA,"sin tendencia"
620581079,"cohesion",40,99.9999979573929,0.473665466715671,0.000373771130742372,0,"descenso"
620581079,"ed",40,0.00735321154142644,-0.473665466715671,0.000373771130742372,0,"descenso"
620581079,"lpi",40,99.9992555092317,0.473665466715671,0.000373771130742372,0,"descenso"
620581079,"mesh",40,3097.99882135727,0.473665466715671,0.000373771130742372,0,"descenso"
620581079,"np",40,1,NA,NA,NA,"sin tendencia"
620581079,"pd",40,0.0322784212742192,-Inf,0,0,"descenso"
620582375,"cohesion",40,82.003454265885,-0.585818643594998,1.27959966999579e-07,-0.151924086620088,"descenso"
620582375,"ed",40,67.6895937263608,0.268741924943285,0.0157853797379643,0.580158722294661,"incremento"
620582375,"lpi",40,23.4153005464481,-0.767933323188644,7.83473390990956e-11,-0.226901576534137,"descenso"
620582375,"mesh",40,1.5660777184097,-0.627109825522399,1.55984930961335e-08,-0.0252664145157341,"descenso"
620582375,"np",40,12.85,0.368512188357665,0.00183028915257826,0.0625,"incremento"
620582375,"pd",40,76.1105771316362,0.396535928917183,0.000795456679151233,0.370187631963212,"incremento"
620582419,"cohesion",40,99.9911024432418,-0.544757626590514,8.67567454295644e-07,-0.000232039120734598,"descenso"
620582419,"ed",40,9.62046422861924,0.475214099791725,1.78666778696425e-05,0.154387900776079,"incremento"
620582419,"lpi",40,97.8848212264054,-0.554131073104926,5.68968349193159e-07,-0.0399966431954242,"descenso"
620582419,"mesh",40,4294.62141422031,-0.555060371301446,5.36489603253244e-07,-3.51440566081905,"descenso"
620582419,"np",40,3.45,0.626185349165316,8.96143259088518e-08,0.111111111111111,"incremento"
620582419,"pd",40,0.0769742776608051,0.626185349165316,8.96143259088518e-08,0.0024790427588021,"incremento"
620582420,"cohesion",40,100,NA,NA,NA,"sin tendencia"
620582420,"ed",40,0,NA,NA,NA,"sin tendencia"
620582420,"lpi",40,100,NA,NA,NA,"sin tendencia"
620582420,"mesh",40,999.437788467612,NA,NA,NA,"sin tendencia"
620582420,"np",40,1,NA,NA,NA,"sin tendencia"
620582420,"pd",40,0.1000562527792,NA,NA,NA,"sin tendencia"
620582434,"cohesion",40,100,NA,NA,NA,"sin tendencia"
620582434,"ed",40,0,NA,NA,NA,"sin tendencia"
620582434,"lpi",40,100,NA,NA,NA,"sin tendencia"
620582434,"mesh",40,564.991878186969,NA,NA,NA,"sin tendencia"
620582434,"np",40,1,NA,NA,NA,"sin tendencia"
620582434,"pd",40,0.176993694707427,NA,NA,NA,"sin tendencia"
620582438,"cohesion",40,99.9996145865351,0.0179968508266339,0.890488128366901,0,"sin tendencia"
620582438,"ed",40,0.606836588561913,0.0242524479865956,0.850652328582178,0,"sin tendencia"
620582438,"lpi",40,99.8332531330418,0.0179968508266339,0.890488128366901,0,"sin tendencia"
620582438,"mesh",40,4395.03854623202,0.0179968508266339,0.890488128366901,0,"sin tendencia"
620582438,"np",40,1,NA,NA,NA,"sin tendencia"
620582438,"pd",40,0.0226773518502894,-Inf,0,0,"descenso"
620583771,"cohesion",40,99.9767828810554,-0.0487179487179487,0.666404182984928,-0.000140304610034281,"sin tendencia"
620583771,"ed",40,17.6015404422831,-0.184615384615385,0.0956939083516393,-0.344483488775821,"sin tendencia"
620583771,"lpi",40,94.8529691534176,0.161538461538462,0.145287789095267,0.0779382550683002,"sin tendencia"
620583771,"mesh",40,3061.27342180474,0.161538461538462,0.145287789095267,5.02545379822942,"sin tendencia"
620583771,"np",40,4.975,-0.0778138110332562,0.512740527006966,0,"sin tendencia"
620583771,"pd",40,0.146553857787246,-0.055581293595183,0.642537293695317,0,"sin tendencia"
620583793,"cohesion",40,99.9996853477219,-0.114446039457467,0.309767359282793,-4.23083167693979e-06,"sin tendencia"
620583793,"ed",40,0.888115101910168,0.158350777810473,0.157898898851969,0.0113549977241081,"sin tendencia"
620583793,"lpi",40,99.8743072050673,-0.114446039457467,0.309767359282793,-0.00169074953813748,"sin tendencia"
620583793,"mesh",40,3719.36099896923,-0.114446039457467,0.309767359282793,-0.125963723645941,"sin tendencia"
620583793,"np",40,1,NA,NA,NA,"sin tendencia"
620583793,"pd",40,0.0268188189427029,NA,NA,NA,"sin tendencia"
620583812,"cohesion",40,100,NA,NA,NA,"sin tendencia"
620583812,"ed",40,0,NA,NA,NA,"sin tendencia"
620583812,"lpi",40,100,NA,NA,NA,"sin tendencia"
620583812,"mesh",40,1299.00157496701,NA,NA,NA,"sin tendencia"
620583812,"np",40,1,NA,NA,NA,"sin tendencia"
620583812,"pd",40,0.0769822007356223,NA,NA,NA,"sin tendencia"
620585131,"cohesion",40,86.5670529056459,0.591404868296631,8.32958283447221e-08,0.0338730652837634,"incremento"
620585131,"ed",40,18.7445685307656,0.180885220021312,0.102836406021065,0.021026683624274,"sin tendencia"
620585131,"lpi",40,0.617422811416011,0.232445796513429,0.0405155417428615,0.000572403292463738,"incremento"
620585131,"mesh",40,0.377714619264842,0.247594662866052,0.0252765063915747,0.000809252157101919,"incremento"
620585131,"np",40,49.85,-0.426603745910758,0.000216682712445921,-0.142857142857143,"descenso"
620585131,"pd",40,1.8557160047895,-0.446918210001747,0.000106441489857956,-0.00531799972715144,"descenso"
620585147,"cohesion",40,99.9969580608568,-0.0270797595858563,0.815601890086566,-1.47596135064987e-06,"sin tendencia"
620585147,"ed",40,3.47352675289906,-0.277245157664719,0.0125851354843836,-0.0498890209421103,"descenso"
620585147,"lpi",40,98.8236522777004,0.211892671589898,0.0573004426277343,0.00804069726715008,"sin tendencia"
620585147,"mesh",40,9058.84999514788,0.209036608507466,0.0604589994811703,1.47317594369459,"sin tendencia"
620585147,"np",40,2.625,0.305541202005638,0.0163012510908587,0,"descenso"
620585147,"pd",40,0.0282998024585854,0.304746555141256,0.0163311493437419,0,"descenso"
620585169,"cohesion",40,99.6624887373211,-0.759108117184223,8.52313480248874e-12,-0.00754069503044698,"descenso"
620585169,"ed",40,61.6069579044983,-0.557024727626649,5.49200283739645e-07,-0.518044586685058,"descenso"
620585169,"lpi",40,62.2663931647115,-0.709882676138147,1.70456392810047e-10,-0.655754842792884,"descenso"
620585169,"mesh",40,1613.19466999955,-0.712473488824783,1.46293747478339e-10,-32.4931403386469,"descenso"
620585169,"np",40,78.6,0.583550105229477,1.6780408158897e-07,1.30602006688963,"incremento"
620585169,"pd",40,1.92570868126622,0.582250439070837,1.78738353762329e-07,0.031997635886988,"incremento"
620585184,"cohesion",40,99.9309545670009,-0.560740362622047,4.39863040083444e-07,-0.00312890193302415,"descenso"
620585184,"ed",40,32.2237706594783,0.746792464505859,1.6899981033658e-11,1.07747907921509,"incremento"
620585184,"lpi",40,90.0076392181655,-0.733872179652817,3.74268333295709e-11,-0.447343796886132,"descenso"
620585184,"mesh",40,1425.46923293583,-0.733872179652817,3.74268333295709e-11,-14.0715228833079,"descenso"
620585184,"np",40,5.9,0.613718296320374,8.10718191961179e-08,0.25,"incremento"
620585184,"pd",40,0.336919307712495,0.61505829260055,7.59621027441251e-08,0.0142762418522244,"incremento"
620585213,"cohesion",40,99.9998211570469,-0.629025961049033,1.94688607364104e-07,-4.49913928894768e-06,"descenso"
620585213,"ed",40,0.28844378480663,0.606199593277422,4.26922718865288e-07,0.00992464107087123,"incremento"
620585213,"lpi",40,99.9434950385888,-0.629025961049033,1.94688607364104e-07,-0.00142470539383476,"descenso"
620585213,"mesh",40,2340.35677592048,-0.629025961049033,1.94688607364104e-07,-0.0667531756671831,"descenso"
620585213,"np",40,1,NA,NA,NA,"sin tendencia"
620585213,"pd",40,0.0426803191994126,Inf,0,0,"descenso"
620585218,"cohesion",40,99.9992079444119,0.206790285049635,0.0675789288262378,5.60132093299044e-06,"sin tendencia"
620585218,"ed",40,0.925251923817651,-0.19139744707175,0.0895612030780945,-0.00763737950323106,"sin tendencia"
620585218,"lpi",40,99.8311599389997,0.209424556196764,0.0641353671172663,0.0020748394592971,"sin tendencia"
620585218,"mesh",40,2954.37489299662,0.209424556196764,0.0641353671172663,0.122933029820268,"sin tendencia"
620585218,"np",40,1.1,0.0835467353046005,0.542771701517007,0,"sin tendencia"
620585218,"pd",40,0.0371074764244099,0.72805012194009,4.31028566235659e-08,0,"descenso"
620586541,"cohesion",40,86.1189058774662,NA,NA,NA,"sin tendencia"
620586541,"ed",40,0,NA,NA,NA,"sin tendencia"
620586541,"lpi",40,15.5430711610487,NA,NA,NA,"sin tendencia"
620586541,"mesh",40,7.81192213728448,NA,NA,NA,"sin tendencia"
620586541,"np",40,74,NA,NA,NA,"sin tendencia"
620586541,"pd",40,50.0682238406573,NA,NA,NA,"sin tendencia"
620586544,"cohesion",40,99.4303999041764,-0.365619061745206,0.000935902417959698,-0.00144937832489633,"descenso"
620586544,"ed",40,27.2571212446237,-0.178319472219592,0.107845711511505,-0.0816719769901179,"sin tendencia"
620586544,"lpi",40,50.1385472570066,-0.0308484309794475,0.788663466343315,-0.00609203706251991,"sin tendencia"
620586544,"mesh",40,623.425423333484,-0.0295060997197885,0.797688190046568,-0.148811853012465,"sin tendencia"
620586544,"np",40,20.45,0.0333487761571098,0.784597882681445,0,"sin tendencia"
620586544,"pd",40,0.826101183349745,0.0471377337184009,0.695033194065148,0,"sin tendencia"
620586549,"cohesion",40,99.9960486802271,0.597217470496791,9.30663637011223e-08,8.46954538805202e-05,"incremento"
620586549,"ed",40,8.37566907066954,-0.562943673123967,4.35136597504602e-07,-0.207137906155644,"descenso"
620586549,"lpi",40,98.4279510509926,0.597217470496791,9.30663637011223e-08,0.0334625931435242,"incremento"
620586549,"mesh",40,3674.0725634987,0.597217470496791,9.30663637011223e-08,2.50263866100828,"incremento"
620586549,"np",40,1,NA,NA,NA,"sin tendencia"
620586549,"pd",40,0.0263699247369668,NA,NA,NA,"sin tendencia"
620586596,"cohesion",40,99.9997789141347,-0.21896452997535,0.075721298429405,0,"sin tendencia"
620586596,"ed",40,0.364627676795674,0.237717695462744,0.0528089397822727,0,"sin tendencia"
620586596,"lpi",40,99.9346471168505,-0.21896452997535,0.075721298429405,0,"sin tendencia"
620586596,"mesh",40,2054.86923178727,-0.21896452997535,0.075721298429405,0,"sin tendencia"
620586596,"np",40,1,NA,NA,NA,"sin tendencia"
620586596,"pd",40,0.0486014432063619,Inf,0,0,"descenso"
620587912,"cohesion",40,98.2656941255955,0.274310577928557,0.013449430460387,0.00575622519612563,"incremento"
620587912,"ed",40,69.8384915862932,-0.673541935477161,1.15886233261709e-09,-0.976736968414864,"descenso"
620587912,"lpi",40,18.4408408574752,0.773993696408745,2.64858384616136e-12,0.417034174304434,"incremento"
620587912,"mesh",40,218.84932546718,0.71732860049862,9.03769286100808e-11,6.11852261083569,"incremento"
620587912,"np",40,139.075,-0.483451745351287,1.55764567982589e-05,-1.17914438502674,"descenso"
620587912,"pd",40,2.78337299270574,-0.484754849786196,1.47726530860713e-05,-0.0235987678287546,"descenso"
620587920,"cohesion",40,99.9999083524569,0.186228204243998,0.106924115180169,6.82302893022342e-07,"sin tendencia"
620587920,"ed",40,0.221714192574935,-0.229336809316706,0.0429626829583689,-0.00245107730375473,"descenso"
620587920,"lpi",40,99.9627869009891,0.186228204243998,0.106924115180169,0.000277020588170055,"sin tendencia"
620587920,"mesh",40,3839.89724320277,0.186228204243998,0.106924115180169,0.0212845759001364,"sin tendencia"
620587920,"np",40,1,NA,NA,NA,"sin tendencia"
620587920,"pd",40,0.026022985364167,Inf,0,0,"descenso"
620587925,"cohesion",40,99.9958796187496,0.190051959387623,0.0885359415730601,5.31703578434322e-05,"sin tendencia"
620587925,"ed",40,7.60793644648185,-0.0840365806816018,0.45530757684271,-0.0333221287301309,"sin tendencia"
620587925,"lpi",40,98.5422195290135,0.12799417673044,0.252945252277567,0.0138501984530665,"sin tendencia"
620587925,"mesh",40,4287.85059034056,0.12799417673044,0.252945252277567,1.20100845944877,"sin tendencia"
620587925,"np",40,1.15,-0.190524665238792,0.15548725170874,0,"sin tendencia"
620587925,"pd",40,0.0260462585267593,-0.215593700138634,0.107441025025376,0,"sin tendencia"
620589288,"cohesion",40,99.6197428217781,-0.668390563121695,1.54880587424882e-09,-0.0101678157143583,"descenso"
620589288,"ed",40,75.6129881482594,0.379913711215607,0.000608821300061753,0.298291999426947,"incremento"
620589288,"lpi",40,56.3491410934298,-0.707025855787689,1.67017553944505e-10,-0.880977077753964,"descenso"
620589288,"mesh",40,1234.1739236742,-0.704450169609956,1.94473550574267e-10,-37.7807742689421,"descenso"
620589288,"np",40,60.475,0.587836475395173,1.4065391326613e-07,1.33333333333333,"incremento"
620589288,"pd",40,1.65834543835432,0.58653595221952,1.498697136813e-07,0.0365626664099066,"incremento"
620589296,"cohesion",40,97.1817635810679,NA,NA,NA,"sin tendencia"
620589296,"ed",40,0,NA,NA,NA,"sin tendencia"
620589296,"lpi",40,76.063492063492,NA,NA,NA,"sin tendencia"
620589296,"mesh",40,170.633076872848,NA,NA,NA,"sin tendencia"
620589296,"np",40,14,NA,NA,NA,"sin tendencia"
620589296,"pd",40,4.81737505061459,NA,NA,NA,"sin tendencia"
620589301,"cohesion",40,99.8483867419241,-0.411939217175056,0.000214960366547149,-0.00152496802969369,"descenso"
620589301,"ed",40,62.8885864612409,0.386031090308701,0.000525778747851208,0.292439626720686,"incremento"
620589301,"lpi",40,72.8736872877735,-0.515571724640479,3.57460025749398e-06,-0.295095024515084,"descenso"
620589301,"mesh",40,2187.10686817014,-0.515571724640479,3.57460025749398e-06,-17.6285371729499,"descenso"
620589301,"np",40,47.95,0.416496734161374,0.000225597082433257,0.4,"incremento"
620589301,"pd",40,1.16875700096682,0.420450817080628,0.000196394896538691,0.00974979771400892,"incremento"
620590660,"cohesion",40,98.5567213190784,0.234765923857448,0.0339527637219185,0.00648900281239381,"incremento"
620590660,"ed",40,35.4858145992956,0.562259770071569,3.53944790908705e-07,0.491766358135563,"incremento"
620590660,"lpi",40,56.0802706866197,0.515571724640479,3.62583547213893e-06,0.135339783089563,"incremento"
620590660,"mesh",40,274.433549600755,0.398973783167576,0.000303767359775192,1.2354941473708,"incremento"
620590660,"np",40,10.625,0.0572735193608883,0.634010775656633,0,"sin tendencia"
620590660,"pd",40,1.26722460721561,0.0586704344672514,0.625555855101509,0,"sin tendencia"
620592058,"cohesion",40,98.949368706919,-0.0502258804657921,0.657743974344341,-0.00268198222901287,"sin tendencia"
620592058,"ed",40,65.6470179975121,-0.65551213223303,3.16866487169838e-09,-0.465376312581001,"descenso"
620592058,"lpi",40,44.6738458140049,-0.145714896819132,0.191549294733219,-0.153253430647887,"sin tendencia"
620592058,"mesh",40,447.450633988043,-0.142950582864178,0.199682902970394,-2.50746626282493,"sin tendencia"
620592058,"np",40,40.275,-0.0697139136673246,0.543139210170864,-0.0527777777777778,"sin tendencia"
620592058,"pd",40,1.92862604536285,-0.066902868435164,0.558938423656055,-0.00252733946216248,"sin tendencia"
620592062,"cohesion",40,99.9993584888159,0.474644452534567,2.23821022045095e-05,9.35926540078018e-06,"incremento"
620592062,"ed",40,1.79795927606071,-0.391199513750719,0.000461690244687808,-0.018377210812079,"descenso"
620592062,"lpi",40,99.7018621055132,0.474644452534567,2.23821022045095e-05,0.00434404726066951,"incremento"
620592062,"mesh",40,5018.61331799804,0.474644452534567,2.23821022045095e-05,0.437417002290449,"incremento"
620592062,"np",40,1,NA,NA,NA,"sin tendencia"
620592062,"pd",40,0.0198071996489279,-Inf,0,0,"descenso"
620593430,"cohesion",40,99.4173616184456,0.163768069876369,0.141780121737416,0.00050054624838184,"sin tendencia"
620593430,"ed",40,26.7973840744645,0.356136444123831,0.00134223698413096,0.0616433200390194,"incremento"
620593430,"lpi",40,53.1005124093698,-0.621948427781474,2.03532073805196e-08,-0.0505573711498802,"descenso"
620593430,"mesh",40,746.475934441175,-0.622834470474695,1.90680397033486e-08,-1.4216523657043,"descenso"
620593430,"np",40,30.35,-0.0925245591433162,0.424500429002634,-0.0298573975044563,"sin tendencia"
620593430,"pd",40,1.14670419255171,-0.0925245591433162,0.424500429002634,-0.00112809235245611,"sin tendencia"
620593433,"cohesion",40,100,NA,NA,NA,"sin tendencia"
620593433,"ed",40,0,NA,NA,NA,"sin tendencia"
620593433,"lpi",40,100,NA,NA,NA,"sin tendencia"
620593433,"mesh",40,2775.60102143288,NA,NA,NA,"sin tendencia"
620593433,"np",40,1,NA,NA,NA,"sin tendencia"
620593433,"pd",40,0.0360282328864312,NA,NA,NA,"sin tendencia"
620593438,"cohesion",40,99.9990678005645,-0.506932776286114,7.84838218638966e-06,-2.6025401169511e-05,"descenso"
620593438,"ed",40,1.67763553423123,0.489664796286636,1.51340476532913e-05,0.0445465977558031,"incremento"
620593438,"lpi",40,99.7304219685629,-0.506932776286114,7.84838218638966e-06,-0.0075413554162579,"descenso"
620593438,"mesh",40,1961.51761320747,-0.506932776286114,7.84838218638966e-06,-0.296965715091671,"descenso"
620593438,"np",40,1,NA,NA,NA,"sin tendencia"
620593438,"pd",40,0.0507068388093322,-Inf,0,0,"descenso"
620593453,"cohesion",40,99.9917931015262,-0.30641030186984,0.00590839525291672,-6.9841268751912e-05,"descenso"
620593453,"ed",40,9.05072243024166,0.307502779502413,0.00570452795079683,0.0879745996001643,"incremento"
620593453,"lpi",40,98.0054665845396,-0.486095608309086,1.27181086387592e-05,-0.0252247495856987,"descenso"
620593453,"mesh",40,2302.30512748606,-0.48999790889734,1.03762028387508e-05,-1.19215604476441,"descenso"
620593453,"np",40,1.375,-0.111807413864267,0.396519871954193,0,"sin tendencia"
620593453,"pd",40,0.0573750926348894,-0.231194991380348,0.0769278135662473,0,"sin tendencia"
620593473,"cohesion",40,99.9974775521275,-0.239930162819671,0.0325127751636295,-3.08505531116943e-05,"descenso"
620593473,"ed",40,2.36796449892557,0.239181037324559,0.0318593448515431,0.0484792142998477,"incremento"
620593473,"lpi",40,99.5816305680425,-0.239930162819671,0.0325127751636295,-0.00601288993325233,"descenso"
620593473,"mesh",40,895.506261603445,-0.239930162819671,0.0325127751636295,-0.108239545018305,"descenso"
620593473,"np",40,1.05,0.312147236790425,0.0199576283902411,0,"descenso"
620593473,"pd",40,0.116275526737607,0.821440096816907,6.62944857400181e-10,0,"descenso"
620594806,"cohesion",40,98.9721736603285,-0.691571738721291,4.12941038599866e-10,-0.0475417239351308,"descenso"
620594806,"ed",40,87.0364185645577,-0.142950582864178,0.199682902970394,-0.248794784876244,"sin tendencia"
620594806,"lpi",40,32.1242218123127,-0.632330956633434,1.1116077926551e-08,-1.19520480490348,"descenso"
620594806,"mesh",40,553.328533466258,-0.652936446055297,3.65057285065745e-09,-24.2267082651653,"descenso"
620594806,"np",40,97.2,0.589660118484059,1.24490081889319e-07,1.75,"incremento"
620594806,"pd",40,2.42923662340191,0.587062496816728,1.41387691500524e-07,0.043736256079767,"incremento"
620594814,"cohesion",40,100,NA,NA,NA,"sin tendencia"
620594814,"ed",40,0,NA,NA,NA,"sin tendencia"
620594814,"lpi",40,100,NA,NA,NA,"sin tendencia"
620594814,"mesh",40,1658.81024980433,NA,NA,NA,"sin tendencia"
620594814,"np",40,1,NA,NA,NA,"sin tendencia"
620594814,"pd",40,0.0602841705443983,NA,NA,NA,"sin tendencia"
620594817,"cohesion",40,99.9998836367075,-0.152401506725154,0.214175303784052,0,"sin tendencia"
620594817,"ed",40,0.215524494452419,0.162087998637342,0.187253771607144,0,"sin tendencia"
620594817,"lpi",40,99.9670229980876,-0.152401506725154,0.214175303784052,0,"sin tendencia"
620594817,"mesh",40,1880.19007225242,-0.152401506725154,0.214175303784052,0,"sin tendencia"
620594817,"np",40,1,NA,NA,NA,"sin tendencia"
620594817,"pd",40,0.0531510511640407,-Inf,0,0,"descenso"
620596193,"cohesion",40,99.9915118039422,-0.198587450860675,0.0759881837053423,-0.000159481638332406,"sin tendencia"
620596193,"ed",40,1.81507675712765,0.507501263310614,5.29180064250748e-06,0.0538827561694247,"incremento"
620596193,"lpi",40,99.411565929632,-0.529914820135454,2.0175715638158e-06,-0.0152633035137876,"descenso"
620596193,"mesh",40,4519.4425788628,-0.529914820135454,2.0175715638158e-06,-1.38861183746161,"descenso"
620596193,"np",40,4.25,0.409000029414039,0.000513975354730738,0.0869565217391304,"incremento"
620596193,"pd",40,0.0929352584738717,0.432966791644557,0.000227057327127308,0.00190148866442704,"incremento"
620596207,"cohesion",40,99.9613300861231,-0.016741960155264,0.888750675535083,-7.31227686950381e-06,"sin tendencia"
620596207,"ed",40,13.4031577120526,0.00128701087999838,1,0,"sin tendencia"
620596207,"lpi",40,96.6119532462789,0.01030941531358,0.934960619053163,0.000622608147035015,"sin tendencia"
620596207,"mesh",40,943.929224471577,0.00901490162206525,0.944239336432925,0.0121987403975032,"sin tendencia"
620596207,"np",40,1.4,-0.108017332038359,0.413005171183988,0,"sin tendencia"
620596207,"pd",40,0.138569367263257,-0.11370245477722,0.388428329216865,0,"sin tendencia"
620597569,"cohesion",40,99.9999728271044,0.59238656085172,3.70855174610324e-06,0,"descenso"
620597569,"ed",40,0.0598727935450525,-0.59238656085172,3.70855174610324e-06,0,"descenso"
620597569,"lpi",40,99.9910907821742,0.59238656085172,3.70855174610324e-06,0,"descenso"
620597569,"mesh",40,2510.74040414519,0.59238656085172,3.70855174610324e-06,0,"descenso"
620597569,"np",40,1,NA,NA,NA,"sin tendencia"
620597569,"pd",40,0.0398217930999773,-Inf,0,0,"descenso"
620597576,"cohesion",40,84.0338329857195,0.639511031159244,1.46350679250273e-06,0,"descenso"
620597576,"ed",40,8.62263263214044,-0.639511031159244,1.46350679250273e-06,0,"descenso"
620597576,"lpi",40,50,NA,NA,NA,"sin tendencia"
620597576,"mesh",40,1.34384586127454,0.639511031159244,1.46350679250273e-06,0,"descenso"
620597576,"np",40,4.275,-0.639511031159244,1.46350679250273e-06,0,"descenso"
620597576,"pd",40,110.326491111691,-0.639511031159244,1.46350679250273e-06,0,"descenso"
620597587,"cohesion",40,99.9998226588495,0.268677139399737,0.0162274409981003,2.81187849385641e-06,"incremento"
620597587,"ed",40,0.556285792851927,-0.327300330083663,0.00339561260271214,-0.00925947784934767,"descenso"
620597587,"lpi",40,99.9193981215258,0.268677139399737,0.0162274409981003,0.00127787361829776,"incremento"
620597587,"mesh",40,4805.37757681346,0.268677139399737,0.0162274409981003,0.122861786285955,"incremento"
620597587,"np",40,1,NA,NA,NA,"sin tendencia"
620597587,"pd",40,0.0207764881423861,-Inf,0,0,"descenso"
620598903,"cohesion",40,85.7272721066655,0.227884161739462,0.056987469986858,0.00038339133451049,"sin tendencia"
620598903,"ed",40,2.72865424948523,-0.103893707925359,0.401043907347519,0,"sin tendencia"
620598903,"lpi",40,28.2608695652174,NA,NA,NA,"sin tendencia"
620598903,"mesh",40,5.74264455935798,0.15667036119588,0.191943494251154,0,"sin tendencia"
620598903,"np",40,30.9,-0.325365236248351,0.00965449862567418,0,"descenso"
620598903,"pd",40,60.6753623902136,-0.325365236248351,0.00965449862567418,0,"descenso"
620598926,"cohesion",40,97.5118738585745,-0.350675024735114,0.00152582282280276,-0.00793229367408988,"descenso"
620598926,"ed",40,47.5290196098244,-0.57840808086464,1.67019778544175e-07,-0.187673151463087,"descenso"
620598926,"lpi",40,7.35010129179931,-0.463713127946433,2.72598728801338e-05,-0.0436446338732639,"descenso"
620598926,"mesh",40,31.9419722643215,-0.445729793344632,5.52855824717358e-05,-0.208203216175184,"descenso"
620598926,"np",40,66.675,0.055414632669497,0.643179256160337,0,"sin tendencia"
620598926,"pd",40,1.90138278664102,0.0775804857372958,0.513554552170098,0,"sin tendencia"
620598940,"cohesion",40,100,NA,NA,NA,"sin tendencia"
620598940,"ed",40,0,NA,NA,NA,"sin tendencia"
620598940,"lpi",40,100,NA,NA,NA,"sin tendencia"
620598940,"mesh",40,5344.91173593792,NA,NA,NA,"sin tendencia"
620598940,"np",40,1,NA,NA,NA,"sin tendencia"
620598940,"pd",40,0.0187093828561515,NA,NA,NA,"sin tendencia"
620598943,"cohesion",40,100,NA,NA,NA,"sin tendencia"
620598943,"ed",40,0,NA,NA,NA,"sin tendencia"
620598943,"lpi",40,100,NA,NA,NA,"sin tendencia"
620598943,"mesh",40,466.920949625122,NA,NA,NA,"sin tendencia"
620598943,"np",40,1,NA,NA,NA,"sin tendencia"
620598943,"pd",40,0.214169015291105,NA,NA,NA,"sin tendencia"
620598945,"cohesion",40,99.9998658290977,-0.629475917833254,4.67346362710759e-07,0,"descenso"
620598945,"ed",40,0.338466192362198,0.619498135744767,6.39115388562462e-07,0,"descenso"
620598945,"lpi",40,99.944322870364,-0.629475917833254,4.67346362710759e-07,0,"descenso"
620598945,"mesh",40,4042.80106168893,-0.629475917833254,4.67346362710759e-07,0,"descenso"
620598945,"np",40,1,NA,NA,NA,"sin tendencia"
620598945,"pd",40,0.0247078662925593,Inf,0,0,"descenso"
620598959,"cohesion",40,99.6473818047361,0.227068680452286,0.0402940977421447,0.000272600096310249,"incremento"
620598959,"ed",40,10.8740190646322,-0.442591495796828,6.1176057595258e-05,-0.0937627891035771,"descenso"
620598959,"lpi",40,55.4355483124803,0.419024520804162,0.000151995570109054,0.0173310025060625,"incremento"
620598959,"mesh",40,759.716065153233,0.437460000193387,7.4442749847355e-05,0.459937239828956,"incremento"
620598959,"np",40,2.975,-0.100247066466748,0.425141952541927,0,"sin tendencia"
620598959,"pd",40,0.169521103165848,-0.058605977319022,0.64474597384944,0,"sin tendencia"
620598963,"cohesion",40,99.9987729434148,0.55414632669497,2.09587606388435e-06,4.19300439651644e-06,"incremento"
620598963,"ed",40,0.914839494060306,-0.659082043657308,1.47219511254551e-08,-0.00381421510969241,"descenso"
620598963,"lpi",40,99.708744612818,0.55414632669497,2.09587606388435e-06,0.000993028936864704,"incremento"
620598963,"mesh",40,1319.51275721629,0.55414632669497,2.09587606388435e-06,0.0262867755640579,"incremento"
620598963,"np",40,1,NA,NA,NA,"sin tendencia"
620598963,"pd",40,0.0753447369912821,-Inf,0,0,"descenso"
620600273,"cohesion",40,99.3783269919516,0.0501610310127101,0.65784556074006,0.000354341444328398,"sin tendencia"
620600273,"ed",40,17.3297278702681,-0.14948652204691,0.180051299904187,-0.0351821855524836,"sin tendencia"
620600273,"lpi",40,35.6205882352941,-0.302643125883619,0.0063765619922399,-0.050588235294118,"descenso"
620600273,"mesh",40,398.485306638614,-0.304824726923392,0.005949026861347,-1.12100997609886,"descenso"
620600273,"np",40,21.225,-0.38710898545897,0.00101345581518241,-0.111111111111111,"descenso"
620600273,"pd",40,0.676646374277643,-0.396350543968244,0.000751446364026282,-0.00354218753711631,"descenso"
620600319,"cohesion",40,100,NA,NA,NA,"sin tendencia"
620600319,"ed",40,0,NA,NA,NA,"sin tendencia"
620600319,"lpi",40,100,NA,NA,NA,"sin tendencia"
620600319,"mesh",40,1004.51201337019,NA,NA,NA,"sin tendencia"
620600319,"np",40,1,NA,NA,NA,"sin tendencia"
620600319,"pd",40,0.09955082534503,NA,NA,NA,"sin tendencia"
620600328,"cohesion",40,99.9998367710563,0.286445949615773,0.0322365272468247,0,"descenso"
620600328,"ed",40,0.462554586202748,-0.286445949615773,0.0322365272468247,0,"descenso"
620600328,"lpi",40,99.9327556325823,0.286445949615773,0.0322365272468247,0,"descenso"
620600328,"mesh",40,3987.14101232331,0.286445949615773,0.0322365272468247,0,"descenso"
620600328,"np",40,1,NA,NA,NA,"sin tendencia"
620600328,"pd",40,0.0250470106617743,NA,NA,NA,"sin tendencia"
620600335,"cohesion",40,99.2337929640205,-0.370090047673369,0.000853492163447853,-0.00231302966331626,"descenso"
620600335,"ed",40,22.7599751348152,0.259191984607482,0.01969783513053,0.0320509921544666,"incremento"
620600335,"lpi",40,34.6437488546821,-0.056775375150176,0.616071513097209,-0.0026672494374529,"sin tendencia"
620600335,"mesh",40,635.552497914351,-0.0838183034800314,0.455511955697752,-0.0488014649291202,"sin tendencia"
620600335,"np",40,32.775,0.388041393289711,0.000666160843841366,0.153846153846154,"incremento"
620600335,"pd",40,0.813751377562673,0.388835941455601,0.000639582493350524,0.00381975651029829,"incremento"
620601649,"cohesion",40,82.9351346742978,0.312541808617655,0.00479477209657174,0.0499676265095251,"incremento"
620601649,"ed",40,9.96682833946998,0.0758846366602537,0.499047342287277,0.0124687139663965,"sin tendencia"
620601649,"lpi",40,0.581871605377972,0.277727761724876,0.0139984513762213,0.00222598165791111,"incremento"
620601649,"mesh",40,0.122707434144813,0.345982495959462,0.00178691113671798,0.00101718769960311,"incremento"
620601649,"np",40,25.375,0.0336027689822509,0.783962096275335,0,"sin tendencia"
620601649,"pd",40,1.22447692456605,0.0686056533387623,0.567214374990414,0,"sin tendencia"
620601684,"cohesion",40,99.7054403844901,-0.0372033431249508,0.744234373091842,-0.000235553771899056,"sin tendencia"
620601684,"ed",40,20.4685317478538,-0.160359237607546,0.148506666612701,-0.089367133403042,"sin tendencia"
620601684,"lpi",40,63.503294929347,0.0821566787319187,0.462878751174033,0.0181515962347885,"sin tendencia"
620601684,"mesh",40,1684.94085545937,0.0808210557542034,0.470040487869819,0.984801487153097,"sin tendencia"
620601684,"np",40,25.9,0.238186063262737,0.0392882892410266,0.0909090909090909,"incremento"
620601684,"pd",40,0.620801245161684,0.238186063262737,0.0392882892410266,0.00217901454953206,"incremento"
620601695,"cohesion",40,100,NA,NA,NA,"sin tendencia"
620601695,"ed",40,0,NA,NA,NA,"sin tendencia"
620601695,"lpi",40,100,NA,NA,NA,"sin tendencia"
620601695,"mesh",40,1287.56150424189,NA,NA,NA,"sin tendencia"
620601695,"np",40,1,NA,NA,NA,"sin tendencia"
620601695,"pd",40,0.0776661927764605,NA,NA,NA,"sin tendencia"
620601704,"cohesion",40,99.9999443952505,0.253011368066569,0.0460622659262624,0,"descenso"
620601704,"ed",40,0.196498322508248,-0.256759684630518,0.0429088908228583,0,"descenso"
620601704,"lpi",40,99.9696586599241,0.253011368066569,0.0460622659262624,0,"descenso"
620601704,"mesh",40,6928.57113459372,0.253011368066569,0.0460622659262624,0,"descenso"
620601704,"np",40,1,NA,NA,NA,"sin tendencia"
620601704,"pd",40,0.0144242382911475,-Inf,0,0,"descenso"
620601711,"cohesion",40,99.9998692684504,-0.279417862288038,0.0132061012108293,-1.84840545642828e-06,"descenso"
620601711,"ed",40,0.351665993578333,0.276075369330447,0.0137587400483664,0.00391298991419479,"incremento"
620601711,"lpi",40,99.9423899755501,-0.279417862288038,0.0132061012108293,-0.000814995925020412,"descenso"
620601711,"mesh",40,4522.83975726059,-0.279417862288038,0.0132061012108293,-0.0737873581594977,"descenso"
620601711,"np",40,1,NA,NA,NA,"sin tendencia"
620601711,"pd",40,0.0220845433249446,Inf,0,0,"descenso"
620601719,"cohesion",40,99.9999916457902,-0.373883634423676,0.00477624109952294,0,"descenso"
620601719,"ed",40,0.0142817261300919,0.377236918007361,0.0047394521854501,0,"descenso"
620601719,"lpi",40,99.9974178888659,-0.373883634423676,0.00477624109952294,0,"descenso"
620601719,"mesh",40,2233.00494677082,-0.373883634423676,0.00477624109952294,0,"descenso"
620601719,"np",40,1,NA,NA,NA,"sin tendencia"
620601719,"pd",40,0.0447803919172474,-Inf,0,0,"descenso"
620601731,"cohesion",40,100,NA,NA,NA,"sin tendencia"
620601731,"ed",40,0,NA,NA,NA,"sin tendencia"
620601731,"lpi",40,100,NA,NA,NA,"sin tendencia"
620601731,"mesh",40,1992.41747245685,NA,NA,NA,"sin tendencia"
620601731,"np",40,1,NA,NA,NA,"sin tendencia"
620601731,"pd",40,0.0501902846077182,NA,NA,NA,"sin tendencia"
620603060,"cohesion",40,99.9815334311967,-0.588690891191123,1.00416282291934e-07,-0.000898088318533609,"descenso"
620603060,"ed",40,10.8457921918749,0.53470613697709,1.3215019290736e-06,0.275243154390328,"incremento"
620603060,"lpi",40,95.5492856846215,-0.670953373802983,1.26454709350987e-09,-0.20489317782234,"descenso"
620603060,"mesh",40,4058.93541700368,-0.670953373802983,1.26454709350987e-09,-17.3116089941032,"descenso"
620603060,"np",40,3.75,0.561493592822129,1.60185212831073e-06,0.166666666666667,"incremento"
620603060,"pd",40,0.0844025955991119,0.534524250020992,4.29827849937855e-06,0.00375122647107164,"incremento"
620603087,"cohesion",40,99.9999115355021,-0.454583791782865,4.65149468556567e-05,-3.090674492124e-06,"descenso"
620603087,"ed",40,0.252607153173388,0.423320922372436,0.000143269297088427,0.00880814754404273,"incremento"
620603087,"lpi",40,99.9589470587154,-0.454583791782865,4.65149468556567e-05,-0.00143467982698944,"descenso"
620603087,"mesh",40,5012.9994302932,-0.454583791782865,4.65149468556567e-05,-0.143938590971862,"descenso"
620603087,"np",40,1,NA,NA,NA,"sin tendencia"
620603087,"pd",40,0.0199317663593586,Inf,0,0,"descenso"
620603095,"cohesion",40,99.9564328788162,-0.082576160018722,0.542088209296961,0,"sin tendencia"
620603095,"ed",40,0.104738427808583,-0.082576160018722,0.542088209296961,0,"sin tendencia"
620603095,"lpi",40,99.792455688532,0.082576160018722,0.542088209296961,0,"sin tendencia"
620603095,"mesh",40,606.475743314442,0.082576160018722,0.542088209296961,0,"sin tendencia"
620603095,"np",40,3,NA,NA,NA,"sin tendencia"
620603095,"pd",40,0.492611446623973,Inf,0,0,"descenso"
620604397,"cohesion",40,99.4158529080299,-0.433333333333333,8.62272015474338e-05,-0.00280335661583795,"descenso"
620604397,"ed",40,18.9944597146239,0.0692307692307692,0.536901795304878,0.0319721489223362,"sin tendencia"
620604397,"lpi",40,36.3015988791958,0.0153846153846154,0.898021262132282,0.00276078677759162,"sin tendencia"
620604397,"mesh",40,842.793348571723,0.0179487179487179,0.879610141396948,0.131090911415229,"sin tendencia"
620604397,"np",40,57.3,0.503486558384953,8.26315116675262e-06,0.35,"incremento"
620604397,"pd",40,0.897047891848873,0.499532475465699,9.72741252478012e-06,0.00547935012473134,"incremento"
620604400,"cohesion",40,96.0270527477541,-0.21451549132148,0.0530558986732045,-0.0082481095738172,"sin tendencia"
620604400,"ed",40,16.4140384454311,0.42003931534206,0.000145274703977147,0.0516861898528576,"incremento"
620604400,"lpi",40,5.25115214500015,0.239025269781287,0.0318942804961825,0.00526720848866597,"incremento"
620604400,"mesh",40,8.32308513920224,0.222222634722252,0.0450287151048363,0.0161368216313094,"incremento"
620604400,"np",40,34.075,0.450402507992473,7.7365953624784e-05,0.176470588235294,"incremento"
620604400,"pd",40,1.14237766667226,0.46506057777921,4.4760026852147e-05,0.00591624530666223,"incremento"
620604436,"cohesion",40,99.8926349230191,-0.567017842246901,3.07956913527819e-07,-0.00228367773892693,"descenso"
620604436,"ed",40,29.684455018865,0.727757081470438,5.18666437740998e-11,0.610227843960235,"incremento"
620604436,"lpi",40,89.0005662514156,-0.738890582985508,2.56370028788209e-11,-0.342241776320553,"descenso"
620604436,"mesh",40,1098.96041362237,-0.738890582985508,2.56370028788209e-11,-8.4123455629487,"descenso"
620604436,"np",40,10.325,0.625340502548545,4.40552455064945e-08,0.235294117647059,"incremento"
620604436,"pd",40,0.745544228529679,0.638287221686956,2.14484328882425e-08,0.0169900408153751,"incremento"
620604445,"cohesion",40,99.9492175823372,-0.440727504655546,7.01188026068899e-05,-0.00184997141011475,"descenso"
620604445,"ed",40,16.3549118622927,-0.01546412297037,0.897947755320131,-0.00700511239344734,"sin tendencia"
620604445,"lpi",40,94.2325676544509,-0.386603074259251,0.000489963536929973,-0.107198431878806,"descenso"
620604445,"mesh",40,4207.42084492973,-0.386603074259251,0.000489963536929973,-9.7289127711143,"descenso"
620604445,"np",40,8.525,0.524414153565936,5.52711446146837e-06,0.227272727272727,"incremento"
620604445,"pd",40,0.180028591559221,0.508068777350894,1.07393740457477e-05,0.00479948257955801,"incremento"
620604463,"cohesion",40,100,NA,NA,NA,"sin tendencia"
620604463,"ed",40,0,NA,NA,NA,"sin tendencia"
620604463,"lpi",40,100,NA,NA,NA,"sin tendencia"
620604463,"mesh",40,516.279319127086,NA,NA,NA,"sin tendencia"
620604463,"np",40,1,NA,NA,NA,"sin tendencia"
620604463,"pd",40,0.193693600140865,NA,NA,NA,"sin tendencia"
620605819,"cohesion",40,100,NA,NA,NA,"sin tendencia"
620605819,"ed",40,0,NA,NA,NA,"sin tendencia"
620605819,"lpi",40,100,NA,NA,NA,"sin tendencia"
620605819,"mesh",40,769.806046961474,NA,NA,NA,"sin tendencia"
620605819,"np",40,1,NA,NA,NA,"sin tendencia"
620605819,"pd",40,0.129902850717675,NA,NA,NA,"sin tendencia"
620605821,"cohesion",40,99.999466932385,-0.55329341514143,7.01666870557378e-07,-1.88352929247534e-05,"descenso"
620605821,"ed",40,0.903125573852301,0.550187743144604,7.51557122097965e-07,0.0333725277454244,"incremento"
620605821,"lpi",40,99.8006766281365,-0.55329341514143,7.01666870557378e-07,-0.00704820975472131,"descenso"
620605821,"mesh",40,3259.3858409093,-0.55329341514143,7.01666870557378e-07,-0.460506360483565,"descenso"
620605821,"np",40,1,NA,NA,NA,"sin tendencia"
620605821,"pd",40,0.0305584828415079,NA,NA,NA,"sin tendencia"
620605839,"cohesion",40,100,NA,NA,NA,"sin tendencia"
620605839,"ed",40,0,NA,NA,NA,"sin tendencia"
620605839,"lpi",40,100,NA,NA,NA,"sin tendencia"
620605839,"mesh",40,1795.62980489108,NA,NA,NA,"sin tendencia"
620605839,"np",40,1,NA,NA,NA,"sin tendencia"
620605839,"pd",40,0.0556907663971783,NA,NA,NA,"sin tendencia"
620607169,"cohesion",40,99.9978929723512,0.677408783748531,1.79025197474829e-09,0.00010588366033527,"incremento"
620607169,"ed",40,4.58352882233632,-0.690562352365008,8.63369334991617e-10,-0.200354644916722,"descenso"
620607169,"lpi",40,99.2186106431474,0.687931638641712,1.00001130173547e-09,0.0348613332955813,"incremento"
620607169,"mesh",40,3666.16814803569,0.687931638641712,1.00001130173547e-09,2.58863871624997,"incremento"
620607169,"np",40,1.1,-0.0477409916026289,0.735268152927493,0,"sin tendencia"
620607169,"pd",40,0.0295387059019698,-0.295397385541266,0.0271683394737111,0,"descenso"
620607195,"cohesion",40,100,NA,NA,NA,"sin tendencia"
620607195,"ed",40,0,NA,NA,NA,"sin tendencia"
620607195,"lpi",40,100,NA,NA,NA,"sin tendencia"
620607195,"mesh",40,780.508048573114,NA,NA,NA,"sin tendencia"
620607195,"np",40,1,NA,NA,NA,"sin tendencia"
620607195,"pd",40,0.128121676878048,NA,NA,NA,"sin tendencia"
620607209,"cohesion",40,99.8998962542172,0.385109431555869,0.000493735317699018,0.000811029365973918,"incremento"
620607209,"ed",40,15.2918935937916,0.129736913912991,0.243881083561338,0.0157358976828677,"sin tendencia"
620607209,"lpi",40,86.0603599863234,0.381995543866023,0.000560841606418398,0.0412369179432729,"incremento"
620607209,"mesh",40,2798.0885892763,0.379974639135124,0.000587063333044893,2.68268495072797,"incremento"
620607209,"np",40,13.825,-0.143857214188609,0.218626752865811,-0.0307765151515152,"sin tendencia"
620607209,"pd",40,0.365970968261629,-0.115085771350888,0.326205992452484,-0.00081470604337929,"sin tendencia"
620608556,"cohesion",40,99.9590261291308,0.194464306418836,0.0803661874593278,0.000205049536565237,"sin tendencia"
620608556,"ed",40,17.6206017767105,-0.147815398443186,0.183967150775309,-0.0768326234325533,"sin tendencia"
620608556,"lpi",40,94.1584014002334,0.124920779620047,0.263105244732311,0.0226079346557699,"sin tendencia"
620608556,"mesh",40,701.230516338726,0.124920779620047,0.263105244732311,0.338522645899644,"sin tendencia"
620608556,"np",40,1.375,-0.378664147516242,0.00337832105381755,0,"descenso"
620608556,"pd",40,0.173906115085635,-0.378664147516242,0.00337832105381755,0,"descenso"
620608563,"cohesion",40,99.9996338120615,0.102806155900592,0.367341749500608,2.24734055580477e-06,"sin tendencia"
620608563,"ed",40,0.653923931622962,-0.135481756749706,0.232452510645881,-0.00555349411142892,"sin tendencia"
620608563,"lpi",40,99.8979049643237,0.102806155900592,0.367341749500608,0.00062616959535125,"sin tendencia"
620608563,"mesh",40,1819.40328672976,0.102806155900592,0.367341749500608,0.0228032808983533,"sin tendencia"
620608563,"np",40,1,NA,NA,NA,"sin tendencia"
620608563,"pd",40,0.0548509380274308,-Inf,0,0,"descenso"
620608571,"cohesion",40,99.9999969086744,-0.21483446221183,0.109495775398697,0,"sin tendencia"
620608571,"ed",40,0.007811633211883,0.21483446221183,0.109495775398697,0,"sin tendencia"
620608571,"lpi",40,99.998615916955,-0.21483446221183,0.109495775398697,0,"sin tendencia"
620608571,"mesh",40,4665.85129099862,-0.21483446221183,0.109495775398697,0,"sin tendencia"
620608571,"np",40,1,NA,NA,NA,"sin tendencia"
620608571,"pd",40,0.0214317229137572,NA,NA,NA,"sin tendencia"
620608580,"cohesion",40,99.9987627127614,-0.0513682873690177,0.656444451002086,0,"sin tendencia"
620608580,"ed",40,1.24440167552876,-0.297232197693428,0.00778634841591745,-0.0099960393332868,"descenso"
620608580,"lpi",40,99.744527388278,0.105585377859992,0.35491917928357,0.000504388177141379,"sin tendencia"
620608580,"mesh",40,3639.57276698046,0.109322252605858,0.33711016361077,0.0368152715914903,"sin tendencia"
620608580,"np",40,1.15,0.360994102557712,0.00676379049192626,0,"descenso"
620608580,"pd",40,0.0314358870762263,0.300828418798093,0.0242135864847017,0,"descenso"
620608585,"cohesion",40,87.1323877912998,-0.223606797749979,0.0997714364192216,0,"sin tendencia"
620608585,"ed",40,0.0180102730529809,0.223606797749979,0.0997714364192216,0,"sin tendencia"
620608585,"lpi",40,18.3807439824945,NA,NA,NA,"sin tendencia"
620608585,"mesh",40,4.78493755657493,-0.223606797749979,0.0997714364192216,0,"sin tendencia"
620608585,"np",40,19,NA,NA,NA,"sin tendencia"
620608585,"pd",40,45.0640663925107,NA,NA,NA,"sin tendencia"
620609932,"cohesion",40,99.8690639246506,0.455420234805432,3.71143787635553e-05,0.000950893696713824,"incremento"
620609932,"ed",40,39.4361133254528,-0.283515132090142,0.0103652078629393,-0.228470864007968,"descenso"
620609932,"lpi",40,82.8803210048849,0.346598488400282,0.00172115671656022,0.100137805127339,"incremento"
620609932,"mesh",40,546.626588493236,0.34509307933144,0.00179206870543211,1.34644387839603,"incremento"
620609932,"np",40,2.575,-0.513372394684165,2.2094027501845e-05,-0.0689655172413793,"descenso"
620609932,"pd",40,0.324618128620582,-0.505932215051062,2.90307658564191e-05,-0.00869415811504738,"descenso"
620609939,"cohesion",40,99.9999794688487,0.400754101199526,0.00145551256304955,0,"descenso"
620609939,"ed",40,0.0415880541326627,-0.399431731232351,0.00153024885891315,0,"descenso"
620609939,"lpi",40,99.9904124029881,0.400754101199526,0.00145551256304955,0,"descenso"
620609939,"mesh",40,5075.00468829422,0.400754101199526,0.00145551256304955,0,"descenso"
620609939,"np",40,1,NA,NA,NA,"sin tendencia"
620609939,"pd",40,0.0197006377140312,NA,NA,NA,"sin tendencia"
620609956,"cohesion",40,99.9957901645043,-0.0712007667598899,0.528640189032352,-1.54567516981385e-05,"sin tendencia"
620609956,"ed",40,3.10396906763226,0.560544218309679,4.63916622866567e-07,0.144031538498778,"incremento"
620609956,"lpi",40,99.4333051920642,-0.589796004748358,1.17022185350777e-07,-0.0267393787400992,"descenso"
620609956,"mesh",40,2160.95433913745,-0.589796004748358,1.17022185350777e-07,-1.16388991363177,"descenso"
620609956,"np",40,1.75,-0.458928517980071,0.000557603435422435,0,"descenso"
620609956,"pd",40,0.0800692877239128,-0.458928517980071,0.000557603435422435,0,"descenso"
620609961,"cohesion",40,90.2419520868978,0.455013380410488,0.000307407650728137,0,"descenso"
620609961,"ed",40,1.11857312498479,-0.688716750893696,4.5040453601679e-08,-0.0460555069473627,"descenso"
620609961,"lpi",40,28.8032454361055,-Inf,0,0,"descenso"
620609961,"mesh",40,6.62219098728494,0.724126352482061,8.82950719266386e-09,0.000408929414800057,"incremento"
620609961,"np",40,16.05,-0.279289632917748,0.0376251757631451,0,"descenso"
620609961,"pd",40,35.2875165345475,-0.279289632917748,0.0376251757631451,0,"descenso"
620609964,"cohesion",40,85.4283052463662,NA,NA,NA,"sin tendencia"
620609964,"ed",40,0,NA,NA,NA,"sin tendencia"
620609964,"lpi",40,53.3333333333333,NA,NA,NA,"sin tendencia"
620609964,"mesh",40,0.695015047192765,NA,NA,NA,"sin tendencia"
620609964,"np",40,2,NA,NA,NA,"sin tendencia"
620609964,"pd",40,144.521251518438,NA,NA,NA,"sin tendencia"
620611308,"cohesion",40,91.9645136017779,-0.584149099637757,1.36095106277589e-07,-0.120450673552105,"descenso"
620611308,"ed",40,93.9714307439021,-0.335490853160131,0.00252594779446096,-0.169132383401612,"descenso"
620611308,"lpi",40,11.9245614035088,-0.590182883113836,1.17099256941036e-07,-0.136703766584921,"descenso"
620611308,"mesh",40,4.30133142799614,-0.61767642102977,2.49514322427137e-08,-0.0849244777768873,"descenso"
620611308,"np",40,29.675,0.351081102463304,0.00250562139687078,0.0952380952380952,"incremento"
620611308,"pd",40,11.2859687863411,0.352278262315423,0.00233663688777027,0.0362208650422149,"incremento"
620611330,"cohesion",40,99.9996926715936,-0.314464954887427,0.00505030957533723,-4.67518064793367e-06,"descenso"
620611330,"ed",40,0.865480263336434,0.355265124359207,0.0015927622196784,0.0177848926620071,"incremento"
620611330,"lpi",40,99.8720360237118,-0.314464954887427,0.00505030957533723,-0.00194612728812449,"descenso"
620611330,"mesh",40,4036.11563218524,-0.314464954887427,0.00505030957533723,-0.157332561726909,"descenso"
620611330,"np",40,1,NA,NA,NA,"sin tendencia"
620611330,"pd",40,0.0247129363061624,Inf,0,0,"descenso"
620611332,"cohesion",40,99.9999305570304,0.326298094709871,0.0127327719888653,0,"descenso"
620611332,"ed",40,0.100847986441983,-0.326298094709871,0.0127327719888653,0,"descenso"
620611332,"lpi",40,99.9785785247123,0.326298094709871,0.0127327719888653,0,"descenso"
620611332,"mesh",40,2227.83000266619,0.326298094709871,0.0127327719888653,0,"descenso"
620611332,"np",40,1,NA,NA,NA,"sin tendencia"
620611332,"pd",40,0.0448675133035964,NA,NA,NA,"sin tendencia"
620612649,"cohesion",40,90.0951831348936,0.1771503385157,0.110397629324161,0.00982164001178635,"sin tendencia"
620612649,"ed",40,16.9923301049627,0.82519552870022,7.99869174441409e-14,0.18342374877375,"incremento"
620612649,"lpi",40,0.705386397312019,0.663682537211339,2.49302911161335e-09,0.00436360600811631,"incremento"
620612649,"mesh",40,0.621787712259408,0.61617509048939,2.38311457714323e-08,0.00979143818990245,"incremento"
620612649,"np",40,55.55,0.738212131537335,4.44748805935284e-11,0.714285714285714,"incremento"
620612649,"pd",40,1.25657212291815,0.730372710671452,7.11282555778837e-11,0.0161575430489668,"incremento"
620612675,"cohesion",40,95.4033593206004,-0.175753724417871,0.113046273711191,-0.00815784338422404,"sin tendencia"
620612675,"ed",40,41.8434705463601,-0.473380469417477,1.80393183195696e-05,-0.168741748410049,"descenso"
620612675,"lpi",40,6.15069948645298,-0.502248844950292,5.49798723930829e-06,-0.0354170355941201,"descenso"
620612675,"mesh",40,13.9358779994217,-0.457985982607153,3.35319387997747e-05,-0.124845220460915,"descenso"
620612675,"np",40,75.275,-0.0567136253997886,0.622949922031189,-0.0138888888888889,"sin tendencia"
620612675,"pd",40,2.88972123465125,-0.0553571608695498,0.631274002335642,-0.000533178573868488,"sin tendencia"
620612684,"cohesion",40,99.99829478781,0.365783677006817,0.00104069777569545,2.17656058461715e-05,"incremento"
620612684,"ed",40,2.71408421290555,-0.378258652248794,0.000684970957404274,-0.0566384520620491,"descenso"
620612684,"lpi",40,99.4822038855876,0.365783677006817,0.00104069777569545,0.00778280666824034,"incremento"
620612684,"mesh",40,2965.7770721211,0.365783677006817,0.00104069777569545,0.465668033932098,"incremento"
620612684,"np",40,1.2,-0.262575453814459,0.0498636902105405,0,"descenso"
620612684,"pd",40,0.0400471462688487,-0.426685112448495,0.00136986136094989,0,"descenso"
620612716,"cohesion",40,99.9918930932091,-0.521301171833434,2.60643597970266e-06,-0.000286724967991022,"descenso"
620612716,"ed",40,6.307955323898,0.0154841932227753,0.897929353767664,0.00254536182412437,"sin tendencia"
620612716,"lpi",40,98.6214275524276,-0.132992378572963,0.234218055556952,-0.00706569639571926,"sin tendencia"
620612716,"mesh",40,3774.42913317997,-0.13161564239359,0.238868024816023,-0.541302164140516,"sin tendencia"
620612716,"np",40,2.725,0.580804261495776,1.59061809475586e-06,0.0909090909090909,"incremento"
620612716,"pd",40,0.0702280916315505,0.580804261495776,1.59061809475586e-06,0.00234288879504756,"incremento"
620614036,"cohesion",40,86.9529141219393,NA,NA,NA,"sin tendencia"
620614036,"ed",40,0,NA,NA,NA,"sin tendencia"
620614036,"lpi",40,35.2,NA,NA,NA,"sin tendencia"
620614036,"mesh",40,2.49098313380771,NA,NA,NA,"sin tendencia"
620614036,"np",40,7,NA,NA,NA,"sin tendencia"
620614036,"pd",40,60.6989256361908,NA,NA,NA,"sin tendencia"
620614054,"cohesion",40,64.350088334066,0.311441959943282,0.00545390383896604,0.240662371911053,"incremento"
620614054,"ed",40,52.9850976797467,0.414735348048966,0.000221896558593626,0.90662253311547,"incremento"
620614054,"lpi",40,20.390625,0.276055785130155,0.0164894132260407,0.520833333333333,"incremento"
620614054,"mesh",40,0.577553467919431,0.303623333333827,0.0067513089031282,0.0152683235102458,"incremento"
620614054,"np",40,4.025,0.192656530310724,0.109948347619149,0,"sin tendencia"
620614054,"pd",40,68.1677387512593,0.192656530310724,0.109948347619149,0,"sin tendencia"
620614063,"cohesion",40,99.999992993277,0.234291666289232,0.0729438252830878,0,"sin tendencia"
620614063,"ed",40,0.0265544277505836,-0.229026685024306,0.0797002616289376,0,"sin tendencia"
620614063,"lpi",40,99.9961297792348,0.234291666289232,0.0729438252830878,0,"sin tendencia"
620614063,"mesh",40,7091.28014026006,0.234291666289232,0.0729438252830878,0,"sin tendencia"
620614063,"np",40,1,NA,NA,NA,"sin tendencia"
620614063,"pd",40,0.0141007348396399,NA,NA,NA,"sin tendencia"
620614074,"cohesion",40,99.9991452830213,0.122168618912185,0.277770995383774,3.30750196496045e-06,"sin tendencia"
620614074,"ed",40,1.59922759946032,-0.20039492316382,0.0724674376501209,-0.00897118676090775,"sin tendencia"
620614074,"lpi",40,99.6974047744699,0.120868952753544,0.282970655651669,0.00117905098037364,"sin tendencia"
620614074,"mesh",40,2954.03960686565,0.120868952753544,0.282970655651669,0.0700180009348821,"sin tendencia"
620614074,"np",40,1,NA,NA,NA,"sin tendencia"
620614074,"pd",40,0.0336481975099582,Inf,0,0,"descenso"
620614109,"cohesion",40,99.9996949463056,-0.670517055300914,6.8973452042776e-09,-1.36035013701038e-05,"descenso"
620614109,"ed",40,0.564793162930204,0.686834486251399,2.54605545728709e-09,0.0251911875355359,"incremento"
620614109,"lpi",40,99.8808907971652,-0.670517055300914,6.8973452042776e-09,-0.00531673362877111,"descenso"
620614109,"mesh",40,3558.4178713013,-0.670517055300914,6.8973452042776e-09,-0.379015714718435,"descenso"
620614109,"np",40,1,NA,NA,NA,"sin tendencia"
620614109,"pd",40,0.0280355229000214,NA,NA,NA,"sin tendencia"
620615404,"cohesion",40,96.6687186698814,-0.342788059176536,0.0020031700991799,-0.0119729656396566,"descenso"
620615404,"ed",40,33.6087486799809,-0.195350830157972,0.0800990211991078,-0.0187936860034554,"sin tendencia"
620615404,"lpi",40,10.5637059025003,-0.249361497663721,0.0251410300635548,-0.0160055152063372,"descenso"
620615404,"mesh",40,20.1777494097706,-0.224229783070366,0.0436861382391963,-0.0489002747917779,"descenso"
620615404,"np",40,28.525,0.599548527922923,2.64942357361506e-07,0.186342592592593,"incremento"
620615404,"pd",40,1.76495691550676,0.598173416620347,2.82164895218305e-07,0.0115297685346102,"incremento"
620615448,"cohesion",40,99.9959250617773,0.336613535087828,0.00259383145817124,4.783204739807e-05,"incremento"
620615448,"ed",40,4.4649123530101,-0.559419551117326,5.17772307142254e-07,-0.0536987073830103,"descenso"
620615448,"lpi",40,98.9198532251835,0.44838482473089,5.91357581315809e-05,0.0220369144181394,"incremento"
620615448,"mesh",40,8180.5251608414,0.44838482473089,5.91357581315809e-05,3.64037605827327,"incremento"
620615448,"np",40,2.225,-0.555397345227542,1.39079945015125e-05,0,"descenso"
620615448,"pd",40,0.0266147810485453,-0.565650834677896,9.60955965402483e-06,-6.93889390390723e-19,"descenso"
620615450,"cohesion",40,100,NA,NA,NA,"sin tendencia"
620615450,"ed",40,0,NA,NA,NA,"sin tendencia"
620615450,"lpi",40,100,NA,NA,NA,"sin tendencia"
620615450,"mesh",40,4469.3772937442,NA,NA,NA,"sin tendencia"
620615450,"np",40,1,NA,NA,NA,"sin tendencia"
620615450,"pd",40,0.0223744815950021,NA,NA,NA,"sin tendencia"
620615459,"cohesion",40,99.9453196170532,-0.348394347512444,0.0017078729032483,-0.00076407332576376,"descenso"
620615459,"ed",40,11.8451035860175,0.450039814069707,4.95425758626908e-05,0.0954771573644146,"incremento"
620615459,"lpi",40,95.990664316051,-0.732103676222037,4.09466277295714e-11,-0.0649376667086423,"descenso"
620615459,"mesh",40,1060.95307633457,-0.7303377803409,4.44288405351626e-11,-1.43678996925068,"descenso"
620615459,"np",40,4.975,0.440035616824163,0.000162714917174909,0.0909090909090909,"incremento"
620615459,"pd",40,0.432121900575503,0.431887928165311,0.000207554950563382,0.00789624304386484,"incremento"
620616780,"cohesion",40,87.9831697534781,0.178779059250428,0.107750075986222,0.0283387524421831,"sin tendencia"
620616780,"ed",40,21.348447614738,0.482941158324924,1.30324991676882e-05,0.103223652421969,"incremento"
620616780,"lpi",40,2.26331360946746,0.71434595851593,1.4741507114829e-10,0.0253959715498177,"incremento"
620616780,"mesh",40,0.586629927521436,0.61608035525867,2.53157073233883e-08,0.00882635726767412,"incremento"
620616780,"np",40,13.65,0.350313171702521,0.0027283442305228,0.0822072072072072,"incremento"
620616780,"pd",40,1.59175504294783,0.350313171702521,0.0027283442305228,0.00958635433250761,"incremento"
620616814,"cohesion",40,99.9848327667131,0.579613325483781,5.73403229781888e-06,0,"descenso"
620616814,"ed",40,4.37474748379129,-0.579613325483781,5.73403229781888e-06,0,"descenso"
620616814,"lpi",40,99.3100511073254,0.579613325483781,5.73403229781888e-06,0,"descenso"
620616814,"mesh",40,53.4188496133325,0.579613325483781,5.73403229781888e-06,0,"descenso"
620616814,"np",40,1,NA,NA,NA,"sin tendencia"
620616814,"pd",40,1.84652365648472,NA,NA,NA,"sin tendencia"
620616824,"cohesion",40,99.999743069929,0.416693397942308,0.000276942884613029,1.04329557239903e-05,"incremento"
620616824,"ed",40,0.445095280182213,-0.35196432641729,0.00214546392067709,-0.0152716847819031,"descenso"
620616824,"lpi",40,99.930777567055,0.416693397942308,0.000276942884613029,0.00280924043778453,"incremento"
620616824,"mesh",40,1700.27750695643,0.416693397942308,0.000276942884613029,0.0955598638783076,"incremento"
620616824,"np",40,1,NA,NA,NA,"sin tendencia"
620616824,"pd",40,0.0587325595442039,-Inf,0,0,"descenso"
620616832,"cohesion",40,99.9999921821119,-0.0584705346204686,0.664521333445769,0,"sin tendencia"
620616832,"ed",40,0.0165881042559761,0.0584705346204686,0.664521333445769,0,"sin tendencia"
620616832,"lpi",40,99.9970608817355,-0.0584705346204686,0.664521333445769,0,"sin tendencia"
620616832,"mesh",40,3295.74600252805,-0.0584705346204686,0.664521333445769,0,"sin tendencia"
620616832,"np",40,1,NA,NA,NA,"sin tendencia"
620616832,"pd",40,0.0303403607106587,NA,NA,NA,"sin tendencia"
620616839,"cohesion",40,99.9830458378753,-0.739700548749367,2.38492669036407e-11,-0.000755897733635221,"descenso"
620616839,"ed",40,16.9513855987487,0.757742025548132,7.7284613793582e-12,0.53754694960779,"incremento"
620616839,"lpi",40,95.3089974342651,-0.778360856175292,2.06491114216321e-12,-0.167940172191338,"descenso"
620616839,"mesh",40,4349.48349771119,-0.778360856175292,2.06491114216321e-12,-15.3618713186697,"descenso"
620616839,"np",40,4.6,0.661120585248575,1.40578082788174e-08,0.16,"incremento"
620616839,"pd",40,0.0961857973529737,0.634896595437045,5.11689331557545e-08,0.00334559295140778,"incremento"
620616848,"cohesion",40,99.9983719333085,-0.089324598298771,0.427543631695564,-5.17889040669357e-06,"sin tendencia"
620616848,"ed",40,3.16057215420818,-0.221369656653476,0.0473110423292878,-0.0281603078739645,"descenso"
620616848,"lpi",40,99.4415885452306,0.0466346283594403,0.682982611081083,0.000751480967370201,"sin tendencia"
620616848,"mesh",40,5333.11942988397,0.0453095788472027,0.691587953691196,0.0808332491321283,"sin tendencia"
620616848,"np",40,1.425,0.4941056517831,0.000119481221308406,0,"descenso"
620616848,"pd",40,0.0264227945053254,0.4941056517831,0.000119481221308406,0,"descenso"
620618147,"cohesion",40,82.9239079307935,0.0655107189065598,0.56011521431962,0.0185833245770649,"sin tendencia"
620618147,"ed",40,61.8459033870002,0.146624552190999,0.187833954752092,0.20187435371144,"sin tendencia"
620618147,"lpi",40,20.5522088353414,-0.192335662301631,0.102656456411443,-0.0243621545003541,"sin tendencia"
620618147,"mesh",40,1.94076597568808,0.0115607151011576,0.925723017275696,0.000195601507843334,"sin tendencia"
620618147,"np",40,15.525,-0.120878845374934,0.299884049748297,-0.0312805474095797,"sin tendencia"
620618147,"pd",40,67.5810972838477,-0.123065149039955,0.289568874145335,-0.136165778910068,"sin tendencia"
620618156,"cohesion",40,91.0470130437886,-0.528883619336727,1.67426361835675e-06,-0.0795166040415839,"descenso"
620618156,"ed",40,39.2394998391576,0.377893279498232,0.000638569112022171,0.0881761744651652,"incremento"
620618156,"lpi",40,2.71124874455976,-0.435413599547534,8.92431748893064e-05,-0.0382610359175475,"descenso"
620618156,"mesh",40,1.91709906138992,-0.508344449653747,4.16881511540749e-06,-0.0321028337990732,"descenso"
620618156,"np",40,35.725,0.544417044112014,2.05132051254372e-06,0.227272727272727,"incremento"
620618156,"pd",40,2.59274608823243,0.548459744934628,1.72141445646205e-06,0.0164943449852563,"incremento"
620618159,"cohesion",40,99.8922795652299,0.346598488400282,0.00172115671656022,0.00115420112759146,"incremento"
620618159,"ed",40,10.0878576670475,0.155527506188048,0.161961807398492,0.0345099541640399,"sin tendencia"
620618159,"lpi",40,76.0172168945764,0.294155973129455,0.00788448340642948,0.0164373241318932,"incremento"
620618159,"mesh",40,3341.60112190653,0.295250564192833,0.00762023075077518,1.44139617920945,"incremento"
620618159,"np",40,13.125,-0.0135721321246762,0.915565015616891,0,"sin tendencia"
620618159,"pd",40,0.226999899416735,-0.0162865585496114,0.896896937897539,0,"sin tendencia"
620618184,"cohesion",40,98.4993544227374,-0.184852527146817,0.0956488680826152,-0.0136731704227524,"sin tendencia"
620618184,"ed",40,52.3763576998588,-0.524085751252478,2.10641874583728e-06,-0.22729024277367,"descenso"
620618184,"lpi",40,18.8713824529326,-0.271910828895673,0.014345618801319,-0.177969439354178,"descenso"
620618184,"mesh",40,142.873260323431,-0.318357130086185,0.00399956217691798,-2.45821621333964,"descenso"
620618184,"np",40,55.6,-0.38802626363547,0.000608626284315644,-0.285714285714286,"descenso"
620618184,"pd",40,1.72171990638484,-0.388554994201544,0.00058545801143533,-0.00884748153332393,"descenso"
620618200,"cohesion",40,100,NA,NA,NA,"sin tendencia"
620618200,"ed",40,0,NA,NA,NA,"sin tendencia"
620618200,"lpi",40,100,NA,NA,NA,"sin tendencia"
620618200,"mesh",40,4723.54983202067,NA,NA,NA,"sin tendencia"
620618200,"np",40,1,NA,NA,NA,"sin tendencia"
620618200,"pd",40,0.0211705186895893,NA,NA,NA,"sin tendencia"
620618222,"cohesion",40,97.5053554154245,NA,NA,NA,"sin tendencia"
620618222,"ed",40,0,NA,NA,NA,"sin tendencia"
620618222,"lpi",40,91.8032786885246,NA,NA,NA,"sin tendencia"
620618222,"mesh",40,4.78081219536413,NA,NA,NA,"sin tendencia"
620618222,"np",40,2,NA,NA,NA,"sin tendencia"
620618222,"pd",40,35.5380126684683,NA,NA,NA,"sin tendencia"
620618224,"cohesion",40,99.9862452193678,-0.676311201717839,1.44442149969762e-09,-0.000657557527559681,"descenso"
620618224,"ed",40,8.52392014716916,0.643364197855962,7.58337472475336e-09,0.468242828594746,"incremento"
620618224,"lpi",40,98.3711183082492,-0.678917410587657,1.24910194860278e-09,-0.0925311565761963,"descenso"
620618224,"mesh",40,468.738945666337,-0.678917410587657,1.24910194860278e-09,-0.882531590107747,"descenso"
620618224,"np",40,1.075,0.377236918007361,0.0047394521854501,0,"descenso"
620618224,"pd",40,0.221985633518339,0.377236918007361,0.0047394521854501,0,"descenso"
620619523,"cohesion",40,92.5956120904798,NA,NA,NA,"sin tendencia"
620619523,"ed",40,0,NA,NA,NA,"sin tendencia"
620619523,"lpi",40,64.8876404494382,NA,NA,NA,"sin tendencia"
620619523,"mesh",40,14.8349811181898,NA,NA,NA,"sin tendencia"
620619523,"np",40,7,NA,NA,NA,"sin tendencia"
620619523,"pd",40,21.3128250132527,NA,NA,NA,"sin tendencia"
620619524,"cohesion",40,94.2992676309953,-0.134875009513505,0.225529837396371,-0.00539596119426155,"sin tendencia"
620619524,"ed",40,45.7754796601846,-0.00257735382839501,0.990697292596583,0,"sin tendencia"
620619524,"lpi",40,14.294403892944,-0.340787993668319,0.00239513729986383,-0.0142199568784424,"descenso"
620619524,"mesh",40,3.91015775324167,-0.324984546732542,0.00331768981569888,-0.00731429384945626,"descenso"
620619524,"np",40,7.8,0.336556440461013,0.00618604132634361,0.0333333333333333,"incremento"
620619524,"pd",40,4.11410861986793,0.2842032163893,0.0208892856623716,0.0175816607686663,"incremento"
620620900,"cohesion",40,85.1405639043996,-0.491972653749263,8.52321377447838e-06,-0.0554412443841424,"descenso"
620620900,"ed",40,4.84965239880817,0.0385605387243094,0.73538446025798,0.00283822281270454,"sin tendencia"
620620900,"lpi",40,0.841394784271895,0.0838440738309852,0.461302647406641,0.000702207271523478,"sin tendencia"
620620900,"mesh",40,0.188116143203123,0.0937702447093895,0.401443860366851,0.000387948584702664,"sin tendencia"
620620900,"np",40,20.725,0.486491792333229,2.98470064706487e-05,0.166666666666667,"incremento"
620620900,"pd",40,0.826278075289556,0.477455433323788,3.8324015026675e-05,0.00664477744503061,"incremento"
620620921,"cohesion",40,99.9276304209909,0.217948717948718,0.048950238599653,0.000444910862840425,"incremento"
620620921,"ed",40,39.7826648798108,-0.148717948717949,0.180287946389303,-0.18401580857973,"sin tendencia"
620620921,"lpi",40,81.2164454213469,0.225641025641026,0.041456909675792,0.0889496716267686,"incremento"
620620921,"mesh",40,3521.9054653808,0.225641025641026,0.041456909675792,7.74321125715386,"incremento"
620620921,"np",40,24.4,-0.00270280141894733,0.99060661995716,0,"sin tendencia"
620620921,"pd",40,0.457733588810365,-0.004054202128421,0.981214541792983,0,"sin tendencia"
620620944,"cohesion",40,99.4758280225611,-0.501620308518957,6.05698355248512e-06,-0.0181076819836616,"descenso"
620620944,"ed",40,68.8763638476372,-0.215488355683623,0.0528892104726583,-0.0875183497945437,"sin tendencia"
620620944,"lpi",40,68.7843001841621,-0.860104744941245,8.09442770421999e-15,-0.590356338975123,"descenso"
620620944,"mesh",40,479.914466926174,-0.862683769663708,6.73204888313353e-15,-7.94942102143264,"descenso"
620620944,"np",40,20.35,0.369937375770256,0.00115016544838594,0.362373737373737,"incremento"
620620944,"pd",40,2.03108250574307,0.369937375770256,0.00115016544838594,0.0361676146693135,"incremento"
620620945,"cohesion",40,99.9999987522219,-0.223606797749979,0.0997714364192216,0,"sin tendencia"
620620945,"ed",40,0.00248039501711928,0.223606797749979,0.0997714364192216,0,"sin tendencia"
620620945,"lpi",40,99.9995479613055,-0.223606797749979,0.0997714364192216,0,"sin tendencia"
620620945,"mesh",40,3061.39059628324,-0.223606797749979,0.0997714364192216,0,"sin tendencia"
620620945,"np",40,1,NA,NA,NA,"sin tendencia"
620620945,"pd",40,0.0326645989328356,NA,NA,NA,"sin tendencia"
620620951,"cohesion",40,99.8300073139054,-0.31649367797753,0.00454867633852739,-0.0028868416419259,"descenso"
620620951,"ed",40,72.7819058513278,0,1,0,"sin tendencia"
620620951,"lpi",40,68.9980551931267,-0.363189466531591,0.00112310396740635,-0.366562898873773,"descenso"
620620951,"mesh",40,1809.99031123295,-0.363189466531591,0.00112310396740635,-19.6748415458437,"descenso"
620620951,"np",40,41.525,0.0394873594869492,0.734363876830171,0,"sin tendencia"
620620951,"pd",40,1.10803124664025,0.0368548688544859,0.752059773822035,0,"sin tendencia"
620620974,"cohesion",40,98.531173473309,-0.647817050568397,4.56423607511249e-09,-0.057394499358759,"descenso"
620620974,"ed",40,45.895250206711,0.622110024752191,1.8101274921289e-08,0.992787503650649,"incremento"
620620974,"lpi",40,67.8855846774194,-0.861185364842909,6.33901371476693e-15,-1.25109673685783,"descenso"
620620974,"mesh",40,90.429117726024,-0.861185364842909,6.33901371476693e-15,-3.02051031200165,"descenso"
620620974,"np",40,8.675,0.714631214104997,9.46413593297739e-10,0.181818181818182,"incremento"
620620974,"pd",40,4.73937193897094,0.722924806531747,6.04179631666746e-10,0.0993318719197473,"incremento"
620620986,"cohesion",40,99.9994130871896,-0.123063639074693,0.276272409768413,-1.75351055885282e-06,"sin tendencia"
620620986,"ed",40,1.22855843256278,0.111206639066757,0.32545843352382,0.00556820316662751,"sin tendencia"
620620986,"lpi",40,99.7846972546965,-0.112590137876847,0.319698833666231,-0.000670839857486944,"sin tendencia"
620620986,"mesh",40,3858.13734149658,-0.112590137876847,0.319698833666231,-0.0519622520684939,"sin tendencia"
620620986,"np",40,1.025,0.108936645057682,0.43558717431803,0,"sin tendencia"
620620986,"pd",40,0.0264531803387698,0.108936645057682,0.43558717431803,0,"sin tendencia"
620622272,"cohesion",40,95.4322571776872,-0.576923076923077,1.68308861045724e-07,-0.0351064129861234,"descenso"
620622272,"ed",40,42.193624934946,-0.0435897435897436,0.700619648328836,-0.0166227241153825,"sin tendencia"
620622272,"lpi",40,8.60938584633371,-0.253377515628305,0.0223493167460114,-0.00737726341467537,"descenso"
620622272,"mesh",40,21.1093989144776,-0.533333333333333,1.33025647828961e-06,-0.139445961259013,"descenso"
620622272,"np",40,65.75,0.132828715432574,0.238356618583106,0.142857142857143,"sin tendencia"
620622272,"pd",40,2.60374272599535,0.132828715432574,0.238356618583106,0.00565723568928922,"sin tendencia"
620622324,"cohesion",40,100,NA,NA,NA,"sin tendencia"
620622324,"ed",40,0,NA,NA,NA,"sin tendencia"
620622324,"lpi",40,100,NA,NA,NA,"sin tendencia"
620622324,"mesh",40,4141.49010654214,NA,NA,NA,"sin tendencia"
620622324,"np",40,1,NA,NA,NA,"sin tendencia"
620622324,"pd",40,0.0241458985600459,NA,NA,NA,"sin tendencia"
620622327,"cohesion",40,99.9979576086608,0.230281111047146,0.0389105177471116,3.71385103810814e-05,"incremento"
620622327,"ed",40,3.53937495179587,-0.362469064008508,0.00105670127912225,-0.0796200601406896,"descenso"
620622327,"lpi",40,99.3917472503137,0.330112645886762,0.0030394035910845,0.0135331315666439,"incremento"
620622327,"mesh",40,2469.36909076893,0.328603383179636,0.00315870952097259,0.672056061129796,"incremento"
620622327,"np",40,1.1,0.161125846658872,0.232199468427615,0,"sin tendencia"
620622327,"pd",40,0.0440060649969407,0.161125846658872,0.232199468427615,0,"sin tendencia"
620622341,"cohesion",40,99.9997586366394,-0.184080934515604,0.105787225197856,-2.48482732853209e-06,"sin tendencia"
620622341,"ed",40,0.428738912175012,0.262822235830525,0.0203747210863751,0.00481909605292784,"incremento"
620622341,"lpi",40,99.9195421366954,-0.255594391090011,0.0244282442109674,-0.00118601879014171,"descenso"
620622341,"mesh",40,4719.55050258849,-0.255594391090011,0.0244282442109674,-0.11210831193765,"descenso"
620622341,"np",40,1.075,-0.030586777135732,0.837260818381155,0,"sin tendencia"
620622341,"pd",40,0.0227409850182951,-0.030586777135732,0.837260818381155,0,"sin tendencia"
620622350,"cohesion",40,99.9999738751175,0.323148083625985,0.0113033360753159,0,"descenso"
620622350,"ed",40,0.0627769875453835,-0.323148083625985,0.0113033360753159,0,"descenso"
620622350,"lpi",40,99.9893867076008,0.323148083625985,0.0113033360753159,0,"descenso"
620622350,"mesh",40,3845.72293021186,0.323148083625985,0.0113033360753159,0,"descenso"
620622350,"np",40,1,NA,NA,NA,"sin tendencia"
620622350,"pd",40,0.0259973949197295,NA,NA,NA,"sin tendencia"
620622362,"cohesion",40,99.9999425665387,-0.66186055456525,1.20303411321837e-07,0,"descenso"
620622362,"ed",40,0.0960240705650456,0.670232476638505,8.01540997896948e-08,0,"descenso"
620622362,"lpi",40,99.9723259820226,-0.66186055456525,1.20303411321837e-07,0,"descenso"
620622362,"mesh",40,5406.03944731146,-0.66186055456525,1.20303411321837e-07,0,"descenso"
620622362,"np",40,1,NA,NA,NA,"sin tendencia"
620622362,"pd",40,0.0184875980553699,NA,NA,NA,"sin tendencia"
620623703,"cohesion",40,100,NA,NA,NA,"sin tendencia"
620623703,"ed",40,0,NA,NA,NA,"sin tendencia"
620623703,"lpi",40,100,NA,NA,NA,"sin tendencia"
620623703,"mesh",40,7154.93388803343,NA,NA,NA,"sin tendencia"
620623703,"np",40,1,NA,NA,NA,"sin tendencia"
620623703,"pd",40,0.0139763695325332,NA,NA,NA,"sin tendencia"
620623710,"cohesion",40,99.9999915860478,0.483477760996979,0.000120215872829833,0,"descenso"
620623710,"ed",40,0.0254538827026081,-0.482312209300627,0.000126968471713058,0,"descenso"
620623710,"lpi",40,99.9952139017745,0.483477760996979,0.000120215872829833,0,"descenso"
620623710,"mesh",40,7517.06755303359,0.483477760996979,0.000120215872829833,0,"descenso"
620623710,"np",40,1,NA,NA,NA,"sin tendencia"
620623710,"pd",40,0.0133017866429605,-Inf,0,0,"descenso"
620623717,"cohesion",40,99.9998905489823,0.443329313832443,0.000123105425451962,2.85617929041138e-06,"incremento"
620623717,"ed",40,0.225411827252266,-0.427030240786297,0.00023349546349588,-0.00565776401405067,"descenso"
620623717,"lpi",40,99.9516080097087,0.443329313832443,0.000123105425451962,0.00126415857605267,"incremento"
620623717,"mesh",40,4556.85609435556,0.443329313832443,0.000123105425451962,0.115311630274505,"incremento"
620623717,"np",40,1,NA,NA,NA,"sin tendencia"
620623717,"pd",40,0.0219237335434523,Inf,0,0,"descenso"
620625069,"cohesion",40,99.635317711998,0.0898588673630361,0.421379339551626,0.000216028816488466,"sin tendencia"
620625069,"ed",40,52.1271868957727,0.571613135557237,2.28996205591755e-07,0.0677089986131424,"incremento"
620625069,"lpi",40,59.9897867676365,-0.484542519738261,1.23277022895151e-05,-0.0142028380370347,"descenso"
620625069,"mesh",40,1002.17108133211,-0.495507468601885,7.24851851445759e-06,-0.491751141001793,"descenso"
620625069,"np",40,28.875,-0.395117040767302,0.000590527326358971,-0.142857142857143,"descenso"
620625069,"pd",40,1.0395205105607,-0.395117040767302,0.000590527326358971,-0.00514295861749264,"descenso"
620625079,"cohesion",40,96.2792601556831,NA,NA,NA,"sin tendencia"
620625079,"ed",40,0,NA,NA,NA,"sin tendencia"
620625079,"lpi",40,38.4321223709369,NA,NA,NA,"sin tendencia"
620625079,"mesh",40,36.5138977766597,NA,NA,NA,"sin tendencia"
620625079,"np",40,13,NA,NA,NA,"sin tendencia"
620625079,"pd",40,8.98076610753349,NA,NA,NA,"sin tendencia"
620625091,"cohesion",40,99.9999986276723,-0.120403660326912,0.386327769561196,0,"sin tendencia"
620625091,"ed",40,0.0026096051950828,0.120403660326912,0.386327769561196,0,"sin tendencia"
620625091,"lpi",40,99.9997357852462,-0.120403660326912,0.386327769561196,0,"sin tendencia"
620625091,"mesh",40,872.94658773742,-0.120403660326912,0.386327769561196,0,"sin tendencia"
620625091,"np",40,1,NA,NA,NA,"sin tendencia"
620625091,"pd",40,0.11455394064556,NA,NA,NA,"sin tendencia"
620625115,"cohesion",40,99.9993609566227,-0.61179539115558,8.33189184514471e-08,-1.5556452085444e-05,"descenso"
620625115,"ed",40,0.622097723030751,0.527728378197979,3.55592078332035e-06,0.0201516661807826,"incremento"
620625115,"lpi",40,99.8814918716731,-0.57581903210798,4.63868933127463e-07,-0.00337842841063943,"descenso"
620625115,"mesh",40,5118.17949547928,-0.574063516811183,4.943309937733e-07,-0.346524887744328,"descenso"
620625115,"np",40,1.3,0.43007561540389,0.000932566581056661,0,"descenso"
620625115,"pd",40,0.0253395590970368,0.42373330034957,0.0010039991827161,0,"descenso"
620625127,"cohesion",40,99.9896792166491,0.0480760202154299,0.695384094033607,0,"sin tendencia"
620625127,"ed",40,0.731776616066556,0.0510807714788943,0.67680944285512,0,"sin tendencia"
620625127,"lpi",40,99.7610752789417,-0.0436844098110533,0.723511502012534,0,"sin tendencia"
620625127,"mesh",40,3900.66026362136,-0.0436844098110533,0.723511502012534,0,"sin tendencia"
620625127,"np",40,3.025,-0.0974696297884524,0.488286375431843,0,"sin tendencia"
620625127,"pd",40,0.0771815332076789,-0.0974696297884524,0.488286375431843,0,"sin tendencia"
620626402,"cohesion",40,98.9514304974056,-0.319435601314232,0.00385667637892935,-0.00302712326828729,"descenso"
620626402,"ed",40,16.7778954451021,-0.288646627693584,0.00905398677398316,-0.0438750095614554,"descenso"
620626402,"lpi",40,26.0918618266979,0.392811620186986,0.000379349936347537,0.0268825198567589,"incremento"
620626402,"mesh",40,268.383084446492,0.391276539762413,0.000396872297568848,0.548811261785167,"incremento"
620626402,"np",40,33,0.250754964634784,0.0287627869817645,0.113247863247863,"incremento"
620626402,"pd",40,0.837681727185323,0.252201842243012,0.0273116171297178,0.00287471714198538,"incremento"
620626445,"cohesion",40,99.995307275209,0.19884892227196,0.0759615381820973,3.53805858215721e-05,"sin tendencia"
620626445,"ed",40,4.28233695488702,-0.484775477172817,1.40463227202944e-05,-0.0729930884274826,"descenso"
620626445,"lpi",40,99.0769693325316,0.499751359841844,8.09233335806318e-06,0.018122727142571,"incremento"
620626445,"mesh",40,3765.20756109623,0.503634791542147,6.562485012168e-06,1.37857100560621,"incremento"
620626445,"np",40,1.65,0.0611735542714639,0.639635068788146,0,"sin tendencia"
620626445,"pd",40,0.0430174500901777,0.0492786964964571,0.707982314016728,0,"sin tendencia"
620626459,"cohesion",40,100,NA,NA,NA,"sin tendencia"
620626459,"ed",40,0,NA,NA,NA,"sin tendencia"
620626459,"lpi",40,100,NA,NA,NA,"sin tendencia"
620626459,"mesh",40,4911.57292930103,NA,NA,NA,"sin tendencia"
620626459,"np",40,1,NA,NA,NA,"sin tendencia"
620626459,"pd",40,0.0203600763827467,NA,NA,NA,"sin tendencia"
620626465,"cohesion",40,99.9972463036826,0.0749376521476468,0.506119792906774,1.58698074835e-05,"sin tendencia"
620626465,"ed",40,6.67120669851026,-0.144707190354077,0.195393022642732,-0.0395938548908716,"sin tendencia"
620626465,"lpi",40,98.7450316247883,0.0956101079125149,0.394476165920924,0.00812838528422848,"sin tendencia"
620626465,"mesh",40,5205.75442706232,0.0956101079125149,0.394476165920924,0.861028740838358,"sin tendencia"
620626465,"np",40,1.2,0.21483446221183,0.108252151507376,0,"sin tendencia"
620626465,"pd",40,0.0224776425470627,0.200965468155665,0.112828673366446,0,"sin tendencia"
620626467,"cohesion",40,100,NA,NA,NA,"sin tendencia"
620626467,"ed",40,0,NA,NA,NA,"sin tendencia"
620626467,"lpi",40,100,NA,NA,NA,"sin tendencia"
620626467,"mesh",40,187.008252299965,NA,NA,NA,"sin tendencia"
620626467,"np",40,1,NA,NA,NA,"sin tendencia"
620626467,"pd",40,0.534735760428358,NA,NA,NA,"sin tendencia"
620626503,"cohesion",40,99.9714523838642,0.0115830979199855,0.938677495980455,0,"sin tendencia"
620626503,"ed",40,2.03511751710253,0,1,0,"sin tendencia"
620626503,"lpi",40,99.4254317950912,0.00193332843557417,1,0,"sin tendencia"
620626503,"mesh",40,1705.89851496672,0.00193332843557417,1,0,"sin tendencia"
620626503,"np",40,3.1,-0.00573350763461485,1,0,"sin tendencia"
620626503,"pd",40,0.179675904914372,-0.00573350763461485,1,0,"sin tendencia"
620627778,"cohesion",40,83.616884743277,0.0542651963827787,0.632530167303511,0.00347920668510265,"sin tendencia"
620627778,"ed",40,10.3648346256111,0.493234152096089,1.10858894887478e-05,0.171651531613041,"incremento"
620627778,"lpi",40,1.15893344530758,0.344275530680937,0.00256638934949891,0.00419903422212892,"incremento"
620627778,"mesh",40,0.0721904930019685,0.441873741974055,6.98008076771614e-05,0.00101106624393736,"incremento"
620627778,"np",40,3.8,0.440606723687947,0.000416207767780212,0,"descenso"
620627778,"pd",40,0.864760795332654,0.338177854343517,0.00680955148533032,1.85037170770859e-17,"incremento"
620627818,"cohesion",40,95.4970403047851,-0.346429790905079,0.00178090592734529,-0.0295092613136188,"descenso"
620627818,"ed",40,43.6553119975068,-0.681268994010359,7.47058384184495e-10,-0.542042251833306,"descenso"
620627818,"lpi",40,5.35774856900572,-0.367511022950907,0.000927418057819131,-0.0482676640722009,"descenso"
620627818,"mesh",40,12.0801918808699,-0.452032924192129,4.49311472792196e-05,-0.202053481719996,"descenso"
620627818,"np",40,56.575,-0.415690314736013,0.000204392778307236,-0.428571428571429,"descenso"
620627818,"pd",40,2.60004975760601,-0.415690314736013,0.000204392778307236,-0.0196961032076713,"descenso"
620627821,"cohesion",40,99.2803803628616,0.399232321946065,0.00164809071517186,0,"descenso"
620627821,"ed",40,13.9158138637808,-0.400477272228219,0.00157570047421361,0,"descenso"
620627821,"lpi",40,84.298969072165,0.399232321946065,0.00164809071517186,0,"descenso"
620627821,"mesh",40,36.5236906619417,0.399232321946065,0.00164809071517186,0,"descenso"
620627821,"np",40,1.275,-0.639511031159244,1.46350679250273e-06,0,"descenso"
620627821,"pd",40,2.84945251060837,-0.639511031159244,1.46350679250273e-06,0,"descenso"
620627839,"cohesion",40,99.9957634038307,0.438133340801139,9.14163677849127e-05,0.000162729704483613,"incremento"
620627839,"ed",40,6.97248459058051,-0.445661716738923,6.83574535159612e-05,-0.26027944398925,"descenso"
620627839,"lpi",40,98.6980785532636,0.438133340801139,9.14163677849127e-05,0.0497829470334597,"incremento"
620627839,"mesh",40,2226.70166959418,0.438133340801139,9.14163677849127e-05,2.24227598010386,"incremento"
620627839,"np",40,1,NA,NA,NA,"sin tendencia"
620627839,"pd",40,0.0437536586750476,NA,NA,NA,"sin tendencia"
620627841,"cohesion",40,99.9995909271056,0.00402846090227465,0.981245272013558,0,"sin tendencia"
620627841,"ed",40,0.633665031326412,-0.0170536723462183,0.88835811076718,0,"sin tendencia"
620627841,"lpi",40,99.9034130893737,0.00402846090227465,0.981245272013558,0,"sin tendencia"
620627841,"mesh",40,1308.46483637874,0.00402846090227465,0.981245272013558,0,"sin tendencia"
620627841,"np",40,1,NA,NA,NA,"sin tendencia"
620627841,"pd",40,0.0762779300765856,NA,NA,NA,"sin tendencia"
620627843,"cohesion",40,99.9997955966965,0.350966488597776,0.00847589690394159,0,"descenso"
620627843,"ed",40,0.107859338840673,-0.350966488597776,0.00847589690394159,0,"descenso"
620627843,"lpi",40,99.9801092043682,0.350966488597776,0.00847589690394159,0,"descenso"
620627843,"mesh",40,3546.85646521691,0.350966488597776,0.00847589690394159,0,"descenso"
620627843,"np",40,1.15,-0.350966488597776,0.00847589690394159,0,"descenso"
620627843,"pd",40,0.0324101870604922,-0.350966488597776,0.00847589690394159,0,"descenso"
620627878,"cohesion",40,99.9901037230649,-0.139989533884036,0.214666899783847,-0.000100612120172813,"sin tendencia"
620627878,"ed",40,3.57002152417213,0.631915372579339,1.67807920603281e-08,0.166886882243228,"incremento"
620627878,"lpi",40,98.9145404663923,-0.362887632049733,0.00123230742500044,-0.0301783264746232,"descenso"
620627878,"mesh",40,1645.18004404946,-0.362402812017551,0.00123421807397753,-1.00431083669818,"descenso"
620627878,"np",40,2.175,0.0497893203673076,0.695553149149352,0,"sin tendencia"
620627878,"pd",40,0.12935544117391,0.036940463498325,0.77413107254195,0,"sin tendencia"
620629197,"cohesion",40,99.8221623720176,-0.207265014930846,0.0634230883390749,-0.00103746009321437,"sin tendencia"
620629197,"ed",40,60.5288934171671,0.0284989395529913,0.806332303174636,0.00313354763513703,"sin tendencia"
620629197,"lpi",40,75.8258116428771,-0.341987274635896,0.0021381443806863,-0.12682614094243,"descenso"
620629197,"mesh",40,1520.08611552141,-0.341987274635896,0.0021381443806863,-4.92318587959104,"descenso"
620629197,"np",40,24.025,0.249359933144934,0.0289617043203362,0.2,"incremento"
620629197,"pd",40,0.911031451440613,0.248499772136992,0.0290908660106214,0.00758402873207586,"incremento"
620629250,"cohesion",40,99.99936783311,-0.647615133388764,7.34862086550267e-09,-2.31948876319687e-05,"descenso"
620629250,"ed",40,1.46904557266332,0.610982358166773,4.89757859852362e-08,0.0536707404243434,"incremento"
620629250,"lpi",40,99.6598231040773,-0.647615133388764,7.34862086550267e-09,-0.0126499093075207,"descenso"
620629250,"mesh",40,6982.67338803537,-0.647615133388764,7.34862086550267e-09,-1.77348733227961,"descenso"
620629250,"np",40,1.025,0.223606797749979,0.0997714364192216,0,"sin tendencia"
620629250,"pd",40,0.0145795719461947,1.76018684382676,4.25896164023317e-40,0,"descenso"
620629254,"cohesion",40,99.980693098029,-0.0776060548372104,0.496383490600561,-8.47904288298856e-06,"sin tendencia"
620629254,"ed",40,1.24809500450966,0.480105254501386,1.96540338692218e-05,0.0510929265587412,"incremento"
620629254,"lpi",40,99.0973065371589,-0.148635325366183,0.189023816270696,-0.00341570585675661,"sin tendencia"
620629254,"mesh",40,2836.28607072649,-0.148635325366183,0.189023816270696,-0.196596517505017,"sin tendencia"
620629254,"np",40,1.45,-0.10347912640978,0.432752531219691,0,"sin tendencia"
620629254,"pd",40,0.0502162633479139,-0.150680131438802,0.250672367776318,0,"sin tendencia"
620629260,"cohesion",40,99.9911564689481,0.143436510381325,0.202559008469562,7.92841667124855e-05,"sin tendencia"
620629260,"ed",40,6.75544321900678,-0.0104735011978462,0.934688450241066,0,"sin tendencia"
620629260,"lpi",40,97.9513199682414,0.221674606952957,0.0481840891674362,0.0307351627629993,"incremento"
620629260,"mesh",40,1783.93566311602,0.221674606952957,0.0481840891674362,1.11974072529324,"incremento"
620629260,"np",40,1.15,-0.0454961979203899,0.743954319817128,0,"sin tendencia"
620629260,"pd",40,0.0618546940426028,-0.123107359078702,0.35829308577564,0,"sin tendencia"
620630561,"cohesion",40,92.9931881054008,0.0833868035559241,0.455838491604328,0.0143741311819004,"sin tendencia"
620630561,"ed",40,35.0745303931549,-0.550352903469099,6.13300031983005e-07,-0.134495646286928,"descenso"
620630561,"lpi",40,3.46785160605978,-0.00385854084713155,0.981402168149558,0,"sin tendencia"
620630561,"mesh",40,5.94619697207384,0.044900586530113,0.691985474618572,0.00929136222482721,"sin tendencia"
620630561,"np",40,95.65,-0.695481183094772,9.1920573046266e-10,-0.642857142857143,"descenso"
620630561,"pd",40,2.81980941627109,-0.696222794205004,8.10171236281153e-10,-0.0189517472529608,"descenso"
620630626,"cohesion",40,99.9808826070681,-0.0987843467783186,0.450431090818325,0,"sin tendencia"
620630626,"ed",40,1.40222994541077,0.0987843467783186,0.450431090818325,0,"sin tendencia"
620630626,"lpi",40,99.5500899820036,-0.0987843467783186,0.450431090818325,0,"sin tendencia"
620630626,"mesh",40,152.486904517108,-0.0987843467783186,0.450431090818325,0,"sin tendencia"
620630626,"np",40,1.025,0.223606797749979,0.0997714364192216,0,"sin tendencia"
620630626,"pd",40,0.666470978413723,0.418546057326884,0.0018167165609732,0,"descenso"
620633306,"cohesion",40,99.9728827254041,0.0564102564102564,0.616375003480359,0.000100061983469212,"sin tendencia"
620633306,"ed",40,16.1727999145181,-0.130769230769231,0.239293511765585,-0.144075412174351,"sin tendencia"
620633306,"lpi",40,94.8902802623733,0.132136011788618,0.234641915712454,0.0387170968566328,"sin tendencia"
620633306,"mesh",40,3486.40749217749,0.130769230769231,0.239293511765585,2.90491805311378,"sin tendencia"
620633306,"np",40,5.55,-0.0845122847446515,0.471158538304381,0,"sin tendencia"
620633306,"pd",40,0.14348711018378,-0.0886015888451992,0.449628554966237,-1.07387643750945e-18,"sin tendencia"
620633324,"cohesion",40,97.4689616460603,-0.560413162793296,3.98701701170319e-07,-0.0236159641836496,"descenso"
620633324,"ed",40,103.548202667582,-0.286818202970112,0.00967010427394349,-0.104479059366945,"descenso"
620633324,"lpi",40,32.5465398624039,-0.65893452750517,2.91545767571922e-09,-0.125824645249979,"descenso"
620633324,"mesh",40,28.027512329274,-0.53470613697709,1.3215019290736e-06,-0.200683732049361,"descenso"
620633324,"np",40,7.5,0.490125924434088,2.43447614086123e-05,0.142857142857143,"incremento"
620633324,"pd",40,3.28989089352979,0.490125924434088,2.43447614086123e-05,0.0626645884481865,"incremento"
620633354,"cohesion",40,99.9999526669519,-0.194664868989779,0.122037043560826,0,"sin tendencia"
620633354,"ed",40,0.117708588015749,0.179833259923891,0.153483337986342,0,"sin tendencia"
620633354,"lpi",40,99.9825987775276,-0.194664868989779,0.122037043560826,0,"sin tendencia"
620633354,"mesh",40,3153.50199917334,-0.194664868989779,0.122037043560826,0,"sin tendencia"
620633354,"np",40,1,NA,NA,NA,"sin tendencia"
620633354,"pd",40,0.0316997451638722,NA,NA,NA,"sin tendencia"
620633365,"cohesion",40,99.9997121429631,0.185869410300654,0.104316284775342,3.9134138236506e-06,"sin tendencia"
620633365,"ed",40,0.543898764888573,-0.161574798795234,0.157904130526324,-0.00766308553215303,"sin tendencia"
620633365,"lpi",40,99.9003516035752,0.185869410300654,0.104316284775342,0.00135672577510112,"sin tendencia"
620633365,"mesh",40,2802.02703605364,0.185869410300654,0.104316284775342,0.0761526056111865,"sin tendencia"
620633365,"np",40,1,NA,NA,NA,"sin tendencia"
620633365,"pd",40,0.0356174220018622,NA,NA,NA,"sin tendencia"
620634700,"cohesion",40,99.9933398671384,0.0837098007763202,0.455573225232735,2.51415017378243e-05,"sin tendencia"
620634700,"ed",40,12.3523935828365,-0.374762338860141,0.000722175315626356,-0.152220223328466,"descenso"
620634700,"lpi",40,97.6951230267219,0.359308221793743,0.00119063212805607,0.0282838684464008,"incremento"
620634700,"mesh",40,3993.94348998277,0.359308221793743,0.00119063212805607,2.32352508424408,"incremento"
620634700,"np",40,1.775,0.281463436183204,0.02438226295272,0,"descenso"
620634700,"pd",40,0.0424186251177176,0.244889091368437,0.0503615581961539,0,"sin tendencia"
620634717,"cohesion",40,99.548949074037,-0.2727956695972,0.0142860264857284,-0.000935367501403729,"descenso"
620634717,"ed",40,12.1391099581468,0.222518826405108,0.0460289789537045,0.04583792036572,"incremento"
620634717,"lpi",40,69.3328893328893,0.402271063882221,0.000362531023919427,0.00511454357608234,"incremento"
620634717,"mesh",40,872.157992119132,0.159023068059031,0.154641266755609,0.062488225337051,"sin tendencia"
620634717,"np",40,9.6,0.0173220828820816,0.899388546125858,0,"sin tendencia"
620634717,"pd",40,0.577507498575175,0.0138291438227219,0.920309155326782,0,"sin tendencia"
620634722,"cohesion",40,99.9997387082751,-0.228590706725098,0.0410705549807314,-6.6747965252068e-06,"descenso"
620634722,"ed",40,0.764482171405561,0.278877626086758,0.0125030265446205,0.0203099382292875,"incremento"
620634722,"lpi",40,99.8769658714026,-0.228590706725098,0.0410705549807314,-0.00313953547611353,"descenso"
620634722,"mesh",40,5161.33078950731,-0.228590706725098,0.0410705549807314,-0.324296424631867,"descenso"
620634722,"np",40,1,NA,NA,NA,"sin tendencia"
620634722,"pd",40,0.019327224178672,NA,NA,NA,"sin tendencia"
620636052,"cohesion",40,99.7621727848939,0.128205128205128,0.248724735539182,0.00038742328961483,"sin tendencia"
620636052,"ed",40,29.8774617746305,-0.1,0.369649732950935,-0.162529990542001,"sin tendencia"
620636052,"lpi",40,70.4676371272098,0.0743589743589744,0.506620569504461,0.0613462944270821,"sin tendencia"
620636052,"mesh",40,1624.75040833261,0.0743589743589744,0.506620569504461,2.92831687542973,"sin tendencia"
620636052,"np",40,16.05,-0.156016642662873,0.173748480500409,-0.142857142857143,"sin tendencia"
620636052,"pd",40,0.493650737807636,-0.152016215927928,0.185145169292508,-0.00439386504501679,"sin tendencia"
620636082,"cohesion",40,81.2582702709692,-0.00140333773841741,1,0,"sin tendencia"
620636082,"ed",40,8.75285135433208,0.00976355622079633,0.942901624062688,0,"sin tendencia"
620636082,"lpi",40,1.51406147809026,-0.00140333773841741,1,0,"sin tendencia"
620636082,"mesh",40,0.032486624500228,-0.00140333773841741,1,0,"sin tendencia"
620636082,"np",40,1,NA,NA,NA,"sin tendencia"
620636082,"pd",40,0.70890084130796,Inf,0,0,"descenso"
620636093,"cohesion",40,99.9996976875118,0.483157630123502,1.49252369631813e-05,6.07001446174247e-06,"incremento"
620636093,"ed",40,0.884862780587867,-0.459691534781358,3.92297354360526e-05,-0.0180273047640867,"descenso"
620636093,"lpi",40,99.8570302233903,0.483157630123502,1.49252369631813e-05,0.00288554196569977,"incremento"
620636093,"mesh",40,5250.6655265826,0.483157630123502,1.49252369631813e-05,0.30370221620873,"incremento"
620636093,"np",40,1,NA,NA,NA,"sin tendencia"
620636093,"pd",40,0.018990966033409,Inf,0,0,"descenso"
620636098,"cohesion",40,99.9929060483522,-0.166780290891179,0.135387033716458,-0.000100627275093501,"sin tendencia"
620636098,"ed",40,4.19613736669341,0.541712727778325,1.08146822465596e-06,0.1692072615317,"incremento"
620636098,"lpi",40,99.2341057813532,-0.573489812266022,2.51099743241575e-07,-0.0341967571960972,"descenso"
620636098,"mesh",40,1513.36027220888,-0.573489812266022,2.51099743241575e-07,-1.04366093968592,"descenso"
620636098,"np",40,1.725,0.427008933031094,0.00132379767699158,0,"descenso"
620636098,"pd",40,0.112249726332461,0.427008933031094,0.00132379767699158,0,"descenso"
620636115,"cohesion",40,100,NA,NA,NA,"sin tendencia"
620636115,"ed",40,0,NA,NA,NA,"sin tendencia"
620636115,"lpi",40,100,NA,NA,NA,"sin tendencia"
620636115,"mesh",40,4754.36421597143,NA,NA,NA,"sin tendencia"
620636115,"np",40,1,NA,NA,NA,"sin tendencia"
620636115,"pd",40,0.0210333065489741,NA,NA,NA,"sin tendencia"
620637428,"cohesion",40,99.350057914942,0.0743589743589744,0.506620569504461,0.000409885646676596,"sin tendencia"
620637428,"ed",40,35.6000444300518,-0.120512820512821,0.278566049656945,-0.0747898088968481,"sin tendencia"
620637428,"lpi",40,48.3064151599444,0.224502932650565,0.0426197208858939,0.107534715323311,"incremento"
620637428,"mesh",40,623.081708977506,0.223076923076923,0.0438387871621092,2.81358577954175,"incremento"
620637428,"np",40,23.6,-0.2238733136941,0.0544548571098843,-0.0625,"sin tendencia"
620637428,"pd",40,0.889438856679766,-0.222508232513038,0.0559529576562744,-0.00235550544671548,"sin tendencia"
620637432,"cohesion",40,94.660761224388,0.516046638284865,2.97266964977504e-06,0.0287443725232032,"incremento"
620637432,"ed",40,18.0948502464337,-0.385065083571073,0.000513412931992563,-0.0504586115989818,"descenso"
620637432,"lpi",40,5.90943474075093,-0.271857473083216,0.0147736452124378,-0.00909721267134272,"descenso"
620637432,"mesh",40,2.36852505440838,-0.2866333378507,0.00967503739857629,-0.00734131139867454,"descenso"
620637432,"np",40,8.175,-0.699611511902211,3.45757166524329e-09,-0.125,"descenso"
620637432,"pd",40,1.2186713290463,-0.68833702961689,4.62621056880954e-09,-0.0186341181811362,"descenso"
620637435,"cohesion",40,99.9990673931005,-0.363566137339647,0.00116929193244061,-1.41548684033192e-05,"descenso"
620637435,"ed",40,2.09183705357126,0.323616873501425,0.00379599796988605,0.0236892213365448,"incremento"
620637435,"lpi",40,99.5674916253272,-0.363566137339647,0.00116929193244061,-0.00653760561501875,"descenso"
620637435,"mesh",40,4996.5058353517,-0.363566137339647,0.00116929193244061,-0.655467847708061,"descenso"
620637435,"np",40,1,NA,NA,NA,"sin tendencia"
620637435,"pd",40,0.0198412818537459,0.414113053995671,0.00184735925850594,0,"descenso"
620637458,"cohesion",40,99.9950904638569,0.397569009060347,0.000459407875634007,0.000120127628272121,"incremento"
620637458,"ed",40,5.25749596468335,-0.489345163926946,1.60962853818766e-05,-0.168024799126958,"descenso"
620637458,"lpi",40,99.0532816168215,0.397569009060347,0.000459407875634007,0.023373644650266,"incremento"
620637458,"mesh",40,886.924154397457,0.397569009060347,0.000459407875634007,0.420534569367805,"incremento"
620637458,"np",40,1,NA,NA,NA,"sin tendencia"
620637458,"pd",40,0.110636867037176,-Inf,0,0,"descenso"
620637462,"cohesion",40,99.2732387196065,-0.609639461678029,4.34452816980278e-08,-0.0102906351187727,"descenso"
620637462,"ed",40,52.6953856069814,0.923538929180333,1.02427907103493e-16,1.10356647882322,"incremento"
620637462,"lpi",40,67.5641267446247,-0.885788988559754,1.82448320598982e-15,-0.593127481094286,"descenso"
620637462,"mesh",40,236.861281731681,-0.869060509200594,5.64993336245774e-15,-3.71775288717952,"descenso"
620637462,"np",40,8.7,0.73967794665687,9.55391474164682e-11,0.222222222222222,"incremento"
620637462,"pd",40,1.77857632244022,0.753077909458625,4.35877692463428e-11,0.0454297911223556,"incremento"
620637491,"cohesion",40,99.9999963493252,0.338332476225479,0.0112272433120388,0,"descenso"
620637491,"ed",40,0.00860231478399935,-0.338332476225479,0.0112272433120388,0,"descenso"
620637491,"lpi",40,99.9982580824972,0.338332476225479,0.0112272433120388,0,"descenso"
620637491,"mesh",40,5296.19918973457,0.338332476225479,0.0112272433120388,0,"descenso"
620637491,"np",40,1,NA,NA,NA,"sin tendencia"
620637491,"pd",40,0.0188808073158495,Inf,0,0,"descenso"
620638811,"cohesion",40,99.9915496426402,0.551903425350106,5.79471626030866e-06,8.36533669001938e-05,"incremento"
620638811,"ed",40,0.838766737376949,-0.695878231963178,1.06723030584188e-08,-0.04738795126425,"descenso"
620638811,"lpi",40,99.8544440446204,0.716874557927584,3.80091588496876e-09,0.0113949862060695,"incremento"
620638811,"mesh",40,1278.20780152795,0.716874557927584,3.80091588496876e-09,0.291952598540301,"incremento"
620638811,"np",40,1.35,-0.683130051063973,2.65179477004858e-07,0,"descenso"
620638811,"pd",40,0.105309656105081,-0.593046967407186,7.96579356761994e-06,0,"descenso"
620638830,"cohesion",40,93.0036805865648,-0.155227742004105,0.162047297186142,-0.00799004089341947,"sin tendencia"
620638830,"ed",40,49.8114697373038,-0.576010381486307,1.78905939581899e-07,-0.186087788673606,"descenso"
620638830,"lpi",40,3.0860633394459,0.0259250991098179,0.824519267106938,4.95613817715412e-05,"sin tendencia"
620638830,"mesh",40,6.86982195210619,-0.24246316726261,0.0284848666658018,-0.0187542649372458,"descenso"
620638830,"np",40,132.725,-0.24731036468983,0.0293682558750712,-0.230769230769231,"descenso"
620638830,"pd",40,3.56499661268734,-0.255245456605012,0.0245263567985546,-0.00619846695049743,"descenso"
620638834,"cohesion",40,99.9981105072543,0.194596433162889,0.111804224164422,0,"sin tendencia"
620638834,"ed",40,2.27767025873246,-0.216801454393551,0.0767179322422724,0,"sin tendencia"
620638834,"lpi",40,99.533574160646,0.194596433162889,0.111804224164422,0,"sin tendencia"
620638834,"mesh",40,1505.70519015059,0.194596433162889,0.111804224164422,0,"sin tendencia"
620638834,"np",40,1,NA,NA,NA,"sin tendencia"
620638834,"pd",40,0.0658071389950994,Inf,0,0,"descenso"
620638838,"cohesion",40,99.8789684890881,-0.49743603583403,7.77611220505216e-06,-0.00228234807199365,"descenso"
620638838,"ed",40,38.2961330617896,0.818696808976842,1.75187300749783e-13,0.754655595436755,"incremento"
620638838,"lpi",40,85.719937387426,-0.725427552257961,6.7579034823394e-11,-0.371488360553986,"descenso"
620638838,"mesh",40,1590.42346530619,-0.725427552257961,6.7579034823394e-11,-13.817833642583,"descenso"
620638838,"np",40,12.425,0.789656552339627,3.73714742209771e-12,0.333333333333333,"incremento"
620638838,"pd",40,0.577561288527078,0.789656552339627,3.73714742209771e-12,0.0154946019725574,"incremento"
620640183,"cohesion",40,94.075148667242,-0.349165884610655,0.00158932375030609,-0.0143606017978435,"descenso"
620640183,"ed",40,12.8350731558582,-0.520567272778176,2.49795689688472e-06,-0.0341567337199426,"descenso"
620640183,"lpi",40,3.9661891721087,-0.0234714289714896,0.842548554333508,-6.66133814775094e-16,"sin tendencia"
620640183,"mesh",40,7.98324829293859,0.0385109431555869,0.735419045962364,0.00244294555824327,"sin tendencia"
620640183,"np",40,42.6,-0.329923143778214,0.00517127690176965,-0.0655913978494624,"descenso"
620640183,"pd",40,0.884281744645246,-0.301963555322434,0.010521713879661,-0.00136153229399162,"descenso"
620640198,"cohesion",40,98.7652527362229,-0.0335055997691351,0.770678906534139,-0.000180157862048047,"sin tendencia"
620640198,"ed",40,35.3828098468883,0.57641202547037,1.98773360253812e-07,0.0907601615175258,"incremento"
620640198,"lpi",40,54.9894957983193,0.115215786211458,0.304491686025564,0.00257906479817998,"sin tendencia"
620640198,"mesh",40,350.902773731037,0.13917710673333,0.212190681378262,0.0516425763613025,"sin tendencia"
620640198,"np",40,16.275,0.275685744732628,0.0169066634575275,0.125,"incremento"
620640198,"pd",40,1.42538988877418,0.271631542604207,0.0186011183476786,0.0109476949982656,"incremento"
620640206,"cohesion",40,100,NA,NA,NA,"sin tendencia"
620640206,"ed",40,0,NA,NA,NA,"sin tendencia"
620640206,"lpi",40,100,NA,NA,NA,"sin tendencia"
620640206,"mesh",40,4857.04807637432,NA,NA,NA,"sin tendencia"
620640206,"np",40,1,NA,NA,NA,"sin tendencia"
620640206,"pd",40,0.0205886370543501,NA,NA,NA,"sin tendencia"
620640210,"cohesion",40,100,NA,NA,NA,"sin tendencia"
620640210,"ed",40,0,NA,NA,NA,"sin tendencia"
620640210,"lpi",40,100,NA,NA,NA,"sin tendencia"
620640210,"mesh",40,91.336048239698,NA,NA,NA,"sin tendencia"
620640210,"np",40,1,NA,NA,NA,"sin tendencia"
620640210,"pd",40,1.09485796601978,NA,NA,NA,"sin tendencia"
620640211,"cohesion",40,98.944921751211,-0.0850526763370352,0.448531130515525,-9.28808230301527e-05,"sin tendencia"
620640211,"ed",40,40.9088326945928,-0.16495064501728,0.138672187388861,-0.0131535847630862,"sin tendencia"
620640211,"lpi",40,40.8443105907078,-0.665820308579337,1.90484325222628e-09,-0.0271449060804928,"descenso"
620640211,"mesh",40,412.426104273501,-0.675266703039492,1.07465932600479e-09,-0.602846355199112,"descenso"
620640211,"np",40,35.85,0.198725000711563,0.0871724948633951,0.0625,"sin tendencia"
620640211,"pd",40,1.45831087225174,0.198725000711563,0.0871724948633951,0.00254238297115018,"sin tendencia"
620640214,"cohesion",40,99.7983399846953,-0.723416434650733,6.57486283387344e-11,-0.0102101353523739,"descenso"
620640214,"ed",40,26.93567050782,0.756943756042745,8.30243925968734e-12,0.336704770791314,"incremento"
620640214,"lpi",40,80.5078161347353,-0.818840349381845,1.43609546675153e-13,-0.624980614745199,"descenso"
620640214,"mesh",40,1379.15154326012,-0.81368229993692,2.03762698818734e-13,-22.6432552208876,"descenso"
620640214,"np",40,10.85,0.467630434408696,4.57318222313392e-05,0.175191815856778,"incremento"
620640214,"pd",40,0.547148824895918,0.482411856185982,2.6032466625415e-05,0.00883465402556846,"incremento"
620641582,"cohesion",40,100,NA,NA,NA,"sin tendencia"
620641582,"ed",40,0,NA,NA,NA,"sin tendencia"
620641582,"lpi",40,100,NA,NA,NA,"sin tendencia"
620641582,"mesh",40,2654.09639975351,NA,NA,NA,"sin tendencia"
620641582,"np",40,1,NA,NA,NA,"sin tendencia"
620641582,"pd",40,0.0376776065893037,NA,NA,NA,"sin tendencia"
620641605,"cohesion",40,99.9873097318128,-0.56904408775698,2.59369111974637e-07,-0.000684381924532062,"descenso"
620641605,"ed",40,8.98311235974887,0.697496477769843,2.68165059284729e-10,0.498781748909141,"incremento"
620641605,"lpi",40,97.5269155142959,-0.694089697037568,3.35077520231116e-10,-0.149957706573654,"descenso"
620641605,"mesh",40,2724.87806909233,-0.694927429969585,3.11709308939046e-10,-8.38398407637746,"descenso"
620641605,"np",40,3.55,0.486879124682176,3.93270930449358e-05,0.129733520336606,"incremento"
620641605,"pd",40,0.124033082605757,0.478387046926092,5.35702202789522e-05,0.00453274604074533,"incremento"
620641609,"cohesion",40,99.4658456296144,-0.72482375398611,4.97675594911415e-11,-0.0279112871754811,"descenso"
620641609,"ed",40,63.0507769823028,0.7607442232102,5.27840591361387e-12,0.938239544002376,"incremento"
620641609,"lpi",40,52.9320632178392,-0.745349736399876,1.3985282283634e-11,-1.48780173241194,"descenso"
620641609,"mesh",40,1957.68762686692,-0.753046979805038,8.61247670289674e-12,-80.5393242434792,"descenso"
620641609,"np",40,70.825,0.747766753849722,1.6899981033658e-11,2.52785714285714,"incremento"
620641609,"pd",40,1.22801104218175,0.747766753849722,1.6899981033658e-11,0.0438296715070468,"incremento"
620642943,"cohesion",40,96.5971935809719,0.0924262635734086,0.408046775124761,0.00302202966613886,"sin tendencia"
620642943,"ed",40,23.1323488840921,-0.462131317867043,2.87321364168408e-05,-0.172552089080488,"descenso"
620642943,"lpi",40,7.36588242728058,-0.0231363232345856,0.84294307674383,-0.00441042903709044,"sin tendencia"
620642943,"mesh",40,24.1314278929016,-0.0256739621037246,0.824781215913654,-0.0293907990444936,"sin tendencia"
620642943,"np",40,77.575,-0.400105389661275,0.000380243022584936,-0.483314794215795,"descenso"
620642943,"pd",40,1.77105273388501,-0.401417210610984,0.000363691875676088,-0.01103417322105,"descenso"
620642961,"cohesion",40,99.9873212597486,-0.0938911606135343,0.401358591720007,-4.68460998297856e-05,"sin tendencia"
620642961,"ed",40,7.70083054470552,0.217364467721744,0.0502151032541799,0.0374825472024193,"sin tendencia"
620642961,"lpi",40,98.3554437328454,-0.228243687937932,0.0401494739038078,-0.00831739166598311,"descenso"
620642961,"mesh",40,2146.12878276421,-0.230226270545516,0.0380159925834346,-0.363685620894387,"descenso"
620642961,"np",40,2.25,0.0986133682178185,0.433611440593483,0,"sin tendencia"
620642961,"pd",40,0.10142211258882,0.187981733165217,0.132604954016391,8.16340459283203e-19,"sin tendencia"
620642985,"cohesion",40,100,NA,NA,NA,"sin tendencia"
620642985,"ed",40,0,NA,NA,NA,"sin tendencia"
620642985,"lpi",40,100,NA,NA,NA,"sin tendencia"
620642985,"mesh",40,911.238533803827,NA,NA,NA,"sin tendencia"
620642985,"np",40,1,NA,NA,NA,"sin tendencia"
620642985,"pd",40,0.109740749858948,NA,NA,NA,"sin tendencia"
620643008,"cohesion",40,99.9995223465697,-0.743778206024339,6.05458188058665e-11,-5.77521845660353e-06,"descenso"
620643008,"ed",40,0.202732223107044,0.788023341589497,3.37064553199019e-12,0.010895397786913,"incremento"
620643008,"lpi",40,99.9529004349471,-0.751790179518318,3.76646103639821e-11,-0.00236384266263201,"descenso"
620643008,"mesh",40,3899.23594264246,-0.751790179518318,3.76646103639821e-11,-0.184442029876945,"descenso"
620643008,"np",40,1.15,0.47904820163234,0.000279426722772878,0,"descenso"
620643008,"pd",40,0.0294651993746818,0.47904820163234,0.000279426722772878,0,"descenso"
620644310,"cohesion",40,96.6272661209767,-0.274711394509853,0.0130644595814471,-0.0168558302825607,"descenso"
620644310,"ed",40,14.304015972354,0.662388222276095,1.95988275335651e-09,0.130852222101682,"incremento"
620644310,"lpi",40,6.54355445375278,-0.227948226729364,0.040203692998436,-0.00990401289597735,"descenso"
620644310,"mesh",40,23.7641554037607,-0.148908980201603,0.180228799277022,-0.0553848032023093,"sin tendencia"
620644310,"np",40,35.625,0.502024486057402,1.04087065352601e-05,0.25,"incremento"
620644310,"pd",40,0.660185876031089,0.499361226184419,1.15956700884893e-05,0.00463288334056905,"incremento"
620644316,"cohesion",40,99.8132810495728,-0.0461538461538462,0.683430638863361,-4.09875458280684e-05,"sin tendencia"
620644316,"ed",40,33.7681928028473,-0.246153846153846,0.0260579122316927,-0.229601726662276,"descenso"
620644316,"lpi",40,65.0015414918215,0.261538461538462,0.0180222821867531,0.099160292613009,"incremento"
620644316,"mesh",40,2281.52665510293,0.261538461538462,0.0180222821867531,6.6820611099587,"incremento"
620644316,"np",40,25.525,-0.20191569032661,0.0783662854808553,-0.0754985754985755,"sin tendencia"
620644316,"pd",40,0.473868066927485,-0.189880980307143,0.0979995250172779,-0.00140162052996234,"sin tendencia"
620644335,"cohesion",40,99.9708945904396,0.562950689384234,5.21884554082794e-07,0.00124222106366148,"incremento"
620644335,"ed",40,12.3879726575002,-0.528911810491234,2.42947396441351e-06,-0.381072646089582,"descenso"
620644335,"lpi",40,96.1869235598049,0.577738071241633,2.64532523206998e-07,0.174517520562718,"incremento"
620644335,"mesh",40,1768.96750800387,0.577738071241633,2.64532523206998e-07,6.42228397794916,"incremento"
620644335,"np",40,3.1,-0.658364615695826,6.38689125925181e-08,-0.111111111111111,"descenso"
620644335,"pd",40,0.162254048858162,-0.661310318674331,5.57677497847186e-08,-0.00581555730674416,"descenso"
620645672,"cohesion",40,97.8514381457292,0.329698592521115,0.00285561765787179,0.00949651903830818,"incremento"
620645672,"ed",40,38.1464701276027,-0.422065513383062,0.000132481793408515,-0.13549639739354,"descenso"
620645672,"lpi",40,27.3074833627597,-0.160772535297148,0.148378054079757,-0.0452714020553208,"sin tendencia"
620645672,"mesh",40,51.127419735821,-0.157793489805826,0.155164858230445,-0.174093847783112,"sin tendencia"
620645672,"np",40,12.275,-0.680614738578501,9.89786123088218e-09,-0.111111111111111,"descenso"
620645672,"pd",40,1.8070063449567,-0.680614738578501,9.89786123088218e-09,-0.0163566992075737,"descenso"
620645686,"cohesion",40,99.9202245335384,0.00385854084713155,0.981402168149558,0,"sin tendencia"
620645686,"ed",40,14.2227330409398,-0.0527333915774645,0.641057510641553,-0.0163992046667141,"sin tendencia"
620645686,"lpi",40,93.6978236886972,0.240515712804533,0.0301642863466741,0.041521193474762,"incremento"
620645686,"mesh",40,4039.940531637,0.240515712804533,0.0301642863466741,3.62561580394581,"incremento"
620645686,"np",40,12.425,-0.0458522278763201,0.691122230531056,-0.0289915966386555,"sin tendencia"
620645686,"pd",40,0.270134873651076,-0.0548030211837009,0.632120610278684,-0.000630313182690233,"sin tendencia"
620645692,"cohesion",40,95.9294778085705,0.382985171285682,0.000558896867809886,0.00360532236822897,"incremento"
620645692,"ed",40,18.2001854510441,0.0426369400150404,0.709046376040539,9.33318781736649e-13,"sin tendencia"
620645692,"lpi",40,9.04491017964072,0.5850938912742,1.68669850260171e-07,0.0165186867644023,"incremento"
620645692,"mesh",40,3.15397467484093,0.578991050192832,1.76185455385065e-07,0.0114513746020777,"incremento"
620645692,"np",40,3.925,0.0143117001449087,0.919365194186364,0,"sin tendencia"
620645692,"pd",40,1.01900463271234,0.0174920779548884,0.899303116196797,0,"sin tendencia"
620645698,"cohesion",40,99.9946843921855,0.452987061113566,4.86902903912996e-05,0.000211462035294119,"incremento"
620645698,"ed",40,2.40626565043137,-0.505208473893937,5.64570067975234e-06,-0.0771411320595631,"descenso"
620645698,"lpi",40,99.4474808816914,0.490950495125494,1.07946168578479e-05,0.019356861462124,"incremento"
620645698,"mesh",40,2028.33894326737,0.4919257769686,1.02427780835829e-05,0.79143078476662,"incremento"
620645698,"np",40,1.95,-0.529638748199305,2.29385438211284e-05,-0.0384615384615385,"descenso"
620645698,"pd",40,0.0950797707330612,-0.545396761191927,8.80366976890794e-06,-0.00187534064562251,"descenso"
620645704,"cohesion",40,99.3308638222996,-0.0397690909266715,0.726672865399689,-0.000979916503552978,"sin tendencia"
620645704,"ed",40,22.4500717397724,-0.0525978299352752,0.641163236353334,-0.0256450955606791,"sin tendencia"
620645704,"lpi",40,48.9330345373056,0.160565487516078,0.148433178287055,0.0385700754801728,"sin tendencia"
620645704,"mesh",40,419.93095037504,0.157793489805826,0.155164858230445,0.668375675974037,"sin tendencia"
620645704,"np",40,15.75,-0.0468923143223847,0.696016354522544,0,"sin tendencia"
620645704,"pd",40,0.900162026636825,-0.0468923143223847,0.696016354522544,0,"sin tendencia"
620645711,"cohesion",40,97.3605218326482,NA,NA,NA,"sin tendencia"
620645711,"ed",40,0,NA,NA,NA,"sin tendencia"
620645711,"lpi",40,71.0271317829457,NA,NA,NA,"sin tendencia"
620645711,"mesh",40,49.2929302378993,NA,NA,NA,"sin tendencia"
620645711,"np",40,10,NA,NA,NA,"sin tendencia"
620645711,"pd",40,10.502997930119,NA,NA,NA,"sin tendencia"
620645734,"cohesion",40,84.8586119056664,0.358382168135886,0.00119677620537184,0.130050429718422,"incremento"
620645734,"ed",40,18.1446971014213,-0.098908340309904,0.375801317365949,-0.0547317462301743,"sin tendencia"
620645734,"lpi",40,1.44311767260096,0.0890341110309578,0.427847453567938,0.00530841282035378,"sin tendencia"
620645734,"mesh",40,0.349526624320903,0.104046435910419,0.351195657264943,0.00260878682092978,"sin tendencia"
620645734,"np",40,23.175,-0.297565946819314,0.00872258467214888,-0.212406015037594,"descenso"
620645734,"pd",40,2.1814676533988,-0.289630854904133,0.0106956626763816,-0.0199938231366494,"descenso"
620645752,"cohesion",40,100,NA,NA,NA,"sin tendencia"
620645752,"ed",40,0,NA,NA,NA,"sin tendencia"
620645752,"lpi",40,100,NA,NA,NA,"sin tendencia"
620645752,"mesh",40,3374.26730124268,NA,NA,NA,"sin tendencia"
620645752,"np",40,1,NA,NA,NA,"sin tendencia"
620645752,"pd",40,0.0296360634983399,NA,NA,NA,"sin tendencia"
620645763,"cohesion",40,99.9990507028985,-0.0776022708696775,0.559053880561741,0,"sin tendencia"
620645763,"ed",40,0.522973783800832,0.0776022708696775,0.559053880561741,0,"sin tendencia"
620645763,"lpi",40,99.910447761194,-0.0776022708696775,0.559053880561741,0,"sin tendencia"
620645763,"mesh",40,215.960412432312,-0.0776022708696775,0.559053880561741,0,"sin tendencia"
620645763,"np",40,1,NA,NA,NA,"sin tendencia"
620645763,"pd",40,0.462221486732743,-Inf,0,0,"descenso"
620647048,"cohesion",40,90.5445321370984,-0.125802414308251,0.258348234876249,-0.00329472033668665,"sin tendencia"
620647048,"ed",40,33.3546659049112,-0.033376150734842,0.770810101464652,-0.0061409484502557,"sin tendencia"
620647048,"lpi",40,3.64312350173133,0.083123893354581,0.462188978535318,0.00235892989887067,"sin tendencia"
620647048,"mesh",40,1.91878526068842,0.0770218863111738,0.491764946760552,0.00238408603569884,"sin tendencia"
620647048,"np",40,36.475,-0.224804742665456,0.0500104822350679,-0.0967741935483871,"sin tendencia"
620647048,"pd",40,3.51021884653401,-0.227480989601949,0.0473288095413799,-0.00931318980265053,"descenso"
620647068,"cohesion",40,96.6187444173833,-0.239897419460889,0.0302165945860867,-0.0147434977389446,"descenso"
620647068,"ed",40,10.4114122528782,-0.00128287390086037,1,-0.000127855949480064,"sin tendencia"
620647068,"lpi",40,6.5758041778803,-0.0914960609080227,0.414470057146628,-0.010952168411501,"sin tendencia"
620647068,"mesh",40,15.8997718567279,-0.0910840469610864,0.414713055664525,-0.0440422558520804,"sin tendencia"
620647068,"np",40,28.875,-0.0459476241221047,0.697795517056718,0,"sin tendencia"
620647068,"pd",40,0.802201295193173,-0.0297308156084207,0.80483181862624,0,"sin tendencia"
620647080,"cohesion",40,98.1553706570984,0.681268994010359,7.47058384184495e-10,0.0741981183762555,"incremento"
620647080,"ed",40,79.3244359882225,-0.269159205573091,0.0153081009148285,-0.268178162249168,"descenso"
620647080,"lpi",40,35.6379310344828,0.749376521476468,1.4392350799259e-11,1.06980119634061,"incremento"
620647080,"mesh",40,142.96960747583,0.740509776098217,2.20011473906871e-11,6.71645075893699,"incremento"
620647080,"np",40,26.35,-0.585465205182327,1.94985731122023e-07,-0.767948717948718,"descenso"
620647080,"pd",40,2.81389284045422,-0.585465205182327,1.94985731122023e-07,-0.0820085540520643,"descenso"
620647101,"cohesion",40,99.9434544031625,0.232565127354766,0.0367984575118872,0.000691776263814827,"incremento"
620647101,"ed",40,32.8485478999477,-0.13953907641286,0.211983471478835,-0.266675323549047,"sin tendencia"
620647101,"lpi",40,91.7735381565907,0.176175262691219,0.115117744639284,0.0995327764406127,"sin tendencia"
620647101,"mesh",40,787.23925386778,0.170547760060162,0.126491600930458,1.76210842601388,"sin tendencia"
620647101,"np",40,2.35,-0.328154798641146,0.00728051413672498,-0.027027027027027,"descenso"
620647101,"pd",40,0.252446685630571,-0.328154798641146,0.00728051413672498,-0.00290335463634929,"descenso"
620647139,"cohesion",40,99.9963243784804,-0.522983528306764,5.50029502506709e-06,-0.000142382115502105,"descenso"
620647139,"ed",40,2.62847428971032,0.633415087761931,3.57176793800178e-08,0.133567472418122,"incremento"
620647139,"lpi",40,99.4631381649411,-0.522983528306764,5.50029502506709e-06,-0.0209330740352267,"descenso"
620647139,"mesh",40,511.324082254528,-0.522983528306764,5.50029502506709e-06,-0.215721530908291,"descenso"
620647139,"np",40,1,NA,NA,NA,"sin tendencia"
620647139,"pd",40,0.193486145374559,0.0985573929929141,0.472205843965249,0,"sin tendencia"
620648502,"cohesion",40,99.9844725069357,NA,NA,NA,"sin tendencia"
620648502,"ed",40,0,NA,NA,NA,"sin tendencia"
620648502,"lpi",40,99.9536929844871,NA,NA,NA,"sin tendencia"
620648502,"mesh",40,398.096179126529,NA,NA,NA,"sin tendencia"
620648502,"np",40,2,NA,NA,NA,"sin tendencia"
620648502,"pd",40,0.501926087685528,NA,NA,NA,"sin tendencia"
620649809,"cohesion",40,94.480680337978,0.205391696829797,0.0639159027603978,0.00736868175557781,"sin tendencia"
620649809,"ed",40,21.6090161994012,0.445729793344632,5.52855824717358e-05,0.050475279108949,"incremento"
620649809,"lpi",40,2.66331191247544,-0.479225169403795,1.82376308360514e-05,-0.00360479541530049,"descenso"
620649809,"mesh",40,2.98058131846728,0.341463695979537,0.00201546877315176,0.0105179283557483,"incremento"
620649809,"np",40,15.125,0.139359234765229,0.242955087072572,0,"sin tendencia"
620649809,"pd",40,0.870685085194262,0.112613523042609,0.346574368550119,4.53341068388606e-18,"sin tendencia"
620649813,"cohesion",40,98.918608273776,0.0963392925096468,0.388493753701317,0.000457723080043243,"sin tendencia"
620649813,"ed",40,17.4824522453264,-0.0166988107016721,0.888785703558443,-0.00187913745217933,"sin tendencia"
620649813,"lpi",40,23.9038099530716,0.12741407711984,0.253343195835707,0.0111597810413994,"sin tendencia"
620649813,"mesh",40,198.973879032106,0.124598818312476,0.263256564790831,0.18127241166164,"sin tendencia"
620649813,"np",40,34.325,-0.0751340880758043,0.522771306155242,0,"sin tendencia"
620649813,"pd",40,0.986430248635308,-0.0887948313623142,0.448793851793534,0,"sin tendencia"
620649831,"cohesion",40,99.551508279575,-0.0435897435897436,0.700619648328836,-7.08227689139912e-05,"sin tendencia"
620649831,"ed",40,27.7907568204367,0.0692307692307692,0.536901795304878,0.050631903014092,"sin tendencia"
620649831,"lpi",40,51.2723826624769,-0.0794871794871795,0.477262035081051,-0.0274327896653173,"sin tendencia"
620649831,"mesh",40,487.525434385657,-0.0794871794871795,0.477262035081051,-0.519915990775289,"sin tendencia"
620649831,"np",40,9.825,0.165013356309061,0.158981302852888,0.0392307692307692,"sin tendencia"
620649831,"pd",40,0.531169121715042,0.167270880114819,0.152284104667147,0.00212093366274944,"sin tendencia"
620649844,"cohesion",40,97.9265658665769,-0.660663504588496,2.38350381463418e-09,-0.0481884373079013,"descenso"
620649844,"ed",40,59.5148321788564,-0.385065083571073,0.000512209876182734,-0.624357658556573,"descenso"
620649844,"lpi",40,14.1495457991237,-0.668429673151978,1.82949091195458e-09,-0.343857473863641,"descenso"
620649844,"mesh",40,182.058055985392,-0.619452525744769,2.1913947851491e-08,-7.9950214421691,"descenso"
620649844,"np",40,178.625,0.198972386736855,0.0743610481558927,0.607692307692308,"sin tendencia"
620649844,"pd",40,2.48767572683199,0.198972386736855,0.0743610481558927,0.00846321289421232,"sin tendencia"
620649849,"cohesion",40,99.9896505087746,-0.0920341018398537,0.413781721815743,-2.91883348271528e-05,"sin tendencia"
620649849,"ed",40,12.2739950128897,0.0129540634331779,0.916321290610013,0,"sin tendencia"
620649849,"lpi",40,97.0877505327615,-0.11933368186038,0.288005953279457,-0.0117442021575304,"sin tendencia"
620649849,"mesh",40,3224.46057107216,-0.120551710860653,0.282773893423101,-0.781303800205255,"sin tendencia"
620649849,"np",40,1.825,-0.0611735542714639,0.635759105377896,0,"sin tendencia"
620649849,"pd",40,0.0533607032494029,-0.108752985371491,0.393911233714391,0,"sin tendencia"
620649859,"cohesion",40,100,NA,NA,NA,"sin tendencia"
620649859,"ed",40,0,NA,NA,NA,"sin tendencia"
620649859,"lpi",40,100,NA,NA,NA,"sin tendencia"
620649859,"mesh",40,49.4506281378043,NA,NA,NA,"sin tendencia"
620649859,"np",40,1,NA,NA,NA,"sin tendencia"
620649859,"pd",40,2.02221900440434,NA,NA,NA,"sin tendencia"
620649860,"cohesion",40,100,NA,NA,NA,"sin tendencia"
620649860,"ed",40,0,NA,NA,NA,"sin tendencia"
620649860,"lpi",40,100,NA,NA,NA,"sin tendencia"
620649860,"mesh",40,157.20871332962,NA,NA,NA,"sin tendencia"
620649860,"np",40,1,NA,NA,NA,"sin tendencia"
620649860,"pd",40,0.636097057739602,NA,NA,NA,"sin tendencia"
620651185,"cohesion",40,83.8827660655149,-0.71951814967127,4.75421591303764e-10,-0.0804591635888482,"descenso"
620651185,"ed",40,2.91106352211069,-0.119021841544898,0.307893845454147,0,"sin tendencia"
620651185,"lpi",40,0.639250047107594,-0.71951814967127,4.75421591303764e-10,-0.00579785769158295,"descenso"
620651185,"mesh",40,0.0203175000388694,-0.71951814967127,4.75421591303764e-10,-0.000354756209367639,"descenso"
620651185,"np",40,1,NA,NA,NA,"sin tendencia"
620651185,"pd",40,0.204241452111698,NA,NA,NA,"sin tendencia"
620651189,"cohesion",40,99.9995169658587,-0.105411933113473,0.350409344731106,-5.48787411076106e-06,"sin tendencia"
620651189,"ed",40,0.758874434427116,0.11689297502988,0.298974358398604,0.00839661549980687,"sin tendencia"
620651189,"lpi",40,99.8518314850457,-0.123794921316367,0.272462556448923,-0.00203668061792841,"sin tendencia"
620651189,"mesh",40,3010.96221197225,-0.126234043358109,0.26247745313799,-0.122957021379307,"sin tendencia"
620651189,"np",40,1.05,0.0492864058090144,0.732866922346619,0,"sin tendencia"
620651189,"pd",40,0.0347693415118595,0.209467224688311,0.120798908265273,0,"sin tendencia"
620651207,"cohesion",40,78.3750019467468,-0.0372992281889383,0.744167327914826,-0.00566980655568062,"sin tendencia"
620651207,"ed",40,8.44344877978559,-0.52483153102112,2.20994187041851e-06,-0.08862603340287,"descenso"
620651207,"lpi",40,0.52026286966046,-0.339646260549397,0.00297499136577054,-0.00257715353392177,"descenso"
620651207,"mesh",40,0.0350375658950436,-0.430870394596356,9.91073931648868e-05,-0.000418468564331023,"descenso"
620651207,"np",40,8.875,-0.716762683290364,3.73379348114628e-09,-0.0863354037267081,"descenso"
620651207,"pd",40,1.05363590407404,-0.673904708413208,2.98477325036375e-08,-0.0102496992855422,"descenso"
620651216,"cohesion",40,99.7819482223154,-0.489697227395051,9.91850331928553e-06,-0.00332583807638327,"descenso"
620651216,"ed",40,74.9237770585645,0.146909168218515,0.187664009029,0.170928015768891,"sin tendencia"
620651216,"lpi",40,66.3051919236743,-0.481891159714217,1.48322102803374e-05,-0.319128397672884,"descenso"
620651216,"mesh",40,2036.34127978867,-0.494851935051841,7.98519743779205e-06,-19.82575117909,"descenso"
620651216,"np",40,63.35,0.43683637625313,0.000103468526104962,0.571428571428571,"incremento"
620651216,"pd",40,1.38503055101554,0.440771839102257,8.95121662647901e-05,0.0124932285580385,"incremento"
620651220,"cohesion",40,99.0218397919081,-0.393803528368607,0.000404220147088779,-0.00974498579050593,"descenso"
620651220,"ed",40,87.6531562371868,-0.593296105239547,9.54627545486535e-08,-0.754618290315286,"descenso"
620651220,"lpi",40,47.4481674692349,-0.707291863451512,1.98503951079202e-10,-0.56801372234287,"descenso"
620651220,"mesh",40,174.55313794692,-0.6554756097188,3.73499075033602e-09,-3.56681213565515,"descenso"
620651220,"np",40,14.95,-0.234529116587796,0.0400536669670081,-0.166666666666667,"descenso"
620651220,"pd",40,2.16752880236822,-0.234529116587796,0.0400536669670081,-0.0241642006952979,"descenso"
620651225,"cohesion",40,99.9964194663757,-0.508098095505685,4.81974798397625e-06,-8.81254366441803e-05,"descenso"
620651225,"ed",40,3.23811668274879,0.712371630085578,1.40383755357753e-10,0.0801096745102043,"incremento"
620651225,"lpi",40,99.2490944775095,-0.677906192071374,1.05440363833954e-09,-0.0180838559035828,"descenso"
620651225,"mesh",40,5695.493749026,-0.677906192071374,1.05440363833954e-09,-2.07675632905541,"descenso"
620651225,"np",40,2.925,0.519004122844139,1.50332787473513e-05,0.0769230769230769,"incremento"
620651225,"pd",40,0.0505885490115847,0.49290894348326,3.9570774434894e-05,0.00133040234087008,"incremento"
620651227,"cohesion",40,85.552069657254,-0.0628608211421582,0.575965442375475,-0.00470406499283871,"sin tendencia"
620651227,"ed",40,17.6014780191668,0.147720248514792,0.184016788705172,0.0443989767885023,"sin tendencia"
620651227,"lpi",40,0.216278735287772,0.288906779644333,0.00986771348732095,0.000553177914924925,"incremento"
620651227,"mesh",40,0.275628337885276,0.13726750739206,0.216795709660381,0.000861956200410112,"sin tendencia"
620651227,"np",40,122.35,0.34961019667423,0.00176296746692469,0.376689189189189,"incremento"
620651227,"pd",40,1.58947567443428,0.352209528991511,0.00162799019909488,0.00489365184338854,"incremento"
620651235,"cohesion",40,100,NA,NA,NA,"sin tendencia"
620651235,"ed",40,0,NA,NA,NA,"sin tendencia"
620651235,"lpi",40,100,NA,NA,NA,"sin tendencia"
620651235,"mesh",40,690.002328047083,NA,NA,NA,"sin tendencia"
620651235,"np",40,1,NA,NA,NA,"sin tendencia"
620651235,"pd",40,0.14492704725074,NA,NA,NA,"sin tendencia"
620651236,"cohesion",40,99.9999358001454,0.150664009240993,0.185678541063207,7.22705358529112e-07,"sin tendencia"
620651236,"ed",40,0.192824124873472,-0.0710772470765086,0.535011100154294,-0.000391566683887006,"sin tendencia"
620651236,"lpi",40,99.9699903896716,0.150664009240993,0.185678541063207,0.000337889340862968,"sin tendencia"
620651236,"mesh",40,5084.91870489479,0.150664009240993,0.185678541063207,0.0343764442901607,"sin tendencia"
620651236,"np",40,1,NA,NA,NA,"sin tendencia"
620651236,"pd",40,0.0196541983787246,NA,NA,NA,"sin tendencia"
620651256,"cohesion",40,99.999978297676,-0.461794968764118,9.46927298717828e-05,-9.45148990841407e-07,"descenso"
620651256,"ed",40,0.0629725351715209,0.411290507693921,0.000517768410507088,0.00273242055601601,"incremento"
620651256,"lpi",40,99.9891958512069,-0.461794968764118,9.46927298717828e-05,-0.000470551061978176,"descenso"
620651256,"mesh",40,5762.7050798241,-0.461794968764118,9.46927298717828e-05,-0.0542414025093994,"descenso"
620651256,"np",40,1,NA,NA,NA,"sin tendencia"
620651256,"pd",40,0.0173492122797279,-Inf,0,0,"descenso"
620652565,"cohesion",40,90.1476017582225,NA,NA,NA,"sin tendencia"
620652565,"ed",40,0,NA,NA,NA,"sin tendencia"
620652565,"lpi",40,52.5641025641026,NA,NA,NA,"sin tendencia"
620652565,"mesh",40,2.60926343449156,NA,NA,NA,"sin tendencia"
620652565,"np",40,4,NA,NA,NA,"sin tendencia"
620652565,"pd",40,55.5850967378606,NA,NA,NA,"sin tendencia"
620652596,"cohesion",40,91.6330339106295,NA,NA,NA,"sin tendencia"
620652596,"ed",40,0,NA,NA,NA,"sin tendencia"
620652596,"lpi",40,44.1340782122905,NA,NA,NA,"sin tendencia"
620652596,"mesh",40,5.08247148393325,NA,NA,NA,"sin tendencia"
620652596,"np",40,7,NA,NA,NA,"sin tendencia"
620652596,"pd",40,42.3875179034524,NA,NA,NA,"sin tendencia"
620652602,"cohesion",40,99.9917673197244,-0.0116662945994181,0.92561550143465,0,"sin tendencia"
620652602,"ed",40,7.44142954455982,-0.639053693057012,9.36754707747418e-09,-0.189293459974844,"descenso"
620652602,"lpi",40,98.5178945451234,0.558488658476091,5.50499763752962e-07,0.036695327282478,"incremento"
620652602,"mesh",40,1966.6538575472,0.55682363672699,5.85904146985019e-07,1.46034080376846,"incremento"
620652602,"np",40,1.925,0.263947637982421,0.0375298910749618,0,"descenso"
620652602,"pd",40,0.0950061728803134,0.263947637982421,0.0375298910749618,0,"descenso"
620652607,"cohesion",40,99.6889271107078,0.164102564102564,0.138958294570753,0.00420151511785557,"sin tendencia"
620652607,"ed",40,50.2405336597313,-0.287179487179487,0.00937191589417117,-0.515865347196414,"descenso"
620652607,"lpi",40,72.0107790910604,0.258974358974359,0.0191880165372879,0.31763537777355,"incremento"
620652607,"mesh",40,594.365043693285,0.258974358974359,0.0191880165372879,5.50454392508857,"incremento"
620652607,"np",40,8,-0.183384858582379,0.108250607632738,-0.125,"sin tendencia"
620652607,"pd",40,0.721764199359602,-0.183384858582379,0.108250607632738,-0.0112775656149938,"sin tendencia"
620652622,"cohesion",40,100,NA,NA,NA,"sin tendencia"
620652622,"ed",40,0,NA,NA,NA,"sin tendencia"
620652622,"lpi",40,100,NA,NA,NA,"sin tendencia"
620652622,"mesh",40,2982.81391470654,NA,NA,NA,"sin tendencia"
620652622,"np",40,1,NA,NA,NA,"sin tendencia"
620652622,"pd",40,0.033525390071086,NA,NA,NA,"sin tendencia"
620652628,"cohesion",40,99.9998690214524,-0.0248380138641641,0.847525945318476,0,"sin tendencia"
620652628,"ed",40,0.152240702320544,0.0217332621311436,0.86765388549255,0,"sin tendencia"
620652628,"lpi",40,99.9761427898209,-0.0248380138641641,0.847525945318476,0,"sin tendencia"
620652628,"mesh",40,782.71779966106,-0.0248380138641641,0.847525945318476,0,"sin tendencia"
620652628,"np",40,1,NA,NA,NA,"sin tendencia"
620652628,"pd",40,0.127699032326612,NA,NA,NA,"sin tendencia"
620653963,"cohesion",40,96.706410731589,-0.604233607305235,4.34168987398162e-08,-0.0905954572372769,"descenso"
620653963,"ed",40,54.9794338373399,-0.714560762779227,9.26911588193169e-11,-0.659013336279339,"descenso"
620653963,"lpi",40,9.31523874732079,-0.716143936553356,1.04544254606318e-10,-0.0790443084739345,"descenso"
620653963,"mesh",40,50.1288419811449,-0.658114311141371,2.43535824030251e-09,-1.19687842715246,"descenso"
620653963,"np",40,78.7,0.408466546716002,0.000278691312675872,0.710084033613445,"incremento"
620653963,"pd",40,2.53940428394499,0.405534133896292,0.000294580142585266,0.0229122037727944,"incremento"
620653975,"cohesion",40,99.9963581225543,0.432788830827207,0.000106514543514038,6.31915065399957e-05,"incremento"
620653975,"ed",40,5.36600978734741,-0.33870273237188,0.00225379018224125,-0.060695007245575,"descenso"
620653975,"lpi",40,99.051837083452,0.431773694316809,0.000111617214500843,0.016430899712016,"incremento"
620653975,"mesh",40,1589.09207642848,0.431773694316809,0.000111617214500843,0.52896056320504,"incremento"
620653975,"np",40,1,NA,NA,NA,"sin tendencia"
620653975,"pd",40,0.061743627818848,NA,NA,NA,"sin tendencia"
620653983,"cohesion",40,96.0470303027657,0.425641025641026,0.000115025653964201,0.027998454307607,"incremento"
620653983,"ed",40,44.2061118103638,-0.271794871794872,0.013956996067476,-0.178829493162245,"descenso"
620653983,"lpi",40,13.3428529584066,-0.0631043113544567,0.575792627194712,-0.010328315631288,"sin tendencia"
620653983,"mesh",40,35.0848698162554,-0.0230769230769231,0.842992183820956,-0.0182366189115045,"sin tendencia"
620653983,"np",40,44.85,-0.356138710870127,0.00174718065042742,-0.2,"descenso"
620653983,"pd",40,2.84788142812559,-0.356138710870127,0.00174718065042742,-0.0126995827341164,"descenso"
620653984,"cohesion",40,99.9910585548004,-0.221369656653476,0.0473210863912631,-8.94669482164545e-05,"descenso"
620653984,"ed",40,11.7231080620296,0.142123133383468,0.203565232886479,0.0682667524359695,"sin tendencia"
620653984,"lpi",40,97.9117708045341,-0.221369656653476,0.0473210863912631,-0.0207354160906921,"descenso"
620653984,"mesh",40,1279.82522667868,-0.221369656653476,0.0473210863912631,-0.542991930607195,"descenso"
620653984,"np",40,1,NA,NA,NA,"sin tendencia"
620653984,"pd",40,0.074917707104526,-Inf,0,0,"descenso"
620653998,"cohesion",40,100,NA,NA,NA,"sin tendencia"
620653998,"ed",40,0,NA,NA,NA,"sin tendencia"
620653998,"lpi",40,100,NA,NA,NA,"sin tendencia"
620653998,"mesh",40,188.02309728572,NA,NA,NA,"sin tendencia"
620653998,"np",40,1,NA,NA,NA,"sin tendencia"
620653998,"pd",40,0.531849551696513,NA,NA,NA,"sin tendencia"
620654004,"cohesion",40,99.9998490855492,0.310316445417088,0.0202437444741189,0,"descenso"
620654004,"ed",40,0.374935083851531,-0.310316445417088,0.0202437444741189,0,"descenso"
620654004,"lpi",40,99.9448194892868,0.310316445417088,0.0202437444741189,0,"descenso"
620654004,"mesh",40,3139.79232643797,0.310316445417088,0.0202437444741189,0,"descenso"
620654004,"np",40,1,NA,NA,NA,"sin tendencia"
620654004,"pd",40,0.0318141880360517,NA,NA,NA,"sin tendencia"
620655299,"cohesion",40,99.9941241492738,-0.393842287564134,0.000363220520848758,-0.000264174143421693,"descenso"
620655299,"ed",40,4.09294041782729,0.320924526296557,0.00371378999834346,0.0370279685135963,"incremento"
620655299,"lpi",40,98.6358253778353,-0.293778123297025,0.00789292446106995,-0.0300472486092807,"descenso"
620655299,"mesh",40,3676.41280152573,-0.293778123297025,0.00789292446106995,-2.23611477456108,"descenso"
620655299,"np",40,1.625,0.645243907811526,3.86075747093979e-07,0.032258064516129,"incremento"
620655299,"pd",40,0.0430049259682342,0.645243907811526,3.86075747093979e-07,0.000853695800858246,"incremento"
620655311,"cohesion",40,98.7830801180435,-0.358974358974359,0.00115146110032372,-0.00542347385773544,"descenso"
620655311,"ed",40,14.130162312391,0.179487179487179,0.105341058564677,0.0510419002446335,"sin tendencia"
620655311,"lpi",40,18.0475116923852,-0.0397690909266715,0.726672865399689,-0.00583452357614281,"sin tendencia"
620655311,"mesh",40,215.367242207595,-0.0384615384615385,0.735453618117175,-0.136133904492181,"sin tendencia"
620655311,"np",40,46.05,0.623672418492252,4.10729757816672e-08,0.382783882783883,"incremento"
620655311,"pd",40,0.698938964953376,0.619683042681001,5.00853078210223e-08,0.00580982781398049,"incremento"
620655327,"cohesion",40,99.9830135900129,-0.448153559499656,6.41827653861231e-05,-0.000304924002486236,"descenso"
620655327,"ed",40,6.89042274264594,0.476264350763115,2.11087815529047e-05,0.0761272950557814,"incremento"
620655327,"lpi",40,98.0556429620306,-0.43247471776789,0.000114956845974042,-0.0414545073135378,"descenso"
620655327,"mesh",40,1691.53352810861,-0.43247471776789,0.000114956845974042,-1.43717818165233,"descenso"
620655327,"np",40,2.1,0.751081867220098,1.19538151960748e-09,0.0555555555555556,"incremento"
620655327,"pd",40,0.119373280436509,0.751081867220098,1.19538151960748e-09,0.00315802329197114,"incremento"
620655351,"cohesion",40,99.9793325007809,0.583760322620549,2.06984609891429e-07,0.000729230961759815,"incremento"
620655351,"ed",40,10.2533229442596,-0.569055925460504,3.21405207066283e-07,-0.306684213064473,"descenso"
620655351,"lpi",40,98.3004866180049,0.599502174017058,9.64422181074872e-08,0.0618481275415587,"incremento"
620655351,"mesh",40,183.216428030438,0.599502174017058,9.64422181074872e-08,0.230463362309825,"incremento"
620655351,"np",40,1.05,-0.131430415490705,0.336106879654208,0,"sin tendencia"
620655351,"pd",40,0.553822314212991,-0.529828862446905,7.137406047808e-05,0,"descenso"
620655356,"cohesion",40,97.477852352011,0.256410256410256,0.0204191298581656,0.00777920022507514,"incremento"
620655356,"ed",40,35.6928461239948,0.0615384615384615,0.583967534206333,0.0333512863805323,"sin tendencia"
620655356,"lpi",40,17.2590559824369,-0.461738721373408,3.01043476686848e-05,-0.0466639105497503,"descenso"
620655356,"mesh",40,89.9358589920333,-0.287179487179487,0.00937191589417117,-0.426948327009812,"descenso"
620655356,"np",40,47.85,-0.185010170466738,0.109139929647263,-0.0571428571428571,"sin tendencia"
620655356,"pd",40,2.27728053298263,-0.185010170466738,0.109139929647263,-0.00271954683741767,"sin tendencia"
620655359,"cohesion",40,99.9999978937936,0.00885962389922918,0.964086329939759,0,"sin tendencia"
620655359,"ed",40,0.00659358904525171,-0.00885962389922918,0.964086329939759,0,"sin tendencia"
620655359,"lpi",40,99.9986731822597,0.00885962389922918,0.964086329939759,0,"sin tendencia"
620655359,"mesh",40,9212.97955705968,0.00885962389922918,0.964086329939759,0,"sin tendencia"
620655359,"np",40,1,NA,NA,NA,"sin tendencia"
620655359,"pd",40,0.010853963794281,Inf,0,0,"descenso"
620655374,"cohesion",40,100,NA,NA,NA,"sin tendencia"
620655374,"ed",40,0,NA,NA,NA,"sin tendencia"
620655374,"lpi",40,100,NA,NA,NA,"sin tendencia"
620655374,"mesh",40,613.9812131506,NA,NA,NA,"sin tendencia"
620655374,"np",40,1,NA,NA,NA,"sin tendencia"
620655374,"pd",40,0.162871432965933,NA,NA,NA,"sin tendencia"
620655380,"cohesion",40,99.9999707881075,0.481717014492204,0.000241196086434951,0,"descenso"
620655380,"ed",40,0.0526944145576989,-0.481717014492204,0.000241196086434951,0,"descenso"
620655380,"lpi",40,99.9919972712007,0.481717014492204,0.000241196086434951,0,"descenso"
620655380,"mesh",40,1757.79924243639,0.481717014492204,0.000241196086434951,0,"descenso"
620655380,"np",40,1,NA,NA,NA,"sin tendencia"
620655380,"pd",40,0.056880215490569,NA,NA,NA,"sin tendencia"
620656675,"cohesion",40,99.949869641479,-0.472076137664711,3.27822211745912e-05,-0.00332147556061628,"descenso"
620656675,"ed",40,10.5134035606527,0.459412328089665,5.41359065589816e-05,0.662599960562309,"incremento"
620656675,"lpi",40,96.620800571837,-0.434841963426368,0.000130920119794439,-0.212334722699269,"descenso"
620656675,"mesh",40,120.665519902234,-0.434841963426368,0.000130920119794439,-0.512797099727137,"descenso"
620656675,"np",40,1.025,0.223606797749979,0.0997714364192216,0,"sin tendencia"
620656675,"pd",40,0.794143760577548,0.131870675596141,0.340627677055246,0,"sin tendencia"
620656687,"cohesion",40,71.2703161332065,-0.150158929916774,0.195218185299959,-0.0057916200900957,"sin tendencia"
620656687,"ed",40,0.563069462423284,-0.128504546823196,0.268999800189472,-0.000333354722868133,"sin tendencia"
620656687,"lpi",40,0.0694497883801462,0.139797942278904,0.270981363539869,0,"sin tendencia"
620656687,"mesh",40,0.00188581760762898,-0.106631432470311,0.360087769824816,0,"sin tendencia"
620656687,"np",40,2.175,0.105495157289434,0.412621782929052,0,"sin tendencia"
620656687,"pd",40,0.0907080767754722,0.29502882970774,0.0205250348620345,0,"descenso"
620656703,"cohesion",40,99.992767606035,0.615244025413567,4.35906588708221e-08,0.00028983535538663,"incremento"
620656703,"ed",40,3.49410513893801,-0.529731492105823,2.53531464576391e-06,-0.133587022915026,"descenso"
620656703,"lpi",40,99.1155419222904,0.615244025413567,4.35906588708221e-08,0.0261071580089982,"incremento"
620656703,"mesh",40,975.054536893827,0.615244025413567,4.35906588708221e-08,0.513865591591123,"incremento"
620656703,"np",40,1.425,-0.704381889427778,4.29986948227073e-08,0,"descenso"
620656703,"pd",40,0.143574165793205,-0.704381889427778,4.29986948227073e-08,0,"descenso"
620656721,"cohesion",40,100,NA,NA,NA,"sin tendencia"
620656721,"ed",40,0,NA,NA,NA,"sin tendencia"
620656721,"lpi",40,100,NA,NA,NA,"sin tendencia"
620656721,"mesh",40,140.325383200911,NA,NA,NA,"sin tendencia"
620656721,"np",40,1,NA,NA,NA,"sin tendencia"
620656721,"pd",40,0.712629445357187,NA,NA,NA,"sin tendencia"
620656731,"cohesion",40,99.9931102134825,0.616146922119254,8.99997241503107e-08,0.000215479200119941,"incremento"
620656731,"ed",40,3.26507991724674,-0.62974839942873,4.65238512537016e-08,-0.171323489389997,"descenso"
620656731,"lpi",40,99.408485723452,0.616146922119254,8.99997241503107e-08,0.0334479455812671,"incremento"
620656731,"mesh",40,568.376561345983,0.616146922119254,8.99997241503107e-08,0.383640182239067,"incremento"
620656731,"np",40,1.3,-0.511408311956759,0.000120755812907407,0,"descenso"
620656731,"pd",40,0.22603179376079,-0.488846180546902,0.000238654671139755,0,"descenso"
620656756,"cohesion",40,100,NA,NA,NA,"sin tendencia"
620656756,"ed",40,0,NA,NA,NA,"sin tendencia"
620656756,"lpi",40,100,NA,NA,NA,"sin tendencia"
620656756,"mesh",40,1697.37435906007,NA,NA,NA,"sin tendencia"
620656756,"np",40,1,NA,NA,NA,"sin tendencia"
620656756,"pd",40,0.0589145225779042,NA,NA,NA,"sin tendencia"
620656779,"cohesion",40,99.9994437634441,-0.288965311664695,0.0158264388234283,0,"descenso"
620656779,"ed",40,0.773005102449989,0.296228879184086,0.01329153880101,0,"descenso"
620656779,"lpi",40,99.855403348554,-0.285955256334854,0.0169575103166043,0,"descenso"
620656779,"mesh",40,3263.72269030614,-0.285955256334854,0.0169575103166043,0,"descenso"
620656779,"np",40,1.075,0.159137284520867,0.238589818448424,0,"sin tendencia"
620656779,"pd",40,0.0328429615639947,0.110171966206754,0.420038180930198,0,"sin tendencia"
620658052,"cohesion",40,99.9701939169041,-0.3455369291346,0.0017894887384654,-0.00130914194105742,"descenso"
620658052,"ed",40,9.7485285627204,0.515094083951578,3.14122030206888e-06,0.380727536132502,"incremento"
620658052,"lpi",40,96.0321100917431,-0.459166360808654,3.33399539176127e-05,-0.199701070129146,"descenso"
620658052,"mesh",40,1104.80476752944,-0.461144080146176,3.02043763949123e-05,-4.56971976803486,"descenso"
620658052,"np",40,2.175,0.503568618847623,7.00219618775975e-05,0.0526315789473684,"incremento"
620658052,"pd",40,0.181751824484968,0.463088826335756,0.000256632233979544,0.00439810827549832,"incremento"
620658107,"cohesion",40,99.1140978732202,-0.74308546227595,1.87546656133639e-11,-0.0274819967292185,"descenso"
620658107,"ed",40,59.4388306714071,-0.663239190766229,2.06557051439043e-09,-1.01115529354979,"descenso"
620658107,"lpi",40,44.3368198151951,-0.544757626590514,8.65593905928449e-07,-0.361588809034907,"descenso"
620658107,"mesh",40,627.532763426607,-0.65551213223303,3.16866487169838e-09,-11.0073998529696,"descenso"
620658107,"np",40,47.675,0.0366572541924618,0.752376536358155,0,"sin tendencia"
620658107,"pd",40,1.65796265387774,0.0379664418421925,0.74352212779743,3.06633025848853e-17,"sin tendencia"
620659428,"cohesion",40,99.7983886373785,-0.535897435897436,1.18289511703751e-06,-0.00864924465764272,"descenso"
620659428,"ed",40,37.8096999256054,0.625641025641026,1.39457277270643e-08,1.06021506614849,"incremento"
620659428,"lpi",40,79.9664323374341,-0.617948717948718,2.09282285119544e-08,-0.852121516444891,"descenso"
620659428,"mesh",40,864.833580114035,-0.617948717948718,2.09282285119544e-08,-17.9390750521615,"descenso"
620659428,"np",40,7.35,0.399212995435528,0.000458026655316905,0.225806451612903,"incremento"
620659428,"pd",40,0.560051598590782,0.397882285450743,0.000478604088379802,0.0172058862854311,"incremento"
620659478,"cohesion",40,99.9940453914447,0.149069319881453,0.183400787925034,3.12758058711893e-05,"sin tendencia"
620659478,"ed",40,5.98313125488559,-0.478318078576141,1.7509959658025e-05,-0.0748291387909953,"descenso"
620659478,"lpi",40,98.6092315511929,0.460170509199269,3.61019670466078e-05,0.0207122208456428,"incremento"
620659478,"mesh",40,2824.03010514791,0.460170509199269,3.61019670466078e-05,1.184952123082,"incremento"
620659478,"np",40,1.25,0.386778958854534,0.00331254680112263,0,"descenso"
620659478,"pd",40,0.0430409712184425,0.386778958854534,0.00331254680112263,0,"descenso"
620659483,"cohesion",40,99.9999376736523,0.568405883225401,1.4583394959953e-06,3.71660422331388e-06,"incremento"
620659483,"ed",40,0.156267275642561,-0.557537117339531,2.7616719863849e-06,-0.00748791429608597,"descenso"
620659483,"lpi",40,99.9669366197183,0.568405883225401,1.4583394959953e-06,0.00197183098591722,"incremento"
620659483,"mesh",40,6546.03384233006,0.568405883225401,1.4583394959953e-06,0.258285973961429,"incremento"
620659483,"np",40,1,NA,NA,NA,"sin tendencia"
620659483,"pd",40,0.0152663293857505,NA,NA,NA,"sin tendencia"
620659501,"cohesion",40,99.9788761428322,-0.602085274151783,5.84026080869188e-08,-0.000695147204646619,"descenso"
620659501,"ed",40,15.271349610775,0.67702292629943,1.05989369064409e-09,0.469837191466071,"incremento"
620659501,"lpi",40,95.4137106088104,-0.620982771363091,2.30128082333998e-08,-0.105929813280086,"descenso"
620659501,"mesh",40,1528.14505611643,-0.620173672946042,2.31137330997732e-08,-3.44073692350554,"descenso"
620659501,"np",40,1.925,0.309213548368073,0.0124871333830374,0,"descenso"
620659501,"pd",40,0.114751447439776,0.267457117226197,0.0241896600439566,1.98254111540207e-18,"incremento"
620659504,"cohesion",40,99.9979480486637,-0.191780830063609,0.153687122363961,0,"sin tendencia"
620659504,"ed",40,0.691224756457441,0.191780830063609,0.153687122363961,0,"sin tendencia"
620659504,"lpi",40,99.8600311041991,-0.191780830063609,0.153687122363961,0,"sin tendencia"
620659504,"mesh",40,118.317250927943,-0.191780830063609,0.153687122363961,0,"sin tendencia"
620659504,"np",40,1,NA,NA,NA,"sin tendencia"
620659504,"pd",40,0.842853333095107,NA,NA,NA,"sin tendencia"
620659506,"cohesion",40,100,NA,NA,NA,"sin tendencia"
620659506,"ed",40,0,NA,NA,NA,"sin tendencia"
620659506,"lpi",40,100,NA,NA,NA,"sin tendencia"
620659506,"mesh",40,289.968888494716,NA,NA,NA,"sin tendencia"
620659506,"np",40,1,NA,NA,NA,"sin tendencia"
620659506,"pd",40,0.34486458364247,NA,NA,NA,"sin tendencia"
620660804,"cohesion",40,99.4963293855978,-0.260423401874655,0.0185891687695427,-0.00117653715917875,"descenso"
620660804,"ed",40,50.6037355190393,0.334830088124557,0.00244979491811576,0.339227476616631,"incremento"
620660804,"lpi",40,56.2621135209968,-0.111610029374852,0.316316070202336,-0.0288666878422305,"sin tendencia"
620660804,"mesh",40,699.055680495567,-0.119307272780015,0.283734432325666,-0.767794797779876,"sin tendencia"
620660804,"np",40,31.2,0.524073673863534,3.75315219685018e-06,0.276819923371648,"incremento"
620660804,"pd",40,1.41871765974386,0.520103418758508,4.44351224509752e-06,0.0125874780082147,"incremento"
620660854,"cohesion",40,99.9999968420021,-0.281550580306149,0.0349507550902439,0,"descenso"
620660854,"ed",40,0.00977334794954876,0.281550580306149,0.0349507550902439,0,"descenso"
620660854,"lpi",40,99.9984733083408,-0.281550580306149,0.0349507550902439,0,"descenso"
620660854,"mesh",40,5438.57273838782,-0.281550580306149,0.0349507550902439,0,"descenso"
620660854,"np",40,1,NA,NA,NA,"sin tendencia"
620660854,"pd",40,0.0183866157722224,NA,NA,NA,"sin tendencia"
620660862,"cohesion",40,99.9606189084985,0.256410256410256,0.0204191298581656,0.000601691089114403,"incremento"
620660862,"ed",40,33.6616361574171,-0.453846153846154,3.90863265608078e-05,-0.816738657016255,"descenso"
620660862,"lpi",40,88.2446119869012,0.429762756788224,9.95403049934186e-05,0.321810558559473,"incremento"
620660862,"mesh",40,3803.46281315811,0.430769230769231,9.49697848871042e-05,28.3394223426073,"incremento"
620660862,"np",40,9.6,-0.242766826175356,0.0356742506055608,-0.211309523809524,"descenso"
620660862,"pd",40,0.198110008935487,-0.256329218699119,0.0265116754977303,-0.0043606803802144,"descenso"
620660872,"cohesion",40,99.9999594684527,0.477824874745242,0.000209330605186379,0,"descenso"
620660872,"ed",40,0.104842026649716,-0.477824874745242,0.000209330605186379,0,"descenso"
620660872,"lpi",40,99.9866106969675,0.477824874745242,0.000209330605186379,0,"descenso"
620660872,"mesh",40,2548.79256878208,0.477824874745242,0.000209330605186379,0,"descenso"
620660872,"np",40,1,NA,NA,NA,"sin tendencia"
620660872,"pd",40,0.0392237600922156,NA,NA,NA,"sin tendencia"
620660879,"cohesion",40,96.5694983924907,0.00770218863111738,0.953539073550105,0.000489671811990685,"sin tendencia"
620660879,"ed",40,35.8721701989206,-0.0179717734726072,0.879593920194752,-0.00482764016906598,"sin tendencia"
620660879,"lpi",40,27.8044303022886,-0.686514220645085,6.33324907464242e-10,-0.0428344143923628,"descenso"
620660879,"mesh",40,60.0335217169451,-0.747112297218386,1.28631010121839e-11,-0.246230094146226,"descenso"
620660879,"np",40,16.9,-0.197502708569093,0.102627692414014,0,"sin tendencia"
620660879,"pd",40,2.24183926446726,-0.194414527613058,0.107886708984548,-4.44089209850063e-17,"sin tendencia"
620662226,"cohesion",40,100,NA,NA,NA,"sin tendencia"
620662226,"ed",40,0,NA,NA,NA,"sin tendencia"
620662226,"lpi",40,100,NA,NA,NA,"sin tendencia"
620662226,"mesh",40,966.870490430998,NA,NA,NA,"sin tendencia"
620662226,"np",40,1,NA,NA,NA,"sin tendencia"
620662226,"pd",40,0.103426468166821,NA,NA,NA,"sin tendencia"
620662238,"cohesion",40,99.9999474059772,-0.511101620287823,7.04576501648676e-05,0,"descenso"
620662238,"ed",40,0.138283648629304,0.511101620287823,7.04576501648676e-05,0,"descenso"
620662238,"lpi",40,99.9796571338284,-0.511101620287823,7.04576501648676e-05,0,"descenso"
620662238,"mesh",40,3502.00631497991,-0.511101620287823,7.04576501648676e-05,0,"descenso"
620662238,"np",40,1,NA,NA,NA,"sin tendencia"
620662238,"pd",40,0.0285434609571888,-Inf,0,0,"descenso"
620662248,"cohesion",40,100,NA,NA,NA,"sin tendencia"
620662248,"ed",40,0,NA,NA,NA,"sin tendencia"
620662248,"lpi",40,100,NA,NA,NA,"sin tendencia"
620662248,"mesh",40,1330.6462865922,NA,NA,NA,"sin tendencia"
620662248,"np",40,1,NA,NA,NA,"sin tendencia"
620662248,"pd",40,0.0751514515973294,NA,NA,NA,"sin tendencia"
620662249,"cohesion",40,99.9995719580418,0.384414238694878,0.00137593777457976,8.0435148042568e-06,"incremento"
620662249,"ed",40,0.408401500243822,-0.50139469080418,2.8728862087958e-05,-0.0216085449864727,"descenso"
620662249,"lpi",40,99.9399448674193,0.449219704221984,0.000183193876541909,0.00201723764004058,"incremento"
620662249,"mesh",40,1403.96531890016,0.449219704221984,0.000183193876541909,0.0566457352102969,"incremento"
620662249,"np",40,1.05,0.279289632917748,0.0376251757631451,0,"descenso"
620662249,"pd",40,0.0746984021861182,0.279289632917748,0.0376251757631451,0,"descenso"
620663596,"cohesion",40,98.2169833717687,-0.329901290034561,0.00294743929578093,-0.0269623232307818,"descenso"
620663596,"ed",40,101.776180300875,-0.479387812081471,1.52071240871249e-05,-0.490892359188919,"descenso"
620663596,"lpi",40,20.298115489909,-0.275776859638266,0.0130109658758278,-0.268526258068624,"descenso"
620663596,"mesh",40,73.322676266907,-0.368561597460486,0.000890704062722116,-1.56412107042742,"descenso"
620663596,"np",40,46.7,0.647590916913041,1.02237620518327e-08,0.304292929292929,"incremento"
620663596,"pd",40,3.222675771588,0.652877373377638,7.74938693200916e-09,0.0209986606145153,"incremento"
620663602,"cohesion",40,100,NA,NA,NA,"sin tendencia"
620663602,"ed",40,0,NA,NA,NA,"sin tendencia"
620663602,"lpi",40,100,NA,NA,NA,"sin tendencia"
620663602,"mesh",40,2360.62168313885,NA,NA,NA,"sin tendencia"
620663602,"np",40,1,NA,NA,NA,"sin tendencia"
620663602,"pd",40,0.042361722216765,NA,NA,NA,"sin tendencia"
620663609,"cohesion",40,99.4571203216467,0.444668571762999,8.6923036491001e-05,0.00524942346740747,"incremento"
620663609,"ed",40,31.0937358552316,-0.448332693207767,7.51581722705807e-05,-1.07449697344565,"descenso"
620663609,"lpi",40,84.473803071364,0.438478889188221,0.000136139428581421,0.293586269196025,"incremento"
620663609,"mesh",40,78.7925076097423,0.471136939129844,3.19979295189686e-05,0.584487816885016,"incremento"
620663609,"np",40,1.675,-0.391341514021868,0.00222961033153896,0,"descenso"
620663609,"pd",40,1.64006162795497,-0.391341514021868,0.00222961033153896,0,"descenso"
620663613,"cohesion",40,99.9999124708074,-0.34737981823157,0.00471970607637237,0,"descenso"
620663613,"ed",40,0.12797012134002,0.323026216504677,0.00869093889852063,0,"descenso"
620663613,"lpi",40,99.9708917143582,-0.329618588270078,0.00741067399869943,0,"descenso"
620663613,"mesh",40,6541.20541140986,-0.330916319737183,0.00712347989721685,0,"descenso"
620663613,"np",40,1.075,0.295672178978742,0.0272419370427583,0,"descenso"
620663613,"pd",40,0.0164247214673592,0.465598718621698,0.000479824176145425,0,"descenso"
620663625,"cohesion",40,99.8747567730117,-0.319435601314232,0.00385667637892935,-0.00146344150548946,"descenso"
620663625,"ed",40,43.8468441158834,0.245028915064331,0.026839317176667,0.235176907510871,"incremento"
620663625,"lpi",40,86.4919391359478,-0.446726940604808,5.26686134851494e-05,-0.18236950155481,"descenso"
620663625,"mesh",40,764.978606177606,-0.445157243598549,5.54145438235523e-05,-3.18658221335599,"descenso"
620663625,"np",40,9.55,0.1315552074805,0.257380692368094,0.0377492877492877,"sin tendencia"
620663625,"pd",40,0.937535969568711,0.135623925237629,0.242807725264715,0.00370589686812113,"sin tendencia"
620664945,"cohesion",40,99.9602170659984,0.230769230769231,0.0370207476659053,0.000373088650910831,"incremento"
620664945,"ed",40,30.8597759543061,-0.158974358974359,0.151835761826554,-0.264970486626534,"sin tendencia"
620664945,"lpi",40,89.2552794241495,0.166666666666667,0.132843309662691,0.0938227234447027,"sin tendencia"
620664945,"mesh",40,4642.09401869628,0.166666666666667,0.132843309662691,10.0225064009396,"sin tendencia"
620664945,"np",40,17.025,-0.299204563047876,0.00773055612283833,-0.333333333333333,"descenso"
620664945,"pd",40,0.29322545092066,-0.303124273480817,0.00696183371447086,-0.005741075886846,"descenso"
620664972,"cohesion",40,89.1638780954338,0.0275262589080694,0.832440293098683,0,"sin tendencia"
620664972,"ed",40,0.949695552157609,0.408933655521331,0.000935297316436586,0,"descenso"
620664972,"lpi",40,21.4003944773176,NA,NA,NA,"sin tendencia"
620664972,"mesh",40,8.19286700097441,-0.386986816413446,0.00164872540735117,0,"descenso"
620664972,"np",40,33.05,-0.332781736818475,0.0106679964265555,0,"descenso"
620664972,"pd",40,35.3286047535826,-0.332781736818475,0.0106679964265555,0,"descenso"
620664978,"cohesion",40,100,NA,NA,NA,"sin tendencia"
620664978,"ed",40,0,NA,NA,NA,"sin tendencia"
620664978,"lpi",40,100,NA,NA,NA,"sin tendencia"
620664978,"mesh",40,672.934480649208,NA,NA,NA,"sin tendencia"
620664978,"np",40,1,NA,NA,NA,"sin tendencia"
620664978,"pd",40,0.148602877212542,NA,NA,NA,"sin tendencia"
620664985,"cohesion",40,99.999991212679,0.212204224943168,0.111735469522436,0,"sin tendencia"
620664985,"ed",40,0.0191332049801992,-0.212204224943168,0.111735469522436,0,"sin tendencia"
620664985,"lpi",40,99.9966791199668,0.212204224943168,0.111735469522436,0,"sin tendencia"
620664985,"mesh",40,3333.54444418337,0.212204224943168,0.111735469522436,0,"sin tendencia"
620664985,"np",40,1,NA,NA,NA,"sin tendencia"
620664985,"pd",40,0.0299961086581819,NA,NA,NA,"sin tendencia"
620664989,"cohesion",40,100,NA,NA,NA,"sin tendencia"
620664989,"ed",40,0,NA,NA,NA,"sin tendencia"
620664989,"lpi",40,100,NA,NA,NA,"sin tendencia"
620664989,"mesh",40,247.806692490235,NA,NA,NA,"sin tendencia"
620664989,"np",40,1,NA,NA,NA,"sin tendencia"
620664989,"pd",40,0.403540352341133,NA,NA,NA,"sin tendencia"
620665001,"cohesion",40,99.9996867914181,0.190029237516523,0.136226412256472,0,"sin tendencia"
620665001,"ed",40,0.557484813622029,-0.190029237516523,0.136226412256472,0,"sin tendencia"
620665001,"lpi",40,99.9170055143987,0.190029237516523,0.136226412256472,0,"sin tendencia"
620665001,"mesh",40,1653.57681516374,0.190029237516523,0.136226412256472,0,"sin tendencia"
620665001,"np",40,1,NA,NA,NA,"sin tendencia"
620665001,"pd",40,0.0603748335313475,NA,NA,NA,"sin tendencia"
620665022,"cohesion",40,99.9999982958243,-0.310316445417088,0.0202437444741189,0,"descenso"
620665022,"ed",40,0.007882339184126,0.310316445417088,0.0202437444741189,0,"descenso"
620665022,"lpi",40,99.9990689260727,-0.310316445417088,0.0202437444741189,0,"descenso"
620665022,"mesh",40,6936.05950915197,-0.310316445417088,0.0202437444741189,0,"descenso"
620665022,"np",40,1,NA,NA,NA,"sin tendencia"
620665022,"pd",40,0.0144171395598452,NA,NA,NA,"sin tendencia"
620666361,"cohesion",40,100,NA,NA,NA,"sin tendencia"
620666361,"ed",40,0,NA,NA,NA,"sin tendencia"
620666361,"lpi",40,100,NA,NA,NA,"sin tendencia"
620666361,"mesh",40,1384.52532922877,NA,NA,NA,"sin tendencia"
620666361,"np",40,1,NA,NA,NA,"sin tendencia"
620666361,"pd",40,0.0722269198611941,NA,NA,NA,"sin tendencia"
620666365,"cohesion",40,100,NA,NA,NA,"sin tendencia"
620666365,"ed",40,0,NA,NA,NA,"sin tendencia"
620666365,"lpi",40,100,NA,NA,NA,"sin tendencia"
620666365,"mesh",40,854.130438970427,NA,NA,NA,"sin tendencia"
620666365,"np",40,1,NA,NA,NA,"sin tendencia"
620666365,"pd",40,0.11707813635648,NA,NA,NA,"sin tendencia"
620666377,"cohesion",40,99.9999697939572,0.286445949615773,0.0322365272468247,0,"descenso"
620666377,"ed",40,0.0547486843271365,-0.286445949615773,0.0322365272468247,0,"descenso"
620666377,"lpi",40,99.9916852881567,0.286445949615773,0.0322365272468247,0,"descenso"
620666377,"mesh",40,1775.03780044024,0.286445949615773,0.0322365272468247,0,"descenso"
620666377,"np",40,1,NA,NA,NA,"sin tendencia"
620666377,"pd",40,0.0563274638235643,NA,NA,NA,"sin tendencia"
620667716,"cohesion",40,98.0674993298482,-0.481077712822639,1.31386725749702e-05,-0.042765396521028,"descenso"
620667716,"ed",40,84.2190805143748,-0.45028873920199,4.53976428173682e-05,-0.29012383429572,"descenso"
620667716,"lpi",40,18.6954450987184,-0.569961958702686,2.44182903325906e-07,-0.433757556119199,"descenso"
620667716,"mesh",40,107.459568591617,-0.576010381486307,1.78905939581899e-07,-3.92738612554393,"descenso"
620667716,"np",40,94.775,0.293531248408364,0.00864548566312639,0.365151515151515,"incremento"
620667716,"pd",40,3.55827890872703,0.298530154888596,0.00753418417339523,0.0137094269042823,"incremento"
620667717,"cohesion",40,99.9962203435519,-0.43344275516111,9.00015791973906e-05,-4.11998230021027e-05,"descenso"
620667717,"ed",40,5.67409287168728,0.867445333118911,4.35231436197139e-15,0.0693312679097682,"incremento"
620667717,"lpi",40,98.6331412882027,-0.828835006718959,6.6466399736474e-14,-0.0197299389550092,"descenso"
620667717,"mesh",40,3988.15174899328,-0.827013921568528,7.2919713065307e-14,-1.59408982129874,"descenso"
620667717,"np",40,1.15,-0.421159786317331,0.0015626606717132,0,"descenso"
620667717,"pd",40,0.028052747767686,-0.473804759606997,0.000370143827994695,0,"descenso"
620667722,"cohesion",40,99.0976170875783,-0.287189008817221,0.00964709939428257,-0.00843587564102206,"descenso"
620667722,"ed",40,97.4620223031046,-0.495819589213589,7.57220817883701e-06,-0.594863169646664,"descenso"
620667722,"lpi",40,42.909731335037,-0.310370184416818,0.00514066230862447,-0.407486704882933,"descenso"
620667722,"mesh",40,256.948580143991,-0.310370184416818,0.00514066230862447,-4.63798735348685,"descenso"
620667722,"np",40,35.95,0,1,0,"sin tendencia"
620667722,"pd",40,2.69124542023924,0.00923872056274928,0.943984172826124,0,"sin tendencia"
620667725,"cohesion",40,99.8586760809072,0.250653526149025,0.0243665543262076,0.00119402746727486,"incremento"
620667725,"ed",40,47.1425293143477,-0.576244704445698,2.0936902988262e-07,-0.622491151526034,"descenso"
620667725,"lpi",40,81.5319067145054,0.516811394121702,3.25175356043511e-06,0.210571959434722,"incremento"
620667725,"mesh",40,1701.85088293247,0.516811394121702,3.25175356043511e-06,8.91451487481008,"incremento"
620667725,"np",40,19.55,0.00795138018120695,0.953282808690167,0,"sin tendencia"
620667725,"pd",40,0.775808321882218,0.00925760723437867,0.943972665501828,0,"sin tendencia"
620667737,"cohesion",40,100,NA,NA,NA,"sin tendencia"
620667737,"ed",40,0,NA,NA,NA,"sin tendencia"
620667737,"lpi",40,100,NA,NA,NA,"sin tendencia"
620667737,"mesh",40,733.640662226118,NA,NA,NA,"sin tendencia"
620667737,"np",40,1,NA,NA,NA,"sin tendencia"
620667737,"pd",40,0.136306512368829,NA,NA,NA,"sin tendencia"
620667753,"cohesion",40,99.9995294678034,-0.408241775118377,0.0018131784631688,0,"descenso"
620667753,"ed",40,0.31704908069412,0.408241775118377,0.0018131784631688,0,"descenso"
620667753,"lpi",40,99.94726383369,-0.408241775118377,0.0018131784631688,0,"descenso"
620667753,"mesh",40,301.460281750418,-0.408241775118377,0.0018131784631688,0,"descenso"
620667753,"np",40,1,NA,NA,NA,"sin tendencia"
620667753,"pd",40,0.331369424148053,-Inf,0,0,"descenso"
620667768,"cohesion",40,99.9992884785956,-0.281663685525966,0.012230458295009,-4.07559669162445e-06,"descenso"
620667768,"ed",40,1.17964512171155,0.26070266706822,0.0204437327172622,0.0124465097514566,"incremento"
620667768,"lpi",40,99.7659908679363,-0.247602030532128,0.027734116932261,-0.00162143377488284,"descenso"
620667768,"mesh",40,4706.03977185141,-0.247602030532128,0.027734116932261,-0.153215060985322,"descenso"
620667768,"np",40,1.175,0.10336227882434,0.444005153543028,0,"sin tendencia"
620667768,"pd",40,0.0248515752609549,-0.183098893917403,0.169658245433582,0,"sin tendencia"
620669076,"cohesion",40,99.9889879672127,0.212769539603157,0.0558730419671056,0.000198071084144334,"sin tendencia"
620669076,"ed",40,5.7799170892837,-0.0670111995382702,0.552142570703148,-0.0202333716803735,"sin tendencia"
620669076,"lpi",40,98.1933555192058,0.241138811550244,0.0301194731387019,0.0446110378988718,"incremento"
620669076,"mesh",40,1577.33230588494,0.241138811550244,0.0301194731387019,1.44944630959956,"incremento"
620669076,"np",40,1.5,-0.141854259689994,0.275521232174644,0,"sin tendencia"
620669076,"pd",40,0.0917064741122606,-0.100791184516575,0.440959114881386,0,"sin tendencia"
620669092,"cohesion",40,95.8457676636247,-0.509133846796809,4.96872652793573e-06,-0.158075296543489,"descenso"
620669092,"ed",40,110.913630948705,-0.0155857300039839,0.897786403421182,0,"sin tendencia"
620669092,"lpi",40,47.2493224932249,-0.56331429531575,4.68643868807964e-07,-1.70280036133695,"descenso"
620669092,"mesh",40,19.6878269795333,-0.574074388480075,2.604800537162e-07,-0.948212722988995,"descenso"
620669092,"np",40,5.375,0.104609530937104,0.377180343028382,0,"sin tendencia"
620669092,"pd",40,7.89432649300409,0.058581337324778,0.624638463306478,0,"sin tendencia"
620669093,"cohesion",40,99.8886609588334,-0.310654941455068,0.00498068124797166,-0.000823088018351869,"descenso"
620669093,"ed",40,23.2367888559443,0.323700022832413,0.00344450329283672,0.0626272676517893,"incremento"
620669093,"lpi",40,88.5494383580641,-0.0115607151011576,0.925723017275696,-0.00146106147354295,"sin tendencia"
620669093,"mesh",40,521.679475707002,-0.0128369810518623,0.916476148645103,-0.0171157774921455,"sin tendencia"
620669093,"np",40,2.825,0.306648474424535,0.0111333074925886,0.037037037037037,"incremento"
620669093,"pd",40,0.424635143051851,0.296475302287228,0.0141327924259847,0.00556716018422617,"incremento"
620669098,"cohesion",40,99.5916819602531,-0.0605286251767238,0.591751523555888,-0.000993231750760799,"sin tendencia"
620669098,"ed",40,66.2849645208201,-0.235675285262563,0.0338477381215712,-0.162297005589153,"descenso"
620669098,"lpi",40,64.848139632107,-0.347942766833326,0.00171035860872542,-0.223650496988093,"descenso"
620669098,"mesh",40,935.703678620435,-0.343854104727346,0.00192731168130697,-6.48705115182841,"descenso"
620669098,"np",40,33.2,-0.280541463516127,0.0127612914294101,-0.301515151515152,"descenso"
620669098,"pd",40,1.50442272688205,-0.280541463516127,0.0127612914294101,-0.013662838748153,"descenso"
620669133,"cohesion",40,99.9924339300475,-0.812628989074739,2.07342964503383e-13,-0.000287905027707041,"descenso"
620669133,"ed",40,4.91588226658409,0.829156448271695,7.14296459849804e-14,0.288532301922337,"incremento"
620669133,"lpi",40,98.7601402737874,-0.812628989074739,2.07342964503383e-13,-0.0612219029913805,"descenso"
620669133,"mesh",40,1065.23673900688,-0.812628989074739,2.07342964503383e-13,-1.32462657830105,"descenso"
620669133,"np",40,1.1,0.312147236790425,0.0199576283902411,0,"descenso"
620669133,"pd",40,0.100752097771431,0.141121790383998,0.282647549842626,0,"sin tendencia"
620669144,"cohesion",40,99.9997841767903,0.324175997274685,0.00743182114095319,0,"descenso"
620669144,"ed",40,0.267438904551674,-0.326656782221524,0.00689499961275623,0,"descenso"
620669144,"lpi",40,99.9506603631998,0.324175997274685,0.00743182114095319,0,"descenso"
620669144,"mesh",40,1228.22630029251,0.324175997274685,0.00743182114095319,0,"descenso"
620669144,"np",40,1,NA,NA,NA,"sin tendencia"
620669144,"pd",40,0.0813379398460377,-Inf,0,0,"descenso"
620669159,"cohesion",40,99.9995507965131,0.298435835817505,0.0157210681477968,0,"descenso"
620669159,"ed",40,0.513024336212675,-0.267681832662082,0.0302285922520313,0,"descenso"
620669159,"lpi",40,99.9053676020631,0.298435835817505,0.0157210681477968,0,"descenso"
620669159,"mesh",40,1053.3568692584,0.298435835817505,0.0157210681477968,0,"descenso"
620669159,"np",40,1,NA,NA,NA,"sin tendencia"
620669159,"pd",40,0.0947556068177535,NA,NA,NA,"sin tendencia"
620670445,"cohesion",40,97.2717767654055,-0.594871794871795,6.87418008698027e-08,-0.0138748184945425,"descenso"
620670445,"ed",40,23.3835781130628,0.198845454633358,0.0727523587659207,0.0820960525432974,"sin tendencia"
620670445,"lpi",40,12.9414774061525,-0.0410783393659594,0.717926687156997,-0.00442632911014951,"sin tendencia"
620670445,"mesh",40,46.6456559922759,-0.041025641025641,0.7179633437776,-0.0379751294126393,"sin tendencia"
620670445,"np",40,37.6,0.348297019982761,0.00216241824257569,0.188988095238095,"incremento"
620670445,"pd",40,1.36720429827463,0.354918636332243,0.00177504169073214,0.00687195042904945,"incremento"
620670452,"cohesion",40,99.8694144860469,0.345780966992399,0.0020468675099639,0.000297180916396554,"incremento"
620670452,"ed",40,3.98251773618302,-0.237838907031168,0.0336379659691197,-0.0839221384037418,"descenso"
620670452,"lpi",40,94.3667146974063,0.366658308395713,0.00107465441221773,0.0397587789518639,"incremento"
620670452,"mesh",40,869.106193544427,0.345780966992399,0.0020468675099639,1.13487225701862,"incremento"
620670452,"np",40,1.4,-0.64450338663549,6.00259923421079e-07,0,"descenso"
620670452,"pd",40,0.145770714788052,-0.64450338663549,6.00259923421079e-07,0,"descenso"
620670474,"cohesion",40,99.4800695542169,-0.490668216858123,9.41017165840396e-06,-0.00911850494597586,"descenso"
620670474,"ed",40,63.7585729942832,0.609149781033837,3.73594353382532e-08,0.364766467214259,"incremento"
620670474,"lpi",40,72.4877334599557,-0.495819589213589,7.57220817883701e-06,-0.430546424136168,"descenso"
620670474,"mesh",40,317.545825263303,-0.503546647746787,5.44450269037722e-06,-3.89388026407879,"descenso"
620670474,"np",40,4.475,0.516825387594618,1.15527091189637e-05,0.111111111111111,"incremento"
620670474,"pd",40,0.76772625893459,0.516825387594618,1.15527091189637e-05,0.0190621045048936,"incremento"
620670495,"cohesion",40,99.8191740584181,-0.0291582308988354,0.811829033478022,0,"sin tendencia"
620670495,"ed",40,32.7790115468383,0.155876811469565,0.17620402786095,0.18859834977206,"sin tendencia"
620670495,"lpi",40,95.1855895196506,-0.0291582308988354,0.811829033478022,0,"sin tendencia"
620670495,"mesh",40,19.1700651346463,-0.0291582308988354,0.811829033478022,0,"sin tendencia"
620670495,"np",40,1,NA,NA,NA,"sin tendencia"
620670495,"pd",40,4.73322876152088,-Inf,0,0,"descenso"
620670520,"cohesion",40,99.9965090612389,-0.104588681942193,0.426084480311873,0,"sin tendencia"
620670520,"ed",40,1.04129920568335,0.104588681942193,0.426084480311873,0,"sin tendencia"
620670520,"lpi",40,99.8183041722746,-0.104588681942193,0.426084480311873,0,"sin tendencia"
620670520,"mesh",40,68.3005448100753,-0.104588681942193,0.426084480311873,0,"sin tendencia"
620670520,"np",40,1,NA,NA,NA,"sin tendencia"
620670520,"pd",40,1.45882824547548,-Inf,0,0,"descenso"
620671821,"cohesion",40,84.4614241935018,0.557636057479179,4.76254899831185e-07,0.230288424188029,"incremento"
620671821,"ed",40,5.00953996953521,-0.64685705350322,5.8873568001601e-09,-0.126423443710661,"descenso"
620671821,"lpi",40,0.841577958672511,0.318558764646817,0.00467632351865594,0.0050093926111459,"incremento"
620671821,"mesh",40,0.061022125495909,0.0438718807978633,0.700413160517406,0.000118502492921805,"sin tendencia"
620671821,"np",40,4.15,-0.769800916293285,5.05243039086385e-11,-0.161290322580645,"descenso"
620671821,"pd",40,0.563334245899984,-0.782306707352201,2.45052710716167e-11,-0.0218940631908272,"descenso"
620671828,"cohesion",40,99.9600229139846,0.295682084400082,0.00783954304063907,0.000477727736866419,"incremento"
620671828,"ed",40,15.6516103613916,-0.278896638560776,0.0121657653636099,-0.154314048855711,"descenso"
620671828,"lpi",40,93.7736262360746,0.377272317708842,0.000689221572829014,0.110365497147322,"incremento"
620671828,"mesh",40,648.51617224552,0.378318125455127,0.000661005338709285,1.51210216047173,"incremento"
620671828,"np",40,1.5,0.567681390847452,1.27699579905845e-05,0,"descenso"
620671828,"pd",40,0.203512840097776,0.557296975161218,1.83615185467913e-05,1.38777878078145e-17,"incremento"
620671829,"cohesion",40,94.5639848971951,-0.338725110270734,0.00408187542882282,-0.000759031375920038,"descenso"
620671829,"ed",40,8.57945303894125,0.355591090865127,0.00256680913110069,0.103335778847612,"incremento"
620671829,"lpi",40,43.545197740113,-0.396846992696852,0.0011214427660312,-0.0666980539861904,"descenso"
620671829,"mesh",40,9.41637493254905,-0.320929506232478,0.00761205387917958,-0.013377416096657,"descenso"
620671829,"np",40,6.7,0.372992281889383,0.00319503789888376,0,"descenso"
620671829,"pd",40,20.5146691774053,0.372992281889383,0.00319503789888376,0,"descenso"
620671871,"cohesion",40,99.6174397839019,-0.725995459373195,5.62530661080234e-11,-0.0229499575624138,"descenso"
620671871,"ed",40,59.6210850056133,0.733732533540583,3.51185382041531e-11,1.12370951142484,"incremento"
620671871,"lpi",40,59.7734687493017,-0.785313027989833,1.34338593440269e-12,-1.7963431844239,"descenso"
620671871,"mesh",40,1848.44210488634,-0.769838879655058,3.65709101705416e-12,-85.4582942670732,"descenso"
620671871,"np",40,37.65,0.732384049852357,4.63032045971878e-11,2.36931818181818,"incremento"
620671871,"pd",40,0.911916792865385,0.729791539941375,5.41623785851343e-11,0.0573870129519596,"incremento"
620673197,"cohesion",40,83.3815063682894,0.225372540551631,0.0425353626875246,0.0672175877399248,"incremento"
620673197,"ed",40,5.02870965204824,-0.0412911819274007,0.717779917727942,-0.00708512090844726,"sin tendencia"
620673197,"lpi",40,0.916370858688303,-0.221465155489973,0.0515963827472196,-0.00100425565763831,"sin tendencia"
620673197,"mesh",40,0.0999230721138296,-0.216497721585181,0.0515610996500902,-0.000340999048081969,"sin tendencia"
620673197,"np",40,8.15,-0.315326847046813,0.00649409508950112,-0.1,"descenso"
620673197,"pd",40,0.746607631766776,-0.312608512158479,0.00697225844609233,-0.00916082983762916,"descenso"
620673230,"cohesion",40,99.9947186274197,0.477360801066734,0.00014880165328935,0,"descenso"
620673230,"ed",40,2.59478158091508,-0.477360801066734,0.00014880165328935,0,"descenso"
620673230,"lpi",40,99.6203904555314,0.477360801066734,0.00014880165328935,0,"descenso"
620673230,"mesh",40,126.629435466202,0.477360801066734,0.00014880165328935,0,"descenso"
620673230,"np",40,1,NA,NA,NA,"sin tendencia"
620673230,"pd",40,0.783737806499125,NA,NA,NA,"sin tendencia"
620673231,"cohesion",40,99.9999668861298,0.259414151310252,0.025067263927299,5.85851518315239e-07,"incremento"
620673231,"ed",40,0.100572261797176,-0.298737019869345,0.00930446197263396,-0.00257629873320034,"descenso"
620673231,"lpi",40,99.9842858652018,0.259414151310252,0.025067263927299,0.000278003269318255,"incremento"
620673231,"mesh",40,5238.27480087341,0.259414151310252,0.025067263927299,0.029129817222503,"incremento"
620673231,"np",40,1,NA,NA,NA,"sin tendencia"
620673231,"pd",40,0.0190842556938566,NA,NA,NA,"sin tendencia"
620673237,"cohesion",40,99.9999984478173,0.230003227108734,0.0879016503263329,0,"sin tendencia"
620673237,"ed",40,0.00361669550051934,-0.230003227108734,0.0879016503263329,0,"sin tendencia"
620673237,"lpi",40,99.9993408766341,0.230003227108734,0.0879016503263329,0,"sin tendencia"
620673237,"mesh",40,4199.09640151811,0.230003227108734,0.0879016503263329,0,"sin tendencia"
620673237,"np",40,1,NA,NA,NA,"sin tendencia"
620673237,"pd",40,0.0238143334370709,NA,NA,NA,"sin tendencia"
620673242,"cohesion",40,100,NA,NA,NA,"sin tendencia"
620673242,"ed",40,0,NA,NA,NA,"sin tendencia"
620673242,"lpi",40,100,NA,NA,NA,"sin tendencia"
620673242,"mesh",40,4775.67596056013,NA,NA,NA,"sin tendencia"
620673242,"np",40,1,NA,NA,NA,"sin tendencia"
620673242,"pd",40,0.0209394441385573,NA,NA,NA,"sin tendencia"
620673247,"cohesion",40,98.4887033528085,-0.688369741842624,6.50545397643065e-10,-0.0665494949469213,"descenso"
620673247,"ed",40,80.7313577086503,0.528268578433298,2.12717565441264e-06,1.85229677711572,"incremento"
620673247,"lpi",40,67.75,-0.716943580183261,1.23810109584745e-10,-1.79591836734694,"descenso"
620673247,"mesh",40,33.7559318961969,-0.716943580183261,1.23810109584745e-10,-1.42137880959492,"descenso"
620673247,"np",40,1.75,0.531813847467216,2.36464747506257e-05,0.032258064516129,"incremento"
620673247,"pd",40,2.70977346597071,0.531813847467216,2.36464747506257e-05,0.0499497413082158,"incremento"
620674600,"cohesion",40,99.976781517324,0.313078813895558,0.00492971175746728,0.00086561327016962,"incremento"
620674600,"ed",40,12.2506660710289,-0.402102623659976,0.000309915966880138,-0.130373215431557,"descenso"
620674600,"lpi",40,96.2560891600649,0.426925655312125,0.000123924242176886,0.0846809376554006,"incremento"
620674600,"mesh",40,5213.29619234162,0.426925655312125,0.000123924242176886,9.19159263197924,"incremento"
620674600,"np",40,7.75,-0.316454192710177,0.0058810754223629,-0.25,"descenso"
620674600,"pd",40,0.137779818342259,-0.30298805685017,0.00837334816102756,-0.00444451026910513,"descenso"
620674601,"cohesion",40,98.674564404469,0.0296203910439287,0.797571650587133,9.6642218265415e-05,"sin tendencia"
620674601,"ed",40,65.8148810751447,-0.683844680188092,6.44664970863765e-10,-0.789546406840514,"descenso"
620674601,"lpi",40,29.2074170704435,-0.124920779620047,0.263040367606333,-0.0497601541209444,"sin tendencia"
620674601,"mesh",40,114.812113339873,-0.0759827422431214,0.498911251819618,-0.234187694989038,"sin tendencia"
620674601,"np",40,29.05,-0.47673818837011,2.70844840855078e-05,-0.314144736842105,"descenso"
620674601,"pd",40,2.34719103053146,-0.47673818837011,2.70844840855078e-05,-0.0253823651843187,"descenso"
620674612,"cohesion",40,99.9999957446494,0.286445949615773,0.0322365272468247,0,"descenso"
620674612,"ed",40,0.00849072318270691,-0.286445949615773,0.0322365272468247,0,"descenso"
620674612,"lpi",40,99.9987105093488,0.286445949615773,0.0322365272468247,0,"descenso"
620674612,"mesh",40,2146.34178201336,0.286445949615773,0.0322365272468247,0,"descenso"
620674612,"np",40,1,NA,NA,NA,"sin tendencia"
620674612,"pd",40,0.0465897006818617,NA,NA,NA,"sin tendencia"
620674623,"cohesion",40,99.815683891773,-0.551843102253377,6.99228540037602e-07,-0.00737019190031842,"descenso"
620674623,"ed",40,52.234014436067,0.626976670165809,1.7135143715113e-08,1.61394771725178,"incremento"
620674623,"lpi",40,79.5838439814568,-0.49743603583403,7.77611220505216e-06,-0.808777819221684,"descenso"
620674623,"mesh",40,1132.2721235064,-0.49743603583403,7.77611220505216e-06,-22.6871247433607,"descenso"
620674623,"np",40,14.05,0.653732360238874,6.43243877836044e-09,0.6,"incremento"
620674623,"pd",40,0.811473697362863,0.664255215132055,3.66289784171301e-09,0.0346536810261721,"incremento"
620675932,"cohesion",40,99.4773824295797,-0.0461538461538462,0.683430638863361,-0.0019861738537109,"sin tendencia"
620675932,"ed",40,39.2320283244087,-0.138461538461538,0.212521935405059,-0.216216217717367,"sin tendencia"
620675932,"lpi",40,60.4556998556999,0.00513479242074492,0.972113351608453,0.00120250120250039,"sin tendencia"
620675932,"mesh",40,1273.56856311475,-0.0538461538461538,0.632869142286627,-3.78726639767831,"sin tendencia"
620675932,"np",40,34.7,-0.188950143061824,0.0926472188333411,-0.276819923371648,"sin tendencia"
620675932,"pd",40,1.08547346919692,-0.188950143061824,0.0926472188333411,-0.00865938566469881,"sin tendencia"
620676002,"cohesion",40,99.9671299593623,-0.458768981454311,3.48648162284637e-05,-0.000471668531939087,"descenso"
620676002,"ed",40,15.2443271130129,0.520625473335791,2.61733025058684e-06,0.113269964623778,"incremento"
620676002,"lpi",40,91.8806147202303,-0.669691356885031,1.53702848172337e-09,-0.0538940151541115,"descenso"
620676002,"mesh",40,2921.90716456884,-0.66925691547902,1.54094534785649e-09,-3.43837468225233,"descenso"
620676002,"np",40,5.675,0.311576801702523,0.00868534239596353,0.0588235294117647,"incremento"
620676002,"pd",40,0.163974775884455,0.29465860432501,0.0130992546976033,0.00169966080211925,"incremento"
620676004,"cohesion",40,99.9996951087499,-0.753614308183637,5.59947969381882e-10,-1.70325178867614e-05,"descenso"
620676004,"ed",40,0.557291665258765,0.753614308183637,5.59947969381882e-10,0.0325438630281401,"incremento"
620676004,"lpi",40,99.9212413306689,-0.753614308183637,5.59947969381882e-10,-0.00440813447748845,"descenso"
620676004,"mesh",40,1567.21942886504,-0.753614308183637,5.59947969381882e-10,-0.138363550566595,"descenso"
620676004,"np",40,1,NA,NA,NA,"sin tendencia"
620676004,"pd",40,0.0637069111548303,NA,NA,NA,"sin tendencia"
620676021,"cohesion",40,99.8371283906112,0.172812769764463,0.12513074624375,0.000378624687040688,"sin tendencia"
620676021,"ed",40,19.9022894872164,0.714816456753004,1.76857604735341e-10,0.903655729662644,"incremento"
620676021,"lpi",40,91.2848643203425,-0.664202272379836,3.14125874941021e-09,-0.296305864990231,"descenso"
620676021,"mesh",40,1227.81155979249,-0.664202272379836,3.14125874941021e-09,-8.02891084019673,"descenso"
620676021,"np",40,8.775,0.562202781252848,2.66778255484326e-06,0.107142857142857,"incremento"
620676021,"pd",40,0.598835538976086,0.620918476422858,2.14308566462647e-07,0.00731178924268726,"incremento"
620677397,"cohesion",40,99.9926033782841,-0.371053825471073,0.000849786756551963,-0.000210663118311579,"descenso"
620677397,"ed",40,8.78808416731045,0.377272317708842,0.000688447388685651,0.280805763207029,"incremento"
620677397,"lpi",40,97.4982878436902,-0.420182903408009,0.000157270835935421,-0.0797400675228908,"descenso"
620677397,"mesh",40,4355.19299570746,-0.420182903408009,0.000157270835935421,-7.22851890201503,"descenso"
620677397,"np",40,1.85,0.0782646543808642,0.54368379747947,0,"sin tendencia"
620677397,"pd",40,0.0403914264239767,0.116486927450589,0.362359789319454,0,"sin tendencia"
620677408,"cohesion",40,100,NA,NA,NA,"sin tendencia"
620677408,"ed",40,0,NA,NA,NA,"sin tendencia"
620677408,"lpi",40,100,NA,NA,NA,"sin tendencia"
620677408,"mesh",40,6521.94739611936,NA,NA,NA,"sin tendencia"
620677408,"np",40,1,NA,NA,NA,"sin tendencia"
620677408,"pd",40,0.0153328436932045,NA,NA,NA,"sin tendencia"
620678731,"cohesion",40,99.9752072245607,0.102136767289947,0.362868052315953,0.000195517928445987,"sin tendencia"
620678731,"ed",40,8.09545666385397,-0.302926898578441,0.006558949069166,-0.114177589187899,"descenso"
620678731,"lpi",40,97.8275047539815,0.257281223932904,0.020900293067517,0.0311980033277871,"incremento"
620678731,"mesh",40,2971.85126442866,0.257281223932904,0.020900293067517,1.91286790338346,"incremento"
620678731,"np",40,5.85,-0.270384916568959,0.0217010795283266,-0.0645161290322581,"descenso"
620678731,"pd",40,0.188402362442698,-0.288067357914418,0.0142967078644464,-0.00207777626074109,"descenso"
620678757,"cohesion",40,99.9570179729098,-0.499037947434684,6.15748677590652e-06,-0.00111937138114929,"descenso"
620678757,"ed",40,23.776440600726,0.4143682699779,0.000175508018848194,0.323088589546379,"incremento"
620678757,"lpi",40,91.401472392638,-0.62219384191728,1.70560983445293e-08,-0.206623740875103,"descenso"
620678757,"mesh",40,4718.16857694835,-0.62219384191728,1.70560983445293e-08,-21.2739076112463,"descenso"
620678757,"np",40,19.625,0.469854931476963,3.25883692035702e-05,0.436141304347826,"incremento"
620678757,"pd",40,0.348003627122618,0.469854931476963,3.25883692035702e-05,0.00773394934272781,"incremento"
620678762,"cohesion",40,100,NA,NA,NA,"sin tendencia"
620678762,"ed",40,0,NA,NA,NA,"sin tendencia"
620678762,"lpi",40,100,NA,NA,NA,"sin tendencia"
620678762,"mesh",40,203.061254717426,NA,NA,NA,"sin tendencia"
620678762,"np",40,1,NA,NA,NA,"sin tendencia"
620678762,"pd",40,0.492462238250015,NA,NA,NA,"sin tendencia"
620678773,"cohesion",40,99.9998837942482,-0.157121861067665,0.185629875886029,0,"sin tendencia"
620678773,"ed",40,0.312866789920682,0.151355921211971,0.202452518846649,0,"sin tendencia"
620678773,"lpi",40,99.9441551322461,-0.157121861067665,0.185629875886029,0,"sin tendencia"
620678773,"mesh",40,5379.68023358519,-0.157121861067665,0.185629875886029,0,"sin tendencia"
620678773,"np",40,1,NA,NA,NA,"sin tendencia"
620678773,"pd",40,0.0185677228032066,-Inf,0,0,"descenso"
620680107,"cohesion",40,100,NA,NA,NA,"sin tendencia"
620680107,"ed",40,0,NA,NA,NA,"sin tendencia"
620680107,"lpi",40,100,NA,NA,NA,"sin tendencia"
620680107,"mesh",40,25.094348606606,NA,NA,NA,"sin tendencia"
620680107,"np",40,1,NA,NA,NA,"sin tendencia"
620680107,"pd",40,3.98496097936868,NA,NA,NA,"sin tendencia"
620680133,"cohesion",40,99.7623147922875,-0.628132187162897,1.29394220038674e-08,-0.0158274749949078,"descenso"
620680133,"ed",40,45.4692257533718,0.555271757630055,5.08812028287389e-07,1.21875012174718,"incremento"
620680133,"lpi",40,73.5403330285017,-0.646115521764698,4.91541539895468e-09,-1.48619004071679,"descenso"
620680133,"mesh",40,1470.78279656929,-0.64354647396444,5.65328078063905e-09,-53.0837862789399,"descenso"
620680133,"np",40,14.55,0.548096622460643,1.24681015987416e-06,0.571428571428571,"incremento"
620680133,"pd",40,0.60093284453397,0.550738051966478,1.10770718945709e-06,0.023600700816258,"incremento"
620680134,"cohesion",40,100,NA,NA,NA,"sin tendencia"
620680134,"ed",40,0,NA,NA,NA,"sin tendencia"
620680134,"lpi",40,100,NA,NA,NA,"sin tendencia"
620680134,"mesh",40,3984.37365174073,NA,NA,NA,"sin tendencia"
620680134,"np",40,1,NA,NA,NA,"sin tendencia"
620680134,"pd",40,0.0250980477085303,NA,NA,NA,"sin tendencia"
620680140,"cohesion",40,99.9999817502386,-0.317146256482877,0.0104852608946939,0,"descenso"
620680140,"ed",40,0.0409762453807136,0.326407767091767,0.00830073571886973,0,"descenso"
620680140,"lpi",40,99.9934333099172,-0.317146256482877,0.0104852608946939,0,"descenso"
620680140,"mesh",40,3020.24329136451,-0.317146256482877,0.0104852608946939,0,"descenso"
620680140,"np",40,1,NA,NA,NA,"sin tendencia"
620680140,"pd",40,0.0331055675265961,NA,NA,NA,"sin tendencia"
620680149,"cohesion",40,100,NA,NA,NA,"sin tendencia"
620680149,"ed",40,0,NA,NA,NA,"sin tendencia"
620680149,"lpi",40,100,NA,NA,NA,"sin tendencia"
620680149,"mesh",40,104.067739809749,NA,NA,NA,"sin tendencia"
620680149,"np",40,1,NA,NA,NA,"sin tendencia"
620680149,"pd",40,0.960912576585357,NA,NA,NA,"sin tendencia"
620681470,"cohesion",40,99.9148897924034,0.114915744592172,0.304776855488684,7.15365613218487e-05,"sin tendencia"
620681470,"ed",40,19.8997772352721,0.187275337294037,0.0949731024835266,0.0115868160560067,"sin tendencia"
620681470,"lpi",40,88.2501583726332,-0.229194646236598,0.0409878766096752,-0.00703878369817736,"descenso"
620681470,"mesh",40,1020.81610736997,-0.239181037324559,0.0318593448515431,-0.1632584519108,"descenso"
620681470,"np",40,4.125,-0.133681723619645,0.285600861808252,0,"sin tendencia"
620681470,"pd",40,0.314712903417447,-0.152120582049941,0.223672597122545,0,"sin tendencia"
620681472,"cohesion",40,99.5932755499783,-0.293778123297025,0.00789292446106995,-0.00112840895680696,"descenso"
620681472,"ed",40,30.2332359390301,0.0936497947628071,0.40150778859199,0.0550517261622974,"sin tendencia"
620681472,"lpi",40,55.6775215976663,-0.13983325519378,0.208248163180468,-0.0450940286012652,"sin tendencia"
620681472,"mesh",40,1037.0990080445,-0.13983325519378,0.208248163180468,-1.72453879058905,"sin tendencia"
620681472,"np",40,36.325,0.280614282248351,0.0141625161335688,0.157894736842105,"incremento"
620681472,"pd",40,1.10437025862657,0.280614282248351,0.0141625161335688,0.00480039232930735,"incremento"
620681509,"cohesion",40,99.9998554123604,0.292956084834313,0.0178575135610141,0,"descenso"
620681509,"ed",40,0.278698473855533,-0.341782098973366,0.00568313114970135,0,"descenso"
620681509,"lpi",40,99.9362702385053,0.292956084834313,0.0178575135610141,0,"descenso"
620681509,"mesh",40,4547.08160488407,0.292956084834313,0.0178575135610141,0,"descenso"
620681509,"np",40,1,NA,NA,NA,"sin tendencia"
620681509,"pd",40,0.0219641611053574,-Inf,0,0,"descenso"
620681510,"cohesion",40,99.9998529112415,-0.196829169216111,0.117327399012587,0,"sin tendencia"
620681510,"ed",40,0.307876887272499,0.126058847599901,0.312546535771482,0,"sin tendencia"
620681510,"lpi",40,99.9558522900265,-0.196829169216111,0.117327399012587,0,"sin tendencia"
620681510,"mesh",40,2119.25001997799,-0.196829169216111,0.117327399012587,0,"sin tendencia"
620681510,"np",40,1,NA,NA,NA,"sin tendencia"
620681510,"pd",40,0.0471449430802018,Inf,0,0,"descenso"
620681513,"cohesion",40,99.9999261676655,0.398034826761986,0.00224945028212177,0,"descenso"
620681513,"ed",40,0.171213498407777,-0.398034826761986,0.00224945028212177,0,"descenso"
620681513,"lpi",40,99.97471183251,0.398034826761986,0.00224945028212177,0,"descenso"
620681513,"mesh",40,2743.95303597985,0.398034826761986,0.00224945028212177,0,"descenso"
620681513,"np",40,1,NA,NA,NA,"sin tendencia"
620681513,"pd",40,0.0364253582816915,NA,NA,NA,"sin tendencia"
620682844,"cohesion",40,99.9996899934854,0.24214788452238,0.0376842110128072,6.01583600752877e-06,"incremento"
620682844,"ed",40,0.444377898621884,-0.183187332705407,0.116389084622071,-0.00530798535120629,"sin tendencia"
620682844,"lpi",40,99.9209492140266,0.24214788452238,0.0376842110128072,0.00153307997927088,"incremento"
620682844,"mesh",40,1523.54663063279,0.24214788452238,0.0376842110128072,0.0467633663127702,"incremento"
620682844,"np",40,1,NA,NA,NA,"sin tendencia"
620682844,"pd",40,0.0655326110254155,NA,NA,NA,"sin tendencia"
620682847,"cohesion",40,87.9248546006699,-0.0192927042356577,0.896917940070935,0,"sin tendencia"
620682847,"ed",40,1.15744145417047,0.0192927042356577,0.896917940070935,0,"sin tendencia"
620682847,"lpi",40,48.4375,NA,NA,NA,"sin tendencia"
620682847,"mesh",40,3.52646017218882,-0.0192927042356577,0.896917940070935,0,"sin tendencia"
620682847,"np",40,7,NA,NA,NA,"sin tendencia"
620682847,"pd",40,59.2762945664049,NA,NA,NA,"sin tendencia"
620682848,"cohesion",40,99.1849803173971,0.363053313943485,0.00101687854413437,0.0021203527657652,"incremento"
620682848,"ed",40,33.6859536517692,-0.03463759532323,0.761929900908658,-0.0267564983688803,"sin tendencia"
620682848,"lpi",40,34.0232615997015,0.0308087545244695,0.788691483691962,0.0267135215822867,"sin tendencia"
620682848,"mesh",40,450.117920670844,0.03463759532323,0.761929900908658,0.704305615038596,"sin tendencia"
620682848,"np",40,32.1,-0.419237356185434,0.000215797064474045,-0.1875,"descenso"
620682848,"pd",40,0.865617397739927,-0.419237356185434,0.000215797064474045,-0.00505617638866779,"descenso"
620682885,"cohesion",40,99.9999671421525,0.17305354647487,0.166106702643844,0,"sin tendencia"
620682885,"ed",40,0.0944292548715255,-0.214092518491199,0.0773805792499137,0,"sin tendencia"
620682885,"lpi",40,99.9865442270012,0.17305354647487,0.166106702643844,0,"sin tendencia"
620682885,"mesh",40,3907.11647837373,0.17305354647487,0.166106702643844,0,"sin tendencia"
620682885,"np",40,1,NA,NA,NA,"sin tendencia"
620682885,"pd",40,0.0255874362351429,Inf,0,0,"descenso"
620684243,"cohesion",40,99.8951312665168,-0.243088073369287,0.0284346143327253,-0.000330334848058481,"descenso"
620684243,"ed",40,11.3462848109267,0.626774298559213,1.47053083112832e-08,0.254745867566217,"incremento"
620684243,"lpi",40,93.5525432142023,-0.586876961279263,1.13527832309285e-07,-0.0613174491941141,"descenso"
620684243,"mesh",40,2765.67318884659,-0.587784389046372,1.06706333347927e-07,-3.62529150283869,"descenso"
620684243,"np",40,11.975,0.689812771441988,5.48435539113995e-09,0.130434782608696,"incremento"
620684243,"pd",40,0.378994828953506,0.665733064841344,1.82549101096047e-08,0.00412810923794324,"incremento"
620684256,"cohesion",40,100,NA,NA,NA,"sin tendencia"
620684256,"ed",40,0,NA,NA,NA,"sin tendencia"
620684256,"lpi",40,100,NA,NA,NA,"sin tendencia"
620684256,"mesh",40,947.772953099676,NA,NA,NA,"sin tendencia"
620684256,"np",40,1,NA,NA,NA,"sin tendencia"
620684256,"pd",40,0.105510501932928,NA,NA,NA,"sin tendencia"
620684261,"cohesion",40,100,NA,NA,NA,"sin tendencia"
620684261,"ed",40,0,NA,NA,NA,"sin tendencia"
620684261,"lpi",40,100,NA,NA,NA,"sin tendencia"
620684261,"mesh",40,1806.97761699074,NA,NA,NA,"sin tendencia"
620684261,"np",40,1,NA,NA,NA,"sin tendencia"
620684261,"pd",40,0.055341028610269,NA,NA,NA,"sin tendencia"
620685603,"cohesion",40,99.9721233110657,0.659807947754096,3.5862271528447e-09,0.000847740969001491,"incremento"
620685603,"ed",40,19.5559738992464,-0.659807947754096,3.5862271528447e-09,-0.897134996297849,"descenso"
620685603,"lpi",40,94.7316035991618,0.62068889946828,2.8306409741153e-08,0.209540244052756,"incremento"
620685603,"mesh",40,2022.27569526068,0.62068889946828,2.8306409741153e-08,9.11575535516192,"incremento"
620685603,"np",40,3.7,-0.542541742336596,1.08213379471536e-05,-0.0555555555555556,"descenso"
620685603,"pd",40,0.164775246703532,-0.541017748678347,1.14565850268606e-05,-0.00247410280335633,"descenso"
620685632,"cohesion",40,100,NA,NA,NA,"sin tendencia"
620685632,"ed",40,0,NA,NA,NA,"sin tendencia"
620685632,"lpi",40,100,NA,NA,NA,"sin tendencia"
620685632,"mesh",40,1515.07129712384,NA,NA,NA,"sin tendencia"
620685632,"np",40,1,NA,NA,NA,"sin tendencia"
620685632,"pd",40,0.066003494482297,NA,NA,NA,"sin tendencia"
620685633,"cohesion",40,99.999993975627,-0.188312787802479,0.14469227583417,0,"sin tendencia"
620685633,"ed",40,0.014375460658587,0.188312787802479,0.14469227583417,0,"sin tendencia"
620685633,"lpi",40,99.9978167911347,-0.188312787802479,0.14469227583417,0,"sin tendencia"
620685633,"mesh",40,3063.59097825988,-0.188312787802479,0.14469227583417,0,"sin tendencia"
620685633,"np",40,1,NA,NA,NA,"sin tendencia"
620685633,"pd",40,0.032640008021811,NA,NA,NA,"sin tendencia"
620685658,"cohesion",40,99.9999486611121,0.473665466715671,0.000373771130742372,0,"descenso"
620685658,"ed",40,0.0683707167546788,-0.473665466715671,0.000373771130742372,0,"descenso"
620685658,"lpi",40,99.9850016152107,0.473665466715671,0.000373771130742372,0,"descenso"
620685658,"mesh",40,1998.55303142656,0.473665466715671,0.000373771130742372,0,"descenso"
620685658,"np",40,1,NA,NA,NA,"sin tendencia"
620685658,"pd",40,0.0500212001655952,NA,NA,NA,"sin tendencia"
620687008,"cohesion",40,100,NA,NA,NA,"sin tendencia"
620687008,"ed",40,0,NA,NA,NA,"sin tendencia"
620687008,"lpi",40,100,NA,NA,NA,"sin tendencia"
620687008,"mesh",40,517.017388203751,NA,NA,NA,"sin tendencia"
620687008,"np",40,1,NA,NA,NA,"sin tendencia"
620687008,"pd",40,0.193417092503262,NA,NA,NA,"sin tendencia"
620688346,"cohesion",40,98.3652588889237,0.24246316726261,0.0284848666658018,0.00261282341056912,"incremento"
620688346,"ed",40,28.7979020874176,-0.103979546520085,0.351228361032637,-0.0485825848091229,"sin tendencia"
620688346,"lpi",40,23.9363644460278,0.249037432406129,0.0245153605571866,0.066703541897137,"incremento"
620688346,"mesh",40,65.108772966884,0.255291906271214,0.0210513954116574,0.321239086366632,"incremento"
620688346,"np",40,11.8,-0.224514469953646,0.0589580306956443,-0.0312805474095797,"sin tendencia"
620688346,"pd",40,1.1391281402786,-0.217454266495985,0.0674380704177021,-0.00301970777945517,"sin tendencia"
620688374,"cohesion",40,96.7799356603618,-0.374762338860141,0.000722175315626356,-0.0616231882447801,"descenso"
620688374,"ed",40,78.3255262761455,-0.665814876943962,1.78909643438866e-09,-0.73677258571356,"descenso"
620688374,"lpi",40,12.0964638937813,-0.408246259170669,0.000229471669983932,-0.199571293088432,"descenso"
620688374,"mesh",40,131.635079678915,-0.38248939739334,0.000558573202129344,-1.68672238392387,"descenso"
620688374,"np",40,109.675,-0.222830858369461,0.0470901810244747,-0.5,"descenso"
620688374,"pd",40,3.22118309042501,-0.22543706723928,0.0445533736875748,-0.0146851292018464,"descenso"
620688404,"cohesion",40,99.9999561411825,-0.604964524725418,2.11594559958502e-06,0,"descenso"
620688404,"ed",40,0.107692371238368,0.603905592540725,2.28299963081496e-06,0,"descenso"
620688404,"lpi",40,99.98499359277,-0.604964524725418,2.11594559958502e-06,0,"descenso"
620688404,"mesh",40,2735.01685424301,-0.604964524725418,2.11594559958502e-06,0,"descenso"
620688404,"np",40,1,NA,NA,NA,"sin tendencia"
620688404,"pd",40,0.0365518778710556,Inf,0,0,"descenso"
620689697,"cohesion",40,89.9930621585734,-0.260758351726111,0.0185731932275951,-0.0668185479848295,"descenso"
620689697,"ed",40,13.7218109332336,0.513185932668496,3.50630891515915e-06,0.15945164858141,"incremento"
620689697,"lpi",40,2.34138515558784,-0.0618564918814801,0.583729085430008,-0.00688973930286439,"sin tendencia"
620689697,"mesh",40,0.461083164171133,-0.0526654799052736,0.641117936749381,-0.0015387291523281,"sin tendencia"
620689697,"np",40,9.6,0.667634190353411,1.0575700038745e-08,0.152680652680653,"incremento"
620689697,"pd",40,1.25990193837352,0.675927782780162,6.93684761026191e-09,0.0200377760692176,"incremento"
620689714,"cohesion",40,99.3753797624091,-0.366666666666667,0.000898419225653561,-0.005218550203404,"descenso"
620689714,"ed",40,39.0974779713307,-0.0282051282051282,0.80671062228309,-0.0556900677097947,"sin tendencia"
620689714,"lpi",40,57.418093543844,-0.0307692307692308,0.788719489903205,-0.015071776245892,"sin tendencia"
620689714,"mesh",40,415.81382356215,-0.0307692307692308,0.788719489903205,-0.232055096095064,"sin tendencia"
620689714,"np",40,16.3,0.333355705252903,0.00462681276108171,0.0666666666666667,"incremento"
620689714,"pd",40,1.30959328423986,0.340329673982044,0.00383501238289385,0.00535620975149225,"incremento"
620689750,"cohesion",40,99.9954388243869,0.158610020431444,0.1548657425481,5.01119104505676e-05,"sin tendencia"
620689750,"ed",40,5.1697263670742,0.207342737307501,0.0621267818757341,0.0434712303732096,"sin tendencia"
620689750,"lpi",40,99.0651801029159,-0.252908489305329,0.0229715472566023,-0.00902771508531219,"descenso"
620689750,"mesh",40,2006.01468013654,-0.254033935162557,0.0222886103081568,-0.366136099701805,"descenso"
620689750,"np",40,1.475,-0.399672441733799,0.00188925798640707,0,"descenso"
620689750,"pd",40,0.0721660352475846,-0.421979740807313,0.00103314777462424,0,"descenso"
620689758,"cohesion",40,100,NA,NA,NA,"sin tendencia"
620689758,"ed",40,0,NA,NA,NA,"sin tendencia"
620689758,"lpi",40,100,NA,NA,NA,"sin tendencia"
620689758,"mesh",40,1439.32695817272,NA,NA,NA,"sin tendencia"
620689758,"np",40,1,NA,NA,NA,"sin tendencia"
620689758,"pd",40,0.0694769172717737,NA,NA,NA,"sin tendencia"
620689768,"cohesion",40,99.9999630432579,0.392236285737696,0.00192566262353636,0,"descenso"
620689768,"ed",40,0.101336186403436,-0.392236285737696,0.00192566262353636,0,"descenso"
620689768,"lpi",40,99.9866569626395,0.392236285737696,0.00192566262353636,0,"descenso"
620689768,"mesh",40,3041.50906953829,0.392236285737696,0.00192566262353636,0,"descenso"
620689768,"np",40,1,NA,NA,NA,"sin tendencia"
620689768,"pd",40,0.0328696441772283,-0.190963966410515,0.155569932587743,0,"sin tendencia"
620689778,"cohesion",40,99.9591684086835,0.145338371908622,0.191770652527525,0.000291483313399227,"sin tendencia"
620689778,"ed",40,5.28200350702865,0.158200174732393,0.155052714686088,0.0354646858291316,"sin tendencia"
620689778,"lpi",40,94.1870456905504,-0.308711046551853,0.00568044725209618,-0.00920486574692152,"descenso"
620689778,"mesh",40,1576.35041094873,-0.316341094663843,0.00443786425559463,-0.30853518255035,"descenso"
620689778,"np",40,2.55,-0.61614199738321,2.16171364453964e-06,-0.0294117647058824,"descenso"
620689778,"pd",40,0.143508252088176,-0.505374896730049,0.000102934400866882,-0.00165522782108623,"descenso"
620691073,"cohesion",40,99.650105836386,-0.343589743589744,0.00186564692544231,-0.00590555725493272,"descenso"
620691073,"ed",40,21.9350433325374,0.0230769230769231,0.842992183820956,0.00347193502680852,"sin tendencia"
620691073,"lpi",40,69.4950370942588,-0.505128205128205,4.67524608951221e-06,-0.168831105734428,"descenso"
620691073,"mesh",40,3062.40711928986,-0.505128205128205,4.67524608951221e-06,-14.8599212476194,"descenso"
620691073,"np",40,48.275,0.480413469262962,2.14744463094473e-05,0.32,"incremento"
620691073,"pd",40,0.762665621512965,0.493276648826068,1.26696316121026e-05,0.00505547382463281,"incremento"
620691090,"cohesion",40,92.9742930920192,-0.454429129235925,3.89918555811249e-05,-0.0272080898266045,"descenso"
620691090,"ed",40,28.046887177844,-0.175979774317621,0.112997364049936,-0.0771822969846684,"sin tendencia"
620691090,"lpi",40,8.55410150015959,0.290697676072704,0.0107504895800164,0.0162546843044773,"incremento"
620691090,"mesh",40,7.29579324032615,0.364570261872889,0.000974835354714866,0.0458035556748699,"incremento"
620691090,"np",40,19.15,-0.0128490164573306,0.92369139677366,0,"sin tendencia"
620691090,"pd",40,2.20841203844405,-0.00571067398103584,0.971346671640962,0,"sin tendencia"
620691099,"cohesion",40,99.9966177959782,0.349557966853528,0.00247088331636718,0.000104546755211309,"incremento"
620691099,"ed",40,2.27998309447318,-0.396214623586904,0.000710466125625232,-0.0700659256615207,"descenso"
620691099,"lpi",40,99.4262515098644,0.349557966853528,0.00247088331636718,0.0177082867325774,"incremento"
620691099,"mesh",40,679.561764697176,0.349557966853528,0.00247088331636718,0.241324554515575,"incremento"
620691099,"np",40,1,NA,NA,NA,"sin tendencia"
620691099,"pd",40,0.145471666405621,NA,NA,NA,"sin tendencia"
620691101,"cohesion",40,99.997087290708,0.0634334103860838,0.57546369819537,9.81752577544626e-06,"sin tendencia"
620691101,"ed",40,3.98848519086249,-0.146094363338785,0.191428493893506,-0.0544690752790414,"sin tendencia"
620691101,"lpi",40,98.9002086011083,0.17217639961937,0.12354488606115,0.0273195989498477,"sin tendencia"
620691101,"mesh",40,4282.87376959897,0.17217639961937,0.12354488606115,2.36530282895533,"sin tendencia"
620691101,"np",40,1.1,0.310316445417088,0.0202437444741189,0,"descenso"
620691101,"pd",40,0.0251227443693949,0.975706515878727,2.00282320903794e-13,1.85070072117014e-19,"incremento"
620691120,"cohesion",40,91.4463012474427,-0.778704457822246,1.65301202127246e-12,-0.106971775858813,"descenso"
620691120,"ed",40,49.4648582185935,-0.82745366605494,6.20054251618531e-14,-0.579135415912025,"descenso"
620691120,"lpi",40,3.89411347203123,-0.796145594791476,5.88543166089645e-13,-0.0745981753389818,"descenso"
620691120,"mesh",40,3.68448043443762,-0.817190674848057,1.2576627798773e-13,-0.130475555627979,"descenso"
620691120,"np",40,77.725,-0.119511006767481,0.300910384495156,-0.0384615384615385,"sin tendencia"
620691120,"pd",40,3.73716262507338,-0.119511006767481,0.300910384495156,-0.00184930233568714,"sin tendencia"
620691126,"cohesion",40,99.9956279933644,0.0789681231336961,0.483968788800826,2.69988182333687e-05,"sin tendencia"
620691126,"ed",40,3.0682659434906,-0.130579917674489,0.243453874558886,-0.0348404997943384,"sin tendencia"
620691126,"lpi",40,99.4455152916988,0.050553943264145,0.657496888012882,0.00344200903183287,"sin tendencia"
620691126,"mesh",40,710.029259708558,0.0478986976384714,0.674514569347298,0.0492498249506182,"sin tendencia"
620691126,"np",40,1.1,-0.29838119751643,0.0256392720088056,0,"descenso"
620691126,"pd",40,0.15321258352957,-0.397333890291554,0.00256564350820456,0,"descenso"
620691154,"cohesion",40,99.4910815415167,0.343589743589744,0.00186564692544231,0.000689134055389099,"incremento"
620691154,"ed",40,23.4033824421037,0.379487179487179,0.000588075750708849,0.0720705102069955,"incremento"
620691154,"lpi",40,57.6380063542494,-0.115532829466761,0.299697239667491,-0.0048280202093796,"sin tendencia"
620691154,"mesh",40,624.432120160525,-0.11025641025641,0.322008969245694,-0.104715787887528,"sin tendencia"
620691154,"np",40,14.975,0.0485220668520174,0.696734549243702,0,"sin tendencia"
620691154,"pd",40,0.805775568961702,0.0842324412202786,0.48609026201762,0,"sin tendencia"
620692449,"cohesion",40,90.6176088940574,0.301863116530227,0.00639329160614799,0.112343285002874,"incremento"
620692449,"ed",40,24.0873802489662,0.281310734128169,0.0110712178914822,0.177453677767133,"incremento"
620692449,"lpi",40,2.23801020408163,0.2866333378507,0.00967503739857629,0.0323902288188002,"incremento"
620692449,"mesh",40,1.92767379892562,0.301863116530227,0.00639329160614799,0.0246842840809885,"incremento"
620692449,"np",40,33.9,0.3097977318902,0.00601280569845443,0.3,"incremento"
620692449,"pd",40,1.87472082640306,0.312423136397744,0.00559768909608052,0.0165904497911775,"incremento"
620692475,"cohesion",40,99.9974849689444,0.554022872828194,6.967973827553e-07,4.11951365781607e-05,"incremento"
620692475,"ed",40,4.18146426994362,-0.161264873780977,0.150964007633419,-0.0075232045672346,"sin tendencia"
620692475,"lpi",40,99.0573406587308,0.554022872828194,6.967973827553e-07,0.0152889924803683,"incremento"
620692475,"mesh",40,3262.54074585216,0.554022872828194,6.967973827553e-07,1.00829807075368,"incremento"
620692475,"np",40,1,NA,NA,NA,"sin tendencia"
620692475,"pd",40,0.0300760117203108,NA,NA,NA,"sin tendencia"
620692501,"cohesion",40,99.9998913619608,0.633139072456196,1.71573547644825e-07,5.36814243065059e-06,"incremento"
620692501,"ed",40,0.248115228035148,-0.626740261397724,2.13485577448494e-07,-0.0119591323177988,"descenso"
620692501,"lpi",40,99.9659264010262,0.633139072456196,1.71573547644825e-07,0.00168445335983508,"incremento"
620692501,"mesh",40,2299.9163097932,0.633139072456196,1.71573547644825e-07,0.0775185359875071,"incremento"
620692501,"np",40,1,NA,NA,NA,"sin tendencia"
620692501,"pd",40,0.0434502279478989,Inf,0,0,"descenso"
620692502,"cohesion",40,99.9888090095969,0.290895856205545,0.00896666612094795,0.000106997123390424,"incremento"
620692502,"ed",40,12.9117857961316,0.016741960155264,0.88873565339009,0.000402235064584744,"sin tendencia"
620692502,"lpi",40,97.515058106576,0.388114232101932,0.000485636683096902,0.0255987811791383,"incremento"
620692502,"mesh",40,1238.10512354205,0.386568271135368,0.000507716003547751,0.649570625413602,"incremento"
620692502,"np",40,1.1,0,1,0,"sin tendencia"
620692502,"pd",40,0.0844884017143273,0.141628415434926,0.275249967410016,0,"sin tendencia"
620693831,"cohesion",40,94.4598997580633,0.221937184848844,0.0450578527496556,0.0086897922928119,"incremento"
620693831,"ed",40,16.8275545927923,-0.152661994202384,0.169157673875391,-0.00779548404712344,"sin tendencia"
620693831,"lpi",40,3.58844779996753,-0.0712940225519993,0.528565341241024,-0.00111091171670048,"sin tendencia"
620693831,"mesh",40,5.59295353141075,-0.03463759532323,0.761929900908658,-0.000889016700724027,"sin tendencia"
620693831,"np",40,50.475,-0.158724148859261,0.176736608257889,-0.0327956989247312,"sin tendencia"
620693831,"pd",40,1.4804980862139,-0.150442888918778,0.200624991711476,-0.00096194095084917,"sin tendencia"
620693854,"cohesion",40,99.6519792593468,-0.468851223546948,2.21694334828067e-05,-0.00275340465642982,"descenso"
620693854,"ed",40,46.6153570280138,0.653822665165469,3.22076529776609e-09,0.146310959694395,"incremento"
620693854,"lpi",40,59.9210146928008,-0.61696861958895,2.37274773120532e-08,-0.105962614014514,"descenso"
620693854,"mesh",40,1081.6208039402,-0.617855995961868,2.22363303380583e-08,-3.77991698959252,"descenso"
620693854,"np",40,28.85,0.652400373200304,1.6586886122286e-08,0.15625,"incremento"
620693854,"pd",40,0.959197134974447,0.656477875532805,1.34981930508001e-08,0.0051949584866467,"incremento"
620693877,"cohesion",40,86.7824523122891,NA,NA,NA,"sin tendencia"
620693877,"ed",40,0,NA,NA,NA,"sin tendencia"
620693877,"lpi",40,23.6051502145923,NA,NA,NA,"sin tendencia"
620693877,"mesh",40,3.21558957703622,NA,NA,NA,"sin tendencia"
620693877,"np",40,13,NA,NA,NA,"sin tendencia"
620693877,"pd",40,60.4756310002046,NA,NA,NA,"sin tendencia"
620693879,"cohesion",40,99.9471413273788,-0.146094363338785,0.191408356286418,-0.000125271557234549,"sin tendencia"
620693879,"ed",40,16.6490279673792,0.345813648641981,0.00184791507074538,0.224722677055994,"incremento"
620693879,"lpi",40,95.2483287624271,-0.244352519212658,0.0283126924910506,-0.02659794545648,"descenso"
620693879,"mesh",40,978.273261328132,-0.244352519212658,0.0283126924910506,-0.555732497861327,"descenso"
620693879,"np",40,2.35,-0.138710877773881,0.267109170559909,0,"sin tendencia"
620693879,"pd",40,0.21830537007306,-0.138710877773881,0.267109170559909,0,"sin tendencia"
620693881,"cohesion",40,99.790401584618,-0.31267089344363,0.0049355778476657,-0.00376578594006083,"descenso"
620693881,"ed",40,80.6086740297619,0.232565127354766,0.0367984575118872,0.277691064999555,"incremento"
620693881,"lpi",40,65.1835657448988,-0.361767975885191,0.00113604284043947,-0.520164734924143,"descenso"
620693881,"mesh",40,1540.58066324763,-0.361767975885191,0.00113604284043947,-22.9789745460517,"descenso"
620693881,"np",40,41.225,0.117513101264937,0.298183384024752,0.211323763955343,"sin tendencia"
620693881,"pd",40,1.17345950402734,0.126653009141099,0.26179390541043,0.00601527905979931,"sin tendencia"
620693891,"cohesion",40,99.9996483616303,0.0398797283044059,0.744744410575649,0,"sin tendencia"
620693891,"ed",40,0.546629265489317,-0.0155083475960532,0.904230431651768,0,"sin tendencia"
620693891,"lpi",40,99.9242616033755,0.0398797283044059,0.744744410575649,0,"sin tendencia"
620693891,"mesh",40,1091.61045607589,0.0398797283044059,0.744744410575649,0,"sin tendencia"
620693891,"np",40,1,NA,NA,NA,"sin tendencia"
620693891,"pd",40,0.0914691465306567,-Inf,0,0,"descenso"
620693903,"cohesion",40,79.6154287192855,NA,NA,NA,"sin tendencia"
620693903,"ed",40,0,NA,NA,NA,"sin tendencia"
620693903,"lpi",40,55.5555555555556,NA,NA,NA,"sin tendencia"
620693903,"mesh",40,0.420289335323059,NA,NA,NA,"sin tendencia"
620693903,"np",40,2,NA,NA,NA,"sin tendencia"
620693903,"pd",40,240.868752530729,NA,NA,NA,"sin tendencia"
620695255,"cohesion",40,99.9593195030461,-0.111114449736166,0.321504837232094,-0.000118869908908146,"sin tendencia"
620695255,"ed",40,21.951372107482,0.275023074136321,0.0134199569220669,0.278377462352897,"incremento"
620695255,"lpi",40,94.3618403951131,-0.221369656653476,0.0473512211303022,-0.0395377337611332,"descenso"
620695255,"mesh",40,949.383452005361,-0.222228899472332,0.0461079638084745,-0.813633504032388,"descenso"
620695255,"np",40,2.925,-0.14908154743252,0.226213611884929,0,"sin tendencia"
620695255,"pd",40,0.274710593118943,-0.126199553065503,0.302181756394308,0,"sin tendencia"
620695267,"cohesion",40,99.9938645533195,0.0090500933041725,0.944206526442115,0,"sin tendencia"
620695267,"ed",40,7.40384317788737,0.0232565127354766,0.842830658758223,0.00459354865688171,"sin tendencia"
620695267,"lpi",40,98.6992948819521,-0.00646435236012321,0.962787487083701,0,"sin tendencia"
620695267,"mesh",40,1134.53450309706,-0.00646435236012321,0.962787487083701,0,"sin tendencia"
620695267,"np",40,1.075,-0.0101955923785773,0.959046931898177,0,"sin tendencia"
620695267,"pd",40,0.0923152107695898,0.105354454578632,0.441155020398565,0,"sin tendencia"
620695279,"cohesion",40,99.9999868900315,0.405798428622345,0.00234127260749354,0,"descenso"
620695279,"ed",40,0.0272356375706296,-0.405798428622345,0.00234127260749354,0,"descenso"
620695279,"lpi",40,99.9963807455664,0.405798428622345,0.00234127260749354,0,"descenso"
620695279,"mesh",40,1784.24511280858,0.405798428622345,0.00234127260749354,0,"descenso"
620695279,"np",40,1,NA,NA,NA,"sin tendencia"
620695279,"pd",40,0.0560420550311242,NA,NA,NA,"sin tendencia"
620695281,"cohesion",40,99.9881995215092,-0.761910440959043,5.62336361532311e-12,-0.000300518084987849,"descenso"
620695281,"ed",40,13.7423371138367,0.869294084984863,3.92681558484775e-15,0.371257311574469,"incremento"
620695281,"lpi",40,96.2794505739086,-0.751614353919056,1.07841127873029e-11,-0.0932784032164679,"descenso"
620695281,"mesh",40,2690.7268081055,-0.751614353919056,1.07841127873029e-11,-5.23912594468893,"descenso"
620695281,"np",40,1.525,0.488406473805262,0.000136834154209058,0,"descenso"
620695281,"pd",40,0.0525567331481393,0.484319390342457,0.000155715408426941,0,"descenso"
620696631,"cohesion",40,99.0432929814923,NA,NA,NA,"sin tendencia"
620696631,"ed",40,0,NA,NA,NA,"sin tendencia"
620696631,"lpi",40,93.4959349593496,NA,NA,NA,"sin tendencia"
620696631,"mesh",40,19.9353657719505,NA,NA,NA,"sin tendencia"
620696631,"np",40,2,NA,NA,NA,"sin tendencia"
620696631,"pd",40,8.81227143405107,NA,NA,NA,"sin tendencia"
620696636,"cohesion",40,99.9999682418354,-0.237567100184981,0.0696876232996755,0,"sin tendencia"
620696636,"ed",40,0.0558239156367366,0.237567100184981,0.0696876232996755,0,"sin tendencia"
620696636,"lpi",40,99.991142379916,-0.237567100184981,0.0696876232996755,0,"sin tendencia"
620696636,"mesh",40,1822.43110074193,-0.237567100184981,0.0696876232996755,0,"sin tendencia"
620696636,"np",40,1,NA,NA,NA,"sin tendencia"
620696636,"pd",40,0.054862043143609,NA,NA,NA,"sin tendencia"
620696663,"cohesion",40,99.9980426898428,-0.137260991217989,0.226894792135537,-2.16382464979719e-06,"sin tendencia"
620696663,"ed",40,2.02994390323121,0.134438819254621,0.236130120294388,0.00666673901175687,"sin tendencia"
620696663,"lpi",40,99.5225636973282,-0.147819529003988,0.192830076687106,-0.0010876262931908,"sin tendencia"
620696663,"mesh",40,4279.16885456324,-0.147819529003988,0.192830076687106,-0.0939565279553123,"sin tendencia"
620696663,"np",40,1.45,-0.155743494037048,0.233227782899299,0,"sin tendencia"
620696663,"pd",40,0.033566166419559,-0.0973396837731551,0.460054497101188,0,"sin tendencia"
620696679,"cohesion",40,99.9958365640198,-0.691175606342036,6.42514024786132e-10,-0.000237228293737501,"descenso"
620696679,"ed",40,3.72822652067627,0.772182955289496,5.01080205166937e-12,0.173884238568683,"incremento"
620696679,"lpi",40,98.8169464666563,-0.785248656732634,2.1823199600002e-12,-0.0658711529983676,"descenso"
620696679,"mesh",40,7561.60776527633,-0.785248656732634,2.1823199600002e-12,-10.0949392012697,"descenso"
620696679,"np",40,2.825,0.580866681613536,1.18017807303508e-06,0.1,"incremento"
620696679,"pd",40,0.0364837424078316,0.598249225701721,5.59476775783511e-07,0.00129145990824183,"incremento"
620697998,"cohesion",40,98.6172031136056,0.409799258714806,0.000218975724948689,0.00280481864337211,"incremento"
620697998,"ed",40,10.8526657592098,-0.471655750596286,2.0838686493055e-05,-0.0442159834828787,"descenso"
620697998,"lpi",40,24.5705914216773,0.170658902307253,0.126534613357463,0.00492441030186647,"sin tendencia"
620697998,"mesh",40,113.177853141782,0.172682706502465,0.120971031604069,0.0444230904741631,"sin tendencia"
620697998,"np",40,13.025,-0.241364315475662,0.0433201530735588,-0.0454545454545455,"descenso"
620697998,"pd",40,0.695224294957767,-0.227166414565329,0.0572958204468569,-0.00242618843119095,"sin tendencia"
620698035,"cohesion",40,99.999787923005,-0.641581271912865,9.29567537736828e-09,-4.29604966321051e-06,"descenso"
620698035,"ed",40,0.299087720145711,0.407826601770913,0.000259468208324764,0.0026950025523165,"incremento"
620698035,"lpi",40,99.9092628620839,-0.641581271912865,9.29567537736828e-09,-0.00183744055339368,"descenso"
620698035,"mesh",40,4260.14309503019,-0.641581271912865,9.29567537736828e-09,-0.156715929373536,"descenso"
620698035,"np",40,1,NA,NA,NA,"sin tendencia"
620698035,"pd",40,0.0234308125023117,Inf,0,0,"descenso"
620699374,"cohesion",40,99.9734870827116,0.208083708104486,0.063266914852223,0.000101513287166962,"sin tendencia"
620699374,"ed",40,14.7423768933356,-0.291998437678762,0.0086757864210611,-0.150978548368654,"descenso"
620699374,"lpi",40,96.18275894583,0.241897310671465,0.0306936185967093,0.0286127368773167,"incremento"
620699374,"mesh",40,1811.95035952361,0.241897310671465,0.0306936185967093,1.09100676357408,"incremento"
620699374,"np",40,2.6,-0.143288779072699,0.275075667827601,0,"sin tendencia"
620699374,"pd",40,0.132863344708384,-0.0869287242502649,0.5025089881028,0,"sin tendencia"
620699405,"cohesion",40,99.9699806265991,-0.524563565033527,2.31476128815426e-06,-0.000996930346107661,"descenso"
620699405,"ed",40,21.3184565515493,0.576244704445698,2.09899130734638e-07,0.756630267171492,"incremento"
620699405,"lpi",40,94.531492248062,-0.593427546659311,9.17535235370973e-08,-0.205772425249169,"descenso"
620699405,"mesh",40,1278.3902812281,-0.594333103239957,8.62013602686464e-08,-5.53958709106108,"descenso"
620699405,"np",40,2.05,0.269149185779913,0.0325198621507197,0,"descenso"
620699405,"pd",40,0.143540971711626,0.269149185779913,0.0325198621507197,0,"descenso"
620700750,"cohesion",40,95.9248168251397,NA,NA,NA,"sin tendencia"
620700750,"ed",40,0,NA,NA,NA,"sin tendencia"
620700750,"lpi",40,44.3193449334698,NA,NA,NA,"sin tendencia"
620700750,"mesh",40,24.1733675799028,NA,NA,NA,"sin tendencia"
620700750,"np",40,8,NA,NA,NA,"sin tendencia"
620700750,"pd",40,8.8754095098324,NA,NA,NA,"sin tendencia"
620700751,"cohesion",40,100,NA,NA,NA,"sin tendencia"
620700751,"ed",40,0,NA,NA,NA,"sin tendencia"
620700751,"lpi",40,100,NA,NA,NA,"sin tendencia"
620700751,"mesh",40,682.252602742102,NA,NA,NA,"sin tendencia"
620700751,"np",40,1,NA,NA,NA,"sin tendencia"
620700751,"pd",40,0.146573277402067,NA,NA,NA,"sin tendencia"
620700766,"cohesion",40,99.9855033397411,0.253237583119634,0.0229281739224892,0.000227473078589604,"incremento"
620700766,"ed",40,15.8885968272835,-0.248069469178417,0.0258824965107616,-0.251822395284417,"descenso"
620700766,"lpi",40,96.7490857485945,0.253237583119634,0.0229281739224892,0.0597346485585178,"incremento"
620700766,"mesh",40,1583.18351400749,0.253237583119634,0.0229281739224892,1.98836039887516,"incremento"
620700766,"np",40,1.1,-0.262575453814459,0.0498636902105405,0,"descenso"
620700766,"pd",40,0.0650783431596043,-0.262575453814459,0.0498636902105405,0,"descenso"
620702120,"cohesion",40,99.9346042085448,0.452209969856489,4.6811086654572e-05,0.0009285426519292,"incremento"
620702120,"ed",40,38.7587157106883,-0.462546197738923,3.12279927398042e-05,-0.646739281451013,"descenso"
620702120,"lpi",40,84.9649854105877,0.436705628032838,8.45840854363249e-05,0.223570718568635,"incremento"
620702120,"mesh",40,3202.07343462866,0.436705628032838,8.45840854363249e-05,16.9736866780665,"incremento"
620702120,"np",40,18.025,-0.484371122813267,1.90693870065422e-05,-0.333333333333333,"descenso"
620702120,"pd",40,0.407200222793853,-0.483047704444924,2.00976025357704e-05,-0.00753028613580867,"descenso"
620702132,"cohesion",40,99.9998640310966,-0.241261574195986,0.0308759988363386,-2.34497831069249e-06,"descenso"
620702132,"ed",40,0.447627264130003,0.239181037324559,0.0318748703921975,0.00912457970110212,"incremento"
620702132,"lpi",40,99.9305197170699,-0.241261574195986,0.0308759988363386,-0.00119821630641889,"descenso"
620702132,"mesh",40,6069.74092259996,-0.241261574195986,0.0308759988363386,-0.145587661889994,"descenso"
620702132,"np",40,1,NA,NA,NA,"sin tendencia"
620702132,"pd",40,0.016452284180155,NA,NA,NA,"sin tendencia"
620702141,"cohesion",40,100,NA,NA,NA,"sin tendencia"
620702141,"ed",40,0,NA,NA,NA,"sin tendencia"
620702141,"lpi",40,100,NA,NA,NA,"sin tendencia"
620702141,"mesh",40,1412.66421273659,NA,NA,NA,"sin tendencia"
620702141,"np",40,1,NA,NA,NA,"sin tendencia"
620702141,"pd",40,0.070788230563498,NA,NA,NA,"sin tendencia"
620702181,"cohesion",40,99.988012229305,-0.65197850201262,5.59224157112612e-09,-0.000345879017936937,"descenso"
620702181,"ed",40,8.09243978646491,0.672883624321642,1.79025197474829e-09,0.288569623552698,"incremento"
620702181,"lpi",40,97.8371271585557,-0.672883624321642,1.79025197474829e-09,-0.0852290271101271,"descenso"
620702181,"mesh",40,1688.17605713305,-0.672883624321642,1.79025197474829e-09,-2.9631277484475,"descenso"
620702181,"np",40,1.725,0.389702251659886,0.00214756658345536,0,"descenso"
620702181,"pd",40,0.097841114153104,0.389702251659886,0.00214756658345536,0,"descenso"
620703490,"cohesion",40,99.9932165436068,0.72986245309725,8.54117269640778e-11,0.000359484959991363,"incremento"
620703490,"ed",40,7.4886490175141,-0.733145083849235,6.3801591692779e-11,-0.374329130662989,"descenso"
620703490,"lpi",40,98.4904345861264,0.72986245309725,8.54117269640778e-11,0.0812599901249424,"incremento"
620703490,"mesh",40,1188.56842140336,0.72986245309725,8.54117269640778e-11,1.96939413734153,"incremento"
620703490,"np",40,1,NA,NA,NA,"sin tendencia"
620703490,"pd",40,0.0816381250554124,-Inf,0,0,"descenso"
620703544,"cohesion",40,99.9813525528994,0.338853170803414,0.00252654274790646,0.000212799435668133,"incremento"
620703544,"ed",40,6.30085997137545,0.281287381168857,0.0122423375142249,0.0897819513734711,"incremento"
620703544,"lpi",40,97.8808565679793,-0.219664595895155,0.0515642664832765,-0.00946021497904235,"sin tendencia"
620703544,"mesh",40,4305.24744499216,-0.228954845137442,0.0416659270501825,-0.833122622209803,"descenso"
620703544,"np",40,3.125,-0.0415112901155598,0.749826417826249,0,"sin tendencia"
620703544,"pd",40,0.0695441389657,-0.11909961863677,0.32953345534067,0,"sin tendencia"
620704850,"cohesion",40,97.9471009428642,-0.230769230769231,0.0370207476659053,-0.00782921855284218,"descenso"
620704850,"ed",40,14.7736480207776,-0.111610029374852,0.316316070202336,-0.0240190922663142,"sin tendencia"
620704850,"lpi",40,14.2334386367988,0.00128452390012862,1,0,"sin tendencia"
620704850,"mesh",40,39.7052745316443,0.00512820512820513,0.972117135841733,0.00387975303387576,"sin tendencia"
620704850,"np",40,14.125,0.0807159615074599,0.492872934682358,0,"sin tendencia"
620704850,"pd",40,0.732826923355087,0.0656672229213233,0.578421983286559,2.22044604925031e-18,"sin tendencia"
620704912,"cohesion",40,99.9998692600304,0.232823083461141,0.0703221632962771,0,"sin tendencia"
620704912,"ed",40,0.286346219120165,-0.232823083461141,0.0703221632962771,0,"sin tendencia"
620704912,"lpi",40,99.9490324586172,0.232823083461141,0.0703221632962771,0,"sin tendencia"
620704912,"mesh",40,3557.83658569331,0.232823083461141,0.0703221632962771,0,"sin tendencia"
620704912,"np",40,1,NA,NA,NA,"sin tendencia"
620704912,"pd",40,0.0280783717946347,NA,NA,NA,"sin tendencia"
620704920,"cohesion",40,99.9529618887487,-0.518438309293388,3.76081034495042e-06,-0.00110334845059797,"descenso"
620704920,"ed",40,18.5946101663674,0.832643345228774,1.05513293750958e-13,0.76106506037758,"incremento"
620704920,"lpi",40,94.4248028283927,-0.801222841635236,8.49961075305551e-13,-0.21683121016817,"descenso"
620704920,"mesh",40,605.435349711513,-0.801222841635236,8.49961075305551e-13,-2.79819341866988,"descenso"
620704920,"np",40,2.125,-0.0330056518598099,0.799847854760374,0,"sin tendencia"
620704920,"pd",40,0.313204711187807,0.0282905587369799,0.829367837017186,0,"sin tendencia"
620706226,"cohesion",40,99.1074945331385,-0.169230769230769,0.126938771346517,-0.000694394883601709,"sin tendencia"
620706226,"ed",40,27.4115207521406,0.101347038167969,0.363433330331591,0.0768744440535829,"sin tendencia"
620706226,"lpi",40,35.0129170560106,0.0179717734726072,0.879593920194752,0.00856204203645479,"sin tendencia"
620706226,"mesh",40,206.963272509578,0.0205128205128205,0.861263883621309,0.107808108924862,"sin tendencia"
620706226,"np",40,9.375,0.0394442841974798,0.741429996379163,0,"sin tendencia"
620706226,"pd",40,0.558547270784925,0.0353638410046371,0.768293833504001,0,"sin tendencia"
620706244,"cohesion",40,99.7528818189984,-0.135897435897436,0.221194271982253,-0.00134612206272733,"sin tendencia"
620706244,"ed",40,24.4836116695035,0.151282051282051,0.172828610848332,0.0429065172437415,"sin tendencia"
620706244,"lpi",40,79.0218779115911,0.28974358974359,0.00875481860343392,0.1935841108934,"incremento"
620706244,"mesh",40,1677.95637182507,0.297435897435897,0.00711551760719677,7.94342960055553,"incremento"
620706244,"np",40,12.675,0.106543905793458,0.349356662419071,0.0727513227513227,"sin tendencia"
620706244,"pd",40,0.474086458197751,0.110341168261881,0.331648396645362,0.00272113743056222,"sin tendencia"
620706283,"cohesion",40,100,NA,NA,NA,"sin tendencia"
620706283,"ed",40,0,NA,NA,NA,"sin tendencia"
620706283,"lpi",40,100,NA,NA,NA,"sin tendencia"
620706283,"mesh",40,1175.74403912716,NA,NA,NA,"sin tendencia"
620706283,"np",40,1,NA,NA,NA,"sin tendencia"
620706283,"pd",40,0.0850525256111333,NA,NA,NA,"sin tendencia"
620707602,"cohesion",40,94.6621102390473,0.197689508198679,0.0746106719544712,0.00774049330678006,"sin tendencia"
620707602,"ed",40,18.3726760946051,-0.061696861958895,0.583865391841042,-0.0147625001503312,"sin tendencia"
620707602,"lpi",40,4.5561536837661,0.249014798123963,0.0286745204561779,0.00370838503606682,"incremento"
620707602,"mesh",40,3.28945585882115,0.247913112724824,0.0252566648056189,0.0220168405033729,"incremento"
620707602,"np",40,8.45,-0.141610217159435,0.24078586932209,0,"sin tendencia"
620707602,"pd",40,0.966754730312538,-0.137275210511697,0.255644624930587,0,"sin tendencia"
620707627,"cohesion",40,94.4492679512709,0.59369566396744,8.18529280210321e-08,0.131473619987708,"incremento"
620707627,"ed",40,78.7298294253921,-0.524152137168651,2.20760717938896e-06,-1.07165890571424,"descenso"
620707627,"lpi",40,17.4333961248654,0.480988110739257,1.44033253111497e-05,0.329179850170162,"incremento"
620707627,"mesh",40,11.74432494251,0.490668216858123,9.41017165840396e-06,0.400483101086342,"incremento"
620707627,"np",40,21.6,-0.599502174017058,9.78726941032071e-08,-0.555555555555556,"descenso"
620707627,"pd",40,6.30044207373167,-0.599502174017058,9.78726941032071e-08,-0.162048407246185,"descenso"
620707659,"cohesion",40,99.9999775060008,0.310316445417088,0.0202437444741189,0,"descenso"
620707659,"ed",40,0.0324016525621368,-0.310316445417088,0.0202437444741189,0,"descenso"
620707659,"lpi",40,99.995079143771,0.310316445417088,0.0202437444741189,0,"descenso"
620707659,"mesh",40,1124.7988483825,0.310316445417088,0.0202437444741189,0,"descenso"
620707659,"np",40,1,NA,NA,NA,"sin tendencia"
620707659,"pd",40,0.0888960375918005,NA,NA,NA,"sin tendencia"
620707681,"cohesion",40,100,NA,NA,NA,"sin tendencia"
620707681,"ed",40,0,NA,NA,NA,"sin tendencia"
620707681,"lpi",40,100,NA,NA,NA,"sin tendencia"
620707681,"mesh",40,1773.30321536709,NA,NA,NA,"sin tendencia"
620707681,"np",40,1,NA,NA,NA,"sin tendencia"
620707681,"pd",40,0.0563919351938351,NA,NA,NA,"sin tendencia"
620708988,"cohesion",40,98.2727055404978,-0.269030894838534,0.0161983971254428,-0.0012612001369547,"descenso"
620708988,"ed",40,56.6957520336392,0.0453689234421814,0.691627774979141,1.3882911914082e-14,"sin tendencia"
620708988,"lpi",40,36.2468632371393,0.231453907286159,0.0441909159454224,0.00617233982272203,"incremento"
620708988,"mesh",40,19.3227346668941,0.270780861969726,0.0165179907144537,0.00653431758860402,"incremento"
620708988,"np",40,1.575,0.548664610316191,3.60709536798215e-05,0,"descenso"
620708988,"pd",40,1.07098951286848,0.548664610316191,3.60709536798215e-05,0,"descenso"
620708990,"cohesion",40,99.9713983531274,-0.242860409280871,0.0307163980047662,-4.19841173236603e-05,"descenso"
620708990,"ed",40,5.57783708260046,-0.164641946695569,0.146813371881407,-0.0333031360103939,"sin tendencia"
620708990,"lpi",40,97.9771601980514,0.0448737855904965,0.699308991709393,0,"sin tendencia"
620708990,"mesh",40,554.502816311722,0.0394873594869492,0.734398863959033,0,"sin tendencia"
620708990,"np",40,2.175,0.544200189409969,4.2498352075898e-05,0,"descenso"
620708990,"pd",40,0.376537760005512,0.704397647764419,1.13478576714877e-07,1.76270288687966e-18,"incremento"
620709003,"cohesion",40,98.1792400652405,-0.235675285262563,0.0338477381215712,-0.00859525422030942,"descenso"
620709003,"ed",40,84.3584611524204,-0.681268994010359,7.47058384184495e-10,-0.995290422245382,"descenso"
620709003,"lpi",40,15.9543558282209,-0.312945870594551,0.00478142265132962,-0.146614811568799,"descenso"
620709003,"mesh",40,125.972236786579,-0.377338025037874,0.000663250074471782,-2.15055675029012,"descenso"
620709003,"np",40,114.65,-0.605845322077011,6.35043182223608e-08,-0.710084033613445,"descenso"
620709003,"pd",40,3.04957573372801,-0.601928218701513,7.71812093119598e-08,-0.018887527586701,"descenso"
620709012,"cohesion",40,99.999996699679,0.0238704958013144,0.874620556135231,0,"sin tendencia"
620709012,"ed",40,0.009040993859993,-0.0238704958013144,0.874620556135231,0,"sin tendencia"
620709012,"lpi",40,99.998626939448,0.0238704958013144,0.874620556135231,0,"sin tendencia"
620709012,"mesh",40,4031.40711125186,0.0238704958013144,0.874620556135231,0,"sin tendencia"
620709012,"np",40,1,NA,NA,NA,"sin tendencia"
620709012,"pd",40,0.0248045536726688,NA,NA,NA,"sin tendencia"
620709035,"cohesion",40,99.9999810574628,0.338332476225479,0.0112272433120388,0,"descenso"
620709035,"ed",40,0.0161618564969957,-0.338332476225479,0.0112272433120388,0,"descenso"
620709035,"lpi",40,99.9967273203299,0.338332476225479,0.0112272433120388,0,"descenso"
620709035,"mesh",40,704.717586301748,0.338332476225479,0.0112272433120388,0,"descenso"
620709035,"np",40,1,NA,NA,NA,"sin tendencia"
620709035,"pd",40,0.141891528523142,NA,NA,NA,"sin tendencia"
620709060,"cohesion",40,99.9992231547046,-0.117984727646969,0.297323683728613,-3.79680485083243e-06,"sin tendencia"
620709060,"ed",40,1.55103691681099,0.166266831515809,0.1401976864059,0.0151294779255942,"sin tendencia"
620709060,"lpi",40,99.7003226485235,-0.11536284481037,0.30831225673561,-0.00155868851948045,"sin tendencia"
620709060,"mesh",40,3922.40665857745,-0.11536284481037,0.30831225673561,-0.122792933019262,"sin tendencia"
620709060,"np",40,1.05,0.164288019363381,0.226234911792661,0,"sin tendencia"
620709060,"pd",40,0.0266092645876595,-0.115001613554367,0.402158956037469,0,"sin tendencia"
620709070,"cohesion",40,97.8985614542418,0.0621644326357887,0.595251879869259,0,"sin tendencia"
620709070,"ed",40,1.50574796337845,-0.0754637486887941,0.516751267864719,0,"sin tendencia"
620709070,"lpi",40,71.1378700839593,0.00573350763461485,1,0,"sin tendencia"
620709070,"mesh",40,112.331855924476,0.08108404256842,0.486105867489353,0,"sin tendencia"
620709070,"np",40,10.025,0.00573350763461485,1,0,"sin tendencia"
620709070,"pd",40,4.8016754743891,0.00573350763461485,1,0,"sin tendencia"
620710350,"cohesion",40,72.8665849592412,0.441592148184063,6.41916380709801e-05,0.0911184660244516,"incremento"
620710350,"ed",40,7.2573015569711,0.100257400683204,0.369498068807872,0.00978170002243107,"sin tendencia"
620710350,"lpi",40,0.197332681442851,0.321495778885645,0.00541389915996112,0.00101229135480548,"incremento"
620710350,"mesh",40,0.019249743055882,0.236200451354266,0.0329716107322333,8.28351917900293e-05,"incremento"
620710350,"np",40,20.675,-0.281045002523217,0.0144885648481932,-0.102631578947368,"descenso"
620710350,"pd",40,1.21739605408397,-0.278355576661751,0.015460523748912,-0.00604320576710683,"descenso"
620710364,"cohesion",40,98.0418507606861,0.160565487516078,0.148451551506162,0.00428851084940533,"sin tendencia"
620710364,"ed",40,49.6081139113013,0.803094789118992,3.82672908168366e-13,0.36851741762689,"incremento"
620710364,"lpi",40,22.588686068538,0.748402672434138,1.46993385191105e-11,0.0967665019671219,"incremento"
620710364,"mesh",40,27.5507363418323,0.743739338174473,1.63176666552188e-11,0.241556324906376,"incremento"
620710364,"np",40,11.15,-0.0667972742217434,0.586495375583937,0,"sin tendencia"
620710364,"pd",40,2.08121054897904,-0.0667972742217434,0.586495375583937,0,"sin tendencia"
620710405,"cohesion",40,98.0108072107947,-0.556410256410256,4.53763451423751e-07,-0.0167285720619062,"descenso"
620710405,"ed",40,38.7589093608297,-0.564102564102564,3.14066612751757e-07,-0.105589728557667,"descenso"
620710405,"lpi",40,20.1300607598044,-0.634146863961998,9.2062377083773e-09,-0.0256966598754638,"descenso"
620710405,"mesh",40,196.600873793425,-0.766666666666667,3.50896255597835e-12,-1.07510055447145,"descenso"
620710405,"np",40,85.775,-0.102253430627373,0.368084703949648,-0.0822072072072072,"sin tendencia"
620710405,"pd",40,1.90201361709979,-0.102253430627373,0.368084703949648,-0.00182289976720317,"sin tendencia"
620710406,"cohesion",40,94.9953334129363,0.00775217091182553,0.953505429089871,0,"sin tendencia"
620710406,"ed",40,4.20252421836915,0.348847691032149,0.0017078729032483,0.210426820663077,"incremento"
620710406,"lpi",40,54.09057706355,NA,NA,NA,"sin tendencia"
620710406,"mesh",40,81.7323076649673,-0.341095520120323,0.00216320226647395,-0.0198231390523176,"descenso"
620710406,"np",40,29,0.267597443202269,0.0230938513259813,0.0740740740740741,"incremento"
620710406,"pd",40,11.4804135154347,0.267597443202269,0.0230938513259813,0.0293241724532176,"incremento"
620710407,"cohesion",40,99.9997931440164,-0.0164538704225384,0.900417721902557,0,"sin tendencia"
620710407,"ed",40,0.131337594401933,-0.0223205388993115,0.861068889525662,0,"sin tendencia"
620710407,"lpi",40,99.9747159445624,-0.0134622576184405,0.92025942399157,0,"sin tendencia"
620710407,"mesh",40,3692.62934800034,-0.0134622576184405,0.92025942399157,0,"sin tendencia"
620710407,"np",40,1.15,0.0601656837596187,0.66313164338369,0,"sin tendencia"
620710407,"pd",40,0.0311273765600331,-0.0576587802696346,0.67693098551888,0,"sin tendencia"
620710411,"cohesion",40,99.9999802529558,0.130358981479174,0.334103543426812,0,"sin tendencia"
620710411,"ed",40,0.0441295261140687,-0.116406548798236,0.384644765934995,0,"sin tendencia"
620710411,"lpi",40,99.9931345625736,0.130358981479174,0.334103543426812,0,"sin tendencia"
620710411,"mesh",40,2821.61971711014,0.130358981479174,0.334103543426812,0,"sin tendencia"
620710411,"np",40,1,NA,NA,NA,"sin tendencia"
620710411,"pd",40,0.0354357717523444,0.130358981479174,0.334103543426812,0,"sin tendencia"
620710413,"cohesion",40,99.9999940071445,0.572891899231546,1.62438581801589e-05,0,"descenso"
620710413,"ed",40,0.0163342160315247,-0.572891899231546,1.62438581801589e-05,0,"descenso"
620710413,"lpi",40,99.9971649301864,0.572891899231546,1.62438581801589e-05,0,"descenso"
620710413,"mesh",40,5206.41309462653,0.572891899231546,1.62438581801589e-05,0,"descenso"
620710413,"np",40,1,NA,NA,NA,"sin tendencia"
620710413,"pd",40,0.0192059923876299,NA,NA,NA,"sin tendencia"
620711718,"cohesion",40,96.7713551685053,0.172015546094955,0.121190009470281,0.00490900065918783,"sin tendencia"
620711718,"ed",40,31.5435183655545,0.359435469452144,0.00114967504286089,0.0317393075916463,"incremento"
620711718,"lpi",40,10.5762028916805,0.204634729919743,0.0655316914936963,0.0094809196492065,"sin tendencia"
620711718,"mesh",40,21.9779478190145,0.207959093040169,0.0606454966151029,0.0406290200201601,"sin tendencia"
620711718,"np",40,35.875,0.328531931600082,0.00684268756732256,0.0384615384615385,"incremento"
620711718,"pd",40,1.84333961776154,0.328531931600082,0.00684268756732256,0.00197624188449375,"incremento"
620711731,"cohesion",40,97.9148262894254,-0.00128287390086037,1,-9.30035816537611e-06,"sin tendencia"
620711731,"ed",40,26.1699970345987,0.132220904834182,0.23461014732345,0.0277940811377024,"sin tendencia"
620711731,"lpi",40,34.8380853222276,-0.139357739004977,0.212169966487236,-0.00743396706875741,"sin tendencia"
620711731,"mesh",40,210.821442803648,-0.119307272780015,0.283734432325666,-0.101124446972855,"sin tendencia"
620711731,"np",40,24.35,0.344956241967165,0.00355515124775926,0.0615530303030303,"incremento"
620711731,"pd",40,1.40921531090571,0.360381114575453,0.00231879623576347,0.00356227814109541,"incremento"
620711740,"cohesion",40,94.2988640480337,-0.609256511844088,3.53900617238241e-08,-0.0204533532600268,"descenso"
620711740,"ed",40,58.1947399083798,0.130156368333948,0.243699597341792,0.0130821839864284,"sin tendencia"
620711740,"lpi",40,10.2663551401869,-0.875985403617222,5.47736320073466e-15,-0.0179726815240833,"descenso"
620711740,"mesh",40,9.79794160908713,-0.732650235761878,3.32880176691734e-11,-0.0457204580352146,"descenso"
620711740,"np",40,28.65,0.298974669429558,0.0110849017504378,0.0579831932773109,"incremento"
620711740,"pd",40,4.4649897798888,0.294802929856122,0.0122658143327187,0.00903645254410157,"incremento"
620711762,"cohesion",40,99.5549421471492,-0.358252182146906,0.00123930728959251,-0.000727771701322258,"descenso"
620711762,"ed",40,39.0003798812724,0.603883535688236,5.15971187542209e-08,0.172964494503208,"incremento"
620711762,"lpi",40,54.7727587960608,-0.0996810734638459,0.375173703130197,-0.00310713861367995,"sin tendencia"
620711762,"mesh",40,607.71466762075,-0.314437167064191,0.00460768490675407,-0.285556389120678,"descenso"
620711762,"np",40,17.675,0.371280051695388,0.00143282466769832,0.111111111111111,"incremento"
620711762,"pd",40,0.885759785651794,0.371280051695388,0.00143282466769832,0.00556818975735845,"incremento"
620711771,"cohesion",40,100,NA,NA,NA,"sin tendencia"
620711771,"ed",40,0,NA,NA,NA,"sin tendencia"
620711771,"lpi",40,100,NA,NA,NA,"sin tendencia"
620711771,"mesh",40,466.367397817623,NA,NA,NA,"sin tendencia"
620711771,"np",40,1,NA,NA,NA,"sin tendencia"
620711771,"pd",40,0.214423221837445,NA,NA,NA,"sin tendencia"
620711780,"cohesion",40,98.8578924796888,0.0423348387283923,0.709253824535276,0.00119903372391066,"sin tendencia"
620711780,"ed",40,26.7616689123756,-0.175753724417871,0.113046273711191,-0.0330211647820171,"sin tendencia"
620711780,"lpi",40,26.8867799661161,-0.0282413583140971,0.806684898185574,-0.00213245329191943,"sin tendencia"
620711780,"mesh",40,382.32996734148,-0.0218088563146263,0.852108190052163,-0.0421259453383319,"sin tendencia"
620711780,"np",40,66.375,-0.183778315528085,0.104221826591593,-0.137931034482759,"sin tendencia"
620711780,"pd",40,1.26966831712414,-0.181152911020541,0.109300612113496,-0.00263844315526804,"sin tendencia"
620711784,"cohesion",40,98.9850600457089,-0.211242860743406,0.0599348592286072,-0.0114793146036645,"sin tendencia"
620711784,"ed",40,59.9804551101291,0.0402896509178481,0.726196673425826,0.0957966851485513,"sin tendencia"
620711784,"lpi",40,81.8527315914489,-0.130918764973078,0.247071257412793,-0.0743318439280433,"sin tendencia"
620711784,"mesh",40,27.5251609218449,-0.125180954514611,0.26696988599639,-0.052811264606155,"sin tendencia"
620711784,"np",40,2,0.158495340457882,0.202028877522463,0,"sin tendencia"
620711784,"pd",40,5.14921323699896,0.112775530710416,0.365888058438064,0,"sin tendencia"
620711785,"cohesion",40,99.9232628278637,-0.370393370780113,0.00307490731519331,0,"descenso"
620711785,"ed",40,5.22113325716629,0.384033979593079,0.00198569479530726,0,"descenso"
620711785,"lpi",40,98.8919667590028,-0.374260331062781,0.00291958642954681,0,"descenso"
620711785,"mesh",40,32.5846188636797,-0.378120753550538,0.00256147225435006,0,"descenso"
620711785,"np",40,1.1,0.42966892442366,0.00126648030770279,0,"descenso"
620711785,"pd",40,3.3027709834546,0.42966892442366,0.00126648030770279,0,"descenso"
620713107,"cohesion",40,86.5304606516473,0.144591722411019,0.202126822100811,0.0244651504927302,"sin tendencia"
620713107,"ed",40,76.6072415370325,0.1347609076524,0.249725610056187,4.736951571734e-15,"sin tendencia"
620713107,"lpi",40,10.453995157385,0.176281754967947,0.12583890075346,0.0216881822066268,"sin tendencia"
620713107,"mesh",40,0.536613524284938,0.165623245670803,0.143536566705079,0.00214451063437735,"sin tendencia"
620713107,"np",40,2.175,0.00456784530589954,0.98032910550392,0,"sin tendencia"
620713107,"pd",40,5.70823950458731,0.0350201473452298,0.786222300738791,0,"sin tendencia"
620713120,"cohesion",40,99.9948416756769,0.353609970018642,0.00161130402340773,0.00016493655585208,"incremento"
620713120,"ed",40,4.49095329684735,-0.366172346209466,0.00107521943722314,-0.162268095415745,"descenso"
620713120,"lpi",40,99.0368235553271,0.353609970018642,0.00161130402340773,0.0380955671790705,"incremento"
620713120,"mesh",40,1232.49530678001,0.353609970018642,0.00161130402340773,0.947723628894874,"incremento"
620713120,"np",40,1.3,-0.511408311956759,0.000120755812907407,0,"descenso"
620713120,"pd",40,0.103464439555384,-0.574080899206362,1.57408135947912e-05,0,"descenso"
620713136,"cohesion",40,99.9980411071705,0.0090500933041725,0.94420905234403,0,"sin tendencia"
620713136,"ed",40,3.04942993928285,0.196785583203709,0.0764545373460719,0.015188911510776,"sin tendencia"
620713136,"lpi",40,99.4124858543946,0.0168073161363204,0.888690550417136,0.000122472774302297,"sin tendencia"
620713136,"mesh",40,2658.83703049671,0.0168073161363204,0.888690550417136,0.00655769983325172,"sin tendencia"
620713136,"np",40,1.05,0.26286083098141,0.0506066163657943,0,"sin tendencia"
620713136,"pd",40,0.0390283205539893,0.26286083098141,0.0506066163657943,0,"sin tendencia"
620713158,"cohesion",40,99.9961542089871,-0.375768639060197,0.00179023338794718,-2.73979004606959e-05,"descenso"
620713158,"ed",40,1.90326502597492,0.430983622758838,0.000338683377999329,0.0167605992610124,"incremento"
620713158,"lpi",40,99.4732740706534,-0.470861110985635,8.98297911686941e-05,-0.0164674085246702,"descenso"
620713158,"mesh",40,790.769558607292,-0.470861110985635,8.98297911686941e-05,-0.261818241120497,"descenso"
620713158,"np",40,1.125,0.284199280029403,0.0334544708842862,0,"descenso"
620713158,"pd",40,0.140775578352207,0.284199280029403,0.0334544708842862,0,"descenso"
620713160,"cohesion",40,100,NA,NA,NA,"sin tendencia"
620713160,"ed",40,0,NA,NA,NA,"sin tendencia"
620713160,"lpi",40,100,NA,NA,NA,"sin tendencia"
620713160,"mesh",40,22.880141377177,NA,NA,NA,"sin tendencia"
620713160,"np",40,1,NA,NA,NA,"sin tendencia"
620713160,"pd",40,4.37060236436083,NA,NA,NA,"sin tendencia"
620714483,"cohesion",40,96.4458213807953,-0.385605387243094,0.000492863103631024,-0.00699592811604449,"descenso"
620714483,"ed",40,16.2626241642177,0.451449279114391,4.51818716823219e-05,0.0689466594331683,"incremento"
620714483,"lpi",40,8.66081229418222,-0.0925760723437867,0.41900072547783,-0.00074704232223429,"sin tendencia"
620714483,"mesh",40,14.0383556832874,-0.110540211009687,0.321877558711664,-0.000860981022527668,"sin tendencia"
620714483,"np",40,12.675,0.485793605431596,4.90417987170089e-05,0.0689655172413793,"incremento"
620714483,"pd",40,0.837818726214872,0.457217510994444,0.0001331217754737,0.00455862736157177,"incremento"
620714518,"cohesion",40,55.3454830865794,0.11928370776548,0.31658928364716,0,"sin tendencia"
620714518,"ed",40,19.0579778062512,0.299765432841366,0.0145325250552658,0,"descenso"
620714518,"lpi",40,3.39285714285714,0.207263137521846,0.0934650394119501,0,"sin tendencia"
620714518,"mesh",40,0.0217878650427604,0.290490911852403,0.0140478108509638,2.55560792051953e-05,"incremento"
620714518,"np",40,1.375,0.138675049056307,0.30128726480386,0,"sin tendencia"
620714518,"pd",40,8.87128218002169,0.138675049056307,0.30128726480386,0,"sin tendencia"
620714522,"cohesion",40,99.9999918617273,0.190963966410515,0.155569932587743,0,"sin tendencia"
620714522,"ed",40,0.0191337344873832,-0.190963966410515,0.155569932587743,0,"sin tendencia"
620714522,"lpi",40,99.9963192561023,0.190963966410515,0.155569932587743,0,"sin tendencia"
620714522,"mesh",40,4762.04019888901,0.190963966410515,0.155569932587743,0,"sin tendencia"
620714522,"np",40,1,NA,NA,NA,"sin tendencia"
620714522,"pd",40,0.0209978571559141,-Inf,0,0,"descenso"
620715894,"cohesion",40,95.2843655287717,-0.475946217219198,1.62389017736814e-05,-0.017626588956825,"descenso"
620715894,"ed",40,29.4705560798199,-0.107969508428066,0.333394823771103,-0.0350004546439948,"sin tendencia"
620715894,"lpi",40,11.9517759685068,-0.200919518101089,0.0723767943223754,-0.0106804151382302,"sin tendencia"
620715894,"mesh",40,15.4004913179487,-0.237331671659169,0.0320380247845667,-0.0395905755820577,"descenso"
620715894,"np",40,15.175,0.276989668982936,0.0213643318326054,0.0363756613756614,"incremento"
620715894,"pd",40,1.47162252285638,0.276989668982936,0.0213643318326054,0.00352759423816938,"incremento"
620715898,"cohesion",40,99.9997726965522,0.0897169457617827,0.437576870902185,1.1062600724446e-06,"sin tendencia"
620715898,"ed",40,0.452708312941748,0.175932887637249,0.126740682113063,0.00103075663238223,"sin tendencia"
620715898,"lpi",40,99.9263628508096,0.0897169457617827,0.437576870902185,0.000358622479823755,"sin tendencia"
620715898,"mesh",40,2452.03402507854,0.0897169457617827,0.437576870902185,0.0176087108745419,"sin tendencia"
620715898,"np",40,1,NA,NA,NA,"sin tendencia"
620715898,"pd",40,0.0407224475470728,-Inf,0,0,"descenso"
620715900,"cohesion",40,99.9994492289063,-0.234841302226338,0.0699912196210452,0,"sin tendencia"
620715900,"ed",40,0.0320346193202452,0.200192585504419,0.122971902366879,0,"sin tendencia"
620715900,"lpi",40,99.993553723029,-0.222023630476035,0.0896493399234199,0,"sin tendencia"
620715900,"mesh",40,3792.17130271058,-0.222023630476035,0.0896493399234199,0,"sin tendencia"
620715900,"np",40,1.275,0.222525782002119,0.0957202562740231,0,"sin tendencia"
620715900,"pd",40,0.0336175647086749,0.222525782002119,0.0957202562740231,0,"sin tendencia"
620715911,"cohesion",40,99.9142819017553,-0.768441466615363,3.21954632234736e-12,-0.00323608248312469,"descenso"
620715911,"ed",40,32.332650793092,0.835150909460102,3.62779181111791e-14,1.21710854588039,"incremento"
620715911,"lpi",40,84.6900294636305,-0.771007214417083,2.72748476776409e-12,-0.746144231834104,"descenso"
620715911,"mesh",40,6241.21260480827,-0.771007214417083,2.72748476776409e-12,-110.134348293831,"descenso"
620715911,"np",40,42.85,0.774429412742761,3.05750121243462e-12,2.26679841897233,"incremento"
620715911,"pd",40,0.508718794365085,0.778308024158835,2.38237394604306e-12,0.0269116209747558,"incremento"
620717261,"cohesion",40,99.6283707233435,-0.175979774317621,0.112981060108727,-0.00203800363063868,"sin tendencia"
620717261,"ed",40,29.6034093573185,-0.0912011969091323,0.414628567939213,-0.0868855422780697,"sin tendencia"
620717261,"lpi",40,64.7791284832616,0.106615483710676,0.339262894691716,0.0414562683124492,"sin tendencia"
620717261,"mesh",40,1041.41686416692,0.101477388110161,0.363346458625214,1.40303651435394,"sin tendencia"
620717261,"np",40,17.475,0.188700361729694,0.0984542216453577,0.113247863247863,"sin tendencia"
620717261,"pd",40,0.708483879825518,0.191358113303352,0.0937710271933362,0.00459137542407988,"sin tendencia"
620717262,"cohesion",40,99.9973937159848,0.209522484336656,0.0617480928901801,3.00625630329214e-05,"sin tendencia"
620717262,"ed",40,2.25728036627719,-0.532760786706759,1.71314495396977e-06,-0.0567331989195674,"descenso"
620717262,"lpi",40,99.6201596806387,0.563131732199277,5.07414251777451e-07,0.00931470392548335,"incremento"
620717262,"mesh",40,2293.59071082852,0.557359707893545,6.16955774843171e-07,0.429676758812169,"incremento"
620717262,"np",40,1.65,0.0848657354609315,0.510593573214376,0,"sin tendencia"
620717262,"pd",40,0.0713952290435396,0.0948499396328058,0.461205442928805,0,"sin tendencia"
620717270,"cohesion",40,99.9999760418613,0.0238704958013144,0.874620556135231,0,"sin tendencia"
620717270,"ed",40,0.026919688586162,-0.0238704958013144,0.874620556135231,0,"sin tendencia"
620717270,"lpi",40,99.9915088999308,0.0238704958013144,0.874620556135231,0,"sin tendencia"
620717270,"mesh",40,2933.14207743808,0.0238704958013144,0.874620556135231,0,"sin tendencia"
620717270,"np",40,1,NA,NA,NA,"sin tendencia"
620717270,"pd",40,0.0340873446870562,NA,NA,NA,"sin tendencia"
620717272,"cohesion",40,99.9944729821133,0.62449979983984,4.28108304373487e-08,0.000187254703704238,"incremento"
620717272,"ed",40,1.52504148545794,-0.562668840694535,7.18574776066212e-07,-0.0546573233775445,"descenso"
620717272,"lpi",40,99.731554557961,0.629837404966676,3.28035794208459e-08,0.00941278690898599,"incremento"
620717272,"mesh",40,1267.36012147896,0.629837404966676,3.28035794208459e-08,0.239551137894978,"incremento"
620717272,"np",40,1.525,-0.579660318040807,5.62636946226302e-06,0,"descenso"
620717272,"pd",40,0.119684440970396,-0.458090220944103,0.000337193160049365,-6.24500451351651e-18,"descenso"
620717274,"cohesion",40,100,NA,NA,NA,"sin tendencia"
620717274,"ed",40,0,NA,NA,NA,"sin tendencia"
620717274,"lpi",40,100,NA,NA,NA,"sin tendencia"
620717274,"mesh",40,2264.58044447703,NA,NA,NA,"sin tendencia"
620717274,"np",40,1,NA,NA,NA,"sin tendencia"
620717274,"pd",40,0.044158290001967,NA,NA,NA,"sin tendencia"
620717276,"cohesion",40,99.9999419564973,0.350340976281503,0.00755287473530285,0,"descenso"
620717276,"ed",40,0.157678295244626,-0.350340976281503,0.00755287473530285,0,"descenso"
620717276,"lpi",40,99.9720479956368,0.350340976281503,0.00755287473530285,0,"descenso"
620717276,"mesh",40,5409.97618788653,0.350340976281503,0.00755287473530285,0,"descenso"
620717276,"np",40,1,NA,NA,NA,"sin tendencia"
620717276,"pd",40,0.0184740487176245,NA,NA,NA,"sin tendencia"
620718610,"cohesion",40,97.3871357147181,0.597293212518192,4.47977864504325e-07,0.0134428727029458,"incremento"
620718610,"ed",40,35.4742945250669,-0.860768931985565,2.20301162777551e-13,-0.548712985680818,"descenso"
620718610,"lpi",40,65.625,0.597293212518192,4.47977864504325e-07,0.131182795698925,"incremento"
620718610,"mesh",40,3.97927636218007,0.597293212518192,4.47977864504325e-07,0.0158526126950334,"incremento"
620718610,"np",40,1,NA,NA,NA,"sin tendencia"
620718610,"pd",40,10.8390938638828,NA,NA,NA,"sin tendencia"
620718637,"cohesion",40,89.5713928570618,-0.335055997691351,0.00252937454582286,-0.0753252959721815,"descenso"
620718637,"ed",40,77.3719320957443,-0.683885200672575,6.88524259177065e-10,-0.645295449194125,"descenso"
620718637,"lpi",40,7.5129132231405,-0.324934408304225,0.00354107684904212,-0.0817837465564737,"descenso"
620718637,"mesh",40,3.07622978517923,-0.435572796998756,8.52132062028282e-05,-0.0554084440684994,"descenso"
620718637,"np",40,37.6,0.153785810186705,0.188846007843477,0.0400641025641026,"sin tendencia"
620718637,"pd",40,8.42045308433872,0.153785810186705,0.188846007843477,0.00897228446827554,"sin tendencia"
620718648,"cohesion",40,100,NA,NA,NA,"sin tendencia"
620718648,"ed",40,0,NA,NA,NA,"sin tendencia"
620718648,"lpi",40,100,NA,NA,NA,"sin tendencia"
620718648,"mesh",40,953.216212512697,NA,NA,NA,"sin tendencia"
620718648,"np",40,1,NA,NA,NA,"sin tendencia"
620718648,"pd",40,0.104907993262513,NA,NA,NA,"sin tendencia"
620718672,"cohesion",40,100,NA,NA,NA,"sin tendencia"
620718672,"ed",40,0,NA,NA,NA,"sin tendencia"
620718672,"lpi",40,100,NA,NA,NA,"sin tendencia"
620718672,"mesh",40,3779.09818987944,NA,NA,NA,"sin tendencia"
620718672,"np",40,1,NA,NA,NA,"sin tendencia"
620718672,"pd",40,0.0264613394454274,NA,NA,NA,"sin tendencia"
620718677,"cohesion",40,100,NA,NA,NA,"sin tendencia"
620718677,"ed",40,0,NA,NA,NA,"sin tendencia"
620718677,"lpi",40,100,NA,NA,NA,"sin tendencia"
620718677,"mesh",40,184.79404506997,NA,NA,NA,"sin tendencia"
620718677,"np",40,1,NA,NA,NA,"sin tendencia"
620718677,"pd",40,0.541142978726052,NA,NA,NA,"sin tendencia"
620720003,"cohesion",40,99.1533281174718,0.124438768383456,0.26332139058382,0.010199143649757,"sin tendencia"
620720003,"ed",40,47.6395294219333,0.727389501787831,4.25447388513762e-11,0.86748369276683,"incremento"
620720003,"lpi",40,54.8578073792156,0.290115771772088,0.00874568107565815,0.61912020109103,"incremento"
620720003,"mesh",40,276.07491490922,0.298909618900467,0.00686705545278083,5.62677409108177,"incremento"
620720003,"np",40,10.925,-0.0582347970608337,0.621045884535943,0,"sin tendencia"
620720003,"pd",40,1.25189872568897,-0.0609433922729655,0.604521090154481,0,"sin tendencia"
620720005,"cohesion",40,98.5801457650142,-0.524695425451892,1.99485546077092e-06,-0.0390411591239944,"descenso"
620720005,"ed",40,95.2882147120764,-0.418485582290711,0.000152415554175237,-0.2482512527446,"descenso"
620720005,"lpi",40,19.1094795131401,-0.534958416658775,1.25241808619505e-06,-0.475437456365374,"descenso"
620720005,"mesh",40,221.875170709162,-0.578576129288027,1.5771142626827e-07,-9.36032158080678,"descenso"
620720005,"np",40,158.875,0.637296982827394,1.07658594662944e-08,1.68901098901099,"incremento"
620720005,"pd",40,3.14715639757371,0.632105154046723,1.41535672347233e-08,0.0334576348679039,"incremento"
620720015,"cohesion",40,97.3156027660013,-0.518614034495237,2.65299778901592e-06,-0.0102208970614577,"descenso"
620720015,"ed",40,60.3547531880105,-0.425177410942574,0.000120245775008461,-0.0390025223227294,"descenso"
620720015,"lpi",40,12.248349440245,-0.706568973119113,1.68764445194925e-10,-0.0389699676849232,"descenso"
620720015,"mesh",40,19.1573803380717,-0.670090410907212,1.27105753648448e-09,-0.126083408889086,"descenso"
620720015,"np",40,21.825,0.338626550575848,0.00423636772004177,0.1,"incremento"
620720015,"pd",40,2.2635462977633,0.356968822065373,0.00256498250425292,0.0103713461524092,"incremento"
620720031,"cohesion",40,99.9742600067711,-0.0347717633993945,0.761793956928746,-6.26622585417162e-05,"sin tendencia"
620720031,"ed",40,18.7329235791975,-0.345365413004931,0.00185145285212249,-0.21471853036294,"descenso"
620720031,"lpi",40,95.5608089260809,0.262890090496291,0.0179390287436347,0.047815063890818,"incremento"
620720031,"mesh",40,1510.61760122451,0.264007833217625,0.0173892714807592,1.51031754772314,"incremento"
620720031,"np",40,2.425,0.208511532411761,0.0856423818908454,0,"sin tendencia"
620720031,"pd",40,0.146637671519754,0.209969655016039,0.0834605500616063,0,"sin tendencia"
620720048,"cohesion",40,100,NA,NA,NA,"sin tendencia"
620720048,"ed",40,0,NA,NA,NA,"sin tendencia"
620720048,"lpi",40,100,NA,NA,NA,"sin tendencia"
620720048,"mesh",40,1837.97651816473,NA,NA,NA,"sin tendencia"
620720048,"np",40,1,NA,NA,NA,"sin tendencia"
620720048,"pd",40,0.0544076591902561,NA,NA,NA,"sin tendencia"
620720053,"cohesion",40,99.9999568428647,0.473665466715671,0.000373771130742372,0,"descenso"
620720053,"ed",40,0.0966043988890106,-0.473665466715671,0.000373771130742372,0,"descenso"
620720053,"lpi",40,99.9894040166927,0.473665466715671,0.000373771130742372,0,"descenso"
620720053,"mesh",40,1414.57870648841,0.473665466715671,0.000373771130742372,0,"descenso"
620720053,"np",40,1,NA,NA,NA,"sin tendencia"
620720053,"pd",40,0.0706774508599558,NA,NA,NA,"sin tendencia"
620720058,"cohesion",40,96.1927637975827,-0.205346393931023,0.0772205095871137,-0.000491611652169728,"sin tendencia"
620720058,"ed",40,7.21941487997204,0.19432108418976,0.0946170211384042,0.128416495919346,"sin tendencia"
620720058,"lpi",40,36.8401592718999,0.115175110689979,0.392274360695227,0,"sin tendencia"
620720058,"mesh",40,21.7447724029187,-0.191849188621194,0.099359988681801,-0.00816878012691029,"sin tendencia"
620720058,"np",40,5.125,0.0639980995860346,0.644267143796367,0,"sin tendencia"
620720058,"pd",40,6.31972196273031,0.0639980995860346,0.644267143796367,0,"sin tendencia"
620721374,"cohesion",40,81.9774280900015,-0.475946217219198,1.62389017736814e-05,-0.117052561473439,"descenso"
620721374,"ed",40,41.7058881803974,-0.619628094115559,1.95225447950235e-08,-0.776706430973392,"descenso"
620721374,"lpi",40,1.38167509836987,-0.332701764678031,0.00282673967143508,-0.0119147996466715,"descenso"
620721374,"mesh",40,0.330815400654693,-0.578576129288027,1.5771142626827e-07,-0.00977794457426809,"descenso"
620721374,"np",40,40.075,-0.533195907018922,2.077878413397e-06,-0.5,"descenso"
620721374,"pd",40,4.8833804001698,-0.533195907018922,2.077878413397e-06,-0.0609280149740462,"descenso"
620721391,"cohesion",40,99.999998990126,-0.223606797749979,0.0997714364192216,0,"sin tendencia"
620721391,"ed",40,0.00350027184553959,0.223606797749979,0.0997714364192216,0,"sin tendencia"
620721391,"lpi",40,99.9995865425507,-0.223606797749979,0.0997714364192216,0,"sin tendencia"
620721391,"mesh",40,3904.9066796016,-0.223606797749979,0.0997714364192216,0,"sin tendencia"
620721391,"np",40,1,NA,NA,NA,"sin tendencia"
620721391,"pd",40,0.0256085948675431,NA,NA,NA,"sin tendencia"
620721403,"cohesion",40,100,NA,NA,NA,"sin tendencia"
620721403,"ed",40,0,NA,NA,NA,"sin tendencia"
620721403,"lpi",40,100,NA,NA,NA,"sin tendencia"
620721403,"mesh",40,379.552022685979,NA,NA,NA,"sin tendencia"
620721403,"np",40,1,NA,NA,NA,"sin tendencia"
620721403,"pd",40,0.263468494496035,NA,NA,NA,"sin tendencia"
620721405,"cohesion",40,99.9999269754007,-0.19404963948547,0.0916654168828393,-1.28552161721511e-06,"sin tendencia"
620721405,"ed",40,0.200579821676973,0.143480113454128,0.211869255400346,0.00229760922244005,"sin tendencia"
620721405,"lpi",40,99.9671419351053,-0.19404963948547,0.0916654168828393,-0.000578601837183198,"sin tendencia"
620721405,"mesh",40,4713.99310202141,-0.19404963948547,0.0916654168828393,-0.054574772859102,"sin tendencia"
620721405,"np",40,1,NA,NA,NA,"sin tendencia"
620721405,"pd",40,0.0211995029511295,Inf,0,0,"descenso"
620721406,"cohesion",40,99.9214918147837,-0.379913711215607,0.000608821300061753,-0.00137153009096052,"descenso"
620721406,"ed",40,23.1091199857488,0.0502258804657921,0.657743974344341,0.0371968129372121,"sin tendencia"
620721406,"lpi",40,92.0447007799402,-0.307794498239085,0.0055241205644327,-0.120081827932254,"descenso"
620721406,"mesh",40,2146.47502237584,-0.307794498239085,0.0055241205644327,-5.62189407879784,"descenso"
620721406,"np",40,12.35,0.460314473076886,5.59534024663046e-05,0.222222222222222,"incremento"
620721406,"pd",40,0.487873785317252,0.476371954695847,3.04302605202726e-05,0.00877865560624837,"incremento"
620721452,"cohesion",40,99.9977673797854,0.00929470794729765,0.952565457628525,0,"sin tendencia"
620721452,"ed",40,1.60853679814718,-0.0204483574840548,0.88177096616406,0,"sin tendencia"
620721452,"lpi",40,99.7150438394093,0.00929470794729765,0.952565457628525,0,"sin tendencia"
620721452,"mesh",40,397.593858570198,0.00929470794729765,0.952565457628525,0,"sin tendencia"
620721452,"np",40,1,NA,NA,NA,"sin tendencia"
620721452,"pd",40,0.250094459249719,NA,NA,NA,"sin tendencia"
620722751,"cohesion",40,99.3260639010074,-0.202564102564103,0.0673677916589717,-0.00256588189541895,"sin tendencia"
620722751,"ed",40,32.8905908227362,-0.0743589743589744,0.506620569504461,-0.0346079855989795,"sin tendencia"
620722751,"lpi",40,49.5935509260398,-0.0269403519180678,0.815733056230714,-0.00576142913255855,"sin tendencia"
620722751,"mesh",40,926.82864845906,-0.0333333333333333,0.770840345264592,-0.202380577987837,"sin tendencia"
620722751,"np",40,40.725,0.433730957144904,0.000153220524477641,0.213203463203463,"incremento"
620722751,"pd",40,1.08572225596239,0.433730957144904,0.000153220524477641,0.00568397164022733,"incremento"
620722767,"cohesion",40,99.9999928007861,0.230003227108734,0.0879016503263329,0,"sin tendencia"
620722767,"ed",40,0.00994645895495443,-0.230003227108734,0.0879016503263329,0,"sin tendencia"
620722767,"lpi",40,99.9979859013092,0.230003227108734,0.0879016503263329,0,"sin tendencia"
620722767,"mesh",40,1832.18269082544,0.230003227108734,0.0879016503263329,0,"sin tendencia"
620722767,"np",40,1,NA,NA,NA,"sin tendencia"
620722767,"pd",40,0.0545775119013305,NA,NA,NA,"sin tendencia"
620722782,"cohesion",40,99.9996775460481,0.661820078436416,5.98869879255896e-09,1.52646633312751e-05,"incremento"
620722782,"ed",40,0.540801973604825,-0.640144927121609,2.76741364320261e-08,-0.0257351059081559,"descenso"
620722782,"lpi",40,99.9168340817774,0.661820078436416,5.98869879255896e-09,0.0039391790750809,"incremento"
620722782,"mesh",40,1558.78985374596,0.661820078436416,5.98869879255896e-09,0.122982438914865,"incremento"
620722782,"np",40,1,NA,NA,NA,"sin tendencia"
620722782,"pd",40,0.0640456976121651,-Inf,0,0,"descenso"
620722799,"cohesion",40,99.9991518791323,0.153651388836724,0.168829560847529,4.66881437364364e-06,"sin tendencia"
620722799,"ed",40,1.42609735200355,-0.0954858582071142,0.39466907703438,-0.00592365298101727,"sin tendencia"
620722799,"lpi",40,99.7258684770232,0.151069012553754,0.176166577727444,0.00196119790293502,"sin tendencia"
620722799,"mesh",40,4270.87997816446,0.151069012553754,0.176166577727444,0.168243838337703,"sin tendencia"
620722799,"np",40,1.25,-0.338332476225479,0.0112272433120388,0,"descenso"
620722799,"pd",40,0.0291079281798043,-0.630651735684293,2.09618234484152e-06,0,"descenso"
620722811,"cohesion",40,99.9999500601247,0.324436933793494,0.0115662631282427,0,"descenso"
620722811,"ed",40,0.105632074913975,-0.324436933793494,0.0115662631282427,0,"descenso"
620722811,"lpi",40,99.9856212567735,0.324436933793494,0.0115662631282427,0,"descenso"
620722811,"mesh",40,1940.3792072424,0.324436933793494,0.0115662631282427,0,"descenso"
620722811,"np",40,1,NA,NA,NA,"sin tendencia"
620722811,"pd",40,0.0515215032982357,NA,NA,NA,"sin tendencia"
620724148,"cohesion",40,89.8593231338512,0.793573234226721,6.99800393501049e-13,0.0911037909427265,"incremento"
620724148,"ed",40,30.1265337525197,0.318097242950017,0.00413706289063657,0.0334479113495734,"incremento"
620724148,"lpi",40,2.04993396322259,0.539006495971111,1.35125467470992e-06,0.0169325070269904,"incremento"
620724148,"mesh",40,0.777475126803491,0.767849628579178,3.74793393278306e-12,0.0171309512541521,"incremento"
620724148,"np",40,18.625,-0.215218474445668,0.0768508722678887,0,"sin tendencia"
620724148,"pd",40,2.05098164395832,-0.255019151226716,0.0358428489266515,-5.55111512312578e-17,"descenso"
620724158,"cohesion",40,99.9998539516285,0.0352462445364845,0.773556321603924,0,"sin tendencia"
620724158,"ed",40,0.250659782112661,-0.100015015578747,0.391868786289405,0,"sin tendencia"
620724158,"lpi",40,99.9593858219597,0.0352462445364845,0.773556321603924,0,"sin tendencia"
620724158,"mesh",40,1810.11962219814,0.0352462445364845,0.773556321603924,0,"sin tendencia"
620724158,"np",40,1,NA,NA,NA,"sin tendencia"
620724158,"pd",40,0.0552001113444875,-Inf,0,0,"descenso"
620724162,"cohesion",40,99.9996625230049,0.266040932523132,0.0277438688945605,5.51800321285814e-06,"incremento"
620724162,"ed",40,0.353588595598056,-0.334961060720365,0.00573283850796964,-0.0099148572197288,"descenso"
620724162,"lpi",40,99.9427429190947,0.266040932523132,0.0277438688945605,0.000935731387012629,"incremento"
620724162,"mesh",40,679.997307679005,0.266040932523132,0.0277438688945605,0.0127292553003956,"incremento"
620724162,"np",40,1,NA,NA,NA,"sin tendencia"
620724162,"pd",40,0.146891094506236,NA,NA,NA,"sin tendencia"
620724190,"cohesion",40,99.9998763192285,-0.204096175630895,0.105689900761594,0,"sin tendencia"
620724190,"ed",40,0.25235909029996,0.190246654267877,0.129634580879013,0,"sin tendencia"
620724190,"lpi",40,99.959725315516,-0.204096175630895,0.105689900761594,0,"sin tendencia"
620724190,"mesh",40,2483.44819469085,-0.204096175630895,0.105689900761594,0,"sin tendencia"
620724190,"np",40,1,NA,NA,NA,"sin tendencia"
620724190,"pd",40,0.0402342014249548,NA,NA,NA,"sin tendencia"
620725494,"cohesion",3,0,NA,NA,NA,"sin tendencia"
620725494,"ed",3,1.27360847740215,NA,NA,NA,"sin tendencia"
620725494,"lpi",3,0.193423597678917,NA,NA,NA,"sin tendencia"
620725494,"mesh",3,0.000178449970185264,NA,NA,NA,"sin tendencia"
620725494,"np",3,1,NA,NA,NA,"sin tendencia"
620725494,"pd",3,2.09653653067099,NA,NA,NA,"sin tendencia"
620725524,"cohesion",40,100,NA,NA,NA,"sin tendencia"
620725524,"ed",40,0,NA,NA,NA,"sin tendencia"
620725524,"lpi",40,100,NA,NA,NA,"sin tendencia"
620725524,"mesh",40,22.0498136653634,NA,NA,NA,"sin tendencia"
620725524,"np",40,1,NA,NA,NA,"sin tendencia"
620725524,"pd",40,4.53518571710578,NA,NA,NA,"sin tendencia"
620725527,"cohesion",40,99.9874917997854,0.580503760009025,2.27041039230174e-07,0.000749565990301744,"incremento"
620725527,"ed",40,9.2792618539546,-0.622220868287944,3.15679309568718e-08,-0.489255462942628,"descenso"
620725527,"lpi",40,97.9376541736293,0.614497223432977,4.26576461652298e-08,0.128456925425176,"incremento"
620725527,"mesh",40,1112.4658970586,0.614497223432977,4.26576461652298e-08,2.92596402221017,"incremento"
620725527,"np",40,1.7,-0.626828123778481,2.34333929764018e-06,0,"descenso"
620725527,"pd",40,0.14662576246201,-0.620008359422395,1.16811724727723e-06,-1.15648231731787e-18,"descenso"
620725531,"cohesion",40,99.9980757843894,-0.0502235984322411,0.71014812392932,0,"sin tendencia"
620725531,"ed",40,0.647497925623584,0.031960471729608,0.818034671293076,0,"sin tendencia"
620725531,"lpi",40,99.9054462934947,-0.0502235984322411,0.71014812392932,0,"sin tendencia"
620725531,"mesh",40,60.868070336,-0.0502235984322411,0.71014812392932,0,"sin tendencia"
620725531,"np",40,1,NA,NA,NA,"sin tendencia"
620725531,"pd",40,1.63980239998227,NA,NA,NA,"sin tendencia"
620725532,"cohesion",40,85.8693428057499,0.245344064924567,0.02681863694976,0.0228149189153211,"incremento"
620725532,"ed",40,20.7275946807613,0.0244059541024438,0.83385394949437,0.00969862589995288,"sin tendencia"
620725532,"lpi",40,0.66946256601429,0.231571471939012,0.0397704424198641,0.000776638707673186,"incremento"
620725532,"mesh",40,0.384502906466727,0.122029770512219,0.273332535532267,0.00143910586304769,"sin tendencia"
620725532,"np",40,58.475,-0.0354668040841762,0.761142390887231,0,"sin tendencia"
620725532,"pd",40,1.9689841991008,-0.0288988774019213,0.806051432384202,0,"sin tendencia"
620725538,"cohesion",40,99.9994816669998,-0.120931258743761,0.287172129274652,-1.84090057283962e-06,"sin tendencia"
620725538,"ed",40,1.04656912849912,0.0962812710275481,0.399279912629983,0.00273994113525029,"sin tendencia"
620725538,"lpi",40,99.818868593151,-0.120931258743761,0.287172129274652,-0.000644309139525253,"sin tendencia"
620725538,"mesh",40,2853.44391794556,-0.120931258743761,0.287172129274652,-0.0368805682468519,"sin tendencia"
620725538,"np",40,1,NA,NA,NA,"sin tendencia"
620725538,"pd",40,0.0349186362033531,Inf,0,0,"descenso"
620726870,"cohesion",40,91.8541505751118,0.340398833534085,0.00209446566707061,0.0256431155330705,"incremento"
620726870,"ed",40,29.0599004008435,0.59717304831925,6.7812889154165e-08,0.10488270754582,"incremento"
620726870,"lpi",40,6.60972880463402,0.46771431168014,2.55989245248739e-05,0.0252903190044622,"incremento"
620726870,"mesh",40,3.22418239749763,0.499679797150035,6.13965266448594e-06,0.0277690878805806,"incremento"
620726870,"np",40,16.6,-0.16470642102907,0.170753286120997,0,"sin tendencia"
620726870,"pd",40,2.36873299283292,-0.16470642102907,0.170753286120997,0,"sin tendencia"
620726884,"cohesion",40,95.9374790071703,0.739193414907221,2.91948611554189e-11,0.244802832658117,"incremento"
620726884,"ed",40,88.1016057676661,-0.583084582883114,1.52511103776241e-07,-3.2025639063509,"descenso"
620726884,"lpi",40,55.198362720403,0.754113130392497,1.27947797959956e-11,2.2623121688526,"incremento"
620726884,"mesh",40,28.9546869156863,0.762495484028639,6.85748141918035e-12,1.87105067182652,"incremento"
620726884,"np",40,6.95,-0.766504492830367,2.4713918499357e-11,-0.333333333333333,"descenso"
620726884,"pd",40,9.48761994355658,-0.769203452312164,2.10425225937985e-11,-0.455041723911587,"descenso"
620726898,"cohesion",40,95.21231324418,NA,NA,NA,"sin tendencia"
620726898,"ed",40,0,NA,NA,NA,"sin tendencia"
620726898,"lpi",40,49.3948562783661,NA,NA,NA,"sin tendencia"
620726898,"mesh",40,34.5526033305463,NA,NA,NA,"sin tendencia"
620726898,"np",40,15,NA,NA,NA,"sin tendencia"
620726898,"pd",40,12.298517999867,NA,NA,NA,"sin tendencia"
620726903,"cohesion",40,100,NA,NA,NA,"sin tendencia"
620726903,"ed",40,0,NA,NA,NA,"sin tendencia"
620726903,"lpi",40,100,NA,NA,NA,"sin tendencia"
620726903,"mesh",40,102.960636194751,NA,NA,NA,"sin tendencia"
620726903,"np",40,1,NA,NA,NA,"sin tendencia"
620726903,"pd",40,0.971244969881973,NA,NA,NA,"sin tendencia"
620726914,"cohesion",40,100,NA,NA,NA,"sin tendencia"
620726914,"ed",40,0,NA,NA,NA,"sin tendencia"
620726914,"lpi",40,100,NA,NA,NA,"sin tendencia"
620726914,"mesh",40,1422.16685209864,NA,NA,NA,"sin tendencia"
620726914,"np",40,1,NA,NA,NA,"sin tendencia"
620726914,"pd",40,0.0703152375211344,NA,NA,NA,"sin tendencia"
620728290,"cohesion",40,99.9978893461362,0.0641073566384837,0.574977569758163,1.93001455977004e-05,"sin tendencia"
620728290,"ed",40,3.35612478768095,-0.0927664802462846,0.413590686612249,-0.037012680316284,"sin tendencia"
620728290,"lpi",40,99.4446318156268,0.0641073566384837,0.574977569758163,0.00509415401911184,"sin tendencia"
620728290,"mesh",40,1623.1255996924,0.0641073566384837,0.574977569758163,0.166875690005156,"sin tendencia"
620728290,"np",40,1,NA,NA,NA,"sin tendencia"
620728290,"pd",40,0.0609280149740464,NA,NA,NA,"sin tendencia"
620729666,"cohesion",40,99.9984580354482,0.422189785682291,0.000314613108407863,5.06184839315844e-05,"incremento"
620729666,"ed",40,2.38952104556182,-0.77926871983787,2.81193542385169e-11,-0.0939487283492294,"descenso"
620729666,"lpi",40,99.6274070607114,0.422189785682291,0.000314613108407863,0.0122422598352002,"incremento"
620729666,"mesh",40,1369.56485431782,0.422189785682291,0.000314613108407863,0.337159388065453,"incremento"
620729666,"np",40,1,NA,NA,NA,"sin tendencia"
620729666,"pd",40,0.0724732138512267,NA,NA,NA,"sin tendencia"
620731050,"cohesion",40,99.999965890787,0.241374226425853,0.0517047271633113,0,"sin tendencia"
620731050,"ed",40,0.112927935153026,-0.228306029766929,0.0641938733784932,0,"sin tendencia"
620731050,"lpi",40,99.9857362796595,0.241374226425853,0.0517047271633113,0,"sin tendencia"
620731050,"mesh",40,4073.71718356676,0.241374226425853,0.0517047271633113,0,"sin tendencia"
620731050,"np",40,1,NA,NA,NA,"sin tendencia"
620731050,"pd",40,0.024540603748352,NA,NA,NA,"sin tendencia"
620732363,"cohesion",40,89.503463419091,0.524423326650607,2.10307101288628e-06,0.0478066436042634,"incremento"
620732363,"ed",40,10.5532367433223,0.558202242551697,4.49715886962245e-07,0.0894823166397225,"incremento"
620732363,"lpi",40,0.959198763191504,0.587490604375709,1.19824544983628e-07,0.00897033706697953,"incremento"
620732363,"mesh",40,0.355833947536421,0.647817050568397,4.57153951475664e-09,0.00649952855212932,"incremento"
620732363,"np",40,21.025,0.219050692484509,0.060128842706484,0.0476190476190476,"sin tendencia"
620732363,"pd",40,0.765920375371837,0.212798070639573,0.0670910708953789,0.00173471575872677,"sin tendencia"
620732450,"cohesion",40,100,NA,NA,NA,"sin tendencia"
620732450,"ed",40,0,NA,NA,NA,"sin tendencia"
620732450,"lpi",40,100,NA,NA,NA,"sin tendencia"
620732450,"mesh",40,1301.12352352561,NA,NA,NA,"sin tendencia"
620732450,"np",40,1,NA,NA,NA,"sin tendencia"
620732450,"pd",40,0.0768566536473291,NA,NA,NA,"sin tendencia"
620733734,"cohesion",40,93.775239688594,0.522129677650171,2.23811871567586e-06,0.0470129589771033,"incremento"
620733734,"ed",40,40.9364850845798,0.429762756788224,9.95403049934186e-05,0.0415289649849526,"incremento"
620733734,"lpi",40,2.92162468990455,0.463923689111101,2.84935194700048e-05,0.0136343062642372,"incremento"
620733734,"mesh",40,4.60696777459662,0.529826921055333,1.58228819120913e-06,0.0702048635958329,"incremento"
620733734,"np",40,46.575,-0.537390658061008,2.42906016014767e-06,-0.1875,"descenso"
620733734,"pd",40,2.1226539827202,-0.537390658061008,2.42906016014767e-06,-0.00854530588856761,"descenso"
620733826,"cohesion",40,99.9998496136626,-0.126100797976256,0.309309853133638,0,"sin tendencia"
620733826,"ed",40,0.258391705463816,0.0905498677055017,0.46455285550584,0,"sin tendencia"
620733826,"lpi",40,99.9632208065152,-0.126100797976256,0.309309853133638,0,"sin tendencia"
620733826,"mesh",40,1403.69729968192,-0.126100797976256,0.309309853133638,0,"sin tendencia"
620733826,"np",40,1,NA,NA,NA,"sin tendencia"
620733826,"pd",40,0.0711880590035665,NA,NA,NA,"sin tendencia"
620735123,"cohesion",40,92.1367533666017,0.0681675549659907,0.544475237848002,0.002552972003507,"sin tendencia"
620735123,"ed",40,18.1707471379736,0.144145218559819,0.195737336481932,0.0178604618305617,"sin tendencia"
620735123,"lpi",40,3.43050894854586,0.177453477504432,0.116565258723685,0.00103280610542677,"sin tendencia"
620735123,"mesh",40,2.57394538652393,0.271384039581585,0.0143831959697167,0.00226777025458989,"incremento"
620735123,"np",40,30.275,0.262888134125261,0.0235128431057093,0.0769230769230769,"incremento"
620735123,"pd",40,1.52942564657463,0.277871395655717,0.0166311201212604,0.00388598271377662,"incremento"
620735135,"cohesion",40,96.1859622513377,-0.629690524392861,1.35533371941881e-08,-0.00860698552121583,"descenso"
620735135,"ed",40,63.0754810640767,0.820214743842083,1.53838163025267e-13,0.387105557572598,"incremento"
620735135,"lpi",40,23.2664111962679,-0.869476660130335,6.32993030401141e-15,-0.0833055648117274,"descenso"
620735135,"mesh",40,15.9264088758357,-0.833565735159402,5.4198398117298e-14,-0.104181112159456,"descenso"
620735135,"np",40,11.425,0.727665174606317,2.07296256855963e-09,0.0909090909090909,"incremento"
620735135,"pd",40,4.12651274224796,0.727665174606317,2.07296256855963e-09,0.032834794050113,"incremento"
620735158,"cohesion",40,99.9999953763166,0.498395760106816,9.36856985592452e-05,0,"descenso"
620735158,"ed",40,0.0159791688980541,-0.53629657836589,2.61559899016329e-05,0,"descenso"
620735158,"lpi",40,99.9974735050463,0.498395760106816,9.36856985592452e-05,0,"descenso"
620735158,"mesh",40,6937.77553044917,0.498395760106816,9.36856985592452e-05,0,"descenso"
620735158,"np",40,1,NA,NA,NA,"sin tendencia"
620735158,"pd",40,0.0144131136571149,-Inf,0,0,"descenso"
620735168,"cohesion",40,99.9999546652625,-0.381113405342169,0.00227418538881871,0,"descenso"
620735168,"ed",40,0.0699580555323587,0.393456933671924,0.00148749022987231,0,"descenso"
620735168,"lpi",40,99.9886671283762,-0.381113405342169,0.00227418538881871,0,"descenso"
620735168,"mesh",40,1465.01182705582,-0.381113405342169,0.00227418538881871,0,"descenso"
620735168,"np",40,1,NA,NA,NA,"sin tendencia"
620735168,"pd",40,0.068243366265081,NA,NA,NA,"sin tendencia"
620735172,"cohesion",40,99.9999525104393,0.187707662242249,0.114169176197896,0,"sin tendencia"
620735172,"ed",40,0.109169342514557,-0.204771995173363,0.0848402834957752,0,"sin tendencia"
620735172,"lpi",40,99.9807423812046,0.187707662242249,0.114169176197896,0,"sin tendencia"
620735172,"mesh",40,3831.13236151203,0.187707662242249,0.114169176197896,0,"sin tendencia"
620735172,"np",40,1,NA,NA,NA,"sin tendencia"
620735172,"pd",40,0.0260918922148255,NA,NA,NA,"sin tendencia"
620735204,"cohesion",40,99.9870061516141,-0.482767644889806,1.64884336040307e-05,-0.000519246946717808,"descenso"
620735204,"ed",40,9.94372885006882,0.587432716952636,1.56892433802143e-07,0.395624020785624,"incremento"
620735204,"lpi",40,96.9434643642854,-0.490617525294518,1.19752118564928e-05,-0.112663096868816,"descenso"
620735204,"mesh",40,2089.62891481491,-0.490617525294518,1.19752118564928e-05,-4.85222101347596,"descenso"
620735204,"np",40,1.925,0.421821005752268,0.000686817482340097,0.03125,"incremento"
620735204,"pd",40,0.0866101684777487,0.421821005752268,0.000686817482340097,0.00140600922853488,"incremento"
620736498,"cohesion",40,100,NA,NA,NA,"sin tendencia"
620736498,"ed",40,0,NA,NA,NA,"sin tendencia"
620736498,"lpi",40,100,NA,NA,NA,"sin tendencia"
620736498,"mesh",40,6.55036305555917,NA,NA,NA,"sin tendencia"
620736498,"np",40,1,NA,NA,NA,"sin tendencia"
620736498,"pd",40,15.2663293853815,NA,NA,NA,"sin tendencia"
620736499,"cohesion",40,97.6908989776754,0.369039938476144,0.000889262466413058,0.0118569703595278,"incremento"
620736499,"ed",40,93.2267324512093,0.362476630777621,0.00113515752232232,0.176534332832016,"incremento"
620736499,"lpi",40,37.5361010830325,0.350256193572329,0.00185680488386758,0.0565691077875193,"incremento"
620736499,"mesh",40,14.4500190498191,0.35114125742632,0.00167904358473084,0.0431335544553628,"incremento"
620736499,"np",40,2.375,-0.310571509729692,0.0125176492844559,0,"descenso"
620736499,"pd",40,2.32336172623842,-0.244130838493987,0.0499600242702802,0,"descenso"
620736534,"cohesion",40,100,NA,NA,NA,"sin tendencia"
620736534,"ed",40,0,NA,NA,NA,"sin tendencia"
620736534,"lpi",40,100,NA,NA,NA,"sin tendencia"
620736534,"mesh",40,318.107772042565,NA,NA,NA,"sin tendencia"
620736534,"np",40,1,NA,NA,NA,"sin tendencia"
620736534,"pd",40,0.314358870762263,NA,NA,NA,"sin tendencia"
620736542,"cohesion",40,92.2865997193383,-0.555271757630055,5.08812028287389e-07,-0.0457234331942346,"descenso"
620736542,"ed",40,22.5158603647097,-0.540305679355895,1.09364604625825e-06,-0.0995191100812481,"descenso"
620736542,"lpi",40,4.55874066769968,-0.705162695787048,2.35617816627119e-10,-0.0353466581104277,"descenso"
620736542,"mesh",40,1.44214320529815,-0.704372507364051,1.83145854414511e-10,-0.0218207244339889,"descenso"
620736542,"np",40,10.675,0.373685041503571,0.0020222598065146,0.037037037037037,"incremento"
620736542,"pd",40,1.62991022670717,0.372140265080486,0.00188273340321541,0.00565499254647299,"incremento"
620737932,"cohesion",40,99.9998630512749,-0.571101647566608,5.04734403819817e-06,0,"descenso"
620737932,"ed",40,0.0427154570579102,0.604082356854479,1.24147662601719e-06,0,"descenso"
620737932,"lpi",40,99.9927381874516,-0.583389953352028,3.30747896301186e-06,0,"descenso"
620737932,"mesh",40,2381.77206518884,-0.585514307442106,2.89228736355567e-06,0,"descenso"
620737932,"np",40,1.05,0.131430415490705,0.336106879654208,0,"sin tendencia"
620737932,"pd",40,0.04407842198713,0.131430415490705,0.336106879654208,0,"sin tendencia"
620739265,"cohesion",40,99.9736949140635,0.334653151304109,0.0027056375562137,0.000294947980131762,"incremento"
620739265,"ed",40,11.9482916935037,-0.400542781246687,0.000325268716750258,-0.208492874764954,"descenso"
620739265,"lpi",40,97.1695924132365,0.378202852164316,0.000710962222575868,0.0480187185695657,"incremento"
620739265,"mesh",40,863.849377221339,0.378754729382945,0.000683429758952011,0.856536606823126,"incremento"
620739265,"np",40,1.425,-0.412077066375603,0.0013869388967798,0,"descenso"
620739265,"pd",40,0.155828377280398,-0.576907892925845,7.3851822718401e-06,-6.60847038467355e-19,"descenso"
620739293,"cohesion",40,97.8876652075785,-0.0166773607111848,0.888800705443347,-0.000746883483667115,"sin tendencia"
620739293,"ed",40,27.7297692985697,-0.37844780075381,0.000613360245619516,-0.151787824533691,"descenso"
620739293,"lpi",40,16.5243860961839,-0.110398037046016,0.321943272984966,-0.00695341964643378,"sin tendencia"
620739293,"mesh",40,113.519611454025,-0.114175777176573,0.305193053579646,-0.132906362729673,"sin tendencia"
620739293,"np",40,62.375,-0.293161395734746,0.0102213774880754,-0.153846153846154,"descenso"
620739293,"pd",40,1.5329761688767,-0.28516608494198,0.0124936440326542,-0.00378104188408003,"descenso"
620740625,"cohesion",40,80.0676362946633,0.00129118814148507,1,0,"sin tendencia"
620740625,"ed",40,5.11870126309518,-0.507204038504685,5.61817642055155e-06,-0.0341233009948482,"descenso"
620740625,"lpi",40,0.546851686063861,0.332348586017044,0.00472603644329033,0.000904298129007171,"incremento"
620740625,"mesh",40,0.0239394775398028,-0.240317298266591,0.0309825398577428,-0.000102230701714243,"descenso"
620740625,"np",40,3.825,-0.0266164895378951,0.840738119233641,0,"sin tendencia"
620740625,"pd",40,0.618614354362157,-0.0547986549309605,0.669366558780303,0,"sin tendencia"
620740634,"cohesion",40,99.9992824667642,0.32826963898543,0.0046614853006641,1.65960850953947e-05,"incremento"
620740634,"ed",40,0.760772674219228,-0.499896089243373,1.59566962642614e-05,-0.0227776249767001,"descenso"
620740634,"lpi",40,99.8292860107929,0.32826963898543,0.0046614853006641,0.00395342861096383,"incremento"
620740634,"mesh",40,1328.9601025468,0.32826963898543,0.0046614853006641,0.10536913931771,"incremento"
620740634,"np",40,1,NA,NA,NA,"sin tendencia"
620740634,"pd",40,0.074990271647176,-Inf,0,0,"descenso"
620740653,"cohesion",40,96.1761146266824,NA,NA,NA,"sin tendencia"
620740653,"ed",40,0,NA,NA,NA,"sin tendencia"
620740653,"lpi",40,67.291857273559,NA,NA,NA,"sin tendencia"
620740653,"mesh",40,94.6455418765127,NA,NA,NA,"sin tendencia"
620740653,"np",40,23,NA,NA,NA,"sin tendencia"
620740653,"pd",40,11.4043531044008,NA,NA,NA,"sin tendencia"
620740655,"cohesion",40,100,NA,NA,NA,"sin tendencia"
620740655,"ed",40,0,NA,NA,NA,"sin tendencia"
620740655,"lpi",40,100,NA,NA,NA,"sin tendencia"
620740655,"mesh",40,3574.74531429378,NA,NA,NA,"sin tendencia"
620740655,"np",40,1,NA,NA,NA,"sin tendencia"
620740655,"pd",40,0.0279740208624501,NA,NA,NA,"sin tendencia"
620740669,"cohesion",40,90.2292520395697,-0.0380070640268807,0.755854022771277,0,"sin tendencia"
620740669,"ed",40,48.9306869057118,-0.295639058007977,0.00907269206116814,-0.209299295236436,"descenso"
620740669,"lpi",40,13.1129476584022,-0.0943138255481854,0.429946487620575,0,"sin tendencia"
620740669,"mesh",40,0.577124778180711,-0.0943138255481854,0.429946487620575,0,"sin tendencia"
620740669,"np",40,1,NA,NA,NA,"sin tendencia"
620740669,"pd",40,2.9859762710421,-Inf,0,0,"descenso"
620741986,"cohesion",40,98.6033880144843,-0.217948717948718,0.048950238599653,-0.00261383744219583,"descenso"
620741986,"ed",40,10.7388927484203,-0.517948717948718,2.66128573471079e-06,-0.0571105028042729,"descenso"
620741986,"lpi",40,28.1812765862676,0.748074451251602,1.27816051016882e-11,0.0220742042750463,"incremento"
620741986,"mesh",40,329.068100819888,0.743589743589744,1.52030006986401e-11,0.515477989584687,"incremento"
620741986,"np",40,38.925,-0.314795402081929,0.0053736620681922,-0.192307692307692,"descenso"
620741986,"pd",40,0.939648846661402,-0.313478266508364,0.00557061178309148,-0.00464230446450967,"descenso"
620742010,"cohesion",40,99.9945067988645,-0.19559524142908,0.0818130969877098,-2.63948282350332e-05,"sin tendencia"
620742010,"ed",40,6.86228637889109,0.171895984677448,0.126078516851131,0.0218857801910775,"sin tendencia"
620742010,"lpi",40,98.6774579538656,-0.19559524142908,0.0818130969877098,-0.00630757897267363,"sin tendencia"
620742010,"mesh",40,1351.39199842317,-0.19559524142908,0.0818130969877098,-0.173097006198905,"sin tendencia"
620742010,"np",40,1,NA,NA,NA,"sin tendencia"
620742010,"pd",40,0.0720540707563838,0.132828715432574,0.322799548859733,0,"sin tendencia"
620742022,"cohesion",40,99.7243013857957,0.117948717948718,0.289033542541944,0.000507503690865718,"sin tendencia"
620742022,"ed",40,30.7347771497543,-0.144964750797222,0.191891332931823,-0.157693837196026,"sin tendencia"
620742022,"lpi",40,62.8145110562733,0.0397946412607731,0.726655052986969,0.0296462192238065,"sin tendencia"
620742022,"mesh",40,757.513925931744,0.0384615384615385,0.735453618117175,0.705672009595446,"sin tendencia"
620742022,"np",40,11.975,-0.164528734539166,0.159000765173216,-0.0571895424836601,"sin tendencia"
620742022,"pd",40,0.628045429991111,-0.185832674868104,0.107142641781753,-0.0029993846179662,"sin tendencia"
620742045,"cohesion",40,89.7892019559323,0.494851935051841,7.98519743779205e-06,0.0737746901449081,"incremento"
620742045,"ed",40,35.3425327579432,-0.128951236123125,0.248349789669283,-0.0173896030376698,"sin tendencia"
620742045,"lpi",40,1.80825549103762,0.623498633591122,2.14066655325595e-08,0.0268957563517018,"incremento"
620742045,"mesh",40,1.19186492539471,0.505161350365421,5.14329624391546e-06,0.020607886107063,"incremento"
620742045,"np",40,37.35,-0.144279795037162,0.215052184639521,-0.0392307692307692,"sin tendencia"
620742045,"pd",40,2.5551638210303,-0.149724315604603,0.198086410454516,-0.00268382977803615,"sin tendencia"
620744774,"cohesion",40,91.2905092048685,0.119769407264581,0.283451005342079,0.0432726387021532,"sin tendencia"
620744774,"ed",40,58.0222319682299,-0.47325103657187,1.97534656184366e-05,-0.534105328403927,"descenso"
620744774,"lpi",40,21.8644544431946,0.257503588779302,0.0214041744531161,0.134983127109111,"incremento"
620744774,"mesh",40,4.23325735222844,0.282037636461756,0.0110348382303367,0.0461186342630023,"incremento"
620744774,"np",40,12.5,-0.176184760189462,0.128882594345986,-0.0526315789473684,"sin tendencia"
620744774,"pd",40,15.2405706747509,-0.20464537529699,0.0774420851263895,-0.064170823893688,"sin tendencia"
620746150,"cohesion",40,83.2444718886224,-0.717434285988588,9.67841605229588e-11,-1.04953890253178,"descenso"
620746150,"ed",40,57.5268142043109,-0.6890465984135,5.12112763588031e-10,-2.23222276071468,"descenso"
620746150,"lpi",40,14.9372093023256,-0.746642854362757,1.96487351597318e-11,-0.579195474544312,"descenso"
620746150,"mesh",40,11.3317064853389,-0.774209661138764,2.84901698615765e-12,-0.281881275693073,"descenso"
620746150,"np",40,14.025,-0.00409227058922255,0.981160945513401,0,"sin tendencia"
620746150,"pd",40,7.07061820655612,-0.00272818039281503,0.990579816229276,0,"sin tendencia"
620746160,"cohesion",40,100,NA,NA,NA,"sin tendencia"
620746160,"ed",40,0,NA,NA,NA,"sin tendencia"
620746160,"lpi",40,100,NA,NA,NA,"sin tendencia"
620746160,"mesh",40,1575.77747867953,NA,NA,NA,"sin tendencia"
620746160,"np",40,1,NA,NA,NA,"sin tendencia"
620746160,"pd",40,0.063460736907979,NA,NA,NA,"sin tendencia"
620746164,"cohesion",40,95.8157250438924,0.196466688742902,0.0882424957396202,0.0541797785873061,"sin tendencia"
620746164,"ed",40,63.5750217905107,-0.201849337749557,0.079813419630543,-1.30992489951583,"sin tendencia"
620746164,"lpi",40,75.2155172413793,0.273389693920464,0.0183382935296621,0.530503978779841,"incremento"
620746164,"mesh",40,3.32492961040019,0.250293178809451,0.0296289139205941,0.0474566457039924,"incremento"
620746164,"np",40,1.325,-0.0860026145192227,0.525243302504224,0,"sin tendencia"
620746164,"pd",40,24.7617230511116,-0.18920575194229,0.157083039029416,0,"sin tendencia"
620746186,"cohesion",40,99.9946863059514,-0.0560334907010926,0.623788776093653,-1.50288716262992e-05,"sin tendencia"
620746186,"ed",40,4.32007867282196,0.0508885196705794,0.657147149109903,0.005006289882497,"sin tendencia"
620746186,"lpi",40,99.0533736153072,-0.0614087967827518,0.590960071675172,-0.00293722725746903,"sin tendencia"
620746186,"mesh",40,898.89629628273,-0.0664583261803657,0.559278158920413,-0.0534788061198697,"sin tendencia"
620746186,"np",40,1.05,-0.0328576038726763,0.828052437152716,0,"sin tendencia"
620746186,"pd",40,0.11461277499574,-0.0328576038726763,0.828052437152716,0,"sin tendencia"
620747492,"cohesion",40,96.7978896665144,-0.361538461538462,0.00106058861539896,-0.0590253443634688,"descenso"
620747492,"ed",40,58.0740893205482,-0.666666666666667,1.47671309663183e-09,-0.384529766437393,"descenso"
620747492,"lpi",40,18.4502077636112,-0.357921818340044,0.00119862349936051,-0.0835073264010258,"descenso"
620747492,"mesh",40,97.6812052122929,-0.4,0.00029067496642774,-1.07500844439548,"descenso"
620747492,"np",40,80.625,0.238354767170473,0.0327815194623743,0.732051282051282,"incremento"
620747492,"pd",40,3.1036756145028,0.238354767170473,0.0327815194623743,0.0281804615524722,"incremento"
620747540,"cohesion",40,99.9999267933553,0.533317129876736,2.64818344866557e-05,0,"descenso"
620747540,"ed",40,0.177705232473058,-0.533317129876736,2.64818344866557e-05,0,"descenso"
620747540,"lpi",40,99.975465283376,0.533317129876736,2.64818344866557e-05,0,"descenso"
620747540,"mesh",40,2630.94122233796,0.533317129876736,2.64818344866557e-05,0,"descenso"
620747540,"np",40,1,NA,NA,NA,"sin tendencia"
620747540,"pd",40,0.0379905852005244,NA,NA,NA,"sin tendencia"
620747547,"cohesion",40,98.2007274325212,-0.712473488824783,1.46293747478339e-10,-0.0702644954454045,"descenso"
620747547,"ed",40,100.002085496666,-0.380849464935429,0.000624900275237628,-0.894034275220376,"descenso"
620747547,"lpi",40,32.7052994634841,-0.704701050764876,2.31043302380752e-10,-1.08661711092457,"descenso"
620747547,"mesh",40,134.355054013541,-0.756517304497588,1.00267964867547e-11,-5.02398138751978,"descenso"
620747547,"np",40,26.95,0.378497653345886,0.00084071890866404,0.25,"incremento"
620747547,"pd",40,3.1984405958965,0.379561896609525,0.000806615555195748,0.0296701353979267,"incremento"
620747550,"cohesion",40,99.9041206475208,-0.230597317307879,0.045311036202373,-3.43729047437414e-05,"descenso"
620747550,"ed",40,3.99467712946504,0.554070964113536,2.79098919372966e-06,0.00728025720690935,"incremento"
620747550,"lpi",40,97.4406262438636,-0.197226140136795,0.0965284483617153,-0.000780463439190438,"sin tendencia"
620747550,"mesh",40,660.216940317415,-0.187295423320531,0.105903608307791,-0.0105799799205984,"sin tendencia"
620747550,"np",40,4.5,0.64450338663549,1.20088819384235e-06,0,"descenso"
620747550,"pd",40,0.647153010315413,0.913046464400277,5.80937309811373e-12,5.55111512312578e-17,"incremento"
620747562,"cohesion",40,99.9982194981729,0.309679898192088,0.00624635264149643,7.12572916788535e-05,"incremento"
620747562,"ed",40,2.21696973915355,-0.25569736211173,0.0235890240723336,-0.0718628764717649,"descenso"
620747562,"lpi",40,99.6331126309662,0.283211530825243,0.0124251265200442,0.0121903273900701,"incremento"
620747562,"mesh",40,1258.73172461398,0.283211530825243,0.0124251265200442,0.308052486263572,"incremento"
620747562,"np",40,1.05,-0.131430415490705,0.336106879654208,0,"sin tendencia"
620747562,"pd",40,0.0828073963678876,-0.131430415490705,0.336106879654208,0,"sin tendencia"
620748893,"cohesion",40,99.0532613842207,0.0643505439999192,0.567909267589351,0.00107029099337076,"sin tendencia"
620748893,"ed",40,32.8938792299565,-0.0967134270923439,0.388300392338128,-0.07465810461483,"sin tendencia"
620748893,"lpi",40,71.2903792134831,-0.00390414567086936,0.981374318857091,0,"sin tendencia"
620748893,"mesh",40,66.930738490915,-0.0115905877997982,0.925702893566566,-0.000238031985654003,"sin tendencia"
620748893,"np",40,2.8,0.0850386412921827,0.531621094012806,0,"sin tendencia"
620748893,"pd",40,2.13128250132527,0.0850386412921827,0.531621094012806,0,"sin tendencia"
620748916,"cohesion",40,99.9992623847046,-0.245471811531203,0.0289266987396081,-9.89272991753458e-06,"descenso"
620748916,"ed",40,0.718285833520965,0.067449472355867,0.55176390519038,0.00403100243889599,"sin tendencia"
620748916,"lpi",40,99.8646292967261,-0.245471811531203,0.0289266987396081,-0.00265890525736894,"descenso"
620748916,"mesh",40,1689.01087439621,-0.245471811531203,0.0289266987396081,-0.0899175684719534,"descenso"
620748916,"np",40,1.05,0.312147236790425,0.0199576283902411,0,"descenso"
620748916,"pd",40,0.0619984123593386,0.312147236790425,0.0199576283902411,0,"descenso"
620748923,"cohesion",40,99.4238688095126,-0.803151932857028,4.95994247673969e-13,-0.0241040629280376,"descenso"
620748923,"ed",40,75.4461033001269,0.0544070664193471,0.632190253988409,0.0295478272109329,"sin tendencia"
620748923,"lpi",40,58.476351100897,-0.823878434350113,1.23305467735562e-13,-1.15996632176482,"descenso"
620748923,"mesh",40,451.24166222857,-0.823878434350113,1.23305467735562e-13,-16.7261504393756,"descenso"
620748923,"np",40,20.75,0.810701890667732,7.5199272848414e-13,0.692307692307692,"incremento"
620748923,"pd",40,1.66736746734687,0.806734344710141,9.71485174713843e-13,0.0556304252312207,"incremento"
620748926,"cohesion",40,99.5292227800589,-0.527317198468123,2.27359794398407e-06,-0.00271807995787423,"descenso"
620748926,"ed",40,8.16359673001311,-0.201448254589241,0.0722214210849878,-0.0388974233708896,"sin tendencia"
620748926,"lpi",40,87.6822424385633,0.585998847122954,2.17204823236831e-07,0.0177221172022691,"incremento"
620748926,"mesh",40,602.887201995487,0.490950495125494,1.07946168578479e-05,0.216358278231716,"incremento"
620748926,"np",40,4.925,0.425804295319708,0.000642727587732162,0.0294117647058824,"incremento"
620748926,"pd",40,0.630701054815961,0.471331226570893,0.00011730359389942,0.00376650376121804,"incremento"
620748938,"cohesion",40,99.9977529515185,-0.0194183909345154,0.870239019447798,-2.51902065521701e-06,"sin tendencia"
620748938,"ed",40,2.48871300027759,-0.212169113549056,0.0571988530001087,-0.046606253248928,"sin tendencia"
620748938,"lpi",40,99.5478517685114,0.235763954483837,0.0346788054422469,0.00811145075426974,"incremento"
620748938,"mesh",40,2600.37958495629,0.236904369401088,0.0337024714982185,0.424115782792321,"incremento"
620748938,"np",40,1.5,0.512297840520872,8.25233949594018e-05,0,"descenso"
620748938,"pd",40,0.0571641965959645,0.54864329542269,2.4734503656505e-05,2.31296463463574e-18,"incremento"
620750269,"cohesion",40,99.7544413594778,-0.294871794871795,0.00762845212038399,-0.00100087479618615,"descenso"
620750269,"ed",40,21.7081582415727,0.207692307692308,0.0606804726654334,0.164745124328804,"sin tendencia"
620750269,"lpi",40,72.043630017452,-0.170622228814429,0.124038600728793,-0.0552646887725423,"sin tendencia"
620750269,"mesh",40,411.810179397847,-0.169230769230769,0.126938771346517,-0.637183286038383,"sin tendencia"
620750269,"np",40,4.125,0.287620680492629,0.0210408584593286,0,"descenso"
620750269,"pd",40,0.520200839876378,0.254615028632819,0.0412479146706031,0,"descenso"
620750302,"cohesion",40,99.8055521147477,-0.162373291188885,0.14499638058717,-0.000163779671473342,"sin tendencia"
620750302,"ed",40,21.942215379781,0.481965165909866,1.36768679859867e-05,0.0846141634581926,"incremento"
620750302,"lpi",40,73.0216504238967,-0.605678149672826,4.54383674402934e-08,-0.053760642730008,"descenso"
620750302,"mesh",40,3725.80976450975,-0.605678149672826,4.54383674402934e-08,-5.48415691985601,"descenso"
620750302,"np",40,50.825,0.393823536495802,0.000489143306631442,0.281746031746032,"incremento"
620750302,"pd",40,0.727487184871969,0.392506400922238,0.000510982425155306,0.00403279149008891,"incremento"
620750311,"cohesion",40,99.6448104794544,-0.640154076529325,6.52908965104102e-09,-0.0138064736096717,"descenso"
620750311,"ed",40,66.7491740243782,0.604233607305235,4.34168987398162e-08,1.00249162838003,"incremento"
620750311,"lpi",40,70.0079911482665,-0.627325337520722,1.29980295064052e-08,-1.1238908213888,"descenso"
620750311,"mesh",40,786.915771147925,-0.632456833124163,9.88454733902891e-09,-23.5325505823705,"descenso"
620750311,"np",40,17.525,0.566674288322032,4.25300379407801e-07,0.549193548387097,"incremento"
620750311,"pd",40,1.16766117509556,0.562383384051788,5.11657805657997e-07,0.0365918393189489,"incremento"
620750314,"cohesion",40,99.9278883738201,0.463923689111101,2.84222396887659e-05,0.00141952507843289,"incremento"
620750314,"ed",40,9.80088074128734,-0.00644756180615626,0.962799285861406,0,"sin tendencia"
620750314,"lpi",40,90.1788193218983,0.114766600149581,0.304842617369373,0.00559650697294529,"sin tendencia"
620750314,"mesh",40,3188.76756474646,0.11340356844938,0.310404010156181,0.393153339501084,"sin tendencia"
620750314,"np",40,6.425,-0.364662599006067,0.002258970879666,-0.0833333333333333,"descenso"
620750314,"pd",40,0.163857739991211,-0.364662599006067,0.002258970879666,-0.00212526251609871,"descenso"
620751663,"cohesion",40,95.8932303530361,-0.279487179487179,0.0114624693753633,-0.00842437271157021,"descenso"
620751663,"ed",40,24.7246532198518,-0.0641849052593115,0.568014415516312,-0.0285598427463875,"sin tendencia"
620751663,"lpi",40,8.39477675921651,0.111206639066757,0.326274681339708,0.00164875024731215,"sin tendencia"
620751663,"mesh",40,13.1489299243153,0.156410256410256,0.158606077060869,0.0197533192136184,"sin tendencia"
620751663,"np",40,15.525,0.093446534818547,0.423646633540708,0,"sin tendencia"
620751663,"pd",40,1.10978653454309,0.0988637252428106,0.396896979724939,0,"sin tendencia"
620751665,"cohesion",40,98.6948308774532,0.53514762991097,1.38360172888517e-06,0.00835050006324375,"incremento"
620751665,"ed",40,31.8375701228723,0.192137341823457,0.0843977663109513,0.0399623832654528,"sin tendencia"
620751665,"lpi",40,29.3083579753001,-0.136955019442251,0.220734158092593,-0.00811476530079716,"sin tendencia"
620751665,"mesh",40,91.259188642404,-0.137977822651744,0.216462736003354,-0.0551683268267617,"sin tendencia"
620751665,"np",40,10.75,-0.553175169224764,2.19939207511108e-06,-0.125,"descenso"
620751665,"pd",40,1.01339588656062,-0.496246281881064,1.77455760391646e-05,-0.0117836730995421,"descenso"
620751682,"cohesion",40,100,NA,NA,NA,"sin tendencia"
620751682,"ed",40,0,NA,NA,NA,"sin tendencia"
620751682,"lpi",40,100,NA,NA,NA,"sin tendencia"
620751682,"mesh",40,1229.53082308911,NA,NA,NA,"sin tendencia"
620751682,"np",40,1,NA,NA,NA,"sin tendencia"
620751682,"pd",40,0.0813318366015069,NA,NA,NA,"sin tendencia"
620751687,"cohesion",40,99.2188557969034,-0.269508083497332,0.0152942046339386,-0.00841726806389025,"descenso"
620751687,"ed",40,89.5199083451742,-0.137977822651744,0.216462736003354,-0.142664215225585,"sin tendencia"
620751687,"lpi",40,57.0098920863309,-0.299361068973655,0.00706624989508533,-0.287204446968741,"descenso"
620751687,"mesh",40,204.51406030532,-0.297877355444419,0.00732135589306277,-2.02696638145275,"descenso"
620751687,"np",40,18.375,0.0671739142517924,0.55863378691703,0.0377492877492877,"sin tendencia"
620751687,"pd",40,2.98513713644267,0.0671739142517924,0.55863378691703,0.00613261500596785,"sin tendencia"
620751690,"cohesion",40,93.337286088628,-0.219075075413576,0.0487865991153489,-0.00926062436112302,"descenso"
620751690,"ed",40,50.8457097811496,0.565908476563264,3.4332398515806e-07,0.507416210642543,"incremento"
620751690,"lpi",40,5.20884773662551,0.0401575966428514,0.726286148878805,0.00134961723970086,"sin tendencia"
620751690,"mesh",40,5.95723518878582,0.1546412297037,0.165296059416131,0.0115108149639923,"sin tendencia"
620751690,"np",40,29.95,0.319370396348422,0.00508643714919565,0.176470588235294,"incremento"
620751690,"pd",40,3.33982367503978,0.322031816317993,0.00472877531449018,0.0196788196506322,"incremento"
620751691,"cohesion",40,99.9999080071213,-0.365840833413813,0.00213603677871174,-1.48709650020573e-06,"descenso"
620751691,"ed",40,0.250179715764432,0.34236839400873,0.00379625211941679,0.0048414071749101,"incremento"
620751691,"lpi",40,99.9610676078085,-0.365840833413813,0.00213603677871174,-0.000630228930658984,"descenso"
620751691,"mesh",40,4179.29169100497,-0.365840833413813,0.00213603677871174,-0.052715731118085,"descenso"
620751691,"np",40,1,NA,NA,NA,"sin tendencia"
620751691,"pd",40,0.0239088868730182,Inf,0,0,"descenso"
620753011,"cohesion",40,95.7653318200943,0.348105976934857,0.00165282430900527,0.00362568281236141,"incremento"
620753011,"ed",40,47.0213986788132,-0.114618034909115,0.304995994075355,-0.00897626658343572,"sin tendencia"
620753011,"lpi",40,8.55034550839092,0.392559445511603,0.000566194417004801,0.00493583415597227,"incremento"
620753011,"mesh",40,6.66678926281019,0.563905992156466,3.32209874596868e-07,0.0157963373663884,"incremento"
620753011,"np",40,7.25,-0.0437881734009711,0.741994349141033,0,"sin tendencia"
620753011,"pd",40,1.55149912168115,-0.0791555442248323,0.544678937895725,0,"sin tendencia"
620753039,"cohesion",40,99.9803519971976,-0.793824979145662,7.46809597197366e-13,-0.000791314096928816,"descenso"
620753039,"ed",40,23.5930124925228,0.945888855020967,1.26989546880096e-17,0.52092334420764,"incremento"
620753039,"lpi",40,93.5989258530339,-0.914960609080227,1.37867524615116e-16,-0.179704921446753,"descenso"
620753039,"mesh",40,6821.25414710891,-0.914960609080227,1.37867524615116e-16,-26.1066589171437,"descenso"
620753039,"np",40,8.75,0.725262919789744,2.01160479060835e-10,0.4,"incremento"
620753039,"pd",40,0.112444065286104,0.723924796321498,2.1714837594206e-10,0.00514030012736475,"incremento"
620753049,"cohesion",40,54.0773644702922,0.0517194075695146,0.65620925817263,0,"sin tendencia"
620753049,"ed",40,19.2524210203359,-0.163880150402484,0.149829977318656,-0.126577390007109,"sin tendencia"
620753049,"lpi",40,1.80795847750865,0.160375495637259,0.212127857091891,0,"sin tendencia"
620753049,"mesh",40,0.0140462973067711,0.14597540678396,0.201652822013363,8.10957414155593e-05,"sin tendencia"
620753049,"np",40,2.55,0.0196174183425718,0.882391817633738,0,"sin tendencia"
620753049,"pd",40,9.56390635048484,0.0196174183425718,0.882391817633738,0,"sin tendencia"
620753058,"cohesion",40,100,NA,NA,NA,"sin tendencia"
620753058,"ed",40,0,NA,NA,NA,"sin tendencia"
620753058,"lpi",40,100,NA,NA,NA,"sin tendencia"
620753058,"mesh",40,1599.58020640197,NA,NA,NA,"sin tendencia"
620753058,"np",40,1,NA,NA,NA,"sin tendencia"
620753058,"pd",40,0.062516402490961,NA,NA,NA,"sin tendencia"
620753066,"cohesion",40,99.9999507658246,0.291711320237583,0.0256662566244986,0,"descenso"
620753066,"ed",40,0.0979377000322719,-0.291711320237583,0.0256662566244986,0,"descenso"
620753066,"lpi",40,99.9826604307849,0.291711320237583,0.0256662566244986,0,"descenso"
620753066,"mesh",40,2898.77626620883,0.291711320237583,0.0256662566244986,0,"descenso"
620753066,"np",40,1,NA,NA,NA,"sin tendencia"
620753066,"pd",40,0.034485361152629,-Inf,0,0,"descenso"
620753067,"cohesion",40,99.9797370561858,-0.599501217181174,6.65307452114991e-08,-0.000741378365162918,"descenso"
620753067,"ed",40,16.3019425650354,0.788137376035595,1.21902452515063e-12,0.687452527527708,"incremento"
620753067,"lpi",40,95.9551250613046,-0.823558490679698,1.18344355316704e-13,-0.169921818653897,"descenso"
620753067,"mesh",40,1733.73563747306,-0.824314173624115,1.08776851756031e-13,-6.18200698935853,"descenso"
620753067,"np",40,2.175,0.145107351161049,0.241744563412051,0,"sin tendencia"
620753067,"pd",40,0.115620545136374,0.108463527534005,0.370790316615722,0,"sin tendencia"
620754415,"cohesion",40,99.9750696539355,-0.124759487390587,0.263170106452739,-0.000209557591928772,"sin tendencia"
620754415,"ed",40,21.1190355171416,0.634086879211951,9.77917642201231e-09,0.342225021920013,"incremento"
620754415,"lpi",40,94.7058333055398,-0.677817008812775,8.74368215337036e-10,-0.108153879791141,"descenso"
620754415,"mesh",40,2481.74866167123,-0.677817008812775,8.74368215337036e-10,-5.72174427631706,"descenso"
620754415,"np",40,4.425,0.109365571764422,0.35110422475794,0,"sin tendencia"
620754415,"pd",40,0.159967282614356,0.123036268234975,0.293496935392088,1.99270799291695e-18,"sin tendencia"
620754425,"cohesion",40,99.9811199227863,0.442022939822396,7.20137093176677e-05,0.000494363794052133,"incremento"
620754425,"ed",40,18.9751403510738,-0.308306709709633,0.00566078639107789,-0.214456309126351,"descenso"
620754425,"lpi",40,95.8146881163708,0.397950271335705,0.000353482157480258,0.0882032553861332,"incremento"
620754425,"mesh",40,1374.86192002897,0.397950271335705,0.000353482157480258,2.55572103932729,"incremento"
620754425,"np",40,1.425,-0.52032357239365,6.41013022731829e-05,0,"descenso"
620754425,"pd",40,0.0952028399656887,-0.52032357239365,6.41013022731829e-05,0,"descenso"
620754426,"cohesion",40,98.3669165199709,-0.502617661207301,6.24399354792004e-06,-0.0412174586742838,"descenso"
620754426,"ed",40,89.1758214787288,-0.489663597774124,1.0764819838167e-05,-0.634268230654916,"descenso"
620754426,"lpi",40,25.4632617933409,-0.480910588487123,1.56180836104759e-05,-0.649737695889059,"descenso"
620754426,"mesh",40,153.726399733104,-0.525934975387022,2.26639738659049e-06,-4.94187330043119,"descenso"
620754426,"np",40,44.725,0.0886085263861958,0.439490287493519,0.0455486542443064,"sin tendencia"
620754426,"pd",40,2.60759761738484,0.0886085263861958,0.439490287493519,0.00265561905606572,"sin tendencia"
620754434,"cohesion",40,100,NA,NA,NA,"sin tendencia"
620754434,"ed",40,0,NA,NA,NA,"sin tendencia"
620754434,"lpi",40,100,NA,NA,NA,"sin tendencia"
620754434,"mesh",40,1927.74416961409,NA,NA,NA,"sin tendencia"
620754434,"np",40,1,NA,NA,NA,"sin tendencia"
620754434,"pd",40,0.0518741032011621,NA,NA,NA,"sin tendencia"
620754453,"cohesion",40,99.9849659823107,-0.804311893102238,6.44078094667053e-13,-0.00065322974564229,"descenso"
620754453,"ed",40,7.63587959216795,0.641099252456492,1.00402756040352e-08,0.301571840201522,"incremento"
620754453,"lpi",40,98.3122796709753,-0.804311893102238,6.44078094667053e-13,-0.0734430082256168,"descenso"
620754453,"mesh",40,303.595627055818,-0.804311893102238,6.44078094667053e-13,-0.452925119628915,"descenso"
620754453,"np",40,1,NA,NA,NA,"sin tendencia"
620754453,"pd",40,0.318422263913127,Inf,0,0,"descenso"
620754461,"cohesion",40,100,NA,NA,NA,"sin tendencia"
620754461,"ed",40,0,NA,NA,NA,"sin tendencia"
620754461,"lpi",40,100,NA,NA,NA,"sin tendencia"
620754461,"mesh",40,1004.14297880257,NA,NA,NA,"sin tendencia"
620754461,"np",40,1,NA,NA,NA,"sin tendencia"
620754461,"pd",40,0.099587411465296,NA,NA,NA,"sin tendencia"
620755765,"cohesion",40,99.9955493614634,-0.00259081268663557,0.990693074446646,0,"sin tendencia"
620755765,"ed",40,2.0727395153001,0.538185068514679,1.29695928983881e-06,0.0568432632824052,"incremento"
620755765,"lpi",40,99.5320327552986,-0.55996419250987,5.49849697894377e-07,-0.016662159573629,"descenso"
620755765,"mesh",40,948.709687297514,-0.564611379897997,4.11041764213861e-07,-0.317583540099619,"descenso"
620755765,"np",40,1.45,-0.302283461961271,0.0232038664375295,0,"descenso"
620755765,"pd",40,0.151413160911658,-0.284290398749291,0.0328321859514855,0,"descenso"
620755801,"cohesion",40,100,NA,NA,NA,"sin tendencia"
620755801,"ed",40,0,NA,NA,NA,"sin tendencia"
620755801,"lpi",40,100,NA,NA,NA,"sin tendencia"
620755801,"mesh",40,441.826601031619,NA,NA,NA,"sin tendencia"
620755801,"np",40,1,NA,NA,NA,"sin tendencia"
620755801,"pd",40,0.226333135593263,NA,NA,NA,"sin tendencia"
620755802,"cohesion",40,99.8275852543181,NA,NA,NA,"sin tendencia"
620755802,"ed",40,0,NA,NA,NA,"sin tendencia"
620755802,"lpi",40,98.7124463519313,NA,NA,NA,"sin tendencia"
620755802,"mesh",40,62.8495119823909,NA,NA,NA,"sin tendencia"
620755802,"np",40,2,NA,NA,NA,"sin tendencia"
620755802,"pd",40,3.10131441017717,NA,NA,NA,"sin tendencia"
620755828,"cohesion",40,100,NA,NA,NA,"sin tendencia"
620755828,"ed",40,0,NA,NA,NA,"sin tendencia"
620755828,"lpi",40,100,NA,NA,NA,"sin tendencia"
620755828,"mesh",40,21.4962618578647,NA,NA,NA,"sin tendencia"
620755828,"np",40,1,NA,NA,NA,"sin tendencia"
620755828,"pd",40,4.65197161540035,NA,NA,NA,"sin tendencia"
620757141,"cohesion",40,99.7265246607645,-0.118100225677133,0.288968074224682,-0.000688547664436725,"sin tendencia"
620757141,"ed",40,27.5657173345059,0.330122642333056,0.00285184088357305,0.258993899885435,"incremento"
620757141,"lpi",40,83.5588832223147,-0.277635878815027,0.0122225577468722,-0.17628538717735,"descenso"
620757141,"mesh",40,1245.16524768298,-0.269576602089108,0.014875465439524,-4.93646363565509,"descenso"
620757141,"np",40,12.5,0.290170230469367,0.011200408975438,0.188988095238095,"incremento"
620757141,"pd",40,0.705082604592711,0.29150742047153,0.0108303425969461,0.0106601774741993,"incremento"
620757171,"cohesion",40,99.9998179668742,-0.303549817175505,0.0129295529304172,0,"descenso"
620757171,"ed",40,0.240892032159974,0.312136095903135,0.0104686472134677,0,"descenso"
620757171,"lpi",40,99.9594605283974,-0.303549817175505,0.0129295529304172,0,"descenso"
620757171,"mesh",40,1165.38848667743,-0.303549817175505,0.0129295529304172,0,"descenso"
620757171,"np",40,1,NA,NA,NA,"sin tendencia"
620757171,"pd",40,0.0857387586132164,Inf,0,0,"descenso"
620757176,"cohesion",40,99.9930118959627,0.34395865671947,0.00206233432087135,0.000136639847856124,"incremento"
620757176,"ed",40,7.38587817293229,-0.333574999158127,0.00281049592345571,-0.228752272644905,"descenso"
620757176,"lpi",40,98.6821366024518,0.34395865671947,0.00206233432087135,0.0304576258280671,"incremento"
620757176,"mesh",40,1180.30937666186,0.34395865671947,0.00206233432087135,0.736860785706881,"incremento"
620757176,"np",40,1.2,-0.262575453814459,0.0498636902105405,0,"descenso"
620757176,"pd",40,0.099039919566431,-0.614665266883847,3.81790076895608e-06,0,"descenso"
620757180,"cohesion",40,100,NA,NA,NA,"sin tendencia"
620757180,"ed",40,0,NA,NA,NA,"sin tendencia"
620757180,"lpi",40,100,NA,NA,NA,"sin tendencia"
620757180,"mesh",40,1170.85433152611,NA,NA,NA,"sin tendencia"
620757180,"np",40,1,NA,NA,NA,"sin tendencia"
620757180,"pd",40,0.0854077209328492,NA,NA,NA,"sin tendencia"
620758514,"cohesion",40,94.1879491264909,0.263666957887322,0.0174248634509779,0.0396315017665779,"incremento"
620758514,"ed",40,17.7367233797343,0.207075025462726,0.0622096554237267,0.110086617818353,"sin tendencia"
620758514,"lpi",40,3.88401253918495,0.381599415379336,0.000629374044458885,0.013434841021048,"incremento"
620758514,"mesh",40,1.69765183733587,0.438587476290619,7.41078782137077e-05,0.0182093396993266,"incremento"
620758514,"np",40,7.475,0.076667742369578,0.515033219652512,0,"sin tendencia"
620758514,"pd",40,0.725680489319517,0.076667742369578,0.515033219652512,0,"sin tendencia"
620758552,"cohesion",40,99.9956940192801,0.361182071381987,0.00118084497478333,0.000100115621713738,"incremento"
620758552,"ed",40,7.61156639820936,-0.263573811002068,0.0178870749999039,-0.127038027760541,"descenso"
620758552,"lpi",40,98.5187262264703,0.306810576765344,0.00589713559027405,0.0290855638071086,"incremento"
620758552,"mesh",40,3673.35301233937,0.306810576765344,0.00589713559027405,2.17496752336919,"incremento"
620758552,"np",40,1.325,-0.181861837485331,0.163756421972677,0,"sin tendencia"
620758552,"pd",40,0.0350185296246092,-0.181861837485331,0.163756421972677,0,"sin tendencia"
620758561,"cohesion",40,99.7080890738329,-0.0129202848530425,0.916381825433465,0,"sin tendencia"
620758561,"ed",40,19.717780296242,0.558884494226782,4.9393314157772e-07,0.160468866932415,"incremento"
620758561,"lpi",40,74.4894865841073,-0.748921301611826,1.76876484727065e-11,-0.0924860122486542,"descenso"
620758561,"mesh",40,396.952425150059,-0.751157744246318,1.31808885774184e-11,-0.987678274908247,"descenso"
620758561,"np",40,3.75,-0.119837635971365,0.32326988368181,0,"sin tendencia"
620758561,"pd",40,0.524336970956259,-0.115506155153123,0.341288179945285,0,"sin tendencia"
620759880,"cohesion",40,92.0461147290948,0.268465495126882,0.015354461142603,0.0416400887252225,"incremento"
620759880,"ed",40,42.7432980369063,-0.204239300120451,0.0655866286653081,-0.0521433766534161,"sin tendencia"
620759880,"lpi",40,3.67585275582675,0.0813448529135597,0.469638155664326,0.0109755148766852,"sin tendencia"
620759880,"mesh",40,1.93892313461587,0.0809250057081033,0.469980195584067,0.00858037646489765,"sin tendencia"
620759880,"np",40,24.7,-0.0149832615304553,0.906135859536799,0,"sin tendencia"
620759880,"pd",40,2.67805960225973,-0.00544845873834738,0.971781375151463,0,"sin tendencia"
620759890,"cohesion",40,94.0157466837478,-0.530508370753122,1.57714532910477e-06,-0.00927191524254904,"descenso"
620759890,"ed",40,13.2152704776427,0.564269216665727,3.31601580720313e-07,0.0301269694749933,"incremento"
620759890,"lpi",40,3.43094987732212,-0.130925553177498,0.265108395801943,-1.18952466924124e-16,"sin tendencia"
620759890,"mesh",40,2.3567777026534,0.407194076340774,0.00023097887293169,0.00158683260464169,"incremento"
620759890,"np",40,11.275,-0.245495823251062,0.0560829228822848,0,"sin tendencia"
620759890,"pd",40,0.856717723906616,-0.290556893465421,0.0185903859688301,0,"descenso"
620759925,"cohesion",40,99.9999524353463,-0.529876618439831,3.99361132447363e-05,0,"descenso"
620759925,"ed",40,0.086609244468818,0.525037562563669,4.69804039496282e-05,0,"descenso"
620759925,"lpi",40,99.9855633501583,-0.529876618439831,3.99361132447363e-05,0,"descenso"
620759925,"mesh",40,2156.19999738531,-0.529876618439831,3.99361132447363e-05,0,"descenso"
620759925,"np",40,1,NA,NA,NA,"sin tendencia"
620759925,"pd",40,0.046364504508011,0.303932835822256,0.0235073810816301,0,"descenso"
620759935,"cohesion",40,98.9025783970174,-0.423620374711456,0.000126224523327877,-0.00494278504765267,"descenso"
620759935,"ed",40,51.4455573050889,0.372272450504007,0.000758238278258466,0.0465802556658478,"incremento"
620759935,"lpi",40,29.3843723517925,-0.45729050844579,3.51937856695384e-05,-0.0280799107710675,"descenso"
620759935,"mesh",40,522.634338180183,-0.526316223126354,1.87993718394011e-06,-1.3895896263825,"descenso"
620759935,"np",40,70.8,0.580584225127462,2.87530155867427e-07,0.344951923076923,"incremento"
620759935,"pd",40,1.41374276106795,0.596557384908953,1.2782767212688e-07,0.00688804073681451,"incremento"
620759937,"cohesion",40,99.7310640574878,0.0349075027446654,0.761636808848583,5.49164174245108e-05,"sin tendencia"
620759937,"ed",40,21.9007322105867,0.722714593861775,7.51643764357816e-11,0.336563875896126,"incremento"
620759937,"lpi",40,65.5716108181663,-0.760703894919787,7.44871691551056e-12,-0.0743870434719216,"descenso"
620759937,"mesh",40,1183.05804176219,-0.761500708022515,6.88743273908459e-12,-2.68309777322973,"descenso"
620759937,"np",40,13.425,0.393863180721688,0.000975921005481596,0.0666666666666667,"incremento"
620759937,"pd",40,0.495032608003493,0.449720140896764,0.000165411166499292,0.00245826248543014,"incremento"
620759959,"cohesion",40,100,NA,NA,NA,"sin tendencia"
620759959,"ed",40,0,NA,NA,NA,"sin tendencia"
620759959,"lpi",40,100,NA,NA,NA,"sin tendencia"
620759959,"mesh",40,27.769849010321,NA,NA,NA,"sin tendencia"
620759959,"np",40,1,NA,NA,NA,"sin tendencia"
620759959,"pd",40,3.60102786165073,NA,NA,NA,"sin tendencia"
620761279,"cohesion",40,98.1201204741091,-0.0786602540351064,0.484166967815214,-0.000685009716296424,"sin tendencia"
620761279,"ed",40,61.4279184016774,-0.713199723887949,1.3065130103764e-10,-0.165623853748755,"descenso"
620761279,"lpi",40,43.9646656534954,0.53391934634662,1.79508331139693e-06,0.0412434010558309,"incremento"
620761279,"mesh",40,71.8587461329141,0.419091517400157,0.000158138608808122,0.0928531738146492,"incremento"
620761279,"np",40,8.45,0.0646416082091933,0.601033596332625,0,"sin tendencia"
620761279,"pd",40,2.3199175063275,0.0646416082091933,0.601033596332625,0,"sin tendencia"
620761297,"cohesion",40,99.999596812938,-0.178370090062779,0.16802559832573,0,"sin tendencia"
620761297,"ed",40,0.260396354926911,0.159443870994149,0.22216615817555,0,"sin tendencia"
620761297,"lpi",40,99.9512259425257,-0.178370090062779,0.16802559832573,0,"sin tendencia"
620761297,"mesh",40,349.596025903071,-0.178370090062779,0.16802559832573,0,"sin tendencia"
620761297,"np",40,1,NA,NA,NA,"sin tendencia"
620761297,"pd",40,0.285765722749349,NA,NA,NA,"sin tendencia"
620761324,"cohesion",40,99.999902238449,0.168331127054292,0.156758074007672,0,"sin tendencia"
620761324,"ed",40,0.130087079863838,-0.155688092194882,0.187735835260402,0,"sin tendencia"
620761324,"lpi",40,99.9786863592699,0.168331127054292,0.156758074007672,0,"sin tendencia"
620761324,"mesh",40,6144.02043790533,0.168331127054292,0.156758074007672,0,"sin tendencia"
620761324,"np",40,1.125,-0.154279609158819,0.252173974711317,0,"sin tendencia"
620761324,"pd",40,0.0183026846130178,-0.387052352801948,0.00368889441650471,0,"descenso"
620761325,"cohesion",40,99.9997479975697,0.295261726574047,0.023399135803856,0,"descenso"
620761325,"ed",40,0.0411185965455276,-0.225788379144859,0.0837150379239146,0,"sin tendencia"
620761325,"lpi",40,99.9901868950444,0.225788379144859,0.0837150379239146,0,"sin tendencia"
620761325,"mesh",40,2067.9405113019,0.225788379144859,0.0837150379239146,0,"sin tendencia"
620761325,"np",40,1.1,-0.310316445417088,0.0202437444741189,0,"descenso"
620761325,"pd",40,0.0531825828550386,-0.310316445417088,0.0202437444741189,0,"descenso"
620761330,"cohesion",40,99.9999097130407,0.420700331360638,0.000408107618779849,6.39918006978885e-07,"incremento"
620761330,"ed",40,0.263084961983686,-0.429080129031349,0.000309029455779967,-0.00223512137958147,"descenso"
620761330,"lpi",40,99.950016123831,0.420700331360638,0.000408107618779849,0.000355050016449397,"incremento"
620761330,"mesh",40,7145.21137433386,0.420700331360638,0.000408107618779849,0.0507870441910122,"incremento"
620761330,"np",40,1,NA,NA,NA,"sin tendencia"
620761330,"pd",40,0.0139814174312843,-Inf,0,0,"descenso"
620762655,"cohesion",40,99.6346893569349,-0.213046043345037,0.0558063814189907,-0.000527378860189924,"sin tendencia"
620762655,"ed",40,18.3011919342043,-0.169145646534545,0.129508877123712,-0.0145751058690641,"sin tendencia"
620762655,"lpi",40,89.6876267748479,0.537086155529575,2.22049803451594e-06,0.00366435457713308,"incremento"
620762655,"mesh",40,548.836083196735,0.514227337151093,3.65538361399957e-06,0.0448297607447712,"incremento"
620762655,"np",40,12.75,-0.224179415327122,0.0767160765246839,0,"sin tendencia"
620762655,"pd",40,1.86880928682791,-0.357085782985344,0.00469844853867696,-1.00929365875014e-17,"descenso"
620762666,"cohesion",40,94.6063381432866,0.137977822651744,0.216441913343737,0.0126758810098184,"sin tendencia"
620762666,"ed",40,61.0029079898124,-0.553200802968207,6.01227651680412e-07,-0.719367061011394,"descenso"
620762666,"lpi",40,11.5118552921046,-0.180883987942596,0.104978636458382,-0.0559904711669175,"sin tendencia"
620762666,"mesh",40,5.51251035915491,-0.153451970986519,0.168829560847529,-0.0395267698117044,"sin tendencia"
620762666,"np",40,15.9,-0.53657533115652,2.14456824464872e-06,-0.235294117647059,"descenso"
620762666,"pd",40,4.21270086618765,-0.54075782357938,1.71065904427956e-06,-0.0623411152968946,"descenso"
620764003,"cohesion",18,63.9441770509008,0.543576826275736,0.00731820927457106,0,"descenso"
620764003,"ed",18,9.89835189869097,0.0196078431372549,1,0,"sin tendencia"
620764003,"lpi",18,1.31808278867102,0.651794907395869,0.00160867085668225,0,"descenso"
620764003,"mesh",18,0.00830126712044109,0.562003159369828,0.00552884658487739,0,"descenso"
620764003,"np",18,1.05555555555556,0.0196078431372549,1,0,"sin tendencia"
620764003,"pd",18,2.24338544023719,0.0196078431372549,1,0,"sin tendencia"
620764031,"cohesion",40,98.8905840724796,-0.18556947564444,0.095453677852012,-0.00129574471532025,"sin tendencia"
620764031,"ed",40,37.3262794386468,0.0644338457098751,0.567786498416307,0.0116425416013222,"sin tendencia"
620764031,"lpi",40,57.807924888606,-0.432665718668141,0.000102373834817016,-0.0141452719428538,"descenso"
620764031,"mesh",40,292.260758242671,-0.445882212312336,5.75787117778492e-05,-0.147259213072563,"descenso"
620764031,"np",40,18.8,-0.477349168459356,7.73445661274754e-05,-0.0625,"descenso"
620764031,"pd",40,2.16183921749413,-0.410845414339631,0.00067357027605104,-0.0071869654836906,"descenso"
620764082,"cohesion",40,100,NA,NA,NA,"sin tendencia"
620764082,"ed",40,0,NA,NA,NA,"sin tendencia"
620764082,"lpi",40,100,NA,NA,NA,"sin tendencia"
620764082,"mesh",40,1689.07108194759,NA,NA,NA,"sin tendencia"
620764082,"np",40,1,NA,NA,NA,"sin tendencia"
620764082,"pd",40,0.0592041395230654,NA,NA,NA,"sin tendencia"
620764091,"cohesion",40,99.1811049067675,-0.102385997586681,0.388048360360431,0,"sin tendencia"
620764091,"ed",40,4.50289131748367,0.655166965000955,2.38781760435736e-08,0.295271561802287,"incremento"
620764091,"lpi",40,91.8460388639761,-0.726738731697427,1.81963766032537e-09,-0.0469573597671308,"descenso"
620764091,"mesh",40,52.2396797509968,-0.705485985152581,2.41818298232483e-09,-0.0526393977393557,"descenso"
620764091,"np",40,4.075,-0.186919193607251,0.16561269686516,0,"sin tendencia"
620764091,"pd",40,6.60228811574084,-0.384982793574314,0.00311094863388145,0,"descenso"
620764092,"cohesion",40,99.9848873581085,-0.202788577121734,0.0714319173539923,-0.00013736558266453,"sin tendencia"
620764092,"ed",40,13.1882136416042,0.375485946025404,0.000814228887120454,0.169522001973091,"incremento"
620764092,"lpi",40,95.6976483448721,-0.310070275986135,0.00573407757254162,-0.0481169007110095,"descenso"
620764092,"mesh",40,3014.82430133746,-0.310070275986135,0.00573407757254162,-3.04782516398572,"descenso"
620764092,"np",40,2.05,0.114584728206557,0.354716619747989,0,"sin tendencia"
620764092,"pd",40,0.0622814205800031,0.122123197167515,0.323555397425389,0,"sin tendencia"
620764104,"cohesion",40,99.997910512427,0.0930949336251263,0.461781089025929,0,"sin tendencia"
620764104,"ed",40,2.27752118609526,-0.0930949336251263,0.461781089025929,0,"sin tendencia"
620764104,"lpi",40,99.6223489395758,0.0930949336251263,0.461781089025929,0,"sin tendencia"
620764104,"mesh",40,915.333706606633,0.0930949336251263,0.461781089025929,0,"sin tendencia"
620764104,"np",40,1.025,0.00573350763461485,1,0,"sin tendencia"
620764104,"pd",40,0.111145170172868,-0.235073813019209,0.0831681539668394,0,"sin tendencia"
620765420,"cohesion",40,99.9982541636163,0.668736742771426,3.32621554322752e-09,0.000106799203416382,"incremento"
620765420,"ed",40,3.30851708348874,-0.639716058851622,1.30449953506326e-08,-0.200061501647098,"descenso"
620765420,"lpi",40,99.4149359640014,0.668736742771426,3.32621554322752e-09,0.0357348893174415,"incremento"
620765420,"mesh",40,2634.33707308342,0.668736742771426,3.32621554322752e-09,1.89236317561847,"incremento"
620765420,"np",40,1,NA,NA,NA,"sin tendencia"
620765420,"pd",40,0.0375184972789299,NA,NA,NA,"sin tendencia"
620765468,"cohesion",40,99.9999662868481,0.358057437019716,0.00730813259674708,0,"descenso"
620765468,"ed",40,0.0423943931423945,-0.358057437019716,0.00730813259674708,0,"descenso"
620765468,"lpi",40,99.9935615409379,0.358057437019716,0.00730813259674708,0,"descenso"
620765468,"mesh",40,859.647540958713,0.358057437019716,0.00730813259674708,0,"descenso"
620765468,"np",40,1,NA,NA,NA,"sin tendencia"
620765468,"pd",40,0.116311770188677,Inf,0,0,"descenso"
620765476,"cohesion",40,99.9424229644112,-0.192322069915451,0.0874372595469677,-0.000420164629389497,"sin tendencia"
620765476,"ed",40,26.9648222606676,0.474917764485093,2.25955184479997e-05,0.433758083697833,"incremento"
620765476,"lpi",40,93.1336048089975,-0.222561900454232,0.0478782863048581,-0.0322822694190634,"descenso"
620765476,"mesh",40,412.947668867541,-0.221104964732729,0.0492286978660581,-0.288791829363537,"descenso"
620765476,"np",40,1.3,0.143358538467963,0.274542976376373,0,"sin tendencia"
620765476,"pd",40,0.273236804790536,0.143358538467963,0.274542976376373,0,"sin tendencia"
620765481,"cohesion",40,99.9955490397624,-0.416800170121928,0.000235955700879961,-0.000170346367947616,"descenso"
620765481,"ed",40,3.45862494540691,0.528911810491234,2.38367120946058e-06,0.160561331141471,"incremento"
620765481,"lpi",40,99.1419797687861,-0.416800170121928,0.000235955700879961,-0.0327233494553889,"descenso"
620765481,"mesh",40,878.572540790551,-0.416800170121928,0.000235955700879961,-0.578850432651915,"descenso"
620765481,"np",40,1,NA,NA,NA,"sin tendencia"
620765481,"pd",40,0.111881645993836,Inf,0,0,"descenso"
620766787,"cohesion",40,97.1076072586192,0.541481898880794,9.82577362819677e-07,0.0132131371477073,"incremento"
620766787,"ed",40,101.514781224153,0.405670572992936,0.000252053620135274,0.212593617827553,"incremento"
620766787,"lpi",40,38.1007345225603,0.322767483917233,0.00381350510847579,0.0629590766002098,"incremento"
620766787,"mesh",40,12.9133844495432,0.309969448052901,0.00515479755026308,0.0412904987341095,"incremento"
620766787,"np",40,3.075,-0.259490659465445,0.0450837191049738,0,"descenso"
620766787,"pd",40,3.49739912187195,-0.168658641252877,0.18949667055763,0,"sin tendencia"
620766796,"cohesion",40,99.9986841522593,0.639739412130232,1.23397107369143e-08,7.724072526302e-05,"incremento"
620766796,"ed",40,2.35473695140411,-0.658521387814581,4.36921122272943e-09,-0.137025200677964,"descenso"
620766796,"lpi",40,99.5562978738021,0.639739412130232,1.23397107369143e-08,0.0260544336644352,"incremento"
620766796,"mesh",40,2662.18646166779,0.639739412130232,1.23397107369143e-08,1.39428334765008,"incremento"
620766796,"np",40,1,NA,NA,NA,"sin tendencia"
620766796,"pd",40,0.0372311127799679,Inf,0,0,"descenso"
620766802,"cohesion",40,99.9957520010294,0.316753265646038,0.00442888527462138,3.30914350789083e-05,"incremento"
620766802,"ed",40,5.85415929160276,-0.220221168196165,0.0475019521140073,-0.0283905154974031,"descenso"
620766802,"lpi",40,98.8144639747948,0.303824560925791,0.00634793742209275,0.00829118646878433,"incremento"
620766802,"mesh",40,2173.01795267626,0.303824560925791,0.00634793742209275,0.365118078593873,"incremento"
620766802,"np",40,1.1,-0.312147236790425,0.0199576283902411,0,"descenso"
620766802,"pd",40,0.0494279216079558,-0.312147236790425,0.0199576283902411,0,"descenso"
620766809,"cohesion",40,99.9999844687566,0.559452837725076,8.50054182041566e-06,0,"descenso"
620766809,"ed",40,0.0456957117796009,-0.605370397249014,1.3950388444835e-06,-8.58560907553615e-15,"descenso"
620766809,"lpi",40,99.9925066843781,0.559452837725076,8.50054182041566e-06,0,"descenso"
620766809,"mesh",40,5416.52308203665,0.559452837725076,8.50054182041566e-06,0,"descenso"
620766809,"np",40,1,NA,NA,NA,"sin tendencia"
620766809,"pd",40,0.0184592616761599,Inf,0,0,"descenso"
620766811,"cohesion",40,99.9884247228454,0.380900501738097,0.000606386919147001,0.00019802305898902,"incremento"
620766811,"ed",40,11.901725712292,-0.329901290034561,0.00294743929578093,-0.170732242726688,"descenso"
620766811,"lpi",40,97.4203427483339,0.419636145982649,0.000157704278672909,0.036538664974082,"incremento"
620766811,"mesh",40,1379.71428532369,0.419636145982649,0.000157704278672909,1.03645039826031,"incremento"
620766811,"np",40,1.15,-0.200552279198729,0.134609571801112,0,"sin tendencia"
620766811,"pd",40,0.0791174734571035,-0.00501380697996822,0.984889886893182,0,"sin tendencia"
620768163,"cohesion",40,97.2684357582846,-0.645285572132767,4.93894285454558e-09,-0.0389705515452504,"descenso"
620768163,"ed",40,54.4220960318077,-0.65554856333965,2.80825923032734e-09,-0.257291889381034,"descenso"
620768163,"lpi",40,13.0829918032787,-0.617458788594577,2.22850449579078e-08,-0.122950819672131,"descenso"
620768163,"mesh",40,48.4120957213128,-0.652982815537929,3.23654343893069e-09,-0.853439708256537,"descenso"
620768163,"np",40,84.125,-0.0877742647918127,0.440387788350136,-0.0871212121212121,"sin tendencia"
620768163,"pd",40,3.11420345381859,-0.0930145194062492,0.413186790824139,-0.00322511952081711,"sin tendencia"
620768172,"cohesion",40,99.9969781120653,0.286520634771998,0.0108105584256117,3.43831951050055e-05,"incremento"
620768172,"ed",40,2.37525677483193,-0.310070275986135,0.00579409577215547,-0.05083560102782,"descenso"
620768172,"lpi",40,99.3433480707396,0.271546936589783,0.0159908944164261,0.0124116683602215,"incremento"
620768172,"mesh",40,2718.43296508148,0.271546936589783,0.0159908944164261,0.678864804511817,"incremento"
620768172,"np",40,1.65,-0.0525484654664595,0.701861628609504,0,"sin tendencia"
620768172,"pd",40,0.0599025484823433,-0.253358672784715,0.0574508017394107,0,"sin tendencia"
620768178,"cohesion",40,100,NA,NA,NA,"sin tendencia"
620768178,"ed",40,0,NA,NA,NA,"sin tendencia"
620768178,"lpi",40,100,NA,NA,NA,"sin tendencia"
620768178,"mesh",40,1546.53149151668,NA,NA,NA,"sin tendencia"
620768178,"np",40,1,NA,NA,NA,"sin tendencia"
620768178,"pd",40,0.0646608236227574,NA,NA,NA,"sin tendencia"
620768187,"cohesion",40,99.9852600352679,0.15979593736049,0.151539190940392,0.000116558009009824,"sin tendencia"
620768187,"ed",40,16.2416380106253,-0.00386603074259251,0.981395849735001,0,"sin tendencia"
620768187,"lpi",40,96.540158870256,0.0953620916506152,0.394690500550925,0.0125824822426792,"sin tendencia"
620768187,"mesh",40,1948.67944274211,0.0953620916506152,0.394690500550925,0.510368001166599,"sin tendencia"
620768187,"np",40,1.6,-0.368642694078475,0.00359247071411784,0,"descenso"
620768187,"pd",40,0.0765337607313084,-0.368642694078475,0.00359247071411784,0,"descenso"
620768198,"cohesion",40,99.6822418626748,-0.558050146874262,4.2614387398411e-07,-0.00913261154970937,"descenso"
620768198,"ed",40,73.3634405749738,0.31173835790907,0.00480623117918826,0.306797486306956,"incremento"
620768198,"lpi",40,65.7915717539863,-0.542655660063937,8.78489954730118e-07,-0.778171145483219,"descenso"
620768198,"mesh",40,963.292312358436,-0.547787155667379,6.91707175530648e-07,-22.0576709407488,"descenso"
620768198,"np",40,31.25,0.477962386788841,1.84624392535181e-05,0.714285714285714,"incremento"
620768198,"pd",40,1.48379920819318,0.477962386788841,1.84624392535181e-05,0.0339154104729869,"incremento"
620768205,"cohesion",40,99.9895163783489,0.00775217091182553,0.95349490019753,0,"sin tendencia"
620768205,"ed",40,11.5961344308927,0.0284246266766936,0.806504541514449,0.0128717840820772,"sin tendencia"
620768205,"lpi",40,97.2482612383376,-0.0413988514242061,0.717632919138229,-0.00347752332485124,"sin tendencia"
620768205,"mesh",40,2572.0292332547,-0.0413449115297362,0.717669690302051,-0.183725545576851,"sin tendencia"
620768205,"np",40,1.8,-0.0662029189375343,0.603314532076947,0,"sin tendencia"
620768205,"pd",40,0.0661929396267653,0.0472877992410959,0.713208635388423,0,"sin tendencia"
620768212,"cohesion",40,100,NA,NA,NA,"sin tendencia"
620768212,"ed",40,0,NA,NA,NA,"sin tendencia"
620768212,"lpi",40,100,NA,NA,NA,"sin tendencia"
620768212,"mesh",40,2181.08638017931,NA,NA,NA,"sin tendencia"
620768212,"np",40,1,NA,NA,NA,"sin tendencia"
620768212,"pd",40,0.0458487114076512,NA,NA,NA,"sin tendencia"
620768224,"cohesion",40,99.9957196015635,0.0625076307917994,0.582736859569561,9.20889766068253e-06,"sin tendencia"
620768224,"ed",40,4.94691363450579,0.167464115300529,0.137104584065431,0.0324395657771687,"sin tendencia"
620768224,"lpi",40,98.5838186149621,-0.148455623130524,0.186542296931566,-0.00712139380794285,"sin tendencia"
620768224,"mesh",40,5419.97232559389,-0.148455623130524,0.186542296931566,-0.785778618668237,"sin tendencia"
620768224,"np",40,2.275,-0.363731781414377,0.0027667628281572,-0.0363756613756614,"descenso"
620768224,"pd",40,0.0407949881552682,-0.359533582305437,0.00286061531670302,-0.000652283373608858,"descenso"
620769540,"cohesion",40,92.3134028479751,-0.337829785733828,0.00226420408597714,-0.0613554801506528,"descenso"
620769540,"ed",40,90.3571156194386,-0.623797436952933,1.69050215972072e-08,-0.8255986009973,"descenso"
620769540,"lpi",40,17.2400487408611,-0.354477665319765,0.00145230989835401,-0.0908249842043505,"descenso"
620769540,"mesh",40,3.99748382116104,-0.432884554343346,9.02002267427096e-05,-0.0523650102748051,"descenso"
620769540,"np",40,10.65,-0.37073395776981,0.00159728243696549,-0.0952620967741935,"descenso"
620769540,"pd",40,9.37744513788766,-0.372127694453155,0.0015332607844043,-0.083879350818793,"descenso"
620769549,"cohesion",40,64.8624379326368,-0.511267153136866,5.42322454679216e-06,-0.42600115563157,"descenso"
620769549,"ed",40,64.6109540650204,-0.360065575212611,0.00145898634345062,-0.48774487616949,"descenso"
620769549,"lpi",40,5.63888888888889,-0.551746764772672,3.10625134486493e-06,-0.136784511784512,"descenso"
620769549,"mesh",40,0.0843653958465554,-0.578757019124959,2.81528995886631e-07,-0.0029444997167713,"descenso"
620769549,"np",40,3.425,0.11787732807075,0.348341310050124,0,"sin tendencia"
620769549,"pd",40,20.6243869354437,0.0581528151815699,0.648222723208967,0,"sin tendencia"
620769554,"cohesion",40,100,NA,NA,NA,"sin tendencia"
620769554,"ed",40,0,NA,NA,NA,"sin tendencia"
620769554,"lpi",40,100,NA,NA,NA,"sin tendencia"
620769554,"mesh",40,1137.45670577517,NA,NA,NA,"sin tendencia"
620769554,"np",40,1,NA,NA,NA,"sin tendencia"
620769554,"pd",40,0.0879154340488509,NA,NA,NA,"sin tendencia"
620769565,"cohesion",40,100,NA,NA,NA,"sin tendencia"
620769565,"ed",40,0,NA,NA,NA,"sin tendencia"
620769565,"lpi",40,100,NA,NA,NA,"sin tendencia"
620769565,"mesh",40,1242.81606646908,NA,NA,NA,"sin tendencia"
620769565,"np",40,1,NA,NA,NA,"sin tendencia"
620769565,"pd",40,0.0804624293956115,NA,NA,NA,"sin tendencia"
620769571,"cohesion",40,100,NA,NA,NA,"sin tendencia"
620769571,"ed",40,0,NA,NA,NA,"sin tendencia"
620769571,"lpi",40,100,NA,NA,NA,"sin tendencia"
620769571,"mesh",40,823.685089577259,NA,NA,NA,"sin tendencia"
620769571,"np",40,1,NA,NA,NA,"sin tendencia"
620769571,"pd",40,0.121405621232409,NA,NA,NA,"sin tendencia"
620769574,"cohesion",40,99.5226854540959,-0.714560762779227,9.26911588193169e-11,-0.0278044855301307,"descenso"
620769574,"ed",40,61.9059363519127,0.527261173253613,1.77710168543401e-06,0.438033336436226,"incremento"
620769574,"lpi",40,50.6301482701812,-0.578576129288027,1.5771142626827e-07,-1.58907085389787,"descenso"
620769574,"mesh",40,1506.81989942127,-0.688903284762019,4.22775245904233e-10,-63.2008998901783,"descenso"
620769574,"np",40,52.025,0.682152039091332,7.47058384184495e-10,1.56832298136646,"incremento"
620769574,"pd",40,1.25540731615055,0.681710087610479,7.49033051829698e-10,0.0378449619393464,"incremento"
620770877,"cohesion",40,98.2457991710781,0.0307692307692308,0.788719489903205,0.003087052489565,"sin tendencia"
620770877,"ed",40,61.2361840874318,-0.058974358974359,0.600072292463655,-0.140282786442317,"sin tendencia"
620770877,"lpi",40,24.9857675007028,0.0398458900151197,0.726607536200851,0.0395369221479339,"sin tendencia"
620770877,"mesh",40,147.191662211416,0.0512820512820513,0.649547898256236,0.575369106635717,"sin tendencia"
620770877,"np",40,31.95,0.166825337729273,0.140605099127584,0.155048076923077,"sin tendencia"
620770877,"pd",40,2.43399668928209,0.172079679075077,0.128430436549929,0.0118117842225454,"sin tendencia"
620770916,"cohesion",40,93.860094429543,-0.550352903469099,6.13300031983005e-07,-0.0340388526128599,"descenso"
620770916,"ed",40,48.0073200293154,-0.611930850710397,2.91829893485038e-08,-0.237658671806922,"descenso"
620770916,"lpi",40,6.02727492886117,-0.588690891191123,1.00416282291934e-07,-0.0299233166466448,"descenso"
620770916,"mesh",40,6.25479581554541,-0.62219384191728,1.70560983445293e-08,-0.0729176892984597,"descenso"
620770916,"np",40,47.375,0.160020838757238,0.165474623663712,0.054093567251462,"sin tendencia"
620770916,"pd",40,3.10893062784676,0.164054977549438,0.154982067439315,0.00354982898147881,"sin tendencia"
620770925,"cohesion",40,98.0019591143191,-0.301863116530227,0.00639329160614799,-0.00725360004878084,"descenso"
620770925,"ed",40,79.7554050250964,-0.435453602143603,8.18724827885814e-05,-0.213427854196101,"descenso"
620770925,"lpi",40,13.3052684228076,0.0618564918814801,0.583694987984965,0.00828401133711232,"sin tendencia"
620770925,"mesh",40,96.6013916384118,-0.142582152914277,0.199886554020988,-0.190075603231202,"sin tendencia"
620770925,"np",40,77.4,-0.50534643279608,6.86355914477107e-06,-0.418859649122807,"descenso"
620770925,"pd",40,2.79741868977836,-0.50534643279608,6.86355914477107e-06,-0.015138576367573,"descenso"
620770941,"cohesion",40,99.999985512579,0.154804706134601,0.26008721591197,0,"sin tendencia"
620770941,"ed",40,0.00786873306433186,-0.154804706134601,0.26008721591197,0,"sin tendencia"
620770941,"lpi",40,99.9984066284258,0.154804706134601,0.26008721591197,0,"sin tendencia"
620770941,"mesh",40,289.498372398388,0.154804706134601,0.26008721591197,0,"sin tendencia"
620770941,"np",40,1,NA,NA,NA,"sin tendencia"
620770941,"pd",40,0.345414081067012,0.154804706134601,0.26008721591197,0,"sin tendencia"
620770947,"cohesion",40,100,NA,NA,NA,"sin tendencia"
620770947,"ed",40,0,NA,NA,NA,"sin tendencia"
620770947,"lpi",40,100,NA,NA,NA,"sin tendencia"
620770947,"mesh",40,904.411394840007,NA,NA,NA,"sin tendencia"
620770947,"np",40,1,NA,NA,NA,"sin tendencia"
620770947,"pd",40,0.110569150909128,NA,NA,NA,"sin tendencia"
620770957,"cohesion",40,99.9976972057825,-0.292352673102343,0.0259650104388225,0,"descenso"
620770957,"ed",40,0.962654360857375,0.286505619640296,0.0291279773168697,0,"descenso"
620770957,"lpi",40,99.8586744639376,-0.292352673102343,0.0259650104388225,0,"descenso"
620770957,"mesh",40,94.3917917933376,-0.292352673102343,0.0259650104388225,0,"descenso"
620770957,"np",40,1,NA,NA,NA,"sin tendencia"
620770957,"pd",40,1.0564418970646,NA,NA,NA,"sin tendencia"
620772301,"cohesion",40,99.988932740333,-0.51699818204673,2.81283558947772e-06,-0.000223922084480138,"descenso"
620772301,"ed",40,9.00791171672872,-0.083440376837105,0.455807903413824,-0.020953808735947,"sin tendencia"
620772301,"lpi",40,98.2325414855788,-0.0295821464946752,0.797625463044027,-0.00159480771763359,"sin tendencia"
620772301,"mesh",40,1802.62931884913,-0.0256739621037246,0.824781215913654,-0.0585456467916085,"sin tendencia"
620772301,"np",40,2.4,0.553672259408655,8.09777440304863e-06,0.037037037037037,"incremento"
620772301,"pd",40,0.128476023669386,0.553672259408655,8.09777440304863e-06,0.00198265468625595,"incremento"
620772317,"cohesion",40,99.9999980439972,-0.223606797749979,0.0997714364192216,0,"sin tendencia"
620772317,"ed",40,0.00483039711568117,0.223606797749979,0.0997714364192216,0,"sin tendencia"
620772317,"lpi",40,99.9993581043906,-0.223606797749979,0.0997714364192216,0,"sin tendencia"
620772317,"mesh",40,2515.21486826267,-0.223606797749979,0.0997714364192216,0,"sin tendencia"
620772317,"np",40,1,NA,NA,NA,"sin tendencia"
620772317,"pd",40,0.0397575243512556,NA,NA,NA,"sin tendencia"
620773686,"cohesion",40,99.9999659082134,0.213282061199966,0.101332755477902,0,"sin tendencia"
620773686,"ed",40,0.0670859640671559,-0.213282061199966,0.101332755477902,0,"sin tendencia"
620773686,"lpi",40,99.989499729696,0.213282061199966,0.101332755477902,0,"sin tendencia"
620773686,"mesh",40,2218.07762272454,0.213282061199966,0.101332755477902,0,"sin tendencia"
620773686,"np",40,1,NA,NA,NA,"sin tendencia"
620773686,"pd",40,0.0450746199687398,Inf,0,0,"descenso"
620773693,"cohesion",40,100,NA,NA,NA,"sin tendencia"
620773693,"ed",40,0,NA,NA,NA,"sin tendencia"
620773693,"lpi",40,100,NA,NA,NA,"sin tendencia"
620773693,"mesh",40,3655.10258500689,NA,NA,NA,"sin tendencia"
620773693,"np",40,1,NA,NA,NA,"sin tendencia"
620773693,"pd",40,0.0273590132354142,NA,NA,NA,"sin tendencia"
620775055,"cohesion",40,94.4964253434186,0.106478533771411,0.339350337952359,0.00284785204478671,"sin tendencia"
620775055,"ed",40,66.2688284538814,-0.709885052167985,1.25733442885968e-10,-0.216204258692495,"descenso"
620775055,"lpi",40,6.52495173028368,0.809771313210496,2.29310709974599e-13,0.0426073072924401,"incremento"
620775055,"mesh",40,12.6580453264635,0.565747390279424,2.94703298275331e-07,0.0817637524437707,"incremento"
620775055,"np",40,104.675,-0.29604156201739,0.00906006643406809,-0.166666666666667,"descenso"
620775055,"pd",40,4.21276604102568,-0.29604156201739,0.00906006643406809,-0.00670769212805616,"descenso"
620775062,"cohesion",40,100,NA,NA,NA,"sin tendencia"
620775062,"ed",40,0,NA,NA,NA,"sin tendencia"
620775062,"lpi",40,100,NA,NA,NA,"sin tendencia"
620775062,"mesh",40,855.053025336228,NA,NA,NA,"sin tendencia"
620775062,"np",40,1,NA,NA,NA,"sin tendencia"
620775062,"pd",40,0.116951811217413,NA,NA,NA,"sin tendencia"
620775069,"cohesion",40,100,NA,NA,NA,"sin tendencia"
620775069,"ed",40,0,NA,NA,NA,"sin tendencia"
620775069,"lpi",40,100,NA,NA,NA,"sin tendencia"
620775069,"mesh",40,755.690475892104,NA,NA,NA,"sin tendencia"
620775069,"np",40,1,NA,NA,NA,"sin tendencia"
620775069,"pd",40,0.132329310994622,NA,NA,NA,"sin tendencia"
620775083,"cohesion",40,85.9135357232641,0.0496220965130703,0.710523022916489,0,"sin tendencia"
620775083,"ed",40,1.52329276621939,-0.108266392392153,0.406155880959078,0,"sin tendencia"
620775083,"lpi",40,34.8358208955224,0.0612066478926411,0.664149632956637,0,"sin tendencia"
620775083,"mesh",40,5.4265564967085,0.103755292709147,0.426421885412944,0,"sin tendencia"
620775083,"np",40,19.125,-0.0760116950066092,0.573907046790592,0,"sin tendencia"
620775083,"pd",40,61.8799015346564,-0.0964763821237732,0.471677316966088,0,"sin tendencia"
620775101,"cohesion",40,99.9927720864495,0.116116317935334,0.319348036275302,0,"sin tendencia"
620775101,"ed",40,3.92587467661778,0.0397569009060347,0.733778716154405,0,"sin tendencia"
620775101,"lpi",40,99.3450736648251,0.116116317935334,0.319348036275302,0,"sin tendencia"
620775101,"mesh",40,197.772461589696,0.116116317935334,0.319348036275302,0,"sin tendencia"
620775101,"np",40,1,NA,NA,NA,"sin tendencia"
620775101,"pd",40,0.499037470712837,NA,NA,NA,"sin tendencia"
620776414,"cohesion",40,91.3697779807306,0.429762756788224,9.95403049934186e-05,0.0316794523599582,"incremento"
620776414,"ed",40,42.8177897114402,-0.737652492994714,2.26012816247014e-11,-0.374508677212743,"descenso"
620776414,"lpi",40,4.8895790200138,-0.481300339341265,1.44226537466785e-05,-0.0263228174272652,"descenso"
620776414,"mesh",40,2.82165695840949,-0.524695425451892,1.99485546077092e-06,-0.0239283379371425,"descenso"
620776414,"np",40,29.475,-0.845496759268339,8.30385292424199e-14,-0.43875,"descenso"
620776414,"pd",40,3.67474455530189,-0.848147219328741,6.94783008159007e-14,-0.0547003960522037,"descenso"
620776451,"cohesion",40,93.4254795978421,-0.0899745903567218,0.42131628001189,-0.00340448000255417,"sin tendencia"
620776451,"ed",40,21.93533136052,0.419294772054961,0.000151943132748144,0.0625874352251197,"incremento"
620776451,"lpi",40,4.54639889196676,0.369520146797017,0.000889262466413058,0.0137124236624128,"incremento"
620776451,"mesh",40,2.38691386813571,0.362469064008508,0.00105725603062963,0.0139350331739184,"incremento"
620776451,"np",40,20.4,0.566501767378423,9.18876891408101e-07,0.16,"incremento"
620776451,"pd",40,1.80151144546832,0.569212302150569,8.1474709920176e-07,0.0141295015330848,"incremento"
620777808,"cohesion",40,99.981531011065,0.565857093438131,1.32429786439303e-06,0.000127563122244823,"incremento"
620777808,"ed",40,8.11521002951312,-0.569508112582198,1.16866071806665e-06,-0.0911721756563232,"descenso"
620777808,"lpi",40,98.1686641332944,0.565857093438131,1.32429786439303e-06,0.0146156094709156,"incremento"
620777808,"mesh",40,304.806971985198,0.565857093438131,1.32429786439303e-06,0.092170987531832,"incremento"
620777808,"np",40,1.1,-0.262575453814459,0.0498636902105405,0,"descenso"
620777808,"pd",40,0.348523918452832,-0.999577011680042,5.11533129056317e-14,0,"descenso"
620777823,"cohesion",40,99.8495158225321,-0.577751229119733,2.04649633290523e-07,-0.00718040523064153,"descenso"
620777823,"ed",40,35.3416331074615,0.704701050764876,2.31043302380752e-10,1.2945007442465,"incremento"
620777823,"lpi",40,86.6274792811249,-0.683974549271792,7.63400519269359e-10,-0.628713510193214,"descenso"
620777823,"mesh",40,750.828328131174,-0.683974549271792,7.63400519269359e-10,-10.8679966218679,"descenso"
620777823,"np",40,9.05,0.609679562149795,7.14599779389201e-08,0.468627450980392,"incremento"
620777823,"pd",40,0.913435137984352,0.611002077468992,6.69488420257525e-08,0.0472995337402795,"incremento"
620777827,"cohesion",40,91.3473648182706,0.146530047152376,0.18786393658315,0.00748969779531709,"sin tendencia"
620777827,"ed",40,25.0842775370348,-0.114766600149581,0.304842617369373,-0.0218857801904343,"sin tendencia"
620777827,"lpi",40,5.03699395067473,-0.298681624142302,0.0112922411287909,-0.00272552017549689,"descenso"
620777827,"mesh",40,3.00984586636324,-0.185090585876685,0.0956038264475394,-0.00222936901428829,"sin tendencia"
620777827,"np",40,24.125,-0.271052987011016,0.0186473350506917,-0.0833333333333333,"descenso"
620777827,"pd",40,2.43362623979686,-0.276447076304768,0.0164149142695357,-0.00840630825491147,"descenso"
620777831,"cohesion",40,99.9997439437366,0.312147236790425,0.0199576283902411,0,"descenso"
620777831,"ed",40,0.100249034341246,-0.312147236790425,0.0199576283902411,0,"descenso"
620777831,"lpi",40,99.9846805613345,0.312147236790425,0.0199576283902411,0,"descenso"
620777831,"mesh",40,2438.29537391786,0.312147236790425,0.0199576283902411,0,"descenso"
620777831,"np",40,1.05,-0.312147236790425,0.0199576283902411,0,"descenso"
620777831,"pd",40,0.0430496976097022,-0.312147236790425,0.0199576283902411,0,"descenso"
620777833,"cohesion",40,97.9044276317701,0.573109008829128,3.45725122460475e-07,0.0092108202027693,"incremento"
620777833,"ed",40,23.7630343589986,0.627425223005921,2.44137716728549e-08,0.904471954419741,"incremento"
620777833,"lpi",40,72.882525083612,-0.510563382417003,6.51589310682745e-06,-0.117500253369819,"descenso"
620777833,"mesh",40,61.9163838108119,-0.515968163962803,4.61097382177959e-06,-0.194980847409764,"descenso"
620777833,"np",40,7.5,-0.163467851932736,0.208893398890442,0,"sin tendencia"
620777833,"pd",40,6.79709063352158,-0.156584995009253,0.228921692195431,0,"sin tendencia"
620779173,"cohesion",40,97.9327110771334,-0.314304105710791,0.00446847038939095,-0.0215740254396762,"descenso"
620779173,"ed",40,72.2121011638691,-0.609365102908676,3.33325668063194e-08,-0.216574544784655,"descenso"
620779173,"lpi",40,14.1457841151986,-0.308087545244695,0.0053531794661106,-0.0819364757940532,"descenso"
620779173,"mesh",40,85.4618912062256,-0.339961583727998,0.00209740214925376,-1.32525604630656,"descenso"
620779173,"np",40,74.95,0.270100604405383,0.0161403754026714,0.315037593984962,"incremento"
620779173,"pd",40,2.2848185541063,0.270100604405383,0.0161403754026714,0.00960378572352034,"incremento"
620779199,"cohesion",40,99.9999759381331,-0.10373173673321,0.416344417818897,0,"sin tendencia"
620779199,"ed",40,0.044806328873682,0.10373173673321,0.416344417818897,0,"sin tendencia"
620779199,"lpi",40,99.9929645691087,-0.10373173673321,0.416344417818897,0,"sin tendencia"
620779199,"mesh",40,1999.51681684419,-0.10373173673321,0.416344417818897,0,"sin tendencia"
620779199,"np",40,1,NA,NA,NA,"sin tendencia"
620779199,"pd",40,0.0500050464286899,-Inf,0,0,"descenso"
620779203,"cohesion",40,97.5281191893466,-0.0205391696829797,0.86124523786481,-0.000359720512169435,"sin tendencia"
620779203,"ed",40,55.7228176815076,-0.423620374711456,0.000126224523327877,-0.0835073262504757,"descenso"
620779203,"lpi",40,11.8980991610611,0.263666957887322,0.0174248634509779,0.0229309290913021,"incremento"
620779203,"mesh",40,39.4788895978716,0.128369810518623,0.248660494308002,0.0548180248101522,"sin tendencia"
620779203,"np",40,57.35,-0.097439753152938,0.402410077947342,0,"sin tendencia"
620779203,"pd",40,2.34911205915532,-0.097439753152938,0.402410077947342,0,"sin tendencia"
620780549,"cohesion",40,96.4899552640265,-0.534958416658775,1.25241808619505e-06,-0.0575676848919553,"descenso"
620780549,"ed",40,71.8309372501326,-0.591404868296631,8.32958283447221e-08,-0.381169010973643,"descenso"
620780549,"lpi",40,9.94384639271297,-0.48364346062436,1.18089049576528e-05,-0.153031329315249,"descenso"
620780549,"mesh",40,28.2173169961848,-0.534958416658775,1.25241808619505e-06,-0.697217563289185,"descenso"
620780549,"np",40,60.675,0.6195954637804,3.6633772206063e-08,0.422064777327935,"incremento"
620780549,"pd",40,3.40369537404612,0.623533570541716,3.00014668665574e-08,0.0236766366730762,"incremento"
620780563,"cohesion",40,79.9614065205601,0.341278418549613,0.00208860043292837,0.0681724417644626,"incremento"
620780563,"ed",40,35.338120256607,0.717543111973677,1.0343695788669e-10,0.231687397191216,"incremento"
620780563,"lpi",40,3.47466572836031,0.28398851865243,0.0125582893215452,0.0219157222936737,"incremento"
620780563,"mesh",40,0.207051164736751,0.384025720430856,0.000535703756615139,0.00232462944756803,"incremento"
620780563,"np",40,6.325,0.0798494686136854,0.530025586063717,0,"sin tendencia"
620780563,"pd",40,4.82457907721629,0.0563643307861309,0.660243595969116,0,"sin tendencia"
620780579,"cohesion",40,99.9416147727148,-0.628874334128381,1.36146392533917e-08,-0.0034866932198199,"descenso"
620780579,"ed",40,24.8330747259334,0.670111995382702,1.43708768537417e-09,0.934334015061779,"incremento"
620780579,"lpi",40,92.4281395842172,-0.729391133435787,4.46976182756904e-11,-0.433123098589597,"descenso"
620780579,"mesh",40,1491.96475990299,-0.729391133435787,4.46976182756904e-11,-13.7566644772867,"descenso"
620780579,"np",40,6.4,0.654077943385255,1.27551491042911e-08,0.389200561009818,"incremento"
620780579,"pd",40,0.367894573233189,0.64867234054736,1.67894296964217e-08,0.0223726209835663,"incremento"
620781943,"cohesion",40,99.9720622341289,-0.314194125848891,0.0184213756708372,0,"descenso"
620781943,"ed",40,3.20082574985734,0.314194125848891,0.0184213756708372,0,"descenso"
620781943,"lpi",40,99.5138888888889,-0.314194125848891,0.0184213756708372,0,"descenso"
620781943,"mesh",40,9.87178068121988,-0.314194125848891,0.0184213756708372,0,"descenso"
620781943,"np",40,1,NA,NA,NA,"sin tendencia"
620781943,"pd",40,10.0361980221137,-Inf,0,0,"descenso"
620781948,"cohesion",40,100,NA,NA,NA,"sin tendencia"
620781948,"ed",40,0,NA,NA,NA,"sin tendencia"
620781948,"lpi",40,100,NA,NA,NA,"sin tendencia"
620781948,"mesh",40,3391.15063137131,NA,NA,NA,"sin tendencia"
620781948,"np",40,1,NA,NA,NA,"sin tendencia"
620781948,"pd",40,0.0294885161027371,NA,NA,NA,"sin tendencia"
620781949,"cohesion",40,99.999818623719,0.267221239850885,0.0200024786646101,4.17899864113439e-06,"incremento"
620781949,"ed",40,0.268841789467015,-0.251107396241786,0.0288658745244646,-0.00328256153195295,"descenso"
620781949,"lpi",40,99.9534876764776,0.267221239850885,0.0200024786646101,0.00107169409563613,"incremento"
620781949,"mesh",40,1540.76123456127,0.267221239850885,0.0200024786646101,0.0330437959062955,"incremento"
620781949,"np",40,1,NA,NA,NA,"sin tendencia"
620781949,"pd",40,0.0648426289997277,-Inf,0,0,"descenso"
620781956,"cohesion",40,97.6711496706712,0.0474663343318337,0.6748758057143,0.000811970383875149,"sin tendencia"
620781956,"ed",40,72.9497873833736,-0.606799355106956,3.8052081347801e-08,-0.370136036163141,"descenso"
620781956,"lpi",40,18.311831859575,-0.0410783393659594,0.717926687156997,-0.00889854063933508,"sin tendencia"
620781956,"mesh",40,53.2641440327815,-0.127004516185177,0.253504363355301,-0.149713852089556,"sin tendencia"
620781956,"np",40,50.625,-0.282080856487939,0.0130062454075037,-0.163333333333333,"descenso"
620781956,"pd",40,3.62101839025385,-0.290026796107318,0.0106527285439868,-0.0116826272343992,"descenso"
620783324,"cohesion",40,100,NA,NA,NA,"sin tendencia"
620783324,"ed",40,0,NA,NA,NA,"sin tendencia"
620783324,"lpi",40,100,NA,NA,NA,"sin tendencia"
620783324,"mesh",40,2007.5478885756,NA,NA,NA,"sin tendencia"
620783324,"np",40,1,NA,NA,NA,"sin tendencia"
620783324,"pd",40,0.0498120122409394,NA,NA,NA,"sin tendencia"
620783328,"cohesion",40,99.9764469750734,-0.346878825171207,0.0017783362053257,-0.000392869753594109,"descenso"
620783328,"ed",40,11.7084272151381,0.337633351519746,0.0023413584430591,0.317448218809573,"incremento"
620783328,"lpi",40,96.4047121980316,-0.343232949771519,0.00200033866800396,-0.0796550352917796,"descenso"
620783328,"mesh",40,1152.25679748243,-0.343232949771519,0.00200033866800396,-1.92705704502355,"descenso"
620783328,"np",40,1.6,-0.188430217970496,0.141632399230121,0,"sin tendencia"
620783328,"pd",40,0.129306219670538,-0.160770736433542,0.210569839672191,0,"sin tendencia"
620783330,"cohesion",40,99.8798400352372,-0.498722995327442,7.09112343100098e-06,-0.0039356303694846,"descenso"
620783330,"ed",40,45.5317554441766,0.359183918914583,0.00123297466119096,0.725811374560972,"incremento"
620783330,"lpi",40,88.1813450760609,-0.441873741974055,6.95894260719909e-05,-0.317712993924551,"descenso"
620783330,"mesh",40,450.387101704411,-0.441873741974055,6.95894260719909e-05,-3.22365280130232,"descenso"
620783330,"np",40,4.8,0.435777710839665,0.000169110136767079,0.16,"incremento"
620783330,"pd",40,0.833108895862911,0.435777710839665,0.000169110136767079,0.0277702965287637,"incremento"
620783332,"cohesion",40,94.221600742854,-0.0372033431249508,0.744234373091842,-0.00117529495810028,"sin tendencia"
620783332,"ed",40,60.6610817766127,-0.238767847564639,0.0311044379941032,-0.131180924429522,"descenso"
620783332,"lpi",40,9.24439461883408,-0.274267390685365,0.0138577100836707,-0.0118675544684513,"descenso"
620783332,"mesh",40,6.35507400454959,-0.24246316726261,0.0284848666658018,-0.0156330722104803,"descenso"
620783332,"np",40,22.15,-0.102011079821068,0.383143706511439,0,"sin tendencia"
620783332,"pd",40,3.58872838692084,-0.102011079821068,0.383143706511439,0,"sin tendencia"
620783337,"cohesion",40,99.3829986727016,0.0985728116180288,0.47543908955621,0,"sin tendencia"
620783337,"ed",40,5.29116093336011,-0.0985728116180288,0.47543908955621,0,"sin tendencia"
620783337,"lpi",40,97.6785714285714,0.0985728116180288,0.47543908955621,0,"sin tendencia"
620783337,"mesh",40,2.5044924338728,0.0985728116180288,0.47543908955621,0,"sin tendencia"
620783337,"np",40,1.05,-0.0985728116180288,0.47543908955621,0,"sin tendencia"
620783337,"pd",40,40.6466019885079,-0.0985728116180288,0.47543908955621,0,"sin tendencia"
620784700,"cohesion",40,100,NA,NA,NA,"sin tendencia"
620784700,"ed",40,0,NA,NA,NA,"sin tendencia"
620784700,"lpi",40,100,NA,NA,NA,"sin tendencia"
620784700,"mesh",40,2370.49335697838,NA,NA,NA,"sin tendencia"
620784700,"np",40,1,NA,NA,NA,"sin tendencia"
620784700,"pd",40,0.0421853112161714,NA,NA,NA,"sin tendencia"
620784704,"cohesion",40,99.8595710555459,-0.642675645405156,6.03775606911681e-09,-0.00475813186555651,"descenso"
620784704,"ed",40,29.7353577752805,0.529564731813848,1.66704306416607e-06,0.969953305096908,"incremento"
620784704,"lpi",40,88.5579678201455,-0.61953932217057,2.07147403645379e-08,-0.547998978955559,"descenso"
620784704,"mesh",40,1003.7233985842,-0.61953932217057,2.07147403645379e-08,-12.571735089134,"descenso"
620784704,"np",40,6.075,0.545517036653814,2.72796646178195e-06,0.272727272727273,"incremento"
620784704,"pd",40,0.483781465161179,0.540020643337403,3.43503980103027e-06,0.0217185842945535,"incremento"
620784706,"cohesion",40,100,NA,NA,NA,"sin tendencia"
620784706,"ed",40,0,NA,NA,NA,"sin tendencia"
620784706,"lpi",40,100,NA,NA,NA,"sin tendencia"
620784706,"mesh",40,21.4040032238675,NA,NA,NA,"sin tendencia"
620784706,"np",40,1,NA,NA,NA,"sin tendencia"
620784706,"pd",40,4.672023217063,NA,NA,NA,"sin tendencia"
620784713,"cohesion",40,99.349283580271,0.0945028358813085,0.400867608021021,0.000764103884183062,"sin tendencia"
620784713,"ed",40,30.0322254795468,0.570900693474754,2.83983342005348e-07,1.23254772404353,"incremento"
620784713,"lpi",40,86.9765298599164,-0.606250168672725,5.0603717554616e-08,-0.415230325021717,"descenso"
620784713,"mesh",40,285.297033910497,-0.606250168672725,5.0603717554616e-08,-2.74914815499129,"descenso"
620784713,"np",40,13.3,0.494459952362822,4.69202250336509e-05,0.0625,"incremento"
620784713,"pd",40,3.54288396131714,0.491516738360663,5.20647433872958e-05,0.0166488907956633,"incremento"
620786046,"cohesion",40,99.9981597914257,0.345008909773493,0.00218274615360871,6.19398150651781e-05,"incremento"
620786046,"ed",40,3.13205253185026,-0.326205849748677,0.00373115789863771,-0.109884531322445,"descenso"
620786046,"lpi",40,99.4382327172598,0.345008909773493,0.00218274615360871,0.0189133185920705,"incremento"
620786046,"mesh",40,2186.62881146017,0.345008909773493,0.00218274615360871,0.832255894904969,"incremento"
620786046,"np",40,1,NA,NA,NA,"sin tendencia"
620786046,"pd",40,0.0452213019465575,Inf,0,0,"descenso"
620787438,"cohesion",40,100,NA,NA,NA,"sin tendencia"
620787438,"ed",40,0,NA,NA,NA,"sin tendencia"
620787438,"lpi",40,100,NA,NA,NA,"sin tendencia"
620787438,"mesh",40,24.8175727034708,NA,NA,NA,"sin tendencia"
620787438,"np",40,1,NA,NA,NA,"sin tendencia"
620787438,"pd",40,4.02940292327681,NA,NA,NA,"sin tendencia"
620787491,"cohesion",40,100,NA,NA,NA,"sin tendencia"
620787491,"ed",40,0,NA,NA,NA,"sin tendencia"
620787491,"lpi",40,100,NA,NA,NA,"sin tendencia"
620787491,"mesh",40,1853.47596882815,NA,NA,NA,"sin tendencia"
620787491,"np",40,1,NA,NA,NA,"sin tendencia"
620787491,"pd",40,0.053952682247736,NA,NA,NA,"sin tendencia"
620788814,"cohesion",40,99.9975997822767,0.337504048641465,0.0025891560403932,1.34861466036066e-05,"incremento"
620788814,"ed",40,1.94001535752129,-0.366264655093622,0.00103960008409212,-0.0361903736357879,"descenso"
620788814,"lpi",40,99.5873799650807,0.337504048641465,0.0025891560403932,0.00511512439982494,"incremento"
620788814,"mesh",40,3354.19931497367,0.337504048641465,0.0025891560403932,0.344983578605593,"incremento"
620788814,"np",40,1.1,-0.262575453814459,0.0498636902105405,0,"descenso"
620788814,"pd",40,0.0325267439171516,-0.0119352479006572,0.946083976625022,0,"sin tendencia"
620788821,"cohesion",40,99.9999736228328,-0.461737306131084,8.76023005695389e-05,-9.81903562948616e-07,"descenso"
620788821,"ed",40,0.094421506781627,0.424133877862975,0.000296859255064085,0.00242395306125511,"incremento"
620788821,"lpi",40,99.9854641667211,-0.461737306131084,8.76023005695389e-05,-0.000541210800646025,"descenso"
620788821,"mesh",40,7058.96239604551,-0.461737306131084,8.76023005695389e-05,-0.07641942032634,"descenso"
620788821,"np",40,1,NA,NA,NA,"sin tendencia"
620788821,"pd",40,0.0141622706786213,NA,NA,NA,"sin tendencia"
620788833,"cohesion",40,99.9999087088102,0.544696677232794,2.70944571202926e-06,6.45369924730706e-06,"incremento"
620788833,"ed",40,0.212422883007568,-0.529810925826333,5.11447350999848e-06,-0.0158155706287671,"descenso"
620788833,"lpi",40,99.9603833462937,0.544696677232794,2.70944571202926e-06,0.00280223898895239,"incremento"
620788833,"mesh",40,4386.28155461313,0.544696677232794,2.70944571202926e-06,0.245953222254229,"incremento"
620788833,"np",40,1,NA,NA,NA,"sin tendencia"
620788833,"pd",40,0.0227802985727135,NA,NA,NA,"sin tendencia"
620788871,"cohesion",40,99.9997575110166,-0.12915700147246,0.309922523725974,0,"sin tendencia"
620788871,"ed",40,0.481634103866934,0.13686786723201,0.281514632510023,0,"sin tendencia"
620788871,"lpi",40,99.9191474370266,-0.12915700147246,0.309922523725974,0,"sin tendencia"
620788871,"mesh",40,2614.53953802138,-0.12915700147246,0.309922523725974,0,"sin tendencia"
620788871,"np",40,1,NA,NA,NA,"sin tendencia"
620788871,"pd",40,0.038185992121241,-Inf,0,0,"descenso"
620790209,"cohesion",40,100,NA,NA,NA,"sin tendencia"
620790209,"ed",40,0,NA,NA,NA,"sin tendencia"
620790209,"lpi",40,100,NA,NA,NA,"sin tendencia"
620790209,"mesh",40,832.634177136454,NA,NA,NA,"sin tendencia"
620790209,"np",40,1,NA,NA,NA,"sin tendencia"
620790209,"pd",40,0.120100763031268,NA,NA,NA,"sin tendencia"
620790225,"cohesion",40,99.9999851400619,-0.603905592540725,2.29210551146174e-06,0,"descenso"
620790225,"ed",40,0.0303326050447243,0.603905592540725,2.29210551146174e-06,0,"descenso"
620790225,"lpi",40,99.9938772654118,-0.603905592540725,2.29210551146174e-06,0,"descenso"
620790225,"mesh",40,3954.92015027376,-0.603905592540725,2.29210551146174e-06,0,"descenso"
620790225,"np",40,1,NA,NA,NA,"sin tendencia"
620790225,"pd",40,0.025281864725778,NA,NA,NA,"sin tendencia"
620790247,"cohesion",40,99.9995980597015,-0.207673313471436,0.0970309598263866,0,"sin tendencia"
620790247,"ed",40,0.624630467015252,0.215373570869295,0.0858664881728451,0,"sin tendencia"
620790247,"lpi",40,99.888418866204,-0.207673313471436,0.0970309598263866,0,"sin tendencia"
620790247,"mesh",40,1817.04262068587,-0.207673313471436,0.0970309598263866,0,"sin tendencia"
620790247,"np",40,1,NA,NA,NA,"sin tendencia"
620790247,"pd",40,0.0549120718571499,NA,NA,NA,"sin tendencia"
620791525,"cohesion",40,97.8282481626111,-0.315789733875813,0.00430515968826441,-0.00490513613877185,"descenso"
620791525,"ed",40,5.34811604071239,0.423620374711456,0.000126224523327877,0.0403825346296438,"incremento"
620791525,"lpi",40,13.6991525423729,0.540247253735715,1.6234759941049e-06,0.0021112102289623,"incremento"
620791525,"mesh",40,38.8715237088526,0.585366335964921,1.14578191979908e-07,0.0184890559805717,"incremento"
620791525,"np",40,14.4,0.193876330670099,0.101175150991904,0.0333333333333333,"sin tendencia"
620791525,"pd",40,0.696177304370708,0.200850299399239,0.0893995354436463,0.00161152153789516,"sin tendencia"
620791553,"cohesion",40,99.9284280786015,-0.0602950733404375,0.591969629156442,-0.000140615618847345,"sin tendencia"
620791553,"ed",40,30.8573146978109,-0.0423348387283923,0.709253824535276,-0.0814718612740843,"sin tendencia"
620791553,"lpi",40,89.3198775055679,0.0731238123490412,0.514077238367603,0.0593448403860413,"sin tendencia"
620791553,"mesh",40,1326.02301368948,0.0731238123490412,0.514077238367603,1.85369987907721,"sin tendencia"
620791553,"np",40,5.475,0.0539888711335774,0.651799912861506,0,"sin tendencia"
620791553,"pd",40,0.330423379192916,0.0397029380128172,0.740297347307194,0,"sin tendencia"
620791557,"cohesion",40,99.2536862459743,0.263751627283526,0.0187973808650034,0.00727348050116738,"incremento"
620791557,"ed",40,69.6588952124717,-0.379157861267156,0.000728467978051473,-0.530819240328973,"descenso"
620791557,"lpi",40,74.7701149425287,0.201345898741869,0.0736518112763472,0.133587052627533,"sin tendencia"
620791557,"mesh",40,60.9156682042038,0.203689375525892,0.0700135848782204,0.234639971595567,"sin tendencia"
620791557,"np",40,1.7,-0.361053785802322,0.00441836363925531,0,"descenso"
620791557,"pd",40,1.62921835266143,-0.326589560793919,0.0100625528076218,0,"descenso"
620791565,"cohesion",40,99.9979977729602,0.391710337549791,0.000473947066894916,7.67021727028377e-05,"incremento"
620791565,"ed",40,4.02032073008097,-0.423047164553775,0.00015961984464491,-0.150203918211243,"descenso"
620791565,"lpi",40,99.2795399879735,0.391710337549791,0.000473947066894916,0.0273500196673282,"incremento"
620791565,"mesh",40,3024.54361583789,0.391710337549791,0.000473947066894916,1.65961855305505,"incremento"
620791565,"np",40,1,NA,NA,NA,"sin tendencia"
620791565,"pd",40,0.0325889773418005,Inf,0,0,"descenso"
620791571,"cohesion",40,99.9712329897366,0.259191984607482,0.0197089550705491,0.000351144388886427,"incremento"
620791571,"ed",40,27.2693843116162,-0.367035280326942,0.000930406602140385,-0.403253637771198,"descenso"
620791571,"lpi",40,94.2556594488189,0.261771009329944,0.0185146634233165,0.0612281419368036,"incremento"
620791571,"mesh",40,1166.57459509093,0.261771009329944,0.0185146634233165,1.53806223670908,"incremento"
620791571,"np",40,1.45,-0.363953988915373,0.00552462655702424,0,"descenso"
620791571,"pd",40,0.110494137389059,-0.568063320536833,1.41560861121685e-05,0,"descenso"
620791585,"cohesion",40,99.9791475482827,-0.762210012112215,3.57839303947296e-10,-0.000230180281667508,"descenso"
620791585,"ed",40,3.93755972202455,0.777495111965893,1.41218639942401e-10,0.1493169486171,"incremento"
620791585,"lpi",40,99.0810906515581,-0.784627953644927,1.07342820845556e-10,-0.0268184469255113,"descenso"
620791585,"mesh",40,255.869964841371,-0.784627953644927,1.07342820845556e-10,-0.139508803578972,"descenso"
620791585,"np",40,1.125,0.473665466715671,0.000373771130742372,0,"descenso"
620791585,"pd",40,0.431798179775785,0.507730691566776,0.000115508853947679,0,"descenso"
620791601,"cohesion",40,100,NA,NA,NA,"sin tendencia"
620791601,"ed",40,0,NA,NA,NA,"sin tendencia"
620791601,"lpi",40,100,NA,NA,NA,"sin tendencia"
620791601,"mesh",40,5177.18553841542,NA,NA,NA,"sin tendencia"
620791601,"np",40,1,NA,NA,NA,"sin tendencia"
620791601,"pd",40,0.019315514048702,NA,NA,NA,"sin tendencia"
620791607,"cohesion",40,99.9561066506507,-0.582798939754548,1.30149575780958e-07,-0.00191512027329851,"descenso"
620791607,"ed",40,13.5105159438091,0.795892825215463,5.47446418728647e-13,0.593839662251015,"incremento"
620791607,"lpi",40,95.8450374531835,-0.714655317690533,9.92556481655073e-11,-0.186773112556673,"descenso"
620791607,"mesh",40,905.817193343286,-0.711168750273171,1.16444195520726e-10,-3.52522113997227,"descenso"
620791607,"np",40,2.75,0.503681768861609,2.68888717118569e-05,0.0714285714285714,"incremento"
620791607,"pd",40,0.279096518023927,0.510918575885483,2.05503098455221e-05,0.00724926020841369,"incremento"
620792925,"cohesion",40,99.9993506704651,-0.104724641661889,0.38832870080245,0,"sin tendencia"
620792925,"ed",40,0.684800785002573,0.170643329311136,0.151558787875165,0,"sin tendencia"
620792925,"lpi",40,99.8887122416534,-0.104724641661889,0.38832870080245,0,"sin tendencia"
620792925,"mesh",40,694.820450900007,-0.104724641661889,0.38832870080245,0,"sin tendencia"
620792925,"np",40,1,NA,NA,NA,"sin tendencia"
620792925,"pd",40,0.143602197454727,NA,NA,0,"sin tendencia"
620792929,"cohesion",40,95.3767783183509,0.03463759532323,0.761929900908658,0.00333088160394516,"sin tendencia"
620792929,"ed",40,60.1824032415076,-0.319846451132027,0.00385186559013776,-0.301410609707564,"descenso"
620792929,"lpi",40,21.6283185840708,0.168292721432467,0.132273020971775,0.127449431099874,"sin tendencia"
620792929,"mesh",40,15.1332920104377,0.0679923167455997,0.544584531251695,0.0590642789268936,"sin tendencia"
620792929,"np",40,8.3,0.0880056517008772,0.460678907786713,0,"sin tendencia"
620792929,"pd",40,3.98072916229484,0.0921963970199665,0.439270322363131,0,"sin tendencia"
620792941,"cohesion",40,99.995690114663,0.386037525583327,0.000857048470948139,0.000163633232013183,"incremento"
620792941,"ed",40,4.17862123035156,-0.39587354250786,0.000633918768735219,-0.108995201469111,"descenso"
620792941,"lpi",40,99.1706222268084,0.386037525583327,0.000857048470948139,0.0309565576307911,"incremento"
620792941,"mesh",40,879.371762857515,0.386037525583327,0.000857048470948139,0.551363576691321,"incremento"
620792941,"np",40,1,NA,NA,NA,"sin tendencia"
620792941,"pd",40,0.111847011284904,Inf,0,0,"descenso"
620792945,"cohesion",40,99.0255226759495,-0.353846153846154,0.00135516234741214,-0.00123954787288179,"descenso"
620792945,"ed",40,39.2673808693956,-0.232200176055727,0.0359644987041533,-0.107888479558979,"descenso"
620792945,"lpi",40,39.2658156206766,-0.448010638709994,5.01106014308937e-05,-0.055242204657373,"descenso"
620792945,"mesh",40,117.879723020491,-0.448717948717949,4.77836634707228e-05,-0.339165839229413,"descenso"
620792945,"np",40,6.5,0.0917055416107707,0.457447962543288,0,"sin tendencia"
620792945,"pd",40,0.886103761982623,0.036978040972085,0.770019200603984,0,"sin tendencia"
620792977,"cohesion",40,100,NA,NA,NA,"sin tendencia"
620792977,"ed",40,0,NA,NA,NA,"sin tendencia"
620792977,"lpi",40,100,NA,NA,NA,"sin tendencia"
620792977,"mesh",40,1802.0879093636,NA,NA,NA,"sin tendencia"
620792977,"np",40,1,NA,NA,NA,"sin tendencia"
620792977,"pd",40,0.0554911885709917,NA,NA,NA,"sin tendencia"
620794301,"cohesion",40,99.9967494608276,-0.194019329908349,0.0855975318317913,-3.28357405088298e-05,"sin tendencia"
620794301,"ed",40,4.63759371311404,0.194938696717022,0.0835671895911725,0.0370427989028263,"sin tendencia"
620794301,"lpi",40,99.0654940822844,-0.194019329908349,0.0855975318317913,-0.00939319932368781,"sin tendencia"
620794301,"mesh",40,1927.85398748206,-0.194019329908349,0.0855975318317913,-0.365637451656115,"sin tendencia"
620794301,"np",40,1,NA,NA,NA,"sin tendencia"
620794301,"pd",40,0.0509068845758164,NA,NA,NA,"sin tendencia"
620794320,"cohesion",40,98.9223467031892,-0.532135434395469,1.48544256965791e-06,-0.00576303399940321,"descenso"
620794320,"ed",40,67.164988429365,0.0282777283978269,0.806659163816442,0.00498984094225714,"sin tendencia"
620794320,"lpi",40,33.7744284660767,-0.495179408715215,7.62268580044597e-06,-0.0876834878494172,"descenso"
620794320,"mesh",40,128.197367820857,-0.503857705997642,5.19408584383837e-06,-0.6200736168628,"descenso"
620794320,"np",40,10.65,0.217065740521483,0.074745078413254,0,"sin tendencia"
620794320,"pd",40,1.06412564205708,0.217065740521483,0.074745078413254,0,"sin tendencia"
620794321,"cohesion",40,94.0985802497257,-0.535897435897436,1.18289511703751e-06,-0.00990617695499351,"descenso"
620794321,"ed",40,30.6773826216834,0.545221407865658,7.79728720795797e-07,0.12392777954601,"incremento"
620794321,"lpi",40,4.55911904187766,-0.168402824631312,0.132369574896941,-0.00133965651207027,"sin tendencia"
620794321,"mesh",40,9.32792730735535,0.179487179487179,0.105341058564677,0.0083805605499176,"sin tendencia"
620794321,"np",40,48.65,0.464004930750554,4.84646839591846e-05,0.254032258064516,"incremento"
620794321,"pd",40,2.11929071810103,0.478047751807385,2.77351651246412e-05,0.0110661501873459,"incremento"
620795704,"cohesion",40,99.9983226691001,-0.631120645677831,1.65083083850073e-08,-5.8725646932124e-05,"descenso"
620795704,"ed",40,1.69331475160503,0.678019964840979,1.24266771521906e-09,0.0678551004887964,"incremento"
620795704,"lpi",40,99.5141677050164,-0.631120645677831,1.65083083850073e-08,-0.0171216209036568,"descenso"
620795704,"mesh",40,1979.84876342039,-0.631120645677831,1.65083083850073e-08,-0.683239699212173,"descenso"
620795704,"np",40,1,NA,NA,NA,"sin tendencia"
620795704,"pd",40,0.0500212001642876,Inf,0,0,"descenso"
620795749,"cohesion",40,96.8253397460236,NA,NA,NA,"sin tendencia"
620795749,"ed",40,0,NA,NA,NA,"sin tendencia"
620795749,"lpi",40,61.3048368953881,NA,NA,NA,"sin tendencia"
620795749,"mesh",40,34.5641941233028,NA,NA,NA,"sin tendencia"
620795749,"np",40,7,NA,NA,NA,"sin tendencia"
620795749,"pd",40,8.53471957786049,NA,NA,NA,"sin tendencia"
620797053,"cohesion",40,99.9993561111902,-0.115374063039686,0.313407843241065,-1.92629115369769e-06,"sin tendencia"
620797053,"ed",40,0.763605151960659,0.0672649975671911,0.558310545317256,2.54808519962858e-13,"sin tendencia"
620797053,"lpi",40,99.875463011043,0.0571023456822137,0.622424781316871,0,"sin tendencia"
620797053,"mesh",40,2658.44253981797,0.0596762395032861,0.606014627378919,0,"sin tendencia"
620797053,"np",40,1.1,0.381927932821031,0.00419914083831893,0,"descenso"
620797053,"pd",40,0.0412746330538689,0.324771594553407,0.0118940633949766,0,"descenso"
620797085,"cohesion",40,98.3556668196105,-0.567387978373191,3.36670475113672e-07,-0.0642553403826385,"descenso"
620797085,"ed",40,85.2870184976128,-0.354941338069074,0.00143714985204444,-0.40715021701656,"descenso"
620797085,"lpi",40,34.570328880369,-0.673611298525249,1.37002698483807e-09,-0.772008797528476,"descenso"
620797085,"mesh",40,237.923588788112,-0.637339920912351,9.92054976539998e-09,-8.8186183025725,"descenso"
620797085,"np",40,43.4,0.406994892231448,0.000311225100585593,0.4,"incremento"
620797085,"pd",40,2.81804752699461,0.405677756657883,0.000325557372365799,0.0259727882672314,"incremento"
620798409,"cohesion",40,97.9258735533926,0.385109431555869,0.000493735317699018,0.00496703038797846,"incremento"
620798409,"ed",40,40.4793948281985,-0.44929433681518,4.76706495884714e-05,-0.10280550789326,"descenso"
620798409,"lpi",40,18.5146383467279,0.154341633885262,0.165458877669287,0.0191350937619589,"sin tendencia"
620798409,"mesh",40,38.2046770476442,0.223363470302404,0.0438101565171171,0.144017027607936,"incremento"
620798409,"np",40,7,-0.141307313307217,0.231036185495506,0,"sin tendencia"
620798409,"pd",40,0.725924770830269,-0.146848776574167,0.213084933423592,-5.04646829375071e-18,"sin tendencia"
620798418,"cohesion",40,99.9963628390068,-0.173044267215555,0.125716824218465,-3.84941126003152e-05,"sin tendencia"
620798418,"ed",40,2.35098735706952,0.0603437636866185,0.598820857918758,0.00580490705460631,"sin tendencia"
620798418,"lpi",40,99.4708922742111,-0.173044267215555,0.125716824218465,-0.00560425403770844,"sin tendencia"
620798418,"mesh",40,503.356179593954,-0.173044267215555,0.125716824218465,-0.0567789602869132,"sin tendencia"
620798418,"np",40,1,NA,NA,NA,"sin tendencia"
620798418,"pd",40,0.196574063545209,NA,NA,NA,"sin tendencia"
620798429,"cohesion",40,99.999793962718,0.413319329511478,0.000357281351666391,8.30515772341932e-06,"incremento"
620798429,"ed",40,0.54247085529877,-0.407567308687916,0.000428162106993756,-0.0234192482154717,"descenso"
620798429,"lpi",40,99.9253641507163,0.413319329511478,0.000357281351666391,0.00300951005176249,"incremento"
620798429,"mesh",40,3060.99662903156,0.413319329511478,0.000357281351666391,0.184339571061787,"incremento"
620798429,"np",40,1,NA,NA,NA,"sin tendencia"
620798429,"pd",40,0.0326203619353642,-Inf,0,0,"descenso"
620799785,"cohesion",40,95.0445681064804,0.134875009513505,0.225529837396371,0.00583645277862933,"sin tendencia"
620799785,"ed",40,27.3131421972032,0.10932532400206,0.327570489941857,0.0296908640443252,"sin tendencia"
620799785,"lpi",40,7.53787700559921,-0.282037636461756,0.0110493832602918,-0.014995325468118,"descenso"
620799785,"mesh",40,12.380145066053,-0.247913112724824,0.0252566648056189,-0.0498469510986302,"descenso"
620799785,"np",40,27.925,0.0517229453906809,0.662243100499348,0,"sin tendencia"
620799785,"pd",40,1.42418339124282,0.0421950343976607,0.723206217578862,0,"sin tendencia"
620802533,"cohesion",40,99.9682824578616,-0.534018411757472,1.32587314556447e-06,-0.00118973012991989,"descenso"
620802533,"ed",40,13.5447182006719,0.618742486699763,2.08364981842075e-08,0.359274835168334,"incremento"
620802533,"lpi",40,94.4717325574762,-0.562259770071569,3.53944790908705e-07,-0.185386370081547,"descenso"
620802533,"mesh",40,4333.67717958621,-0.562259770071569,3.53944790908705e-07,-17.1950136942613,"descenso"
620802533,"np",40,10,0.535119221738981,2.12404623580891e-06,0.352941176470588,"incremento"
620802533,"pd",40,0.206117364816567,0.528529083540225,2.83099829732884e-06,0.00727473052293765,"incremento"
620802581,"cohesion",40,94.8509919716351,-0.275065176233407,0.0130521060370636,-0.0104956688198084,"descenso"
620802581,"ed",40,11.9548969251466,0.673524076384603,1.0933755245379e-09,0.0856921663270175,"incremento"
620802581,"lpi",40,4.95137299771167,-0.377338025037874,0.000664374409897302,-0.0123895747964452,"descenso"
620802581,"mesh",40,8.64767845813767,-0.367610469171749,0.000895520776430799,-0.0412190471876863,"descenso"
620802581,"np",40,30.8,0.621695960268636,5.77415754074913e-08,0.283482142857143,"incremento"
620802581,"pd",40,0.888308474798209,0.605548013248672,1.26099733876221e-07,0.00817596071279078,"incremento"
620802590,"cohesion",40,94.7920956598734,-0.240630823903198,0.0309368656958879,-0.00887766105556596,"descenso"
620802590,"ed",40,28.9361719659705,0.197819611694981,0.0795989817473778,0.0289303858876448,"sin tendencia"
620802590,"lpi",40,10.115992970123,-0.23997831447338,0.040687119720655,-0.00242409550936305,"descenso"
620802590,"mesh",40,2.69643776228405,-0.288686745226463,0.00960772521856628,-0.00137818459060744,"descenso"
620802590,"np",40,3.55,0.3604103503003,0.00503323975123107,0,"descenso"
620802590,"pd",40,1.35250556122264,0.45472333916393,0.000396598685640487,6.08455561543817e-18,"incremento"
620802601,"cohesion",40,99.9998581827514,0.394948205313857,0.000513011526619972,2.2711762544349e-06,"incremento"
620802601,"ed",40,0.424676593738035,-0.370868639733221,0.00103366444730125,-0.0066562099280556,"descenso"
620802601,"lpi",40,99.9304734213812,0.394948205313857,0.000513011526619972,0.00111585142631846,"incremento"
620802601,"mesh",40,5608.53971425609,0.394948205313857,0.000513011526619972,0.12531421691463,"incremento"
620802601,"np",40,1,NA,NA,NA,"sin tendencia"
620802601,"pd",40,0.0178052005118752,Inf,0,0,"descenso"
620803909,"cohesion",40,99.9540383448747,-0.511569813742504,3.71132156974577e-06,-0.00226742610888114,"descenso"
620803909,"ed",40,16.7221356892106,0.598203317016783,6.01123460926327e-08,0.657967413455827,"incremento"
620803909,"lpi",40,93.1462140992167,-0.775566710273441,2.27296399807364e-12,-0.382593559617058,"descenso"
620803909,"mesh",40,922.256860056193,-0.773781477067808,2.47885817487685e-12,-7.47895276988206,"descenso"
620803909,"np",40,2.2,0.397779538348047,0.00110793180201503,0.0333333333333333,"incremento"
620803909,"pd",40,0.207537045261464,0.405284812656501,0.000889425062904089,0.00314450068577976,"incremento"
620803957,"cohesion",40,94.7244869275777,-0.0848331851934806,0.448736629678779,-0.00253494244228971,"sin tendencia"
620803957,"ed",40,25.6699124545853,-0.131275109759835,0.239102119613682,-0.0107499405356698,"sin tendencia"
620803957,"lpi",40,8.48865762394762,0.743729472831155,2.40470568465032e-11,0.0238661757897025,"incremento"
620803957,"mesh",40,8.82025701633836,0.735220938343498,2.84172692205067e-11,0.0521390867021546,"incremento"
620803957,"np",40,17.4,0.0872916045653766,0.483599140127185,0,"sin tendencia"
620803957,"pd",40,1.47022320881554,0.0872916045653766,0.483599140127185,0,"sin tendencia"
620803958,"cohesion",40,99.9415856709335,-0.245660433934042,0.0267910716245928,-0.00067926998451956,"descenso"
620803958,"ed",40,39.6782030562464,-0.171061977556165,0.123919465745572,-0.0528251484301422,"sin tendencia"
620803958,"lpi",40,87.868404091818,-0.217364467721744,0.0502151032541799,-0.0545572836256815,"sin tendencia"
620803958,"mesh",40,4312.46039585863,-0.217364467721744,0.0502151032541799,-5.44362515792653,"sin tendencia"
620803958,"np",40,21.55,0.221104964732729,0.0496851082560433,0.25,"incremento"
620803958,"pd",40,0.386016547019013,0.217180024530373,0.0539027271393042,0.00447815019743634,"sin tendencia"
620803959,"cohesion",40,100,NA,NA,NA,"sin tendencia"
620803959,"ed",40,0,NA,NA,NA,"sin tendencia"
620803959,"lpi",40,100,NA,NA,NA,"sin tendencia"
620803959,"mesh",40,830.235452613411,NA,NA,NA,"sin tendencia"
620803959,"np",40,1,NA,NA,NA,"sin tendencia"
620803959,"pd",40,0.120447759349737,NA,NA,NA,"sin tendencia"
620803966,"cohesion",40,99.9956725428034,-0.0511610170386548,0.6567963385972,-2.94847064001971e-06,"sin tendencia"
620803966,"ed",40,4.92798025533606,0.0209330144125661,0.86081116238629,0,"sin tendencia"
620803966,"lpi",40,99.207492795389,-0.0511610170386548,0.6567963385972,-0.000536447222326318,"sin tendencia"
620803966,"mesh",40,787.710578610757,-0.0511610170386548,0.6567963385972,-0.00851404349800816,"sin tendencia"
620803966,"np",40,1,NA,NA,NA,"sin tendencia"
620803966,"pd",40,0.124946326961185,Inf,0,0,"descenso"
620805285,"cohesion",40,99.9451036663278,-0.599872661360067,5.62001669744528e-08,-0.00291280299868922,"descenso"
620805285,"ed",40,16.9958623845856,0.585968605434241,1.20297197352134e-07,0.712673304471946,"incremento"
620805285,"lpi",40,93.9704215775159,-0.647817050568397,4.57153951475664e-09,-0.301261710486554,"descenso"
620805285,"mesh",40,720.392789915848,-0.646115521764698,4.91541539895468e-09,-4.6200328692471,"descenso"
620805285,"np",40,2.775,0.500035860288363,3.54588497678173e-05,0.0769230769230769,"incremento"
620805285,"pd",40,0.340871322206564,0.526983900663185,1.3079947320125e-05,0.00944896250052845,"incremento"
620805333,"cohesion",40,100,NA,NA,NA,"sin tendencia"
620805333,"ed",40,0,NA,NA,NA,"sin tendencia"
620805333,"lpi",40,100,NA,NA,NA,"sin tendencia"
620805333,"mesh",40,2930.50326897658,NA,NA,NA,"sin tendencia"
620805333,"np",40,1,NA,NA,NA,"sin tendencia"
620805333,"pd",40,0.0341238315816392,NA,NA,NA,"sin tendencia"
620805335,"cohesion",40,100,NA,NA,NA,"sin tendencia"
620805335,"ed",40,0,NA,NA,NA,"sin tendencia"
620805335,"lpi",40,100,NA,NA,NA,"sin tendencia"
620805335,"mesh",40,755.136924062759,NA,NA,NA,"sin tendencia"
620805335,"np",40,1,NA,NA,NA,"sin tendencia"
620805335,"pd",40,0.132426314769491,NA,NA,NA,"sin tendencia"
620805348,"cohesion",40,99.9998544175807,0.131870675596141,0.268098263636424,0,"sin tendencia"
620805348,"ed",40,0.268502713068343,-0.160796106648344,0.176658373426774,0,"sin tendencia"
620805348,"lpi",40,99.9557088710021,0.131870675596141,0.268098263636424,0,"sin tendencia"
620805348,"mesh",40,2164.40701113839,0.131870675596141,0.268098263636424,0,"sin tendencia"
620805348,"np",40,1,NA,NA,NA,"sin tendencia"
620805348,"pd",40,0.0461611254370888,-Inf,0,0,"descenso"
620805352,"cohesion",40,99.999908606448,0.6705572096295,2.78029459850111e-08,2.66350934856925e-06,"incremento"
620805352,"ed",40,0.221896246020287,-0.634930497520036,1.41497520403837e-07,-0.00645097457606072,"descenso"
620805352,"lpi",40,99.9546917753098,0.6705572096295,2.78029459850111e-08,0.00132211262100209,"incremento"
620805352,"mesh",40,5726.84016708817,0.6705572096295,2.78029459850111e-08,0.151539702269117,"incremento"
620805352,"np",40,1,NA,NA,NA,"sin tendencia"
620805352,"pd",40,0.0174458294923335,-Inf,0,0,"descenso"
620805356,"cohesion",40,100,NA,NA,NA,"sin tendencia"
620805356,"ed",40,0,NA,NA,NA,"sin tendencia"
620805356,"lpi",40,100,NA,NA,NA,"sin tendencia"
620805356,"mesh",40,154.348695657544,NA,NA,NA,"sin tendencia"
620805356,"np",40,1,NA,NA,NA,"sin tendencia"
620805356,"pd",40,0.647883673872255,NA,NA,NA,"sin tendencia"
620805358,"cohesion",40,99.9945295934515,0,1,0,"sin tendencia"
620805358,"ed",40,5.44338854626072,0.0427764135311996,0.708838483264927,0.00431247395972654,"sin tendencia"
620805358,"lpi",40,98.9196577629382,0.00907378468843628,0.944181248539262,0,"sin tendencia"
620805358,"mesh",40,1081.54312540391,0.00777243805990672,0.953475930152308,0,"sin tendencia"
620805358,"np",40,1.075,-0.00339853079285911,1,0,"sin tendencia"
620805358,"pd",40,0.0972623197301672,0.105354454578632,0.441155020398565,0,"sin tendencia"
620805386,"cohesion",40,99.9981913284116,0.601992665016109,3.20615263234313e-07,5.58401783807646e-05,"incremento"
620805386,"ed",40,1.09948442816791,-0.520035514034856,9.76911313387281e-06,-0.0339621820666697,"descenso"
620805386,"lpi",40,99.7512640678519,0.599159758357209,3.64156916132143e-07,0.00853299453167233,"incremento"
620805386,"mesh",40,562.839330091205,0.599159758357209,3.64156916132143e-07,0.0963778449315416,"incremento"
620805386,"np",40,1.025,-0.0401345534423039,0.794949512946621,0,"sin tendencia"
620805386,"pd",40,0.181211404504798,-0.0401345534423039,0.794949512946621,0,"sin tendencia"
620806661,"cohesion",40,99.1807561490062,-0.545221407865658,7.79728720795797e-07,-0.0226390368164045,"descenso"
620806661,"ed",40,50.1761224296846,0.437460000193387,7.4442749847355e-05,0.368041821143849,"incremento"
620806661,"lpi",40,52.2376085130216,-0.550352903469099,6.13300031983005e-07,-0.978430411649398,"descenso"
620806661,"mesh",40,501.881594869497,-0.581141877089748,1.3895457028526e-07,-16.9139173914824,"descenso"
620806661,"np",40,23.6,0.591631248318803,1.44234671318416e-07,0.492857142857143,"incremento"
620806661,"pd",40,1.43266656500172,0.587695785469676,1.74431879187045e-07,0.0299194894022757,"incremento"
620806721,"cohesion",40,99.9999787858077,-0.128481827552497,0.293078919896949,0,"sin tendencia"
620806721,"ed",40,0.0694684709444245,0.152412250199981,0.206326188470446,0,"sin tendencia"
620806721,"lpi",40,99.9908653846154,-0.128481827552497,0.293078919896949,0,"sin tendencia"
620806721,"mesh",40,4316.9153803589,-0.128481827552497,0.293078919896949,0,"sin tendencia"
620806721,"np",40,1,NA,NA,NA,"sin tendencia"
620806721,"pd",40,0.0231604569741086,NA,NA,NA,"sin tendencia"
620806730,"cohesion",40,100,NA,NA,NA,"sin tendencia"
620806730,"ed",40,0,NA,NA,NA,"sin tendencia"
620806730,"lpi",40,100,NA,NA,NA,"sin tendencia"
620806730,"mesh",40,3592.08993749332,NA,NA,NA,"sin tendencia"
620806730,"np",40,1,NA,NA,NA,"sin tendencia"
620806730,"pd",40,0.0278389466132865,NA,NA,NA,"sin tendencia"
620806734,"cohesion",40,99.9953676433627,-0.121768196271872,0.277847337516184,-1.96715390210972e-05,"sin tendencia"
620806734,"ed",40,6.26098663943632,0.164409043245564,0.141527285073232,0.053141052586749,"sin tendencia"
620806734,"lpi",40,98.929375,-0.152857948511499,0.172186704831416,-0.00673076923077349,"sin tendencia"
620806734,"mesh",40,1444.8671184381,-0.152857948511499,0.172186704831416,-0.197408639149757,"sin tendencia"
620806734,"np",40,1.125,-0.138039650299996,0.30659291452008,0,"sin tendencia"
620806734,"pd",40,0.0762123787284746,-0.138039650299996,0.30659291452008,0,"sin tendencia"
620808110,"cohesion",40,99.9999798343066,-0.131870675596141,0.340627677055246,0,"sin tendencia"
620808110,"ed",40,0.0310846407196697,0.131870675596141,0.340627677055246,0,"sin tendencia"
620808110,"lpi",40,99.9949644363316,-0.131870675596141,0.340627677055246,0,"sin tendencia"
620808110,"mesh",40,1465.5654625087,-0.131870675596141,0.340627677055246,0,"sin tendencia"
620808110,"np",40,1,NA,NA,NA,"sin tendencia"
620808110,"pd",40,0.0682261840725044,NA,NA,NA,"sin tendencia"
620809515,"cohesion",40,99.9720612954882,-0.591876275374182,1.22223386281804e-07,-0.000690037983348085,"descenso"
620809515,"ed",40,10.3578040576121,0.73919707144374,4.05166279034792e-11,0.310292526160654,"incremento"
620809515,"lpi",40,96.6918145005785,-0.732166904515887,6.03376235199145e-11,-0.116901272657154,"descenso"
620809515,"mesh",40,1789.79363892393,-0.73298585096008,5.59579695912986e-11,-4.33321054516107,"descenso"
620809515,"np",40,4.45,0.556860236020506,4.43573716507907e-06,0.0833333333333333,"incremento"
620809515,"pd",40,0.232520091083101,0.556860236020506,4.43573716507907e-06,0.00435430882178092,"incremento"
620810832,"cohesion",40,97.7751602803088,-0.357921818340044,0.00119862349936051,-0.00965072806394595,"descenso"
620810832,"ed",40,70.8685096053377,-0.560615894675982,3.77045870325283e-07,-0.19369596065842,"descenso"
620810832,"lpi",40,21.8566145570684,-0.475830061294332,1.7788641769742e-05,-0.0821790887896263,"descenso"
620810832,"mesh",40,54.5641858612711,-0.511866686443288,3.5277395549782e-06,-0.44124354379398,"descenso"
620810832,"np",40,29.95,0.344852890166907,0.00279960971284963,0.131884057971014,"incremento"
620810832,"pd",40,2.72844899330384,0.351614711542729,0.002305524751677,0.0120146552655706,"incremento"
620810833,"cohesion",40,86.4886371878298,-0.591404868296631,8.32958283447221e-08,-0.172938111605783,"descenso"
620810833,"ed",40,48.3401495647816,-0.745349736399876,1.3985282283634e-11,-0.496100387047082,"descenso"
620810833,"lpi",40,1.14311939560828,-0.490985904309249,9.42331834171846e-06,-0.0276707209459411,"descenso"
620810833,"mesh",40,0.993817919798346,-0.627325337520722,1.29980295064052e-08,-0.0315166892577711,"descenso"
620810833,"np",40,124.325,0.175653717991632,0.124285067232142,0.0833333333333333,"sin tendencia"
620810833,"pd",40,4.75736194530549,0.175653717991632,0.124285067232142,0.00318879411844327,"sin tendencia"
620810865,"cohesion",40,99.999990559488,0.148690428533295,0.257278563738306,0,"sin tendencia"
620810865,"ed",40,0.0254158845463911,-0.141539231945407,0.28033122759718,0,"sin tendencia"
620810865,"lpi",40,99.9960281942269,0.148690428533295,0.257278563738306,0,"sin tendencia"
620810865,"mesh",40,4122.71090332564,0.148690428533295,0.257278563738306,0,"sin tendencia"
620810865,"np",40,1,NA,NA,NA,"sin tendencia"
620810865,"pd",40,0.0242539580753699,NA,NA,NA,"sin tendencia"
620812201,"cohesion",40,88.7991724069376,NA,NA,NA,"sin tendencia"
620812201,"ed",40,0,NA,NA,NA,"sin tendencia"
620812201,"lpi",40,26.5536723163842,NA,NA,NA,"sin tendencia"
620812201,"mesh",40,3.19777809699086,NA,NA,NA,"sin tendencia"
620812201,"np",40,7,NA,NA,NA,"sin tendencia"
620812201,"pd",40,42.8664729080112,NA,NA,NA,"sin tendencia"
620812208,"cohesion",40,49.7781386496032,-0.171502397874363,0.1403272604183,-0.153645483303925,"sin tendencia"
620812208,"ed",40,30.2408673573527,-0.19212532366325,0.106360427033371,0,"sin tendencia"
620812208,"lpi",40,5.28089887640449,-0.156531985368611,0.181429668827192,-0.0408715296355746,"sin tendencia"
620812208,"mesh",40,0.030424617134992,-0.138835274469722,0.233474879781409,-0.000212778636826807,"sin tendencia"
620812208,"np",40,1.15,0.270745576918284,0.0427179748074012,0,"descenso"
620812208,"pd",40,14.0055707229947,0.270745576918284,0.0427179748074012,0,"descenso"
620812209,"cohesion",40,90.386853152616,-0.445729793344632,5.52855824717358e-05,-0.0601305875520744,"descenso"
620812209,"ed",40,45.5530880277225,-0.445729793344632,5.52855824717358e-05,-0.114081560050728,"descenso"
620812209,"lpi",40,5.47251267427123,-0.792034139488249,1.43219331692106e-12,-0.0515934560736442,"descenso"
620812209,"mesh",40,1.93056235518665,-0.771998863977303,2.70908721132889e-12,-0.0333919290144102,"descenso"
620812209,"np",40,24.625,0.0127881683657756,0.923435647131525,0,"sin tendencia"
620812209,"pd",40,4.2286547274733,0.0127881683657756,0.923435647131525,0,"sin tendencia"
620812211,"cohesion",40,99.9997321832276,0.643307700232269,8.64214034328491e-09,1.40112162868827e-05,"incremento"
620812211,"ed",40,0.743502676531673,-0.675903927932311,1.56354451122865e-09,-0.0371638784805115,"descenso"
620812211,"lpi",40,99.8737760370304,0.643307700232269,8.64214034328491e-09,0.00659996632892365,"incremento"
620812211,"mesh",40,5169.09810324292,0.643307700232269,8.64214034328491e-09,0.683055684364574,"incremento"
620812211,"np",40,1,NA,NA,NA,"sin tendencia"
620812211,"pd",40,0.0192969447460972,-Inf,0,0,"descenso"
620812222,"cohesion",40,99.9324543539429,-0.735358403742751,3.02289465839462e-11,-0.00390084548533583,"descenso"
620812222,"ed",40,33.1862018698699,0.708772302808627,1.54308082650906e-10,1.51332455568673,"incremento"
620812222,"lpi",40,88.7065190651906,-0.704450169609956,1.94473550574267e-10,-0.620176713350145,"descenso"
620812222,"mesh",40,2985.95736940118,-0.704450169609956,1.94473550574267e-10,-41.8532298622828,"descenso"
620812222,"np",40,19.825,0.747487084885268,2.20890590450478e-11,1,"incremento"
620812222,"pd",40,0.528622474419377,0.757905023350568,1.16145456351632e-11,0.0266644375495272,"incremento"
620812237,"cohesion",40,97.1083934611732,-0.275776859638266,0.0130109658758278,-0.00848740735543519,"descenso"
620812237,"ed",40,45.0817083188546,0.739700548749367,2.3750940050137e-11,0.410206350825112,"incremento"
620812237,"lpi",40,21.0868763257401,-0.683928479701036,7.3530826078042e-10,-0.185226426104293,"descenso"
620812237,"mesh",40,53.7257529139468,-0.641761103270357,6.84185448644747e-09,-0.799424420101468,"descenso"
620812237,"np",40,14.025,0.286667048022933,0.01348679720035,0.0952380952380952,"incremento"
620812237,"pd",40,1.40199475644154,0.297587697471425,0.0103110491408924,0.00952037861941462,"incremento"
620812242,"cohesion",40,99.9587837549852,-0.287957362750048,0.00989621939676708,-0.00121129985509666,"descenso"
620812242,"ed",40,24.203004759685,0.498088411243325,7.81311888754964e-06,0.833375467362894,"incremento"
620812242,"lpi",40,92.7049126922075,-0.390685115745511,0.000462241793032196,-0.2459865174302,"descenso"
620812242,"mesh",40,1219.41265218653,-0.389131571283848,0.000483340041081355,-6.5231785178297,"descenso"
620812242,"np",40,3.5,0.277310800492426,0.019121681811932,0.0540540540540541,"incremento"
620812242,"pd",40,0.247177668253779,0.305464181253078,0.00981592487227101,0.00381741572592709,"incremento"
620813584,"cohesion",40,90.1648820418307,-0.623877279120508,1.59036114607297e-08,-0.0460811972156501,"descenso"
620813584,"ed",40,46.3368867269777,-0.693196976800564,3.36921309678893e-10,-0.128910185160136,"descenso"
620813584,"lpi",40,1.55576030576031,-0.471350570525126,2.09376697119978e-05,-0.0106166772833439,"descenso"
620813584,"mesh",40,1.58410579550241,-0.659820826065722,2.26181920398621e-09,-0.0217187724624196,"descenso"
620813584,"np",40,62.275,-0.267543367917212,0.0262517992901865,-0.0298573975044563,"descenso"
620813584,"pd",40,3.07127386647239,-0.253081564246011,0.0355812969885925,-0.00147250493257831,"descenso"
620813585,"cohesion",40,99.582383650894,-0.119769407264581,0.283451005342079,-0.00197745991120566,"sin tendencia"
620813585,"ed",40,85.6021086727922,-0.467487041258526,2.43821091753728e-05,-0.509400481406701,"descenso"
620813585,"lpi",40,61.3688704028021,-0.264007833217625,0.0173892714807592,-0.214611389576665,"descenso"
620813585,"mesh",40,412.828338993789,-0.261432147039892,0.0185199812484976,-2.83770487972286,"descenso"
620813585,"np",40,16.95,-0.573518407915109,5.26280024824608e-07,-0.4,"descenso"
620813585,"pd",40,1.60877969345721,-0.573518407915109,5.26280024824608e-07,-0.0379653025004652,"descenso"
620813623,"cohesion",40,94.8306792535683,NA,NA,NA,"sin tendencia"
620813623,"ed",40,0,NA,NA,NA,"sin tendencia"
620813623,"lpi",40,82.9268292682927,NA,NA,NA,"sin tendencia"
620813623,"mesh",40,2.71150377250361,NA,NA,NA,"sin tendencia"
620813623,"np",40,2,NA,NA,NA,"sin tendencia"
620813623,"pd",40,52.8736286043064,NA,NA,NA,"sin tendencia"
620813626,"cohesion",40,99.9999644323261,0.582462097797524,2.76117752011109e-06,5.39732294168383e-07,"incremento"
620813626,"ed",40,0.139409490122416,-0.582462097797524,2.76117752011109e-06,-0.00242832113122279,"descenso"
620813626,"lpi",40,99.9781448325138,0.582462097797524,2.76117752011109e-06,0.000331911380981243,"incremento"
620813626,"mesh",40,8776.6030241196,0.582462097797524,2.76117752011109e-06,0.0582837952067744,"incremento"
620813626,"np",40,1,NA,NA,NA,"sin tendencia"
620813626,"pd",40,0.0113889524901051,Inf,0,0,"descenso"
620813639,"cohesion",40,99.9992797471445,-0.0321149632379223,0.786731747814124,0,"sin tendencia"
620813639,"ed",40,0.883450167108586,-0.00532651974596713,0.971897007091258,0,"sin tendencia"
620813639,"lpi",40,99.8453346855984,-0.0321149632379223,0.786731747814124,0,"sin tendencia"
620813639,"mesh",40,1088.23594451601,-0.0321149632379223,0.786731747814124,0,"sin tendencia"
620813639,"np",40,1,NA,NA,NA,"sin tendencia"
620813639,"pd",40,0.0916082983738313,Inf,0,0,"descenso"
620814956,"cohesion",40,99.8507332963337,0.018041476798765,0.879523552474718,9.61143553245355e-06,"sin tendencia"
620814956,"ed",40,50.1649517866864,0.152162458625288,0.172488342309122,0.0247409477274776,"sin tendencia"
620814956,"lpi",40,70.316813206082,-0.0386603074259251,0.73526907660502,-0.00751484181257977,"sin tendencia"
620814956,"mesh",40,1821.46673184756,-0.0386603074259251,0.73526907660502,-0.38678796083413,"sin tendencia"
620814956,"np",40,25.375,0.539640733462663,2.35276011332344e-06,0.2,"incremento"
620814956,"pd",40,0.688965724277031,0.536587510766951,2.64421393258108e-06,0.00543027171843966,"incremento"
620814960,"cohesion",40,61.856326869596,0.112922275979599,0.31548241355493,0.0586210157453729,"sin tendencia"
620814960,"ed",40,49.0913771972578,-0.59835826697236,7.9138955326634e-08,-1.78198863898313,"descenso"
620814960,"lpi",40,3.26086956521739,-0.449939220834662,0.00027971129360353,-0.0202829207405867,"descenso"
620814960,"mesh",40,0.0464939759274397,-0.550695793474099,7.91075711355573e-07,-0.00178012094445649,"descenso"
620814960,"np",40,3.925,-0.702443288405956,2.27939797460333e-09,-0.142857142857143,"descenso"
620814960,"pd",40,16.8155902824785,-0.723349338656133,7.5192637139899e-10,-0.612032403365916,"descenso"
620814970,"cohesion",40,99.9969135470261,0.73267800423315,5.29845480461696e-11,0.000156238128124652,"incremento"
620814970,"ed",40,5.35369588861999,-0.769116697161264,5.60888936110402e-12,-0.243813465813811,"descenso"
620814970,"lpi",40,98.9282259770879,0.73007524045257,6.19541737544129e-11,0.0534141840001012,"incremento"
620814970,"mesh",40,2987.27895466487,0.73007524045257,6.19541737544129e-11,3.22577950680826,"incremento"
620814970,"np",40,1.075,-0.15293388567866,0.258606212675379,0,"sin tendencia"
620814970,"pd",40,0.0352205842981875,-0.499584026550289,0.000177879728423484,0,"descenso"
620814975,"cohesion",40,99.9879853931996,0.0250255758977266,0.833160378020035,0,"sin tendencia"
620814975,"ed",40,8.51626245328224,-0.183132327546811,0.102236768136839,-0.055498614879523,"sin tendencia"
620814975,"lpi",40,98.5453610896942,0.0250255758977266,0.833160378020035,0,"sin tendencia"
620814975,"mesh",40,348.629629020195,0.0250255758977266,0.833160378020035,0,"sin tendencia"
620814975,"np",40,1,NA,NA,NA,"sin tendencia"
620814975,"pd",40,0.278568333690127,-0.012675420040308,0.934583965371795,0,"sin tendencia"
620814977,"cohesion",40,100,NA,NA,NA,"sin tendencia"
620814977,"ed",40,0,NA,NA,NA,"sin tendencia"
620814977,"lpi",40,100,NA,NA,NA,"sin tendencia"
620814977,"mesh",40,2456.10936987157,NA,NA,NA,"sin tendencia"
620814977,"np",40,1,NA,NA,NA,"sin tendencia"
620814977,"pd",40,0.0407147992783518,NA,NA,NA,"sin tendencia"
620814984,"cohesion",40,99.9999528804527,0.486661099152415,0.000197791101211335,0,"descenso"
620814984,"ed",40,0.082859343476438,-0.486661099152415,0.000197791101211335,0,"descenso"
620814984,"lpi",40,99.9891871737509,0.486661099152415,0.000197791101211335,0,"descenso"
620814984,"mesh",40,1236.92083810091,0.486661099152415,0.000197791101211335,0,"descenso"
620814984,"np",40,1,NA,NA,NA,"sin tendencia"
620814984,"pd",40,0.0808284404465535,NA,NA,NA,"sin tendencia"
620814988,"cohesion",40,99.9947185820932,-0.344299800448744,0.00192548301720663,-0.000153318683590993,"descenso"
620814988,"ed",40,4.83374637348323,0.362352973505982,0.00109569218659799,0.106955756015903,"incremento"
620814988,"lpi",40,99.0825353027106,-0.349457849893669,0.00164318247963443,-0.0243466969647795,"descenso"
620814988,"mesh",40,2232.18348193078,-0.349457849893669,0.00164318247963443,-1.10294795201197,"descenso"
620814988,"np",40,2.025,0.207056188869905,0.0957732259079099,0,"sin tendencia"
620814988,"pd",40,0.0890649451159013,0.257669923926992,0.0379023286857379,0,"descenso"
620816331,"cohesion",40,99.8999677332923,-0.673541935477161,1.15886233261709e-09,-0.00410735440775161,"descenso"
620816331,"ed",40,49.6936498518756,0.683844680188092,6.44664970863765e-10,1.03075897578314,"incremento"
620816331,"lpi",40,84.689450449079,-0.683844680188092,6.44664970863765e-10,-0.561375188173407,"descenso"
620816331,"mesh",40,1323.47781330635,-0.683844680188092,6.44664970863765e-10,-17.3041349149022,"descenso"
620816331,"np",40,9.25,0.599099439596219,1.20778055901256e-07,0.5,"incremento"
620816331,"pd",40,0.508761446381593,0.600421954915416,1.132780267101e-07,0.0275006187233294,"incremento"
620816332,"cohesion",40,98.993194077391,0.23309959908483,0.035855391581901,0.0119158731554136,"incremento"
620816332,"ed",40,102.336311691879,-0.434284120084559,8.9440549442267e-05,-0.729467067788138,"descenso"
620816332,"lpi",40,56.5412237862683,0.132647838153246,0.234366475900176,0.187933296235508,"sin tendencia"
620816332,"mesh",40,105.888219206227,0.130072151975513,0.243667558456515,0.597382941280083,"sin tendencia"
620816332,"np",40,10.925,-0.522152112164872,5.98705794792651e-06,-0.241901776384535,"descenso"
620816332,"pd",40,3.4018127107133,-0.522152112164872,5.98705794792651e-06,-0.0753230698076922,"descenso"
620816336,"cohesion",35,56.5430516151046,-0.0213690309649837,0.874151996626068,0,"sin tendencia"
620816336,"ed",35,8.56527587417393,-0.34546600060057,0.0054596264319755,-0.160598922644443,"descenso"
620816336,"lpi",35,0.910569105691057,-0.122159797750079,0.355271519274347,0,"sin tendencia"
620816336,"mesh",35,0.00734211572779876,-0.282965156194619,0.023609239631955,-0.000190017783965214,"descenso"
620816336,"np",35,1.68571428571429,-0.324316623855459,0.0169012225435078,0,"descenso"
620816336,"pd",35,2.97099436919436,-0.324316623855459,0.0169012225435078,0,"descenso"
620816346,"cohesion",40,99.9388210409226,0.780368091976062,3.32362312626377e-10,0.00131220180027169,"incremento"
620816346,"ed",40,4.00456535916594,-0.780368091976062,3.32362312626377e-10,-0.206671557698019,"descenso"
620816346,"lpi",40,98.8160518444666,0.780368091976062,3.32362312626377e-10,0.0766929979292887,"incremento"
620816346,"mesh",40,90.3902293643996,0.780368091976062,3.32362312626377e-10,0.141228801769989,"incremento"
620816346,"np",40,1.275,-0.639511031159244,1.46350679250273e-06,0,"descenso"
620816346,"pd",40,1.37785091490036,-0.639511031159244,1.46350679250273e-06,0,"descenso"
620816353,"cohesion",40,100,NA,NA,NA,"sin tendencia"
620816353,"ed",40,0,NA,NA,NA,"sin tendencia"
620816353,"lpi",40,100,NA,NA,NA,"sin tendencia"
620816353,"mesh",40,2175.73537937349,NA,NA,NA,"sin tendencia"
620816353,"np",40,1,NA,NA,NA,"sin tendencia"
620816353,"pd",40,0.0459614716697741,NA,NA,NA,"sin tendencia"
620816360,"cohesion",40,99.9999710073934,0.0797366150930626,0.558317672314544,0,"sin tendencia"
620816360,"ed",40,0.0507089397632267,-0.0797366150930626,0.558317672314544,0,"sin tendencia"
620816360,"lpi",40,99.9934539853677,0.0797366150930626,0.558317672314544,0,"sin tendencia"
620816360,"mesh",40,1197.82158651253,0.0797366150930626,0.558317672314544,0,"sin tendencia"
620816360,"np",40,1,NA,NA,NA,"sin tendencia"
620816360,"pd",40,0.0834739612158862,NA,NA,NA,"sin tendencia"
620816364,"cohesion",40,99.9999703447484,-0.29039876096793,0.0274681180836156,0,"descenso"
620816364,"ed",40,0.0686177139242906,0.296265402603646,0.0244618903463682,0,"descenso"
620816364,"lpi",40,99.9904316192353,-0.29039876096793,0.0274681180836156,0,"descenso"
620816364,"mesh",40,2434.14743280542,-0.29039876096793,0.0274681180836156,0,"descenso"
620816364,"np",40,1,NA,NA,NA,"sin tendencia"
620816364,"pd",40,0.0410742880123835,NA,NA,NA,"sin tendencia"
620817663,"cohesion",40,94.2631316914745,-0.248717948717949,0.0245347936263211,-0.0480151839513011,"descenso"
620817663,"ed",40,57.0238165712594,-0.228205128205128,0.0391855471705841,-0.133582014587967,"descenso"
620817663,"lpi",40,7.16333962773132,-0.4,0.00029067496642774,-0.103290844257854,"descenso"
620817663,"mesh",40,13.2149646748197,-0.374358974358974,0.000697777126072083,-0.207342974936707,"descenso"
620817663,"np",40,63.05,-0.139432174535277,0.215879176024538,-0.142857142857143,"sin tendencia"
620817663,"pd",40,3.68710476449005,-0.138129070100368,0.220241911574581,-0.0083541514999208,"sin tendencia"
620817707,"cohesion",40,99.9212167124017,-0.354156849438278,0.00140082950483264,-0.00173554135109885,"descenso"
620817707,"ed",40,37.9745716408578,0.737934089920484,2.57958524053094e-11,1.16215238901829,"incremento"
620817707,"lpi",40,89.2530758498224,-0.707025855787689,1.67017553944505e-10,-0.347187755057022,"descenso"
620817707,"mesh",40,1162.1876767406,-0.707025855787689,1.67017553944505e-10,-9.05711941793492,"descenso"
620817707,"np",40,6.7,0.374593924608229,0.00131913894733749,0.180194805194805,"incremento"
620817707,"pd",40,0.460565251699739,0.393945640270646,0.000729301391218237,0.012386785941721,"incremento"
620817712,"cohesion",40,89.2868435052152,0.042443949318447,0.709178440023606,0.00178893400927243,"sin tendencia"
620817712,"ed",40,21.6201075659309,-0.469687194424183,2.31417453227942e-05,-0.135988348372039,"descenso"
620817712,"lpi",40,3.90458488228005,-0.544876311509144,1.49233566184643e-06,-0.0247831474597272,"descenso"
620817712,"mesh",40,0.60521206996309,-0.518330653798004,2.79541698710798e-06,-0.00647027165108246,"descenso"
620817712,"np",40,8.35,-0.45239328178463,0.000184532050829724,-0.0851449275362319,"descenso"
620817712,"pd",40,2.24303429395149,-0.458230614452819,0.000152043976723174,-0.0228722146610519,"descenso"
620817722,"cohesion",40,99.9953812240242,0.664202272379836,3.28372934776168e-09,0.000192244619318771,"incremento"
620817722,"ed",40,6.11274086194608,-0.667685701362696,2.65827902143068e-09,-0.235682090722246,"descenso"
620817722,"lpi",40,98.8846001583531,0.664202272379836,3.28372934776168e-09,0.0461863288466608,"incremento"
620817722,"mesh",40,1367.3108812013,0.664202272379836,3.28372934776168e-09,1.27758060040358,"incremento"
620817722,"np",40,1,NA,NA,NA,"sin tendencia"
620817722,"pd",40,0.0715168505138745,NA,NA,NA,"sin tendencia"
620817729,"cohesion",40,99.9999881923355,-0.312147236790425,0.0199576283902411,0,"descenso"
620817729,"ed",40,0.0111129064512452,0.312147236790425,0.0199576283902411,0,"descenso"
620817729,"lpi",40,99.9966245539589,-0.312147236790425,0.0199576283902411,0,"descenso"
620817729,"mesh",40,1913.13044554961,-0.312147236790425,0.0199576283902411,0,"descenso"
620817729,"np",40,1,NA,NA,NA,"sin tendencia"
620817729,"pd",40,0.0522668235295992,NA,NA,NA,"sin tendencia"
620817740,"cohesion",40,99.9999869597445,-0.248907034763407,0.0627697059714139,0,"sin tendencia"
620817740,"ed",40,0.0214817111790225,0.248907034763407,0.0627697059714139,0,"sin tendencia"
620817740,"lpi",40,99.9965293203021,-0.248907034763407,0.0627697059714139,0,"sin tendencia"
620817740,"mesh",40,1661.2782365461,-0.248907034763407,0.0627697059714139,0,"sin tendencia"
620817740,"np",40,1,NA,NA,NA,"sin tendencia"
620817740,"pd",40,0.0601904368274257,NA,NA,NA,"sin tendencia"
620817743,"cohesion",40,94.1871614327319,-0.299680005793883,0.00685189890220679,-0.0168074182844246,"descenso"
620817743,"ed",40,30.079680890348,-0.137621290214358,0.216670886197729,-0.0304693843157448,"sin tendencia"
620817743,"lpi",40,8.15431458927183,-0.324510488478185,0.00355009345540571,-0.0324963010641234,"descenso"
620817743,"mesh",40,3.38941404616177,-0.320258890311918,0.00384705829684949,-0.0222250831703368,"descenso"
620817743,"np",40,4.875,0.116979202010909,0.353141658455274,0,"sin tendencia"
620817743,"pd",40,1.36928174617554,0.123218092784824,0.327726934306357,0,"sin tendencia"
620819088,"cohesion",40,99.4012124770071,-0.53187919570185,1.5601032915717e-06,-0.0121229093061265,"descenso"
620819088,"ed",40,65.8744046182055,-0.356732535616011,0.00129179003553598,-0.214660602345733,"descenso"
620819088,"lpi",40,47.0396587502882,-0.329901290034561,0.00294743929578093,-0.1989147918794,"descenso"
620819088,"mesh",40,1364.69544986263,-0.323248615305482,0.0035606298943531,-10.7940543188106,"descenso"
620819088,"np",40,110.125,0.166998162036833,0.13540475853577,0.605603448275862,"sin tendencia"
620819088,"pd",40,1.83484007644527,0.166998162036833,0.13540475853577,0.0100902199984563,"sin tendencia"
620819093,"cohesion",40,100,NA,NA,NA,"sin tendencia"
620819093,"ed",40,0,NA,NA,NA,"sin tendencia"
620819093,"lpi",40,100,NA,NA,NA,"sin tendencia"
620819093,"mesh",40,447.823412277613,NA,NA,NA,"sin tendencia"
620819093,"np",40,1,NA,NA,NA,"sin tendencia"
620819093,"pd",40,0.223302304565551,NA,NA,NA,"sin tendencia"
620819098,"cohesion",40,100,NA,NA,NA,"sin tendencia"
620819098,"ed",40,0,NA,NA,NA,"sin tendencia"
620819098,"lpi",40,100,NA,NA,NA,"sin tendencia"
620819098,"mesh",40,1277.78208900839,NA,NA,NA,"sin tendencia"
620819098,"np",40,1,NA,NA,NA,"sin tendencia"
620819098,"pd",40,0.0782606055134204,NA,NA,NA,"sin tendencia"
620819119,"cohesion",40,100,NA,NA,NA,"sin tendencia"
620819119,"ed",40,0,NA,NA,NA,"sin tendencia"
620819119,"lpi",40,100,NA,NA,NA,"sin tendencia"
620819119,"mesh",40,1056.269107342,NA,NA,NA,"sin tendencia"
620819119,"np",40,1,NA,NA,NA,"sin tendencia"
620819119,"pd",40,0.0946728436010408,NA,NA,NA,"sin tendencia"
620820448,"cohesion",40,99.260627226614,0.443304858483941,6.35566186584679e-05,0.00186236778743952,"incremento"
620820448,"ed",40,38.2961537147233,0.914960609080227,1.37867524615116e-16,0.150006967268085,"incremento"
620820448,"lpi",40,39.4949121008467,0.348236477425643,0.00176893410013068,0.0113908189998858,"incremento"
620820448,"mesh",40,513.401550854482,-0.0876300301654302,0.43469364508772,-0.0825240201996693,"sin tendencia"
620820448,"np",40,21.825,-0.271921462132727,0.028244201280631,0,"descenso"
620820448,"pd",40,0.898216287273579,-0.26016014784395,0.0345365329071751,0,"descenso"
620820464,"cohesion",40,100,NA,NA,NA,"sin tendencia"
620820464,"ed",40,0,NA,NA,NA,"sin tendencia"
620820464,"lpi",40,100,NA,NA,NA,"sin tendencia"
620820464,"mesh",40,1220.12044239351,NA,NA,NA,"sin tendencia"
620820464,"np",40,1,NA,NA,NA,"sin tendencia"
620820464,"pd",40,0.0819591218419637,NA,NA,NA,"sin tendencia"
620820469,"cohesion",40,99.9999774670758,0.190963966410515,0.155569932587743,0,"sin tendencia"
620820469,"ed",40,0.0378453820492294,-0.190963966410515,0.155569932587743,0,"sin tendencia"
620820469,"lpi",40,99.99507348715,0.190963966410515,0.155569932587743,0,"sin tendencia"
620820469,"mesh",40,1123.507227497,0.190963966410515,0.155569932587743,0,"sin tendencia"
620820469,"np",40,1,NA,NA,NA,"sin tendencia"
620820469,"pd",40,0.0889982253377356,NA,NA,NA,"sin tendencia"
620820495,"cohesion",40,100,NA,NA,NA,"sin tendencia"
620820495,"ed",40,0,NA,NA,NA,"sin tendencia"
620820495,"lpi",40,100,NA,NA,NA,"sin tendencia"
620820495,"mesh",40,610.383126419613,NA,NA,NA,"sin tendencia"
620820495,"np",40,1,NA,NA,NA,"sin tendencia"
620820495,"pd",40,0.163831527562992,NA,NA,NA,"sin tendencia"
620821826,"cohesion",40,99.9470567756725,0.312952386286528,0.00521680900502531,0.00176637257024382,"incremento"
620821826,"ed",40,18.4882959945554,-0.740653980878116,3.42904441083015e-11,-0.264257033529773,"descenso"
620821826,"lpi",40,92.8339101508686,0.450167674008972,5.80001050477222e-05,0.188122642005239,"incremento"
620821826,"mesh",40,2369.58153021333,0.44856508701069,6.10175471269189e-05,9.62486977942762,"incremento"
620821826,"np",40,6.45,-0.3489539499134,0.00262378312108429,-0.181818181818182,"descenso"
620821826,"pd",40,0.234911983542369,-0.329329974815686,0.00437166370679786,-0.00662190228449242,"descenso"
620821845,"cohesion",40,100,NA,NA,NA,"sin tendencia"
620821845,"ed",40,0,NA,NA,NA,"sin tendencia"
620821845,"lpi",40,100,NA,NA,NA,"sin tendencia"
620821845,"mesh",40,392.375972881969,NA,NA,NA,"sin tendencia"
620821845,"np",40,1,NA,NA,NA,"sin tendencia"
620821845,"pd",40,0.254857603194988,NA,NA,NA,"sin tendencia"
620823223,"cohesion",40,99.9999943255233,-0.0720630280543159,0.573378712651041,0,"sin tendencia"
620823223,"ed",40,0.024643594979936,0.0869664162947834,0.498436287519385,0,"sin tendencia"
620823223,"lpi",40,99.9965535439262,-0.0720630280543159,0.573378712651041,0,"sin tendencia"
620823223,"mesh",40,8565.53154731388,-0.0720630280543159,0.573378712651041,0,"sin tendencia"
620823223,"np",40,1,NA,NA,NA,"sin tendencia"
620823223,"pd",40,0.0116738940253529,NA,NA,NA,"sin tendencia"
620824563,"cohesion",40,98.1613026032964,0.0898588673630361,0.421379339551626,0.000451685531973093,"sin tendencia"
620824563,"ed",40,51.4154733710536,0.312340363666906,0.00479763542199612,0.0489213314167698,"incremento"
620824563,"lpi",40,16.7455003599712,0.156132281662984,0.16175275579635,0.00622212666425598,"sin tendencia"
620824563,"mesh",40,38.1240438724193,0.141206791570485,0.204036476657223,0.0252497877538902,"sin tendencia"
620824563,"np",40,15.175,0.279158098130842,0.019471614465488,0.0377492877492877,"incremento"
620824563,"pd",40,1.18418466076305,0.309067894359146,0.00965387481569271,0.00294577446507,"incremento"
620824593,"cohesion",40,100,NA,NA,NA,"sin tendencia"
620824593,"ed",40,0,NA,NA,NA,"sin tendencia"
620824593,"lpi",40,100,NA,NA,NA,"sin tendencia"
620824593,"mesh",40,158.223558313903,NA,NA,NA,"sin tendencia"
620824593,"np",40,1,NA,NA,NA,"sin tendencia"
620824593,"pd",40,0.63201713490483,NA,NA,NA,"sin tendencia"
620825931,"cohesion",40,83.84491346799,-0.0952388051198804,0.394840403335489,-0.0230874648273143,"sin tendencia"
620825931,"ed",40,4.36889124246956,-0.0169515875905203,0.888537292565147,0,"sin tendencia"
620825931,"lpi",40,0.694042644380157,0.0209891351953456,0.860848797284551,0,"sin tendencia"
620825931,"mesh",40,0.0508811361769205,0.0592025004799257,0.599923727144564,6.15965302244405e-05,"sin tendencia"
620825931,"np",40,4.425,0.0519915394367169,0.677313077403023,0,"sin tendencia"
620825931,"pd",40,0.513907536123081,0.0222820883300215,0.863949620519617,0,"sin tendencia"
620825960,"cohesion",40,99.996996168008,0.609357402209246,5.12882799530545e-08,0.000107566452068854,"incremento"
620825960,"ed",40,6.82059830830698,-0.548394472569708,9.69323281163136e-07,-0.259497770278131,"descenso"
620825960,"lpi",40,98.6091340050242,0.554554381025545,7.20060877769329e-07,0.0520717228801835,"incremento"
620825960,"mesh",40,6643.72406793256,0.554554381025545,7.20060877769329e-07,7.01693928720884,"incremento"
620825960,"np",40,1.65,-0.726777220477588,1.25910704378461e-08,-0.037037037037037,"descenso"
620825960,"pd",40,0.0241545404978345,-0.719721130958388,1.73912394233411e-08,-0.000542189461230854,"descenso"
620825972,"cohesion",40,88.2803558521457,0.350675024735114,0.00152582282280276,0.0194249416693857,"incremento"
620825972,"ed",40,26.5115223051626,0.792551246379361,7.04808426197354e-13,0.193728187823612,"incremento"
620825972,"lpi",40,1.11567903157614,0.620554945972388,3.21171402596216e-08,0.00129506497098695,"incremento"
620825972,"mesh",40,0.812391383655168,0.694927429969585,3.11709308939046e-10,0.00607333709124249,"incremento"
620825972,"np",40,93.725,0.497180139939748,9.98008616379799e-06,0.333333333333333,"incremento"
620825972,"pd",40,2.26060676114826,0.495868318990039,1.05336988153072e-05,0.00803985689036457,"incremento"
620825979,"cohesion",40,99.9952766027329,0.428721359085104,0.000126992853630748,0.000108269830792247,"incremento"
620825979,"ed",40,6.32487233416627,-0.372441300134471,0.000869718319572006,-0.155629932127772,"descenso"
620825979,"lpi",40,98.8364950512242,0.428721359085104,0.000126992853630748,0.0323040390760477,"incremento"
620825979,"mesh",40,2076.2599635871,0.428721359085104,0.000126992853630748,1.35976893712834,"incremento"
620825979,"np",40,1.3,-0.262575453814459,0.0498636902105405,0,"descenso"
620825979,"pd",40,0.0611687012634471,-0.0835467353046005,0.542771701517007,0,"sin tendencia"
620825994,"cohesion",40,99.9996461524964,-0.0633506531292075,0.575602287403576,-6.90279407667197e-07,"sin tendencia"
620825994,"ed",40,0.924595454138204,-0.0399231357548604,0.726542160167957,-0.000262525289487728,"sin tendencia"
620825994,"lpi",40,99.8287956508396,-0.0478362074649118,0.674584131256946,-0.000241132886142168,"sin tendencia"
620825994,"mesh",40,8388.55930821597,-0.0478362074649118,0.674584131256946,-0.0405675280161207,"sin tendencia"
620825994,"np",40,1.1,0.42966892442366,0.00126648030770279,0,"descenso"
620825994,"pd",40,0.0130683099324388,0.340154565168731,0.0108585974874728,0,"descenso"
620825995,"cohesion",40,98.9073479476248,-0.413933467955232,0.000190504141828319,-0.00617102753071475,"descenso"
620825995,"ed",40,35.3568803475047,0.542884704078357,9.71555157306171e-07,0.347279841846082,"incremento"
620825995,"lpi",40,47.6449447077409,-0.554850257149447,5.65632365642533e-07,-0.326210470884954,"descenso"
620825995,"mesh",40,268.872476367998,-0.55577982769067,5.33330746921724e-07,-3.66763917435004,"descenso"
620825995,"np",40,11.925,0.318557666620752,0.00688860656814978,0.0625,"incremento"
620825995,"pd",40,1.02098099781452,0.318557666620752,0.00688860656814978,0.00535105344766519,"incremento"
620825997,"cohesion",40,93.7579391620105,-0.53678536505621,1.30269935626554e-06,-0.0812124910763776,"descenso"
620825997,"ed",40,36.8391657185892,0.70157146752021,2.59613063394012e-10,1.88489193557565,"incremento"
620825997,"lpi",40,38.7150127226463,-0.574074388480075,2.65396394171566e-07,-0.555479825517993,"descenso"
620825997,"mesh",40,8.86944699023011,-0.761306166786451,6.49410565783649e-12,-0.248898771798328,"descenso"
620825997,"np",40,6.575,0.251857604662162,0.0372271204363272,0,"descenso"
620825997,"pd",40,18.1341074185826,0.288678891893472,0.0168654949093723,3.5527136788005e-16,"incremento"
620826014,"cohesion",40,98.2698977423267,0.0285631023498992,0.85238051604061,0,"sin tendencia"
620826014,"ed",40,0.191284407359178,0.0285631023498992,0.85238051604061,0,"sin tendencia"
620826014,"lpi",40,63.7632802124834,-0.0204022159642137,0.901272031106228,0,"sin tendencia"
620826014,"mesh",40,69.8895224229801,-0.0204022159642137,0.901272031106228,0,"sin tendencia"
620826014,"np",40,5,NA,NA,NA,"sin tendencia"
620826014,"pd",40,3.59863674090609,NA,NA,NA,"sin tendencia"
620827307,"cohesion",40,78.4469027214805,0.606685809262467,4.03923435193143e-08,0.199694955804392,"incremento"
620827307,"ed",40,17.9451938297463,0.146814112130777,0.187773983358714,0.0284899720604425,"sin tendencia"
620827307,"lpi",40,0.587383441650184,0.517720183143547,4.65974629957234e-06,0.0106571113990899,"incremento"
620827307,"mesh",40,0.0711547000270707,0.524423326650607,2.10307101288628e-06,0.00165298348513437,"incremento"
620827307,"np",40,14.4,-0.372384777818777,0.00147476087008831,-0.0909090909090909,"descenso"
620827307,"pd",40,2.20518439728613,-0.376797327291985,0.00125864442163822,-0.0139216186697357,"descenso"
620827327,"cohesion",40,99.9998699093235,0.358057437019716,0.00567512849420046,0,"descenso"
620827327,"ed",40,0.122857945315673,-0.358057437019716,0.00567512849420046,0,"descenso"
620827327,"lpi",40,99.9736867285427,0.358057437019716,0.00567512849420046,0,"descenso"
620827327,"mesh",40,963.68788756926,0.358057437019716,0.00567512849420046,0,"descenso"
620827327,"np",40,1,NA,NA,NA,"sin tendencia"
620827327,"pd",40,0.103713461521286,NA,NA,NA,"sin tendencia"
620827346,"cohesion",40,92.1792393328467,-0.138639395360113,0.212459851683104,-0.0136720210257231,"sin tendencia"
620827346,"ed",40,44.4568322881397,0.641761103270357,6.86329335613711e-09,0.207758387514797,"incremento"
620827346,"lpi",40,10,-0.462834078926114,3.71395928865471e-05,-0.0420698359276399,"descenso"
620827346,"mesh",40,2.72925842639751,-0.256739621037246,0.0204020494657531,-0.0171257503493457,"descenso"
620827346,"np",40,7.075,0.616165185879055,4.01095325500193e-07,0.1,"incremento"
620827346,"pd",40,3.22619222073921,0.628457758165919,2.34337235485963e-07,0.0455998900457839,"incremento"
620827348,"cohesion",40,89.6096898586302,0.152858344115306,0.16909979191889,0.0323089007063373,"sin tendencia"
620827348,"ed",40,30.3309707540945,-0.458575032345919,3.34495536868476e-05,-0.0745185640230507,"descenso"
620827348,"lpi",40,2.10650533523917,0.0916148099014204,0.414343157977155,0.00238757427202728,"sin tendencia"
620827348,"mesh",40,1.62201500815571,0.0757869101075888,0.499105633198797,0.00168267813486564,"sin tendencia"
620827348,"np",40,75.15,-0.479804559097674,1.99037705211374e-05,-0.375,"descenso"
620827348,"pd",40,2.70770170478436,-0.488981149025772,1.37522049001443e-05,-0.0135114855528162,"descenso"
620827355,"cohesion",40,99.9894288510161,0.147291247324685,0.187463966916041,9.08899687360396e-05,"sin tendencia"
620827355,"ed",40,13.7342421572063,-0.175715874001379,0.115315686628565,-0.140358942194944,"sin tendencia"
620827355,"lpi",40,96.8520763476915,0.144707190354077,0.195393022642732,0.0346208989489878,"sin tendencia"
620827355,"mesh",40,3357.02205744212,0.144707190354077,0.195393022642732,2.4234654533171,"sin tendencia"
620827355,"np",40,2.1,-0.0320367180491325,0.811612551317936,0,"sin tendencia"
620827355,"pd",40,0.0587105935350296,-0.0320367180491325,0.811612551317936,0,"sin tendencia"
620827371,"cohesion",40,99.9982146553587,-0.821619600677922,5.39925988377289e-13,-9.01891887713428e-05,"descenso"
620827371,"ed",40,2.15593978483245,0.821040791447451,5.419317323055e-13,0.0987860149201181,"incremento"
620827371,"lpi",40,99.5271390669909,-0.821619600677922,5.39925988377289e-13,-0.0239977153806487,"descenso"
620827371,"mesh",40,1653.4422845579,-0.821619600677922,5.39925988377289e-13,-0.799251147642121,"descenso"
620827371,"np",40,1,NA,NA,NA,"sin tendencia"
620827371,"pd",40,0.0599109764736342,Inf,0,0,"descenso"
620827372,"cohesion",40,99.9999214693619,-0.431198160225108,0.00102090165020392,0,"descenso"
620827372,"ed",40,0.0243956338408529,0.435595672319629,0.000939521946472553,0,"descenso"
620827372,"lpi",40,99.994508693466,-0.431198160225108,0.00102090165020392,0,"descenso"
620827372,"mesh",40,3485.79426815424,-0.431198160225108,0.00102090165020392,0,"descenso"
620827372,"np",40,1.05,0.312147236790425,0.0199576283902411,0,"descenso"
620827372,"pd",40,0.0301189524354046,0.312147236790425,0.0199576283902411,0,"descenso"
620827374,"cohesion",40,99.4827514692765,0.00900326197664027,0.944249420175442,2.4102930248201e-05,"sin tendencia"
620827374,"ed",40,17.3410689283263,0.358844298783234,0.00119493079074656,0.199731265840625,"incremento"
620827374,"lpi",40,64.5185471406491,-0.503236279740196,5.72893590488491e-06,-0.0677731164593606,"descenso"
620827374,"mesh",40,506.77983627229,-0.487462327020952,1.05498077929298e-05,-1.06937935833586,"descenso"
620827374,"np",40,5.45,0.304313937271526,0.010649373075283,0.0526315789473684,"incremento"
620827374,"pd",40,0.456515158872963,0.304313937271526,0.010649373075283,0.00440864470181519,"incremento"
620827378,"cohesion",40,100,NA,NA,NA,"sin tendencia"
620827378,"ed",40,0,NA,NA,NA,"sin tendencia"
620827378,"lpi",40,100,NA,NA,NA,"sin tendencia"
620827378,"mesh",40,2333.77442041436,NA,NA,NA,"sin tendencia"
620827378,"np",40,1,NA,NA,NA,"sin tendencia"
620827378,"pd",40,0.0428490427889106,NA,NA,NA,"sin tendencia"
620828683,"cohesion",40,82.6210407262641,0.449041603460483,5.21360199608983e-05,0.102327780094859,"incremento"
620828683,"ed",40,12.8112748579166,-0.299828112083764,0.0072762105910638,-0.0677963859424298,"descenso"
620828683,"lpi",40,1.23535821302098,0.283250883689212,0.0141981022892681,0.00511259287544206,"incremento"
620828683,"mesh",40,0.0743164537891178,0.211617307377929,0.0573681831932171,0.000811022342738344,"sin tendencia"
620828683,"np",40,3.775,-0.512817837323209,2.62942510383422e-05,-0.0625,"descenso"
620828683,"pd",40,1.1146167076044,-0.50888478889304,2.52229796405112e-05,-0.0184539190000729,"descenso"
620828706,"cohesion",40,99.6534058839895,0.293778123297025,0.00789292446106995,0.0139359285898865,"incremento"
620828706,"ed",40,43.563866271067,0.0782553079524827,0.484483585668049,0.0569837682635324,"sin tendencia"
620828706,"lpi",40,63.1093505802547,0.34509307933144,0.00179206870543211,0.441425863731588,"incremento"
620828706,"mesh",40,1285.74456058175,0.314304105710791,0.00446847038939095,15.3415586832954,"incremento"
620828706,"np",40,20.95,-0.174500469293773,0.120431682465065,-0.385856079404467,"sin tendencia"
620828706,"pd",40,0.755092662681958,-0.172969582361854,0.123297875456291,-0.0139072598763503,"sin tendencia"
620828722,"cohesion",40,94.4415589673896,0.286080879891863,0.00968984419744289,0.0323106322417652,"incremento"
620828722,"ed",40,42.0889633884369,0.401539530969296,0.000277582446364822,0.0523667887416353,"incremento"
620828722,"lpi",40,5.23172523570466,0.458870410819281,3.3408420708591e-05,0.0554690986937992,"incremento"
620828722,"mesh",40,9.98173104093691,0.475946217219198,1.62389017736814e-05,0.168243964312535,"incremento"
620828722,"np",40,79.8,0.185786881361403,0.103369703594639,0.125,"sin tendencia"
620828722,"pd",40,2.64772771622949,0.177824586445914,0.119131989060786,0.00414744316451989,"sin tendencia"
620828731,"cohesion",40,100,NA,NA,NA,"sin tendencia"
620828731,"ed",40,0,NA,NA,NA,"sin tendencia"
620828731,"lpi",40,100,NA,NA,NA,"sin tendencia"
620828731,"mesh",40,1966.21602023525,NA,NA,NA,"sin tendencia"
620828731,"np",40,1,NA,NA,NA,"sin tendencia"
620828731,"pd",40,0.0508591115985493,NA,NA,NA,"sin tendencia"
620828734,"cohesion",40,99.691575941861,-0.598847036322906,6.315491395887e-08,-0.014060230711216,"descenso"
620828734,"ed",40,53.6606702852108,0.704450169609956,1.94473550574267e-10,1.5626713130601,"incremento"
620828734,"lpi",40,78.8918905521959,-0.724236425778997,6.1122054797831e-11,-0.828830838372823,"descenso"
620828734,"mesh",40,588.746268220223,-0.725055659031819,5.67024589895599e-11,-11.7412052984008,"descenso"
620828734,"np",40,15.075,0.513611866552329,5.07687920258216e-06,0.48,"incremento"
620828734,"pd",40,1.61990026765177,0.51492545188878,4.80143476654838e-06,0.0515789139948821,"incremento"
620828750,"cohesion",40,99.4965088698175,0.747432610234552,1.46993385191105e-11,0.0024192921255038,"incremento"
620828750,"ed",40,14.4268723206743,0.409799258714806,0.000218975724948689,0.125463726103011,"incremento"
620828750,"lpi",40,52.7331358999671,-0.564059350654808,3.87773793804784e-07,-0.0608752879236576,"descenso"
620828750,"mesh",40,831.292025196712,-0.515470765679001,3.28520555168194e-06,-1.87170064839397,"descenso"
620828750,"np",40,14.3,-0.111838353823124,0.346654222100306,0,"sin tendencia"
620828750,"pd",40,0.510033044598632,-0.109042394977545,0.358999324505401,0,"sin tendencia"
620828752,"cohesion",40,99.9982604039796,0.0474489950310427,0.681929780646207,0,"sin tendencia"
620828752,"ed",40,1.62367574660328,-0.103633855027019,0.361426590433604,-0.0101215859942307,"sin tendencia"
620828752,"lpi",40,99.7038950715421,0.0474489950310427,0.681929780646207,0,"sin tendencia"
620828752,"mesh",40,692.268733276414,0.0474489950310427,0.681929780646207,0,"sin tendencia"
620828752,"np",40,1,NA,NA,NA,"sin tendencia"
620828752,"pd",40,0.143602197454727,Inf,0,0,"descenso"
620830059,"cohesion",5,0,NA,NA,NA,"sin tendencia"
620830059,"ed",5,1.2810419899163,NA,NA,NA,"sin tendencia"
620830059,"lpi",5,0.194552529182879,NA,NA,NA,"sin tendencia"
620830059,"mesh",5,0.000179491506976193,NA,NA,NA,"sin tendencia"
620830059,"np",5,1,NA,NA,NA,"sin tendencia"
620830059,"pd",5,2.1087731252084,NA,NA,NA,"sin tendencia"
620830083,"cohesion",40,99.9824127010731,0.648552618806413,5.72213606437532e-09,0.000518388361826273,"incremento"
620830083,"ed",40,17.3610857120899,-0.583697356925772,1.59668242188226e-07,-0.570928429307973,"descenso"
620830083,"lpi",40,95.4272811486799,0.653741039756865,4.32200361046071e-09,0.126563318783935,"incremento"
620830083,"mesh",40,2179.60423958834,0.653741039756865,4.32200361046071e-09,5.84852288410208,"incremento"
620830083,"np",40,1.975,-0.634439357753871,6.53674061117088e-07,-0.0333333333333333,"descenso"
620830083,"pd",40,0.0826277998346788,-0.46848246853215,0.000242721422001089,-0.00139456202252622,"descenso"
620830098,"cohesion",40,99.9976027422131,0.424232051082738,0.000243375835451176,8.82278269679554e-05,"incremento"
620830098,"ed",40,3.35850655968019,-0.409081324505769,0.000349301140836641,-0.123933934436704,"descenso"
620830098,"lpi",40,99.5261808500148,0.424232051082738,0.000243375835451176,0.0175305963689751,"incremento"
620830098,"mesh",40,926.780639790859,0.424232051082738,0.000243375835451176,0.327254373275436,"incremento"
620830098,"np",40,1,NA,NA,NA,"sin tendencia"
620830098,"pd",40,0.106883875987406,NA,NA,NA,"sin tendencia"
620830107,"cohesion",40,100,NA,NA,NA,"sin tendencia"
620830107,"ed",40,0,NA,NA,NA,"sin tendencia"
620830107,"lpi",40,100,NA,NA,NA,"sin tendencia"
620830107,"mesh",40,756.151769043174,NA,NA,NA,"sin tendencia"
620830107,"np",40,1,NA,NA,NA,"sin tendencia"
620830107,"pd",40,0.132248583014676,NA,NA,NA,"sin tendencia"
620830128,"cohesion",40,99.9962993445585,-0.219067087477962,0.0499447804650199,-5.56506160964457e-05,"descenso"
620830128,"ed",40,4.95965601717092,0.221369656653476,0.0473110423292878,0.088890403224004,"incremento"
620830128,"lpi",40,98.7395065333236,-0.242399676676798,0.029970245718733,-0.0218588542553798,"descenso"
620830128,"mesh",40,4930.06298203983,-0.242399676676798,0.029970245718733,-2.19664052664305,"descenso"
620830128,"np",40,1.7,-0.0884159819612176,0.489746551035702,0,"sin tendencia"
620830128,"pd",40,0.0336273807734156,-0.102562539075012,0.421696602069491,0,"sin tendencia"
620831442,"cohesion",40,99.2476197913331,-0.570878885882865,2.2985925845661e-07,-0.00272207647314353,"descenso"
620831442,"ed",40,31.4862637251585,0.31173835790907,0.00480623117918826,0.145758899151465,"incremento"
620831442,"lpi",40,49.5717613171651,-0.365619061745206,0.000935902417959698,-0.0494256601791897,"descenso"
620831442,"mesh",40,638.770077706746,-0.363053313943485,0.00101687854413437,-1.29226689834558,"descenso"
620831442,"np",40,30.2,0.477082810872417,2.61921942823817e-05,0.26969696969697,"incremento"
620831442,"pd",40,1.16404336503224,0.477082810872417,2.61921942823817e-05,0.0103953300710284,"incremento"
620831456,"cohesion",40,99.8355320822532,-0.150096246400663,0.1764995493274,-0.000398471539710167,"sin tendencia"
620831456,"ed",40,30.1471386700974,-0.123235018097878,0.268294548856508,-0.0475238237154428,"sin tendencia"
620831456,"lpi",40,78.8664919707048,0.0578035755057881,0.608126253084919,0.0159018119106811,"sin tendencia"
620831456,"mesh",40,856.276521406114,0.0602950733404375,0.591969629156442,0.35436827144647,"sin tendencia"
620831456,"np",40,5.125,0.295116504530265,0.0129569043356055,0.0476190476190476,"incremento"
620831456,"pd",40,0.37324703387083,0.300764667296394,0.0113175139267062,0.00346803283503675,"incremento"
620831459,"cohesion",40,99.9128170884529,0.477252389086955,1.99037705211374e-05,0.000878794828537366,"incremento"
620831459,"ed",40,42.7660261814288,-0.594609533944403,1.05000592066853e-07,-1.14782462215715,"descenso"
620831459,"lpi",40,87.4648873072361,0.526803183582322,2.47600520325585e-06,0.223351974241652,"incremento"
620831459,"mesh",40,1516.38268160236,0.526803183582322,2.47600520325585e-06,8.1260312126227,"incremento"
620831459,"np",40,10.825,-0.465219964728684,8.25560011301142e-05,-0.131884057971014,"descenso"
620831459,"pd",40,0.556741120173341,-0.465219964728684,8.25560011301142e-05,-0.00678293562750932,"descenso"
620831475,"cohesion",40,97.013777419402,-0.147291247324685,0.187463966916041,-0.010609920873568,"sin tendencia"
620831475,"ed",40,65.2458048259407,-0.22481295644294,0.0435907926534205,-0.63325923647679,"descenso"
620831475,"lpi",40,27.9309993893751,0.0103497128560515,0.934913529720923,0,"sin tendencia"
620831475,"mesh",40,44.2937488495689,-0.0310086836473021,0.788476398850741,-0.0697094450029333,"sin tendencia"
620831475,"np",40,15.1,-0.349872185432566,0.0023179566056266,-0.184659090909091,"descenso"
620831475,"pd",40,3.33137222358296,-0.36602013245253,0.00143617856795408,-0.0407396136613659,"descenso"
620831481,"cohesion",40,100,NA,NA,NA,"sin tendencia"
620831481,"ed",40,0,NA,NA,NA,"sin tendencia"
620831481,"lpi",40,100,NA,NA,NA,"sin tendencia"
620831481,"mesh",40,30.7221253169398,NA,NA,NA,"sin tendencia"
620831481,"np",40,1,NA,NA,NA,"sin tendencia"
620831481,"pd",40,3.25498314222621,NA,NA,NA,"sin tendencia"
620831504,"cohesion",40,99.9997919726431,0.189194924938839,0.13919618866566,0,"sin tendencia"
620831504,"ed",40,0.128415268249898,-0.189194924938839,0.13919618866566,0,"sin tendencia"
620831504,"lpi",40,99.9761476836007,0.189194924938839,0.13919618866566,0,"sin tendencia"
620831504,"mesh",40,4822.91879896341,0.189194924938839,0.13919618866566,0,"sin tendencia"
620831504,"np",40,1.1,-0.310316445417088,0.0202437444741189,0,"descenso"
620831504,"pd",40,0.0227968934627358,-0.372976496895538,0.00518714885592935,0,"descenso"
620832832,"cohesion",40,97.8900368746003,0.38974358974359,0.0004151460271291,0.00451585338129488,"incremento"
620832832,"ed",40,25.6000132133884,0.176923076923077,0.110445992364054,0.057816041621821,"sin tendencia"
620832832,"lpi",40,20.2259026785159,-0.50064226102263,5.81882331792401e-06,-0.0332999115658036,"descenso"
620832832,"mesh",40,66.7369364529577,-0.484615384615385,1.1208555342445e-05,-0.1943507424474,"descenso"
620832832,"np",40,27.675,0.0518439200351087,0.667027552449156,0,"sin tendencia"
620832832,"pd",40,1.86422175553388,0.0420356108392773,0.728910600015081,0,"sin tendencia"
620832858,"cohesion",40,100,NA,NA,NA,"sin tendencia"
620832858,"ed",40,0,NA,NA,NA,"sin tendencia"
620832858,"lpi",40,100,NA,NA,NA,"sin tendencia"
620832858,"mesh",40,655.589857366457,NA,NA,NA,"sin tendencia"
620832858,"np",40,1,NA,NA,NA,"sin tendencia"
620832858,"pd",40,0.152534391550391,NA,NA,NA,"sin tendencia"
620834208,"cohesion",40,99.6135161850187,-0.161538461538462,0.145287789095267,-0.00119361769274243,"sin tendencia"
620834208,"ed",40,17.5700953562232,-0.405128205128205,0.000242478472243562,-0.0875817397979066,"descenso"
620834208,"lpi",40,78.9244513834678,0.118405000959851,0.28881524995967,0.0107905943190878,"sin tendencia"
620834208,"mesh",40,662.738811413064,0.112820512820513,0.310754560425242,0.182171949227521,"sin tendencia"
620834208,"np",40,10.425,0.143300867479039,0.251490247840077,0,"sin tendencia"
620834208,"pd",40,0.980115825578788,0.143300867479039,0.251490247840077,0,"sin tendencia"
620834240,"cohesion",40,100,NA,NA,NA,"sin tendencia"
620834240,"ed",40,0,NA,NA,NA,"sin tendencia"
620834240,"lpi",40,100,NA,NA,NA,"sin tendencia"
620834240,"mesh",40,274.192661981004,NA,NA,NA,"sin tendencia"
620834240,"np",40,1,NA,NA,NA,"sin tendencia"
620834240,"pd",40,0.36470706136887,NA,NA,NA,"sin tendencia"
620835585,"cohesion",40,85.1970557721269,-0.543353609754408,8.7549965185379e-07,-0.117245073592485,"descenso"
620835585,"ed",40,57.5774103895748,0.0102828103264825,0.93498118852183,0.0123447921900876,"sin tendencia"
620835585,"lpi",40,2.83673097925009,-0.692527268123081,4.40511684333863e-10,-0.0515191075739888,"descenso"
620835585,"mesh",40,0.917891130306448,-0.566475039956723,2.93615956486388e-07,-0.0230214776327648,"descenso"
620835585,"np",40,39.425,0.199519774903069,0.0822298083196601,0.0625,"sin tendencia"
620835585,"pd",40,7.77814480473195,0.20755412825487,0.0705524643478155,0.0123306036853709,"sin tendencia"
620835598,"cohesion",40,99.9983127896515,0.315869092467276,0.00754039885783924,2.04880934282256e-06,"incremento"
620835598,"ed",40,2.87854310490218,-0.301704559172779,0.0107221717599433,-0.00438745181829285,"descenso"
620835598,"lpi",40,99.4379295903033,0.315869092467276,0.00754039885783924,0.000821200101828426,"incremento"
620835598,"mesh",40,3703.82922378749,0.315869092467276,0.00754039885783924,0.0615012106222821,"incremento"
620835598,"np",40,1.1,-0.262575453814459,0.0498636902105405,0,"descenso"
620835598,"pd",40,0.0293735144489458,0.0328219317268073,0.821654569963665,0,"sin tendencia"
620835612,"cohesion",40,100,NA,NA,NA,"sin tendencia"
620835612,"ed",40,0,NA,NA,NA,"sin tendencia"
620835612,"lpi",40,100,NA,NA,NA,"sin tendencia"
620835612,"mesh",40,1.10710361499733,NA,NA,NA,"sin tendencia"
620835612,"np",40,1,NA,NA,NA,"sin tendencia"
620835612,"pd",40,90.3257821990235,NA,NA,NA,"sin tendencia"
620835616,"cohesion",40,100,NA,NA,NA,"sin tendencia"
620835616,"ed",40,0,NA,NA,NA,"sin tendencia"
620835616,"lpi",40,100,NA,NA,NA,"sin tendencia"
620835616,"mesh",40,1383.41822557374,NA,NA,NA,"sin tendencia"
620835616,"np",40,1,NA,NA,NA,"sin tendencia"
620835616,"pd",40,0.0722847206661075,NA,NA,NA,"sin tendencia"
620835617,"cohesion",40,99.9927517060966,0.0698605617783478,0.536366575466366,3.17179093696383e-05,"sin tendencia"
620835617,"ed",40,6.9559554474334,-0.0660657235092072,0.559608204858161,-0.0337754661019579,"sin tendencia"
620835617,"lpi",40,98.5623483745754,0.0698605617783478,0.536366575466366,0.00626718421478227,"sin tendencia"
620835617,"mesh",40,923.631440094546,0.0698605617783478,0.536366575466366,0.11689488318318,"sin tendencia"
620835617,"np",40,1,NA,NA,NA,"sin tendencia"
620835617,"pd",40,0.105182861367131,Inf,0,0,"descenso"
620836969,"cohesion",40,93.1540805630019,NA,NA,NA,"sin tendencia"
620836969,"ed",40,0,NA,NA,NA,"sin tendencia"
620836969,"lpi",40,65.8995815899582,NA,NA,NA,"sin tendencia"
620836969,"mesh",40,19.9961905022582,NA,NA,NA,"sin tendencia"
620836969,"np",40,11,NA,NA,NA,"sin tendencia"
620836969,"pd",40,24.9435214440818,NA,NA,NA,"sin tendencia"
620836973,"cohesion",40,100,NA,NA,NA,"sin tendencia"
620836973,"ed",40,0,NA,NA,NA,"sin tendencia"
620836973,"lpi",40,100,NA,NA,NA,"sin tendencia"
620836973,"mesh",40,838.077436552975,NA,NA,NA,"sin tendencia"
620836973,"np",40,1,NA,NA,NA,"sin tendencia"
620836973,"pd",40,0.119320716247059,NA,NA,NA,"sin tendencia"
620836992,"cohesion",40,99.9999689916802,-0.167093470609201,0.215050951458479,0,"sin tendencia"
620836992,"ed",40,0.0542981514149582,0.167093470609201,0.215050951458479,0,"sin tendencia"
620836992,"lpi",40,99.9935862195345,-0.167093470609201,0.215050951458479,0,"sin tendencia"
620836992,"mesh",40,1006.78161717252,-0.167093470609201,0.215050951458479,0,"sin tendencia"
620836992,"np",40,1,NA,NA,NA,"sin tendencia"
620836992,"pd",40,0.0993136692677554,NA,NA,NA,"sin tendencia"
620836993,"cohesion",40,99.6782945952122,-0.609837445063608,3.9269739132266e-08,-0.011177094745223,"descenso"
620836993,"ed",40,66.6312970203324,0.483218653503791,1.35544214419088e-05,0.739865368847733,"incremento"
620836993,"lpi",40,71.4735591206179,-0.558156305651438,4.96878958754225e-07,-0.804533868739943,"descenso"
620836993,"mesh",40,772.140989083717,-0.558156305651438,4.96878958754225e-07,-16.3164343342905,"descenso"
620836993,"np",40,18,0.648469598757583,8.93111412243233e-09,0.80625,"incremento"
620836993,"pd",40,1.28806819535149,0.653741709316588,6.76268988967239e-09,0.057694721250119,"incremento"
620838308,"cohesion",40,99.1407853250467,-0.0102564102564103,0.934998803970505,-0.000101129045581901,"sin tendencia"
620838308,"ed",40,26.7990460272273,0.13726750739206,0.216795709660381,0.0275082483724967,"sin tendencia"
620838308,"lpi",40,51.6200832437498,-0.191148211228195,0.0846230005548488,-0.00959030388844046,"sin tendencia"
620838308,"mesh",40,892.880328619018,-0.202564102564103,0.0673677916589717,-0.344178383548528,"sin tendencia"
620838308,"np",40,54.425,0.0485373751392366,0.673900497624496,0.0327956989247312,"sin tendencia"
620838308,"pd",40,1.62605828038761,0.0472255541895275,0.682457503166187,0.000979838636612931,"sin tendencia"
620838349,"cohesion",40,99.9985452619025,0.732901971033848,2.52532654554237e-09,2.64957385288274e-05,"incremento"
620838349,"ed",40,1.27250339414487,-0.557914238458918,6.08645484198243e-06,-0.013733847464349,"descenso"
620838349,"lpi",40,99.7106093472688,0.732901971033848,2.52532654554237e-09,0.00525866035627492,"incremento"
620838349,"mesh",40,930.280270217504,0.732901971033848,2.52532654554237e-09,0.0980987098544877,"incremento"
620838349,"np",40,1,NA,NA,NA,"sin tendencia"
620838349,"pd",40,0.10687333724988,-Inf,0,0,"descenso"
620838354,"cohesion",40,99.2785677976914,0.44856508701069,6.12536886347588e-05,0.0192124989731381,"incremento"
620838354,"ed",40,59.7348909418637,-0.154660272878191,0.168172495127976,-0.8313833116409,"sin tendencia"
620838354,"lpi",40,81.7929292929293,0.271585834034522,0.0155585663242945,0.357744107744107,"incremento"
620838354,"mesh",40,24.7358737213354,0.271225401448324,0.0155727009813026,0.20392660921784,"incremento"
620838354,"np",40,1.6,-0.566935299366065,1.11603371782772e-05,-0.0285714285714286,"descenso"
620838354,"pd",40,4.37943186419508,-0.541700790492204,2.70182739428491e-05,-0.078204140432055,"descenso"
620839684,"cohesion",21,46.4591678425908,-0.627970523637459,0.000230228591455459,-0.568702490520644,"descenso"
620839684,"ed",21,2.72396066607761,-0.599886610600896,0.000389723088188817,-0.0619081969553386,"descenso"
620839684,"lpi",21,0.207740109958989,-0.66068747264341,0.000213446726847811,-0.00443984789603443,"descenso"
620839684,"mesh",21,0.00130030167834144,-0.698244790561152,7.23192898819115e-05,-5.15885755818941e-05,"descenso"
620839684,"np",21,2.61904761904762,-0.404301458792964,0.0286698670822433,0,"descenso"
620839684,"pd",21,1.0676232785572,-0.589510684825006,0.00127280135519227,-2.34380416309755e-17,"descenso"
620839748,"cohesion",40,99.9999721597856,0.190963966410515,0.155569932587743,0,"sin tendencia"
620839748,"ed",40,0.0261367328633135,-0.190963966410515,0.155569932587743,0,"sin tendencia"
620839748,"lpi",40,99.9935046189376,0.190963966410515,0.155569932587743,0,"sin tendencia"
620839748,"mesh",40,1278.16962917428,0.190963966410515,0.155569932587743,0,"sin tendencia"
620839748,"np",40,1,NA,NA,NA,"sin tendencia"
620839748,"pd",40,0.0782267166850666,NA,NA,NA,"sin tendencia"
620839749,"cohesion",40,99.7755599021638,-0.430870394596356,9.90353800157195e-05,-0.00584398812070281,"descenso"
620839749,"ed",40,18.6311632231248,0.513185932668496,3.50274760850239e-06,0.73722973155504,"incremento"
620839749,"lpi",40,93.2696526508227,-0.537726654633432,1.23453036048932e-06,-0.267660432194255,"descenso"
620839749,"mesh",40,220.686662204221,-0.538909538316039,1.10470446576766e-06,-1.2795391407885,"descenso"
620839749,"np",40,3.525,0.313482533155963,0.00892203277636245,0.0666666666666667,"incremento"
620839749,"pd",40,1.39699473013102,0.271780728286591,0.0234787291874319,0.0264207041159532,"incremento"
620841059,"cohesion",40,86.307742897726,0.253377515628305,0.0223493167460114,0.0278354441415128,"incremento"
620841059,"ed",40,12.248593896307,0.695823532766056,3.09996857614066e-10,0.109965648026621,"incremento"
620841059,"lpi",40,0.636752561934136,0.170658233246852,0.137090130182871,0.00213198402433304,"sin tendencia"
620841059,"mesh",40,0.149142012470093,0.554343701704565,5.39664331504713e-07,0.00171962176912138,"incremento"
620841059,"np",40,17.175,0.439963043121551,0.000145108682356322,0.142857142857143,"incremento"
620841059,"pd",40,0.926084156363484,0.435876699067791,0.000167285696067954,0.0077029249853482,"incremento"
620841124,"cohesion",40,99.9988584749847,0.190963966410515,0.155569932587743,0,"sin tendencia"
620841124,"ed",40,0.450180772493447,-0.190963966410515,0.155569932587743,0,"sin tendencia"
620841124,"lpi",40,99.8431530263423,0.190963966410515,0.155569932587743,0,"sin tendencia"
620841124,"mesh",40,457.374242062662,0.190963966410515,0.155569932587743,0,"sin tendencia"
620841124,"np",40,1,NA,NA,NA,"sin tendencia"
620841124,"pd",40,0.21795885509517,NA,NA,NA,"sin tendencia"
620841126,"cohesion",40,99.9998381920717,-0.46032294024944,7.27489807933187e-05,-9.23456392243338e-06,"descenso"
620841126,"ed",40,0.316886655164136,0.52670585051478,5.18561965991591e-06,0.0201268870605189,"incremento"
620841126,"lpi",40,99.9516534946355,-0.46032294024944,7.27489807933187e-05,-0.00275950373085099,"descenso"
620841126,"mesh",40,2087.54626138969,-0.46032294024944,7.27489807933187e-05,-0.115280013260985,"descenso"
620841126,"np",40,1,NA,NA,NA,"sin tendencia"
620841126,"pd",40,0.0478568319302522,-Inf,0,0,"descenso"
620841133,"cohesion",40,92.1529235710165,0.10926869475716,0.417667940748398,0,"sin tendencia"
620841133,"ed",40,0.2979437026364,0.119352479006572,0.379331935127312,0,"sin tendencia"
620841133,"lpi",40,47.9638009049774,NA,NA,NA,"sin tendencia"
620841133,"mesh",40,5.95606716312701,-0.10926869475716,0.417667940748398,0,"sin tendencia"
620841133,"np",40,7,NA,NA,NA,"sin tendencia"
620841133,"pd",40,34.331971514561,NA,NA,NA,"sin tendencia"
620842494,"cohesion",40,97.1941067324424,-0.431878033712265,9.45545148960933e-05,-0.0180631139452832,"descenso"
620842494,"ed",40,64.2811839561241,-0.0231363232345856,0.842950094861518,-0.00539439422629807,"sin tendencia"
620842494,"lpi",40,22.3627301909106,-0.0863973282024939,0.441612386108523,-0.01639784144778,"sin tendencia"
620842494,"mesh",40,27.6474929250281,-0.0951159955199631,0.39490461428215,-0.0394069149003309,"sin tendencia"
620842494,"np",40,17.775,0.654354342064751,2.37942779565099e-08,0.25,"incremento"
620842494,"pd",40,3.25502438630285,0.651368679301698,2.46853272959165e-08,0.045780933703275,"incremento"
620842502,"cohesion",40,99.9999595847979,-0.381927932821031,0.00316323332030843,0,"descenso"
620842502,"ed",40,0.0652888846338899,0.381927932821031,0.00316323332030843,0,"descenso"
620842502,"lpi",40,99.9921720070974,-0.381927932821031,0.00316323332030843,0,"descenso"
620842502,"mesh",40,883.79162612101,-0.381927932821031,0.00316323332030843,0,"descenso"
620842502,"np",40,1,NA,NA,NA,"sin tendencia"
620842502,"pd",40,0.113131133113576,NA,NA,NA,"sin tendencia"
620843870,"cohesion",40,99.5251392239079,-0.585059319045666,1.27959966999579e-07,-0.00169052134380222,"descenso"
620843870,"ed",40,59.0489011186968,0.474233104424681,1.87710621984457e-05,0.148372403674537,"incremento"
620843870,"lpi",40,49.2017661900757,-0.733872179652817,3.72753462363952e-11,-0.113430253514358,"descenso"
620843870,"mesh",40,664.56158209837,-0.726813779607392,5.2282557580683e-11,-3.04185053976037,"descenso"
620843870,"np",40,49.525,0.181866570470661,0.117084343430507,0.0513157894736842,"sin tendencia"
620843870,"pd",40,1.80590790112295,0.184580996895596,0.111678072493589,0.00187120827184024,"sin tendencia"
620845214,"cohesion",40,88.0879034040743,0.0475886704479557,0.674792550079392,0.0017617101351087,"sin tendencia"
620845214,"ed",40,48.7888200830965,0.452096813817908,4.91731363653294e-05,0.119069725645123,"incremento"
620845214,"lpi",40,6.77893309222423,-0.0375395004247649,0.763413741366687,0,"sin tendencia"
620845214,"mesh",40,0.723884103075997,0.245660433934042,0.0267979620650282,0.000798231613746544,"incremento"
620845214,"np",40,4.85,-0.276259181585055,0.0333708602760789,0,"descenso"
620845214,"pd",40,4.75312886423298,-0.321362721435677,0.0132367939516631,0,"descenso"
620845215,"cohesion",40,93.9604196354451,0.624759589719001,1.4893384545536e-08,0.0136728620309606,"incremento"
620845215,"ed",40,33.8159912526573,-0.20654269803852,0.0622806998790071,-0.0459826054718486,"sin tendencia"
620845215,"lpi",40,9.71301124327847,-0.0271325981913894,0.815581370066978,-0.00197863078749514,"sin tendencia"
620845215,"mesh",40,11.4548441715501,-0.0397690909266715,0.726672865399689,-0.00881972801934911,"sin tendencia"
620845215,"np",40,27.3,-0.448286284639617,0.000122343471641276,-0.1,"descenso"
620845215,"pd",40,2.41084619915269,-0.45653695245507,9.14212530552019e-05,-0.00883093845843477,"descenso"
620845228,"cohesion",40,99.4514527858173,-0.74308546227595,1.87546656133639e-11,-0.0149560012184911,"descenso"
620845228,"ed",40,70.6885651563322,-0.0115905877997982,0.925689468670161,-0.00172327972844408,"sin tendencia"
620845228,"lpi",40,58.5018877158638,-0.686420366365825,5.56010324323924e-10,-0.768701450192635,"descenso"
620845228,"mesh",40,508.167013453511,-0.735358403742751,3.02289465839462e-11,-12.9350237741697,"descenso"
620845228,"np",40,19.8,0.668190387091486,4.94989612442464e-09,0.484848484848485,"incremento"
620845228,"pd",40,1.50048282531553,0.668190387091486,4.94989612442464e-09,0.0367427689088589,"incremento"
620845230,"cohesion",40,98.6141613867024,-0.318669960456176,0.00423369010948977,-0.0111968278382709,"descenso"
620845230,"ed",40,68.9521189455287,-0.658497517389376,3.23366179329018e-09,-0.650006438130593,"descenso"
620845230,"lpi",40,32.4410072787039,-0.507501263310614,5.2606492834878e-06,-0.395062717864432,"descenso"
620845230,"mesh",40,112.745810588278,-0.492254410460759,9.66390594075217e-06,-2.0358839285677,"descenso"
620845230,"np",40,17.25,0.00133532891566309,1,0,"sin tendencia"
620845230,"pd",40,2.19505011911998,0.00133532891566309,1,0,"sin tendencia"
620845246,"cohesion",40,99.9999526961037,0.350966488597776,0.00847589690394159,0,"descenso"
620845246,"ed",40,0.0583892509378775,-0.350966488597776,0.00847589690394159,0,"descenso"
620845246,"lpi",40,99.9827081670657,0.350966488597776,0.00847589690394159,0,"descenso"
620845246,"mesh",40,3120.12306273174,0.350966488597776,0.00847589690394159,0,"descenso"
620845246,"np",40,1,NA,NA,NA,"sin tendencia"
620845246,"pd",40,0.0320389402142497,Inf,0,0,"descenso"
620845257,"cohesion",40,100,NA,NA,NA,"sin tendencia"
620845257,"ed",40,0,NA,NA,NA,"sin tendencia"
620845257,"lpi",40,100,NA,NA,NA,"sin tendencia"
620845257,"mesh",40,1322.61978538347,NA,NA,NA,"sin tendencia"
620845257,"np",40,1,NA,NA,NA,"sin tendencia"
620845257,"pd",40,0.0756075185817719,NA,NA,NA,"sin tendencia"
620846580,"cohesion",40,96.4023856013095,0.0295440497029583,0.797661314187086,0.000833260627866901,"sin tendencia"
620846580,"ed",40,25.1163469734687,0.265467444324686,0.01685441528589,0.0385728007897172,"incremento"
620846580,"lpi",40,7.45581737849779,0.366459239605681,0.000966568662496531,0.0134628930012166,"incremento"
620846580,"mesh",40,9.59822617825014,0.348105976934857,0.00165282430900527,0.026562999328377,"incremento"
620846580,"np",40,13.25,0.216266691959909,0.0720084420986479,0,"sin tendencia"
620846580,"pd",40,0.919626008149566,0.216266691959909,0.0720084420986479,0,"sin tendencia"
620846590,"cohesion",40,99.449468578303,0.382051282051282,0.000539459142852818,0.00130738105253479,"incremento"
620846590,"ed",40,39.1691474770746,0.147530498598943,0.184076345063248,0.149341824819321,"sin tendencia"
620846590,"lpi",40,52.597879622673,-0.153846153846154,0.165602484830615,-0.0742039309532458,"sin tendencia"
620846590,"mesh",40,306.287218050022,-0.153846153846154,0.165602484830615,-0.881552526630433,"sin tendencia"
620846590,"np",40,11.1,-0.271472897152951,0.0232385887838346,-0.04,"descenso"
620846590,"pd",40,1.00437383662325,-0.26004245937809,0.0297482520240744,-0.00361936517702073,"descenso"
620846604,"cohesion",40,99.9284840361721,-0.0399231357548604,0.726518375442412,-8.67460015261557e-05,"sin tendencia"
620846604,"ed",40,33.4996426215499,0.415973317703868,0.000173967467847017,0.191179539552419,"incremento"
620846604,"lpi",40,90.6890022217734,-0.266157867972676,0.0167799603341987,-0.0374372787060608,"descenso"
620846604,"mesh",40,751.460068080682,-0.271734891750824,0.0143522469195538,-0.61781971709323,"descenso"
620846604,"np",40,4.125,0.0260525052859453,0.837039358265851,0,"sin tendencia"
620846604,"pd",40,0.45153769125951,-0.0130262526429727,0.922891969275522,0,"sin tendencia"
620846611,"cohesion",40,83.7124995067142,0.152661994202384,0.169157673875391,0.012885021636315,"sin tendencia"
620846611,"ed",40,16.8942103112887,-0.214239941443682,0.0530881709554106,-0.0221476175984961,"sin tendencia"
620846611,"lpi",40,0.441649347084428,-0.434504445998543,0.000113846670568538,-0.00285264727227111,"descenso"
620846611,"mesh",40,0.172758643714036,-0.144964750797222,0.191891332931823,-0.000382060034370206,"sin tendencia"
620846611,"np",40,42.325,-0.568534903405087,7.66591352082258e-07,-0.2,"descenso"
620846611,"pd",40,1.79900650087777,-0.560432268202164,1.09881759827908e-06,-0.00850091672003672,"descenso"
620846618,"cohesion",40,99.9899142851269,-0.129881083366533,0.247952878784426,-4.64479959643901e-05,"sin tendencia"
620846618,"ed",40,8.25782718998277,-0.043986279638219,0.70027095230533,-0.00445045100705692,"sin tendencia"
620846618,"lpi",40,98.58784176847,-0.129881083366533,0.247952878784426,-0.00646370628918547,"sin tendencia"
620846618,"mesh",40,462.441852412479,-0.129881083366533,0.247952878784426,-0.0606738722506922,"sin tendencia"
620846618,"np",40,1,NA,NA,NA,"sin tendencia"
620846618,"pd",40,0.210182157525642,NA,NA,NA,"sin tendencia"
620846622,"cohesion",40,99.927774355749,0.56481446919797,4.75998369931609e-07,0.00168331899478434,"incremento"
620846622,"ed",40,18.175779106399,-0.541418805757758,1.46507204296623e-06,-0.390003306706085,"descenso"
620846622,"lpi",40,95.713228035538,0.56481446919797,4.75998369931609e-07,0.0987166831194463,"incremento"
620846622,"mesh",40,85.6428685346593,0.56481446919797,4.75998369931609e-07,0.17791435602972,"incremento"
620846622,"np",40,1,NA,NA,NA,"sin tendencia"
620846622,"pd",40,1.06999939426286,NA,NA,NA,"sin tendencia"
620846633,"cohesion",40,100,NA,NA,NA,"sin tendencia"
620846633,"ed",40,0,NA,NA,NA,"sin tendencia"
620846633,"lpi",40,100,NA,NA,NA,"sin tendencia"
620846633,"mesh",40,1872.94254072501,NA,NA,NA,"sin tendencia"
620846633,"np",40,1,NA,NA,NA,"sin tendencia"
620846633,"pd",40,0.0533919209082038,NA,NA,NA,"sin tendencia"
620847946,"cohesion",40,87.7394395707961,0.295250564192833,0.00762023075077518,0.0402640579737614,"incremento"
620847946,"ed",40,23.1568174338517,0.192678585019294,0.0825005991971009,0.0533192295509818,"sin tendencia"
620847946,"lpi",40,1.69371536447232,0.39017274160276,0.000465006501720229,0.00913464466232256,"incremento"
620847946,"mesh",40,0.622273141231848,0.485237883760395,1.11778398195897e-05,0.00643014786686748,"incremento"
620847946,"np",40,29.225,-0.0159685198174211,0.897391340358572,0,"sin tendencia"
620847946,"pd",40,1.92906959486009,-0.0238868847464661,0.842115405465016,0,"sin tendencia"
620847980,"cohesion",40,99.8700355356721,0.0904419939712978,0.420853226738901,0.000134846232631655,"sin tendencia"
620847980,"ed",40,56.6092052345466,-0.489697227395051,9.91850331928553e-06,-0.413188675148671,"descenso"
620847980,"lpi",40,85.0933631012787,0.0765794745149008,0.498229149637382,0.0102470089277484,"sin tendencia"
620847980,"mesh",40,329.229403917545,0.0775217091182553,0.491274191011171,0.0807449087821475,"sin tendencia"
620847980,"np",40,1.925,0.0904912232838842,0.472290833812991,0,"sin tendencia"
620847980,"pd",40,0.423488039130798,0.0797549764535928,0.527380204286587,0,"sin tendencia"
620847987,"cohesion",7,60.961463093347,-0.534522483824849,0.21129954733371,0,"sin tendencia"
620847987,"ed",7,2.50099187400388,0.534522483824849,0.21129954733371,0,"sin tendencia"
620847987,"lpi",7,0.865161426461279,-0.534522483824849,0.21129954733371,0,"sin tendencia"
620847987,"mesh",7,0.00469177694334873,-0.534522483824849,0.21129954733371,0,"sin tendencia"
620847987,"np",7,1,NA,NA,NA,"sin tendencia"
620847987,"pd",7,1.601047838092,NA,NA,NA,"sin tendencia"
620847998,"cohesion",40,100,NA,NA,NA,"sin tendencia"
620847998,"ed",40,0,NA,NA,NA,"sin tendencia"
620847998,"lpi",40,100,NA,NA,NA,"sin tendencia"
620847998,"mesh",40,1403.80738381661,NA,NA,NA,"sin tendencia"
620847998,"np",40,1,NA,NA,NA,"sin tendencia"
620847998,"pd",40,0.071234844005539,NA,NA,NA,"sin tendencia"
620849365,"cohesion",40,99.5436110233748,-0.609837445063608,3.9269739132266e-08,-0.0162852485985413,"descenso"
620849365,"ed",40,56.3865677471714,-0.638262071740302,8.8859144229646e-09,-0.67290321058202,"descenso"
620849365,"lpi",40,66.9287646528404,-0.653766413563953,3.84547359667668e-09,-0.365644724977458,"descenso"
620849365,"mesh",40,462.949968075387,-0.646014242652127,5.85952971842406e-09,-4.84813162724495,"descenso"
620849365,"np",40,13.25,0.150714172186336,0.191807663841547,0.0540540540540541,"sin tendencia"
620849365,"pd",40,1.29502248599141,0.137257549669699,0.234967350880907,0.00528311060067888,"sin tendencia"
620849367,"cohesion",40,100,NA,NA,NA,"sin tendencia"
620849367,"ed",40,0,NA,NA,NA,"sin tendencia"
620849367,"lpi",40,100,NA,NA,NA,"sin tendencia"
620849367,"mesh",40,23.9872449916087,NA,NA,NA,"sin tendencia"
620849367,"np",40,1,NA,NA,NA,"sin tendencia"
620849367,"pd",40,4.16888225533955,NA,NA,NA,"sin tendencia"
620849368,"cohesion",40,99.9997033440944,-0.205948397214785,0.095208491771438,0,"sin tendencia"
620849368,"ed",40,0.294139726476843,0.177260626733214,0.145704515775853,0,"sin tendencia"
620849368,"lpi",40,99.9607765451664,-0.189983405182631,0.124003212798086,0,"sin tendencia"
620849368,"mesh",40,1163.39115499487,-0.189983405182631,0.124003212798086,0,"sin tendencia"
620849368,"np",40,1.025,0.223606797749979,0.0997714364192216,0,"sin tendencia"
620849368,"pd",40,0.0880354295578314,0.0401345534423039,0.794949512946621,0,"sin tendencia"
620849369,"cohesion",40,99.9824780867949,-0.438529009653515,0.000804191233495541,0,"descenso"
620849369,"ed",40,3.17842392286199,0.438529009653515,0.000804191233495541,0,"descenso"
620849369,"lpi",40,99.4164265129683,-0.438529009653515,0.000804191233495541,0,"descenso"
620849369,"mesh",40,31.6537181785674,-0.438529009653515,0.000804191233495541,0,"descenso"
620849369,"np",40,1,NA,NA,NA,"sin tendencia"
620849369,"pd",40,3.12365817402963,NA,NA,NA,"sin tendencia"
620849394,"cohesion",40,99.9999692432292,0.30524143156594,0.0193606575241937,0,"descenso"
620849394,"ed",40,0.0425018071174513,-0.30524143156594,0.0193606575241937,0,"descenso"
620849394,"lpi",40,99.9935452279202,0.30524143156594,0.0193606575241937,0,"descenso"
620849394,"mesh",40,1036.11524991862,0.30524143156594,0.0193606575241937,0,"descenso"
620849394,"np",40,1,NA,NA,NA,"sin tendencia"
620849394,"pd",40,0.0965019040563296,NA,NA,NA,"sin tendencia"
620850743,"cohesion",40,100,NA,NA,NA,"sin tendencia"
620850743,"ed",40,0,NA,NA,NA,"sin tendencia"
620850743,"lpi",40,100,NA,NA,NA,"sin tendencia"
620850743,"mesh",40,1030.43668965876,NA,NA,NA,"sin tendencia"
620850743,"np",40,1,NA,NA,NA,"sin tendencia"
620850743,"pd",40,0.0970462338963454,NA,NA,NA,"sin tendencia"
620850744,"cohesion",40,99.999968298624,0.269964123808676,0.0412379415954296,0,"descenso"
620850744,"ed",40,0.0544549530073549,-0.269964123808676,0.0412379415954296,0,"descenso"
620850744,"lpi",40,99.9907467382252,0.269964123808676,0.0412379415954296,0,"descenso"
620850744,"mesh",40,1993.70921605943,0.269964123808676,0.0412379415954296,0,"descenso"
620850744,"np",40,1,NA,NA,NA,"sin tendencia"
620850744,"pd",40,0.0501484864619359,NA,NA,NA,"sin tendencia"
620850771,"cohesion",40,99.9996304992917,0.310316445417088,0.0202437444741189,0,"descenso"
620850771,"ed",40,0.662059535937219,-0.310316445417088,0.0202437444741189,0,"descenso"
620850771,"lpi",40,99.8856679505372,0.310316445417088,0.0202437444741189,0,"descenso"
620850771,"mesh",40,2270.38558075377,0.310316445417088,0.0202437444741189,0,"descenso"
620850771,"np",40,1,NA,NA,NA,"sin tendencia"
620850771,"pd",40,0.0439452416931327,NA,NA,NA,"sin tendencia"
620852113,"cohesion",40,99.9994294100168,-0.48356713546172,1.29738124979412e-05,-1.77861261932452e-05,"descenso"
620852113,"ed",40,0.702445195300749,0.769048263397839,3.97636976103777e-12,0.0455566336860958,"incremento"
620852113,"lpi",40,99.8458043687677,-0.821419374104308,1.21385926676176e-13,-0.0108481519088404,"descenso"
620852113,"mesh",40,10597.9485638587,-0.821419374104308,1.21385926676176e-13,-2.30236844329219,"descenso"
620852113,"np",40,1.675,0.181772731704825,0.154860198163705,0,"sin tendencia"
620852113,"pd",40,0.0157562743298044,0.128408260011666,0.316793282246612,0,"sin tendencia"
620852120,"cohesion",40,99.999889795708,0.338332476225479,0.0112272433120388,0,"descenso"
620852120,"ed",40,0.105494678098219,-0.338332476225479,0.0112272433120388,0,"descenso"
620852120,"lpi",40,99.9807741604717,0.338332476225479,0.0112272433120388,0,"descenso"
620852120,"mesh",40,719.525303982434,0.338332476225479,0.0112272433120388,0,"descenso"
620852120,"np",40,1,NA,NA,NA,"sin tendencia"
620852120,"pd",40,0.138927119502688,NA,NA,NA,"sin tendencia"
620852123,"cohesion",40,99.9965078585825,0.270272284799661,0.0148437553717114,5.31951135984392e-05,"incremento"
620852123,"ed",40,5.84741541974929,-0.315521556772284,0.00444865272680941,-0.0687080551599494,"descenso"
620852123,"lpi",40,99.0105838683788,0.311456632959609,0.00496692977272427,0.0134300730078182,"incremento"
620852123,"mesh",40,2704.6188085024,0.311456632959609,0.00496692977272427,0.736985488757402,"incremento"
620852123,"np",40,1.35,-0.255235403694232,0.0556146135570109,0,"sin tendencia"
620852123,"pd",40,0.0489325064067613,-0.250796188469278,0.0572156236708272,0,"sin tendencia"
620852125,"cohesion",40,99.9988511876318,0.503401504627068,7.60045737655459e-06,1.48452327414275e-05,"incremento"
620852125,"ed",40,1.3036411269417,-0.560544218309679,4.65026930172614e-07,-0.0335780331768947,"descenso"
620852125,"lpi",40,99.7808449238339,0.513889035973465,4.88570563026151e-06,0.00427923859658146,"incremento"
620852125,"mesh",40,1941.6648506684,0.513889035973465,4.88570563026151e-06,0.166623971284404,"incremento"
620852125,"np",40,1.1,-0.131430415490705,0.336106879654208,0,"sin tendencia"
620852125,"pd",40,0.0564055409701538,-0.131430415490705,0.336106879654208,0,"sin tendencia"
620853501,"cohesion",40,99.9922659351617,0.633150569364545,1.10654391569327e-08,8.22902173274187e-05,"incremento"
620853501,"ed",40,8.64589026749558,-0.573090174545576,2.26139410847445e-07,-0.171980206915585,"descenso"
620853501,"lpi",40,98.0939684124535,0.633150569364545,1.10654391569327e-08,0.0340383044385959,"incremento"
620853501,"mesh",40,3914.5915050257,0.633150569364545,1.10654391569327e-08,2.74913689547168,"incremento"
620853501,"np",40,2.35,-0.314771017440323,0.016519899486258,0,"descenso"
620853501,"pd",40,0.0578012856951181,-0.314771017440323,0.016519899486258,0,"descenso"
620853510,"cohesion",40,97.2266777757848,0.227068680452286,0.0402940977421447,0.0165991141338432,"incremento"
620853510,"ed",40,84.9565078015783,-0.45028873920199,4.53976428173682e-05,-0.170958850264411,"descenso"
620853510,"lpi",40,17.7659638193363,0.263327399526368,0.0174401263204766,0.132639613890363,"incremento"
620853510,"mesh",40,38.3600664695112,0.142399002995501,0.199947624950751,0.289221104700201,"sin tendencia"
620853510,"np",40,25.575,0.444878765018262,0.000100506699405574,0.176470588235294,"incremento"
620853510,"pd",40,3.32107134981195,0.444878765018262,0.000100506699405574,0.0229157933400859,"incremento"
620853536,"cohesion",40,96.8045375616936,-0.608554880976745,8.57521424018982e-08,-0.00166964735599149,"descenso"
620853536,"ed",40,3.09981888183401,0.178595100000843,0.119837767825403,0.0625635772904581,"sin tendencia"
620853536,"lpi",40,52.8669154228856,-0.210232246038804,0.0667004045489869,-0.0313772048846674,"sin tendencia"
620853536,"mesh",40,60.7707052251221,-0.219718939521144,0.0541327928323313,-0.0640260736790242,"sin tendencia"
620853536,"np",40,12.275,0.57535945436584,1.48089755935544e-05,0,"descenso"
620853536,"pd",40,6.61939687458516,0.57535945436584,1.48089755935544e-05,0,"descenso"
620854859,"cohesion",40,98.9098869786923,-0.392792142104271,0.00039374563421907,-0.021896539125288,"descenso"
620854859,"ed",40,98.1119486049262,-0.230523912907097,0.0379637241425734,-0.530608507439849,"descenso"
620854859,"lpi",40,52.204138572425,-0.482941158324924,1.29855328104349e-05,-0.61925596684955,"descenso"
620854859,"mesh",40,116.652449820606,-0.557636057479179,4.7399104940834e-07,-2.51716416363999,"descenso"
620854859,"np",40,13.8,-0.0899814518892957,0.445675917146918,0,"sin tendencia"
620854859,"pd",40,3.47778412744903,-0.0941344419764939,0.424642684570838,-3.23080774361818e-17,"sin tendencia"
620854908,"cohesion",40,100,NA,NA,NA,"sin tendencia"
620854908,"ed",40,0,NA,NA,NA,"sin tendencia"
620854908,"lpi",40,100,NA,NA,NA,"sin tendencia"
620854908,"mesh",40,598.389503906054,NA,NA,NA,"sin tendencia"
620854908,"np",40,1,NA,NA,NA,"sin tendencia"
620854908,"pd",40,0.167115230710497,NA,NA,NA,"sin tendencia"
620856253,"cohesion",40,99.9735546527699,-0.777801148153161,2.37426692884252e-12,-0.00119896540001732,"descenso"
620856253,"ed",40,19.4380788736267,0.67702292629943,1.05623081652654e-09,0.721842942883824,"incremento"
620856253,"lpi",40,95.2883565383565,-0.708031609946732,1.76364459019304e-10,-0.191904286731873,"descenso"
620856253,"mesh",40,1228.15949092098,-0.708031609946732,1.76364459019304e-10,-4.9253229622165,"descenso"
620856253,"np",40,1.875,0.543289521744095,1.17547339054045e-05,0.0416666666666667,"incremento"
620856253,"pd",40,0.138706667996043,0.516673032206199,3.08928252066841e-05,0.00308237039991208,"incremento"
620856255,"cohesion",40,95.1575034131144,0.144964750797222,0.191891332931823,0.00413565113411588,"sin tendencia"
620856255,"ed",40,30.7102838649522,0.591404868296631,8.32958283447221e-08,0.173646149966953,"incremento"
620856255,"lpi",40,5.37797916599478,-0.179708995611425,0.10752688473726,-0.00417852394825341,"sin tendencia"
620856255,"mesh",40,13.107633383587,0.278383636486701,0.0118427949981833,0.0372813202793179,"incremento"
620856255,"np",40,56.875,0.516055048807966,5.93595712270281e-06,0.2,"incremento"
620856255,"pd",40,1.98817513306136,0.517388524386281,5.61502755450487e-06,0.00699138508329268,"incremento"
620857620,"cohesion",40,99.8434403314569,-0.117651212954243,0.293763925414411,-0.00126545964899005,"sin tendencia"
620857620,"ed",40,17.9027948067813,-0.404668457743713,0.000273004005165296,-0.294649273450613,"descenso"
620857620,"lpi",40,92.448467001559,-0.115065472010193,0.304623343368285,-0.045406981279053,"sin tendencia"
620857620,"mesh",40,911.807664916798,-0.115065472010193,0.304623343368285,-0.886252481121871,"sin tendencia"
620857620,"np",40,5.225,0.273785051601956,0.0181872466160248,0.0816666666666667,"incremento"
620857620,"pd",40,0.490509834044585,0.28059562502489,0.0154851866123203,0.00766666088299351,"incremento"
620857629,"cohesion",40,99.7596228477017,-0.475214099791725,1.78354307380765e-05,-0.00331099549638178,"descenso"
620857629,"ed",40,57.8498343917407,0.421124690059334,0.000144269400633793,0.36238678878696,"incremento"
620857629,"lpi",40,70.6031254634436,-0.678693307832626,8.65255375934511e-10,-0.414825567761946,"descenso"
620857629,"mesh",40,1247.45318191647,-0.681268994010359,7.47058384184495e-10,-14.4016774324481,"descenso"
620857629,"np",40,35.7,0.297384449369276,0.00826097109346627,0.272727272727273,"incremento"
620857629,"pd",40,1.43465686983054,0.29083413110123,0.00980079961390501,0.0109599455296451,"incremento"
620857635,"cohesion",40,99.595446606139,-0.726120008740991,5.96838389393255e-11,-0.0240250674727242,"descenso"
620857635,"ed",40,29.1578354518036,0.585670323827163,1.33983963881077e-07,0.783864558474922,"incremento"
620857635,"lpi",40,86.9812016218209,-0.733872179652817,3.72753462363952e-11,-0.569169127960134,"descenso"
620857635,"mesh",40,192.067002717113,-0.733872179652817,3.72753462363952e-11,-2.50048359678116,"descenso"
620857635,"np",40,3.7,0.637903335577856,6.44088408090945e-08,0.125,"incremento"
620857635,"pd",40,1.47823985607385,0.635068209641955,7.36514301321243e-08,0.0499405356781704,"incremento"
620858957,"cohesion",40,70.8929211331168,0.0477119573655563,0.67470923054585,0.0157396862063101,"sin tendencia"
620858957,"ed",40,2.7514888936992,-0.271679962471352,0.0147759045702805,-0.0126952941261519,"descenso"
620858957,"lpi",40,0.109751614766581,-0.0261380638258996,0.83732087173501,0,"sin tendencia"
620858957,"mesh",40,0.0046783358970529,-0.07096921893772,0.528967232742525,-3.8931052245966e-06,"sin tendencia"
620858957,"np",40,7.625,-0.238069120238952,0.0486378646383977,0,"descenso"
620858957,"pd",40,0.434007723099733,-0.227845292989427,0.0592204277513668,-2.22044604925031e-17,"sin tendencia"
620858999,"cohesion",40,99.9852939774067,0.0530076893530104,0.640770070163387,3.92527248352062e-05,"sin tendencia"
620858999,"ed",40,10.8654658997614,-0.465130254709532,2.81856545281628e-05,-0.301885582900636,"descenso"
620858999,"lpi",40,97.6481268011527,0.422302467921599,0.000149390162375555,0.0627654330350369,"incremento"
620858999,"mesh",40,1526.54437716565,0.41759716246396,0.000172436950004092,1.95363588447419,"incremento"
620858999,"np",40,1.775,0.299843942587456,0.0166585332675089,0,"descenso"
620858999,"pd",40,0.110889865175273,0.299843942587456,0.0166585332675089,0,"descenso"
620859003,"cohesion",40,99.9839548402641,0.538666950134556,1.16204044025895e-06,0.000185842737718983,"incremento"
620859003,"ed",40,8.68704071902317,-0.601422722500639,5.54306023360918e-08,-0.155327583277952,"descenso"
620859003,"lpi",40,97.792228002312,0.613410211158011,3.05504656717896e-08,0.0498810635365259,"incremento"
620859003,"mesh",40,1985.98731508035,0.613410211158011,3.05504656717896e-08,2.04681321295992,"incremento"
620859003,"np",40,2.5,-0.351431748002757,0.00561344311781683,0,"descenso"
620859003,"pd",40,0.120482569289838,-0.263103982461957,0.0384790709620509,0,"descenso"
620859005,"cohesion",40,99.6103499110639,0.15803957388477,0.157776197990978,0.00403382349830214,"sin tendencia"
620859005,"ed",40,36.991215838274,-0.359062622670979,0.00127154111344425,-0.644429758666945,"descenso"
620859005,"lpi",40,84.8212435233161,0.0947508752472501,0.400503950738773,0.062432034798183,"sin tendencia"
620859005,"mesh",40,193.114847339488,0.0932692567188807,0.407174945408953,0.289655995221069,"sin tendencia"
620859005,"np",40,5,0.0323763878747502,0.792728691427153,0,"sin tendencia"
620859005,"pd",40,1.87203693676733,0.0323763878747502,0.792728691427153,0,"sin tendencia"
620859011,"cohesion",40,99.8275802076044,-0.757742025548132,7.6950573820615e-12,-0.0107394255498431,"descenso"
620859011,"ed",40,29.819884381101,0.739700548749367,2.3750940050137e-11,1.12109965089994,"incremento"
620859011,"lpi",40,90.4833308528055,-0.76210180548767,6.00376378152054e-12,-0.527270021242339,"descenso"
620859011,"mesh",40,512.143404990275,-0.76210180548767,6.00376378152054e-12,-5.96584538508994,"descenso"
620859011,"np",40,5.675,0.797956792523908,6.3294414142769e-12,0.363333333333333,"incremento"
620859011,"pd",40,0.915491258757038,0.782796991629671,1.57031993793416e-11,0.0586129498998632,"incremento"
620859032,"cohesion",40,99.9998545418896,0.310316445417088,0.0202437444741189,0,"descenso"
620859032,"ed",40,0.238866823588459,-0.310316445417088,0.0202437444741189,0,"descenso"
620859032,"lpi",40,99.9530092853652,0.310316445417088,0.0202437444741189,0,"descenso"
620859032,"mesh",40,2451.87089180471,0.310316445417088,0.0202437444741189,0,"descenso"
620859032,"np",40,1,NA,NA,NA,"sin tendencia"
620859032,"pd",40,0.0407469413325921,NA,NA,NA,"sin tendencia"
620860352,"cohesion",40,99.772263071817,0.718795288428261,1.3950877092559e-08,0.00111993107441518,"incremento"
620860352,"ed",40,5.07870271543028,-0.718795288428261,1.3950877092559e-08,-0.247915966719115,"descenso"
620860352,"lpi",40,96.6936353829558,0.718795288428261,1.3950877092559e-08,0.0652619584658418,"incremento"
620860352,"mesh",40,80.4797348533396,0.718795288428261,1.3950877092559e-08,0.110846226672102,"incremento"
620860352,"np",40,1.3,-0.511408311956759,0.000120755812907407,0,"descenso"
620860352,"pd",40,1.52004552567936,-0.511408311956759,0.000120755812907407,0,"descenso"
620860360,"cohesion",40,90.4704165669187,0.590031582457351,1.63952267788292e-06,0.0106114207709821,"incremento"
620860360,"ed",40,5.70372708807683,-0.396875463392029,0.001280999159029,-0.210103134314055,"descenso"
620860360,"lpi",40,62.280701754386,NA,NA,NA,"sin tendencia"
620860360,"mesh",40,4.71864474794867,0.197683215605916,0.110085139958188,0,"sin tendencia"
620860360,"np",40,4.575,-0.440018152827836,0.000931241406309806,0,"descenso"
620860360,"pd",40,43.498995111635,-0.440018152827836,0.000931241406309806,0,"descenso"
620860367,"cohesion",40,99.99846733227,-0.571204437836333,7.98167718004311e-07,-7.93648957410617e-05,"descenso"
620860367,"ed",40,1.28949302474289,0.58792287465164,3.23797901311647e-07,0.0660316474701062,"incremento"
620860367,"lpi",40,99.7610880663689,-0.571204437836333,7.98167718004311e-07,-0.0123405276564172,"descenso"
620860367,"mesh",40,575.519410831603,-0.571204437836333,7.98167718004311e-07,-0.142184004776596,"descenso"
620860367,"np",40,1,NA,NA,NA,"sin tendencia"
620860367,"pd",40,0.172927470701957,NA,NA,NA,"sin tendencia"
620860375,"cohesion",40,99.9986827212919,0.503838601345984,1.06099493921233e-05,2.39128283409252e-05,"incremento"
620860375,"ed",40,1.17940970813785,-0.43937489828963,0.00010541303070835,-0.0226630263168454,"descenso"
620860375,"lpi",40,99.7938377888537,0.509198586466686,8.53385172018176e-06,0.00443253679005582,"incremento"
620860375,"mesh",40,811.106595601107,0.509198586466686,8.53385172018176e-06,0.0720592807465486,"incremento"
620860375,"np",40,1.025,-0.0286675381730742,0.86244766658129,0,"sin tendencia"
620860375,"pd",40,0.125850376194833,-0.0286675381730742,0.86244766658129,0,"sin tendencia"
620860380,"cohesion",40,99.9925334192716,0.0897953504299952,0.427186822692435,2.6705001274382e-05,"sin tendencia"
620860380,"ed",40,7.0282174159774,-0.117959200949672,0.293632499180005,-0.0330056232552984,"sin tendencia"
620860380,"lpi",40,98.7355011077805,0.0897953504299952,0.427186822692435,0.00459978074378518,"sin tendencia"
620860380,"mesh",40,690.25926559658,0.0897953504299952,0.427186822692435,0.0648860951454721,"sin tendencia"
620860380,"np",40,1,NA,NA,NA,"sin tendencia"
620860380,"pd",40,0.141262789829344,Inf,0,0,"descenso"
620860381,"cohesion",40,99.8249622756609,0.085496818658974,0.447954529234436,0.000557376931935709,"sin tendencia"
620860381,"ed",40,41.6800035097766,-0.375667839562158,0.000741185812045397,-0.431525174701183,"descenso"
620860381,"lpi",40,87.1361474435196,-0.0598240660800397,0.598945696486593,-0.0134830983523011,"sin tendencia"
620860381,"mesh",40,295.010809162044,-0.0673611298525249,0.551583252458402,-0.0936976944138097,"sin tendencia"
620860381,"np",40,4.075,-0.250190038206972,0.0328956644591246,-0.0526315789473684,"descenso"
620860381,"pd",40,1.0503997026236,-0.252954569015889,0.0310011189628458,-0.013566673588939,"descenso"
620861702,"cohesion",40,65.3172816596047,-0.498074864812257,6.49614319169039e-06,-0.2940394631534,"descenso"
620861702,"ed",40,7.27806807397397,-0.393317494987955,0.000378654297914925,-0.108871624143197,"descenso"
620861702,"lpi",40,0.203097442680776,-0.50515300706258,1.14170644276459e-05,-0.00415735419327373,"descenso"
620861702,"mesh",40,0.0102906208484365,-0.685494788169447,5.27005780043537e-10,-0.000315257679910596,"descenso"
620861702,"np",40,15.25,-0.176632297808572,0.123991384277992,-0.0769230769230769,"sin tendencia"
620861702,"pd",40,1.82204785515898,-0.159236692721365,0.165873685163873,-0.00919065752917514,"sin tendencia"
620861736,"cohesion",40,89.8966197430971,0.306045635495269,0.012914474602699,0,"descenso"
620861736,"ed",40,17.977570189027,-0.324317016718867,0.00840663626399705,0,"descenso"
620861736,"lpi",40,55.3289473684211,0.316905211304208,0.0103748131949882,0,"descenso"
620861736,"mesh",40,1.62478380865479,0.316905211304208,0.0103748131949882,0,"descenso"
620861736,"np",40,3,NA,NA,NA,"sin tendencia"
620861736,"pd",40,85.5717936622328,NA,NA,NA,"sin tendencia"
620861742,"cohesion",40,99.9749498910453,0.511273706279986,3.89627756464013e-06,0.000439513232401052,"incremento"
620861742,"ed",40,18.9013078942817,-0.591119977789707,9.3111611064825e-08,-0.181354253731085,"descenso"
620861742,"lpi",40,95.3121709833649,0.486146160184182,1.16379601671925e-05,0.0380197000538184,"incremento"
620861742,"mesh",40,1990.29559690681,0.482941158324924,1.29855328104349e-05,1.599570583581,"incremento"
620861742,"np",40,3.15,-0.381890753289818,0.00142997593074414,-0.0526315789473684,"descenso"
620861742,"pd",40,0.143790885117839,-0.344956241967165,0.00351765517216265,-0.00240252105460049,"descenso"
620861751,"cohesion",40,99.9996944512459,0.0578400475185696,0.625612969593182,0,"sin tendencia"
620861751,"ed",40,0.541582757707702,0.00547226857677694,0.971549783637994,0,"sin tendencia"
620861751,"lpi",40,99.9241989935665,0.0578400475185696,0.625612969593182,0,"sin tendencia"
620861751,"mesh",40,1446.17554447543,0.0578400475185696,0.625612969593182,0,"sin tendencia"
620861751,"np",40,1,NA,NA,NA,"sin tendencia"
620861751,"pd",40,0.069043212076456,NA,NA,NA,"sin tendencia"
620861756,"cohesion",40,99.9852927608459,-0.4512117947366,4.9153751526183e-05,-0.000348640045629786,"descenso"
620861756,"ed",40,17.0262710444169,0.387608545591276,0.000487075972291587,0.37759625351991,"incremento"
620861756,"lpi",40,96.7731546605464,-0.430525867184206,0.000107518929960686,-0.0780378170675838,"descenso"
620861756,"mesh",40,1167.40384285085,-0.430525867184206,0.000107518929960686,-1.89747080783287,"descenso"
620861756,"np",40,1.05,0.312147236790425,0.0199576283902411,0,"descenso"
620861756,"pd",40,0.0842603728220698,-0.0903584106498598,0.514659129669216,0,"sin tendencia"
620861757,"cohesion",40,99.7506869156684,-0.331852382023895,0.00299049271865321,-0.00541710381820419,"descenso"
620861757,"ed",40,42.2185867239818,0.438565697027658,8.5970139358758e-05,0.464299744782788,"incremento"
620861757,"lpi",40,83.7241741927502,-0.644184035693444,7.75047453560331e-09,-0.498798183135681,"descenso"
620861757,"mesh",40,526.539586456301,-0.644184035693444,7.75047453560331e-09,-6.28413158345504,"descenso"
620861757,"np",40,7.85,0.169263561913544,0.148155989472748,0.0606617647058824,"sin tendencia"
620861757,"pd",40,1.05266468921402,0.177520321031278,0.129217683900719,0.00813458569315815,"sin tendencia"
620861761,"cohesion",40,99.9948219003078,0.447041855915272,5.73117428520575e-05,4.23609849613784e-05,"incremento"
620861761,"ed",40,7.00728465117508,-0.463235447248027,2.98430117498013e-05,-0.0899172781085864,"descenso"
620861761,"lpi",40,98.4994534113562,0.447041855915272,5.73117428520575e-05,0.0147811144692379,"incremento"
620861761,"mesh",40,2785.81221301152,0.447041855915272,5.73117428520575e-05,0.845390090704749,"incremento"
620861761,"np",40,1.55,-0.314771017440323,0.016519899486258,0,"descenso"
620861761,"pd",40,0.0540177335509561,-0.400841217521661,0.00222913231314843,0,"descenso"
620861764,"cohesion",40,99.991721612874,-0.0332567048794864,0.805261785776594,0,"sin tendencia"
620861764,"ed",40,2.57847935968376,0.0332567048794864,0.805261785776594,0,"sin tendencia"
620861764,"lpi",40,99.4961795606495,-0.0332567048794864,0.805261785776594,0,"sin tendencia"
620861764,"mesh",40,95.6404576638561,-0.0332567048794864,0.805261785776594,0,"sin tendencia"
620861764,"np",40,1,NA,NA,NA,"sin tendencia"
620861764,"pd",40,1.03525251804038,NA,NA,NA,"sin tendencia"
620861765,"cohesion",40,100,NA,NA,NA,"sin tendencia"
620861765,"ed",40,0,NA,NA,NA,"sin tendencia"
620861765,"lpi",40,100,NA,NA,NA,"sin tendencia"
620861765,"mesh",40,1246.13737731407,NA,NA,NA,"sin tendencia"
620861765,"np",40,1,NA,NA,NA,"sin tendencia"
620861765,"pd",40,0.0802479741162569,NA,NA,NA,"sin tendencia"
620863078,"cohesion",40,93.8853433611394,0.168056481012709,0.129838942746461,0.0181148834808171,"sin tendencia"
620863078,"ed",40,50.7998601449234,-0.196279706831637,0.0765478206239537,-0.0345078280080851,"sin tendencia"
620863078,"lpi",40,3.79786206063534,0.134961885535083,0.225498332963457,0.0131971565719603,"sin tendencia"
620863078,"mesh",40,6.17119648563865,0.283515132090142,0.0103652078629393,0.0508547403157978,"incremento"
620863078,"np",40,55.175,-0.0908655771089898,0.431587833156923,-0.0289915966386555,"sin tendencia"
620863078,"pd",40,2.40788744188,-0.0881930601351959,0.445463099106687,-0.00126521978189884,"sin tendencia"
620863105,"cohesion",40,99.947928838379,0.586649994796926,1.62899780944903e-07,0.000388208094296516,"incremento"
620863105,"ed",40,8.00625415218865,-0.504000634314065,6.78467748342516e-06,-0.202979872075435,"descenso"
620863105,"lpi",40,95.1032059727712,0.57097115306516,3.44964402278881e-07,0.0494805060603717,"incremento"
620863105,"mesh",40,2117.50320084323,0.57097115306516,3.44964402278881e-07,2.24852357833197,"incremento"
620863105,"np",40,2.1,-0.702080907160388,3.84881939907556e-08,-0.0350985221674877,"descenso"
620863105,"pd",40,0.09087753868389,-0.702080907160388,3.84881939907556e-08,-0.0015188891933444,"descenso"
620863106,"cohesion",40,99.8119149658533,-0.00771210774486187,0.95353277077713,-3.06210509182637e-06,"sin tendencia"
620863106,"ed",40,32.1549172508031,0.304324917250576,0.00614549901939125,0.0339766559943599,"incremento"
620863106,"lpi",40,81.4519492679605,-0.58945098303926,1.00017286104931e-07,-0.0312856536984286,"descenso"
620863106,"mesh",40,719.407678316876,-0.591261593772743,8.83061236309703e-08,-0.556741734749148,"descenso"
620863106,"np",40,9.9,-0.0100826808976265,0.94618544861535,0,"sin tendencia"
620863106,"pd",40,0.913406786257596,-0.0100826808976265,0.94618544861535,0,"sin tendencia"
620863118,"cohesion",40,99.7221227808803,-0.0734070560653884,0.513829491210071,-0.00038886432613407,"sin tendencia"
620863118,"ed",40,85.6200629695098,-0.53187919570185,1.5601032915717e-06,-0.602141708731668,"descenso"
620863118,"lpi",40,66.881694255112,-0.0631043113544567,0.575740741621011,-0.0315127910064614,"sin tendencia"
620863118,"mesh",40,427.157502150166,-0.0631043113544567,0.575740741621011,-0.423632344047229,"sin tendencia"
620863118,"np",40,8.3,-0.15195256117284,0.187784663808419,-0.0555555555555556,"sin tendencia"
620863118,"pd",40,0.875992980235905,-0.150607848242107,0.191756462940326,-0.00586340682888825,"sin tendencia"
620863127,"cohesion",40,99.9996477199652,-0.0358549612423202,0.760432235407822,0,"sin tendencia"
620863127,"ed",40,0.674473501096065,0.112996542528884,0.315493401329778,0.00396714176495674,"sin tendencia"
620863127,"lpi",40,99.8897265782067,-0.0358549612423202,0.760432235407822,0,"sin tendencia"
620863127,"mesh",40,2289.41591002397,-0.0358549612423202,0.760432235407822,0,"sin tendencia"
620863127,"np",40,1,NA,NA,NA,"sin tendencia"
620863127,"pd",40,0.043583007091146,-Inf,0,0,"descenso"
620863132,"cohesion",40,99.9964527245021,-0.0633506531292075,0.575515684981525,-1.00593722791587e-05,"sin tendencia"
620863132,"ed",40,5.88208421555429,0.0555934302970596,0.624166802352048,0.0129482346928285,"sin tendencia"
620863132,"lpi",40,98.9993465317779,-0.0633506531292075,0.575515684981525,-0.00283515313284519,"sin tendencia"
620863132,"mesh",40,1868.12536579293,-0.0633506531292075,0.575515684981525,-0.107158085405399,"sin tendencia"
620863132,"np",40,1,NA,NA,NA,"sin tendencia"
620863132,"pd",40,0.0524666918225189,-Inf,0,0,"descenso"
620863137,"cohesion",40,99.9596704576905,-0.682961729942284,6.51556305253368e-10,-0.00168900700115872,"descenso"
620863137,"ed",40,33.6201175671993,0.655936549326529,3.17125196032504e-09,1.01829435849025,"incremento"
620863137,"lpi",40,91.7440073755378,-0.721547138413599,6.70596413219054e-11,-0.30889708017858,"descenso"
620863137,"mesh",40,1646.68115086309,-0.721547138413599,6.70596413219054e-11,-11.0565868039662,"descenso"
620863137,"np",40,4.2,0.765634585829562,7.97841807865714e-11,0.181818181818182,"incremento"
620863137,"pd",40,0.215234240589468,0.776852674999226,4.21163421899746e-11,0.00931749959261768,"incremento"
620863139,"cohesion",40,99.9999116898393,0.588450437523802,4.30195609043079e-06,0,"descenso"
620863139,"ed",40,0.129789419420281,-0.594891258828307,2.83954379419151e-06,0,"descenso"
620863139,"lpi",40,99.9732184942366,0.588450437523802,4.30195609043079e-06,0,"descenso"
620863139,"mesh",40,2151.88718747989,0.588450437523802,4.30195609043079e-06,0,"descenso"
620863139,"np",40,1,NA,NA,NA,"sin tendencia"
620863139,"pd",40,0.0464459607656632,NA,NA,NA,"sin tendencia"
620864482,"cohesion",40,99.5069488452321,-0.412332171941288,0.000192172165366764,-0.00205952959408585,"descenso"
620864482,"ed",40,36.3453701485537,0.603218552434898,4.91010046461626e-08,0.0768847986870285,"incremento"
620864482,"lpi",40,67.8038476537112,0.0723535951770383,0.521233108912458,0.00228049650969983,"sin tendencia"
620864482,"mesh",40,652.779399159957,0.078355957907846,0.484424263686257,0.0451662494500203,"sin tendencia"
620864482,"np",40,23.475,0.491155312740829,2.77592390686988e-05,0.115384615384615,"incremento"
620864482,"pd",40,1.65376139642954,0.491155312740829,2.77592390686988e-05,0.00812858882491787,"incremento"
620864508,"cohesion",40,99.9999403938706,-0.0856545517016648,0.486243783770831,0,"sin tendencia"
620864508,"ed",40,0.131464484188729,0.101507233347184,0.409741106100348,0,"sin tendencia"
620864508,"lpi",40,99.9771437790745,-0.0856545517016648,0.486243783770831,0,"sin tendencia"
620864508,"mesh",40,3429.4386043988,-0.0856545517016648,0.486243783770831,0,"sin tendencia"
620864508,"np",40,1,NA,NA,NA,"sin tendencia"
620864508,"pd",40,0.0291459675277174,-Inf,0,0,"descenso"
620864513,"cohesion",40,99.9999378651242,-0.0591678420410385,0.62390465011223,0,"sin tendencia"
620864513,"ed",40,0.121352512871419,0.106084844500605,0.370664891910613,0,"sin tendencia"
620864513,"lpi",40,99.9821685016754,-0.0591678420410385,0.62390465011223,0,"sin tendencia"
620864513,"mesh",40,1926.59568839896,-0.0591678420410385,0.62390465011223,0,"sin tendencia"
620864513,"np",40,1,NA,NA,NA,"sin tendencia"
620864513,"pd",40,0.0518865192143744,NA,NA,NA,"sin tendencia"
620864518,"cohesion",40,99.939645816253,-0.0945028358813085,0.400824858223388,-0.000251253220207032,"sin tendencia"
620864518,"ed",40,30.0177440679607,-0.278330270061388,0.0125210293111669,-0.13770047304766,"descenso"
620864518,"lpi",40,91.8805284153321,0.125572261376533,0.262629121078109,0.0235172752159272,"sin tendencia"
620864518,"mesh",40,1347.55731511308,0.125572261376533,0.262629121078109,0.691047334824347,"sin tendencia"
620864518,"np",40,7.225,-0.0645826214678319,0.58621805111616,0,"sin tendencia"
620864518,"pd",40,0.452751651538148,-0.0700790147842432,0.554080105340649,0,"sin tendencia"
620865871,"cohesion",40,99.3833468393798,-0.683974549271792,7.63400519269359e-10,-0.0339164528144246,"descenso"
620865871,"ed",40,70.3037424957918,-0.297943458963091,0.0075083332727848,-0.193743275516119,"descenso"
620865871,"lpi",40,51.8759913711059,-0.64942373270094,5.29745851528201e-09,-1.0916978618108,"descenso"
620865871,"mesh",40,457.638192073871,-0.689156174645063,5.68036610164153e-10,-14.5146857824347,"descenso"
620865871,"np",40,18.125,0.429745425612626,0.000189254670230035,0.142857142857143,"incremento"
620865871,"pd",40,1.24648547860463,0.421637021355784,0.000249971697595172,0.00982451608752421,"incremento"
620865922,"cohesion",40,96.0599466159342,NA,NA,NA,"sin tendencia"
620865922,"ed",40,0,NA,NA,NA,"sin tendencia"
620865922,"lpi",40,47.4412171507607,NA,NA,NA,"sin tendencia"
620865922,"mesh",40,22.2532165194789,NA,NA,NA,"sin tendencia"
620865922,"np",40,5,NA,NA,NA,"sin tendencia"
620865922,"pd",40,7.49591553518867,NA,NA,NA,"sin tendencia"
620867267,"cohesion",40,99.998098767139,-0.33977379733171,0.00389155611675228,-1.79596141015539e-05,"descenso"
620867267,"ed",40,1.28956733022577,0.33977379733171,0.00388467205486968,0.0159025097488009,"incremento"
620867267,"lpi",40,99.6995740797079,-0.33977379733171,0.00389155611675228,-0.00287478088284317,"descenso"
620867267,"mesh",40,602.896413988315,-0.33977379733171,0.00389155611675228,-0.0348583269540386,"descenso"
620867267,"np",40,1,NA,NA,NA,"sin tendencia"
620867267,"pd",40,0.164878215148811,-Inf,0,0,"descenso"
620867284,"cohesion",40,99.9999794363985,0.310316445417088,0.0202437444741189,0,"descenso"
620867284,"ed",40,0.0326021909304535,-0.310316445417088,0.0202437444741189,0,"descenso"
620867284,"lpi",40,99.9944985421137,0.310316445417088,0.0202437444741189,0,"descenso"
620867284,"mesh",40,1676.80073430373,0.310316445417088,0.0202437444741189,0,"descenso"
620867284,"np",40,1,NA,NA,NA,"sin tendencia"
620867284,"pd",40,0.0596308184182364,NA,NA,NA,"sin tendencia"
620868630,"cohesion",40,99.995280110998,0.557755252173516,5.52453876827068e-07,0.000128385777320615,"incremento"
620868630,"ed",40,5.6703310861538,-0.469311981344945,2.41554328770984e-05,-0.120931294264767,"descenso"
620868630,"lpi",40,98.9205341990703,0.557755252173516,5.52453876827068e-07,0.0291776982313547,"incremento"
620868630,"mesh",40,1223.5520047596,0.557755252173516,5.52453876827068e-07,0.721049488660437,"incremento"
620868630,"np",40,1,NA,NA,NA,"sin tendencia"
620868630,"pd",40,0.0799756058723738,Inf,0,0,"descenso"
620868655,"cohesion",40,99.7204253622625,-0.0787624766305895,0.484087723276018,-0.000992728155895092,"sin tendencia"
620868655,"ed",40,33.3158869519276,0.125245249724052,0.262888927708033,0.335117182328355,"sin tendencia"
620868655,"lpi",40,89.4048507462687,-0.167656934464594,0.135138821245907,-0.0881953867028487,"sin tendencia"
620868655,"mesh",40,98.9906387103195,-0.160211532177728,0.151409377361871,-0.203006550479553,"sin tendencia"
620868655,"np",40,3.325,-0.0016326013845308,1,0,"sin tendencia"
620868655,"pd",40,2.68955127592615,-0.0114282096917156,0.938582223761505,0,"sin tendencia"
620870019,"cohesion",40,94.3204197484031,0.21451549132148,0.0530558986732045,0.0102940161964947,"sin tendencia"
620870019,"ed",40,60.8714415123015,-0.733463146973444,3.08527312281765e-11,-0.197405281891874,"descenso"
620870019,"lpi",40,5.88970495523894,0.145620491304318,0.191659991489061,0.0116914471976885,"sin tendencia"
620870019,"mesh",40,7.15815767043893,0.0218369063021866,0.852088339058759,0.00382660646358124,"sin tendencia"
620870019,"np",40,43.4,-0.22801181969456,0.0486569482989086,-0.0714285714285714,"descenso"
620870019,"pd",40,2.96568322842337,-0.236158954657243,0.0402124739094898,-0.00488097963861645,"descenso"
620870031,"cohesion",40,99.9967639005884,0.341095520120323,0.00216119092184923,5.33381476742534e-05,"incremento"
620870031,"ed",40,1.73283990585966,-0.157015327359803,0.158417614824831,-0.0207719174252104,"sin tendencia"
620870031,"lpi",40,99.6331534714927,0.379856374679451,0.000633149086646045,0.012120868459208,"incremento"
620870031,"mesh",40,1917.9400485547,0.379856374679451,0.000633149086646045,0.466655983643195,"incremento"
620870031,"np",40,1.2,-0.219310180174576,0.101023538609856,0,"sin tendencia"
620870031,"pd",40,0.0621092189698185,-0.154412269714753,0.250296797503512,0,"sin tendencia"
620871330,"cohesion",40,70.8429858311043,0.107830640835643,0.333460472630333,0.0765702111723787,"sin tendencia"
620871330,"ed",40,4.21141399940418,0.255620256125596,0.021033939383641,0.0329729802182796,"incremento"
620871330,"lpi",40,0.176323814804547,0.114027548340576,0.33374680856382,0,"sin tendencia"
620871330,"mesh",40,0.0145178821706053,0.201670252320194,0.069074588368889,7.6903510206049e-05,"sin tendencia"
620871330,"np",40,12.075,0.509790480097141,1.1326482234227e-05,0.133333333333333,"incremento"
620871330,"pd",40,0.725711441122179,0.50429408678073,1.40740022855638e-05,0.00801337685159066,"incremento"
620871382,"cohesion",40,99.9548604774084,-0.183468044913204,0.10002509242329,-0.000393360387191658,"sin tendencia"
620871382,"ed",40,31.082611221626,-0.0387608545591276,0.735153541974541,-0.0512180007773386,"sin tendencia"
620871382,"lpi",40,90.6311421380633,-0.0439289685003447,0.700283888685021,-0.0104059112028915,"sin tendencia"
620871382,"mesh",40,2531.5106465994,-0.0439289685003447,0.700283888685021,-0.590382945062241,"sin tendencia"
620871382,"np",40,6.65,0.32852923174076,0.00414703613997613,0.140873015873016,"incremento"
620871382,"pd",40,0.215963489318135,0.324506424821486,0.00463290397292465,0.00457495158777527,"incremento"
620872713,"cohesion",40,76.57633610589,-0.0834940535083605,0.455777310147832,-0.0132629818373195,"sin tendencia"
620872713,"ed",40,6.49995715843454,0.371227407137172,0.000790267134528083,0.0394038117044906,"incremento"
620872713,"lpi",40,0.241780213270142,0.651238192165288,1.22061280302838e-08,0.000987361769352291,"incremento"
620872713,"mesh",40,0.0326722230761024,0.324984546732542,0.00331768981569888,0.000216499197410936,"incremento"
620872713,"np",40,30.5,0.125058302558178,0.279339598647461,0.037037037037037,"sin tendencia"
620872713,"pd",40,0.979242780922684,0.125058302558178,0.279339598647461,0.00118912298836999,"sin tendencia"
620872747,"cohesion",40,99.9608403515219,0.319260586552737,0.0043805780526305,0.00111875487082266,"incremento"
620872747,"ed",40,17.7517689116992,-0.378202852164316,0.000711360620275384,-0.331219146811018,"descenso"
620872747,"lpi",40,95.6357978323854,0.385974609753384,0.00057069814846109,0.100735057409593,"incremento"
620872747,"mesh",40,786.592234531086,0.384415808298193,0.000596373495726122,1.64187845744892,"incremento"
620872747,"np",40,2.4,-0.393650227163714,0.00130528974539395,-0.0454545454545455,"descenso"
620872747,"pd",40,0.279148248445271,-0.393650227163714,0.00130528974539395,-0.0052868986447968,"descenso"
620874089,"cohesion",25,59.6968172921592,-0.0872871560943969,0.581371291183394,0,"sin tendencia"
620874089,"ed",25,0.439274174281391,-0.312110761450366,0.0407301927418468,-0.00414253276387845,"descenso"
620874089,"lpi",25,0.0957785467128028,-0.0872871560943969,0.581371291183394,0,"sin tendencia"
620874089,"mesh",25,0.000696185571986509,-0.116382874792529,0.457379903481481,0,"sin tendencia"
620874089,"np",25,1.28,-0.298319809926711,0.0845457717040103,0,"sin tendencia"
620874089,"pd",25,0.192028237306681,-0.298319809926711,0.0845457717040103,0,"sin tendencia"
620874123,"cohesion",40,99.9563756120769,0.332478643862956,0.00273110715978996,0.00015935168720775,"incremento"
620874123,"ed",40,25.0555295342138,-0.301745892528113,0.00659078135091943,-0.0293894919415712,"descenso"
620874123,"lpi",40,90.0716420534458,0.470298368650749,2.29842798782408e-05,0.0272869784341307,"incremento"
620874123,"mesh",40,2554.50291115609,0.470298368650749,2.29842798782408e-05,1.54889805133288,"incremento"
620874123,"np",40,8.175,-0.226680829488003,0.0582178473141078,0,"sin tendencia"
620874123,"pd",40,0.259638983641708,-0.196360463760309,0.101195524884763,-6.24500451351651e-18,"sin tendencia"
620874129,"cohesion",40,99.9919543569682,0.3682947537517,0.00462408991762012,0,"descenso"
620874129,"ed",40,4.2194070946607,-0.3682947537517,0.00462408991762012,0,"descenso"
620874129,"lpi",40,99.1989954970558,0.3682947537517,0.00462408991762012,0,"descenso"
620874129,"mesh",40,262.241588867078,0.3682947537517,0.00462408991762012,0,"descenso"
620874129,"np",40,1,NA,NA,NA,"sin tendencia"
620874129,"pd",40,0.375444886175366,NA,NA,NA,"sin tendencia"
620874138,"cohesion",40,99.9999394722429,-0.223606797749979,0.0997714364192216,0,"sin tendencia"
620874138,"ed",40,0.0587440547722892,0.223606797749979,0.0997714364192216,0,"sin tendencia"
620874138,"lpi",40,99.9940523394132,-0.223606797749979,0.0997714364192216,0,"sin tendencia"
620874138,"mesh",40,232.648631751612,-0.223606797749979,0.0997714364192216,0,"sin tendencia"
620874138,"np",40,1,NA,NA,NA,"sin tendencia"
620874138,"pd",40,0.429781675808201,NA,NA,NA,"sin tendencia"
620875461,"cohesion",40,91.4276196658401,0.331194111138047,0.00274694687556548,0.0259318833869969,"incremento"
620875461,"ed",40,27.5823517806458,0.752731005475373,9.2803903323928e-12,0.224099994155139,"incremento"
620875461,"lpi",40,2.46227877779458,0.556864277166134,5.29874260526048e-07,0.0182590809731849,"incremento"
620875461,"mesh",40,1.80732847467606,0.672657807117584,1.09904707052301e-09,0.0315431813772181,"incremento"
620875461,"np",40,44.95,0.607574656626705,9.92105989051581e-08,0.344827586206897,"incremento"
620875461,"pd",40,1.84244921033706,0.611580643373694,8.16825433290382e-08,0.0141340892972043,"incremento"
620875503,"cohesion",40,99.8124734182804,0.0463923689111101,0.683213650348499,0.000449124093316063,"sin tendencia"
620875503,"ed",40,66.9281141016255,-0.355674828318511,0.00134427245334467,-0.316777231435531,"descenso"
620875503,"lpi",40,75.2244099181435,0.242271259869131,0.029233560766596,0.156933400815079,"incremento"
620875503,"mesh",40,1318.42053644468,0.242271259869131,0.029233560766596,5.51845671720268,"incremento"
620875503,"np",40,22.1,0.369759350840824,0.000989221038996154,0.333333333333333,"incremento"
620875503,"pd",40,0.951855576539022,0.369759350840824,0.000989221038996154,0.0143567960262296,"incremento"
620875505,"cohesion",40,99.9985420968288,0.413566369857666,0.000214817966928757,1.49200830325608e-05,"incremento"
620875505,"ed",40,2.42178631196842,-0.361919929974941,0.00126246515169376,-0.0234806654868083,"descenso"
620875505,"lpi",40,99.5310438352148,0.413566369857666,0.000214817966928757,0.00488686898304359,"incremento"
620875505,"mesh",40,2493.89360478998,0.413566369857666,0.000214817966928757,0.245612746729092,"incremento"
620875505,"np",40,1,NA,NA,NA,"sin tendencia"
620875505,"pd",40,0.0397269237047023,Inf,0,0,"descenso"
620875514,"cohesion",40,99.9999840705149,-0.0238704958013144,0.874620556135231,0,"sin tendencia"
620875514,"ed",40,0.0257611730371518,0.0238704958013144,0.874620556135231,0,"sin tendencia"
620875514,"lpi",40,99.9960876369327,-0.0238704958013144,0.874620556135231,0,"sin tendencia"
620875514,"mesh",40,1414.76773126204,-0.0238704958013144,0.874620556135231,0,"sin tendencia"
620875514,"np",40,1,NA,NA,NA,"sin tendencia"
620875514,"pd",40,0.0706774508599558,NA,NA,NA,"sin tendencia"
620876832,"cohesion",40,84.3698904398731,-0.142766011343867,0.199825471837528,-0.0477035281430911,"sin tendencia"
620876832,"ed",40,34.9649391909569,0.12799417673044,0.253074376997278,0.037608840691751,"sin tendencia"
620876832,"lpi",40,4.31802604523646,0.111956523752987,0.325635157092949,0.0100881526515523,"sin tendencia"
620876832,"mesh",40,0.283807541971156,0.104180602872552,0.351130235531939,0.0008850079619564,"sin tendencia"
620876832,"np",40,4.875,0.351310124275978,0.00451532329599497,0,"descenso"
620876832,"pd",40,3.62169860085187,0.351310124275978,0.00451532329599497,0,"descenso"
620876837,"cohesion",40,89.8496306532745,0.577664147333804,1.67663253209947e-07,0.0663365319010059,"incremento"
620876837,"ed",40,33.2744872440353,0.873476252087464,2.51939044718927e-15,0.220728345152576,"incremento"
620876837,"lpi",40,1.2988986784141,0.536337177751285,1.24413537511715e-06,0.0141773302566254,"incremento"
620876837,"mesh",40,0.968753054313581,0.693196976800564,3.36921309678893e-10,0.0219627611510948,"incremento"
620876837,"np",40,42.25,0.560498555292662,1.28162247635639e-06,0.232051282051282,"incremento"
620876837,"pd",40,2.01740843936847,0.560498555292662,1.28162247635639e-06,0.0110802891071368,"incremento"
620876864,"cohesion",40,92.1349270797761,-0.283515132090142,0.0103652078629393,-0.0222812383657337,"descenso"
620876864,"ed",40,54.516288907672,-0.237331671659169,0.0320380247845667,-0.131591444573904,"descenso"
620876864,"lpi",40,2.54981220227189,-0.327323936206166,0.00318342939570873,-0.00756269217901127,"descenso"
620876864,"mesh",40,3.2605589440259,-0.316869853512512,0.00415236123383932,-0.0293552036414024,"descenso"
620876864,"np",40,67.95,-0.210357793234533,0.0616416349241462,-0.166666666666667,"sin tendencia"
620876864,"pd",40,3.37356370488658,-0.203824942512963,0.070224060940153,-0.00827462277382034,"sin tendencia"
620876879,"cohesion",40,99.899325236675,0.464911355080794,2.70322221097809e-05,0.00133397272677972,"incremento"
620876879,"ed",40,42.5630555605695,0.454608610369862,4.06317569600126e-05,0.226405391577752,"incremento"
620876879,"lpi",40,85.63191581688,0.0219217101409313,0.851995595287126,0.00231029467306243,"sin tendencia"
620876879,"mesh",40,1871.52362203817,0.019317646332997,0.870343951963673,0.0998683613041433,"sin tendencia"
620876879,"np",40,21.025,-0.629021298323608,3.00127280182593e-08,-0.4,"descenso"
620876879,"pd",40,0.824083128980026,-0.634329494933933,2.29403796813554e-08,-0.0156781570317246,"descenso"
620876890,"cohesion",40,99.9999387207538,-0.0290848459731714,0.82937465563953,0,"sin tendencia"
620876890,"ed",40,0.112529030266724,0.0292136355889519,0.829275050124896,0,"sin tendencia"
620876890,"lpi",40,99.9830386513158,-0.0290848459731714,0.82937465563953,0,"sin tendencia"
620876890,"mesh",40,1794.37535376621,-0.0290848459731714,0.82937465563953,0,"sin tendencia"
620876890,"np",40,1,NA,NA,NA,"sin tendencia"
620876890,"pd",40,0.0557108031640533,NA,NA,NA,"sin tendencia"
620878225,"cohesion",40,74.2811832019868,-0.594028143677615,1.40152098391891e-07,-0.101010822430086,"descenso"
620878225,"ed",40,18.5952734039076,0.150818006660902,0.195974253343878,9.83794863755479e-13,"sin tendencia"
620878225,"lpi",40,2.08877995642702,-0.48287144786665,0.000106711686754024,-0.004189710072063,"descenso"
620878225,"mesh",40,0.0431495040939635,-0.231972864596209,0.0405934091356812,-7.81663570663e-05,"descenso"
620878225,"np",40,3.95,0.556848498730369,9.31795139019371e-06,0.0344827586206897,"incremento"
620878225,"pd",40,4.6638802573352,0.542770868144489,1.55991892280472e-05,0.0407147992783518,"incremento"
620878240,"cohesion",40,96.5766093346725,-0.334830088124557,0.00244979491811576,-0.00792344838895387,"descenso"
620878240,"ed",40,50.7026845927621,-0.542655660063937,8.78489954730118e-07,-0.157548007825881,"descenso"
620878240,"lpi",40,8.58707059399706,-0.513479242074492,3.32911767954726e-06,-0.0233214393992397,"descenso"
620878240,"mesh",40,30.4662600471634,-0.506735190839847,4.41509627396476e-06,-0.167468459883519,"descenso"
620878240,"np",40,122.1,-0.234403615469248,0.0366106438966008,-0.266666666666667,"descenso"
620878240,"pd",40,3.08648373503413,-0.239612584701898,0.0326154536377211,-0.00674088721820176,"descenso"
620878265,"cohesion",40,99.9999965607418,-0.18920575194229,0.165724350768568,0,"sin tendencia"
620878265,"ed",40,0.00482479299611614,0.18920575194229,0.165724350768568,0,"sin tendencia"
620878265,"lpi",40,99.9990230081579,-0.18920575194229,0.165724350768568,0,"sin tendencia"
620878265,"mesh",40,1888.5896123079,-0.18920575194229,0.165724350768568,0,"sin tendencia"
620878265,"np",40,1,NA,NA,NA,"sin tendencia"
620878265,"pd",40,0.0529485314048304,NA,NA,NA,"sin tendencia"
620878266,"cohesion",40,99.9999622054986,0.112241216441493,0.362734908438897,0,"sin tendencia"
620878266,"ed",40,0.114119096734816,-0.115402940848296,0.349185220440456,0,"sin tendencia"
620878266,"lpi",40,99.9844899302047,0.112241216441493,0.362734908438897,0,"sin tendencia"
620878266,"mesh",40,3924.66423624128,0.112241216441493,0.362734908438897,0,"sin tendencia"
620878266,"np",40,1,NA,NA,NA,"sin tendencia"
620878266,"pd",40,0.0254719852040581,NA,NA,NA,"sin tendencia"
620878271,"cohesion",40,100,NA,NA,NA,"sin tendencia"
620878271,"ed",40,0,NA,NA,NA,"sin tendencia"
620878271,"lpi",40,100,NA,NA,NA,"sin tendencia"
620878271,"mesh",40,233.783380033602,NA,NA,NA,"sin tendencia"
620878271,"np",40,1,NA,NA,NA,"sin tendencia"
620878271,"pd",40,0.427746403468146,NA,NA,NA,"sin tendencia"
620878292,"cohesion",40,99.9901467515129,0.175463801929474,0.174562003014018,0,"sin tendencia"
620878292,"ed",40,2.27053649250475,-0.185831268450635,0.149501133358498,0,"sin tendencia"
620878292,"lpi",40,99.5098522167488,0.201141431480129,0.119036738629453,0,"sin tendencia"
620878292,"mesh",40,92.7468327371458,0.201141431480129,0.119036738629453,0,"sin tendencia"
620878292,"np",40,1.025,0.154804706134601,0.26008721591197,0,"sin tendencia"
620878292,"pd",40,1.094588296599,0.154804706134601,0.26008721591197,0,"sin tendencia"
620879614,"cohesion",40,99.7127908128822,-0.243589743589744,0.0276620923629247,-0.00053350683531348,"descenso"
620879614,"ed",40,20.6145439418443,-0.0102564102564103,0.934998803970505,-0.0050000495576864,"sin tendencia"
620879614,"lpi",40,68.2787740201388,-0.0860631013086178,0.441819164070508,-0.0115336783407545,"sin tendencia"
620879614,"mesh",40,1074.31160233307,-0.0871794871794872,0.435026427854838,-0.380005556997958,"sin tendencia"
620879614,"np",40,11.575,0.036671110394643,0.759187596979563,0,"sin tendencia"
620879614,"pd",40,0.503319739537223,0.0352622205617836,0.768220866635524,0,"sin tendencia"
620879669,"cohesion",40,99.9773541715849,0.507753144674125,5.81320431289443e-05,0,"descenso"
620879669,"ed",40,6.03661676778937,-0.518186428468799,4.07545495501979e-05,0,"descenso"
620879669,"lpi",40,98.9774330042313,0.518186428468799,4.07545495501979e-05,0,"descenso"
620879669,"mesh",40,64.1204569634601,0.518186428468799,4.07545495501979e-05,0,"descenso"
620879669,"np",40,1.025,0.00573350763461485,1,0,"sin tendencia"
620879669,"pd",40,1.56700581247953,1.43911041628833,2.51697694641803e-27,0,"descenso"
620880958,"cohesion",40,97.064228317393,-0.0771210774486187,0.49170613019641,-0.00255328651360696,"sin tendencia"
620880958,"ed",40,94.5806322751563,-0.282037636461756,0.0110493832602918,-0.321590028245738,"descenso"
620880958,"lpi",40,34.9945054945055,-0.144073248663627,0.199275225535269,-0.0505424063116369,"sin tendencia"
620880958,"mesh",40,10.3931810398411,-0.133676534244272,0.229990822316812,-0.0317265785273101,"sin tendencia"
620880958,"np",40,3.2,-0.195071188255855,0.117248067852759,0,"sin tendencia"
620880958,"pd",40,3.81154949059616,-0.18745121996461,0.132386000817928,0,"sin tendencia"
620880990,"cohesion",40,99.7709785086794,0.125641025641026,0.25841287570987,0.000546962714620533,"sin tendencia"
620880990,"ed",40,34.5839753670845,0.0794871794871795,0.477262035081051,0.113322997607355,"sin tendencia"
620880990,"lpi",40,69.4615899457128,-0.178319472219592,0.107845711511505,-0.073746312684366,"sin tendencia"
620880990,"mesh",40,600.775202113099,-0.179487179487179,0.105341058564677,-1.30633295863551,"sin tendencia"
620880990,"np",40,8.75,-0.283525084304637,0.0145829588809972,-0.0769230769230769,"descenso"
620880990,"pd",40,0.705302828206847,-0.283525084304637,0.0145829588809972,-0.00620046442379645,"descenso"
620881020,"cohesion",40,99.9969608868042,0.620259684703371,4.24956291651305e-08,4.33395405394776e-05,"incremento"
620881020,"ed",40,3.80421611806768,-0.652857676850894,6.94643392758375e-09,-0.0608460875558888,"descenso"
620881020,"lpi",40,99.3203332071185,0.616712959647493,5.16896937625932e-08,0.00924072771857734,"incremento"
620881020,"mesh",40,1442.29409608969,0.614969623426583,5.53166712105358e-08,0.269918179931811,"incremento"
620881020,"np",40,1.075,-0.15293388567866,0.258606212675379,0,"sin tendencia"
620881020,"pd",40,0.0735329162144484,-0.15293388567866,0.258606212675379,0,"sin tendencia"
620881023,"cohesion",40,99.9952712940417,0.15845492170717,0.157908335871565,3.58128481553166e-05,"sin tendencia"
620881023,"ed",40,4.56328556661311,-0.136106770326544,0.225004335633979,-0.0387645000748944,"sin tendencia"
620881023,"lpi",40,99.2573714786803,0.115670288118983,0.304381918276808,0.00390575292207045,"sin tendencia"
620881023,"mesh",40,829.231172171973,0.114295353362549,0.309943151969229,0.0652337584050631,"sin tendencia"
620881023,"np",40,1.175,-0.355732591345911,0.00759308491605933,0,"descenso"
620881023,"pd",40,0.139602491396057,-0.355732591345911,0.00759308491605933,0,"descenso"
620881032,"cohesion",40,99.9999718755586,-0.473665466715671,0.000373771130742372,0,"descenso"
620881032,"ed",40,0.0405087102873852,0.473665466715671,0.000373771130742372,0,"descenso"
620881032,"lpi",40,99.9938479205972,-0.473665466715671,0.000373771130742372,0,"descenso"
620881032,"mesh",40,1124.58666033525,-0.473665466715671,0.000373771130742372,0,"descenso"
620881032,"np",40,1,NA,NA,NA,"sin tendencia"
620881032,"pd",40,0.0889106214715671,NA,NA,NA,"sin tendencia"
620881045,"cohesion",40,99.9936621219986,-0.506994633946739,6.20943266777402e-06,-0.000179485300193898,"descenso"
620881045,"ed",40,4.21706319671743,0.426795173812233,0.00014197269535465,0.139314639269683,"incremento"
620881045,"lpi",40,98.9498822017563,-0.499134252025084,8.63175217942741e-06,-0.0439831104855738,"descenso"
620881045,"mesh",40,2108.93649765981,-0.499134252025084,8.63175217942741e-06,-1.88098362463312,"descenso"
620881045,"np",40,1.55,0.230806995937221,0.0716322748950305,0,"sin tendencia"
620881045,"pd",40,0.0719665688113873,0.336520123847398,0.00846628243699542,2.27565875343194e-19,"incremento"
620882366,"cohesion",40,98.0833812221182,-0.376365502737687,0.0006670029650595,-0.00559995744226537,"descenso"
620882366,"ed",40,44.1097870240663,0.00900326197664027,0.944249420175442,0.00113647526450906,"sin tendencia"
620882366,"lpi",40,24.3887991383953,-0.280919388852657,0.0117396457445389,-0.0251087690506107,"descenso"
620882366,"mesh",40,30.6517613397837,-0.273603590727397,0.0134915859478293,-0.0625801691508748,"descenso"
620882366,"np",40,7.675,0.128245946803803,0.306957591375349,0,"sin tendencia"
620882366,"pd",40,1.49326952800755,0.128245946803803,0.306957591375349,0,"sin tendencia"
620882396,"cohesion",40,100,NA,NA,NA,"sin tendencia"
620882396,"ed",40,0,NA,NA,NA,"sin tendencia"
620882396,"lpi",40,100,NA,NA,NA,"sin tendencia"
620882396,"mesh",40,1656.50378393975,NA,NA,NA,"sin tendencia"
620882396,"np",40,1,NA,NA,NA,"sin tendencia"
620882396,"pd",40,0.0603681084036916,NA,NA,NA,"sin tendencia"
620882399,"cohesion",40,99.9965458540948,-0.109678894513942,0.33209997839034,-1.24542790435483e-05,"sin tendencia"
620882399,"ed",40,3.3480682137529,-0.0339031751810405,0.770223024976627,-0.000619272945091908,"sin tendencia"
620882399,"lpi",40,99.4294122294201,-0.0183531798561952,0.879186247072475,0,"sin tendencia"
620882399,"mesh",40,1154.53544064673,-0.0117591312988248,0.925514280139799,0,"sin tendencia"
620882399,"np",40,1.25,0.454934252534752,0.000498170471731907,0,"descenso"
620882399,"pd",40,0.107037978589457,0.461495804254003,0.000412120373325655,0,"descenso"
620882400,"cohesion",40,99.9999617478566,0.350966488597776,0.00847589690394159,0,"descenso"
620882400,"ed",40,0.0344817732532123,-0.350966488597776,0.00847589690394159,0,"descenso"
620882400,"lpi",40,99.9904786086073,0.350966488597776,0.00847589690394159,0,"descenso"
620882400,"mesh",40,1453.16584116163,0.350966488597776,0.00847589690394159,0,"descenso"
620882400,"np",40,1,NA,NA,NA,"sin tendencia"
620882400,"pd",40,0.0688021700132209,Inf,0,0,"descenso"
620882403,"cohesion",40,99.9940840956151,0.0534272818312743,0.640375611710113,9.87785685993003e-06,"sin tendencia"
620882403,"ed",40,3.6382878345968,-0.0779286500199197,0.490939673230267,-0.0273839668676976,"sin tendencia"
620882403,"lpi",40,99.2622023223775,0.0534272818312743,0.640375611710113,0.00196811651250073,"sin tendencia"
620882403,"mesh",40,923.837448341954,0.0534272818312743,0.640375611710113,0.0368580598987592,"sin tendencia"
620882403,"np",40,1.15,-0.350966488597776,0.00847589690394159,0,"descenso"
620882403,"pd",40,0.122662447777078,-0.350966488597776,0.00847589690394159,0,"descenso"
620882421,"cohesion",40,99.999804167094,-0.140535228135743,0.258179521284604,0,"sin tendencia"
620882421,"ed",40,0.359187275532173,0.140835838592895,0.258064484510021,0,"sin tendencia"
620882421,"lpi",40,99.9507190676915,-0.140535228135743,0.258179521284604,0,"sin tendencia"
620882421,"mesh",40,1486.85083800175,-0.140535228135743,0.258179521284604,0,"sin tendencia"
620882421,"np",40,1,NA,NA,NA,"sin tendencia"
620882421,"pd",40,0.0671900189925789,-Inf,NA,0,"sin tendencia"
620883720,"cohesion",40,84.451036288603,0.140193650779113,0.208124627384092,0.0180493298345167,"sin tendencia"
620883720,"ed",40,5.30197381383208,0.428298034031602,0.000109078078491402,0.0382924585716826,"incremento"
620883720,"lpi",40,1.12540789083358,0.426964267929273,0.000140644048010207,0.00753581305442058,"incremento"
620883720,"mesh",40,0.0842041355745642,0.441159836855373,6.71945962542853e-05,0.00126607946538051,"incremento"
620883720,"np",40,5.325,0.0552485011424187,0.658919812990102,0,"sin tendencia"
620883720,"pd",40,0.856098706988668,0.0791397448796808,0.523743849402623,0,"sin tendencia"
620883742,"cohesion",40,97.0016138331128,0.34509307933144,0.00179206870543211,0.0114275757512181,"incremento"
620883742,"ed",40,24.5307121227677,-0.252726158469493,0.0223857699008695,-0.0284356358098865,"descenso"
620883742,"lpi",40,12.6664795301434,0.13247656908485,0.234493633935507,0.0297978925548451,"sin tendencia"
620883742,"mesh",40,20.2974615827362,0.116741524978294,0.294332655536664,0.0734120143918433,"sin tendencia"
620883742,"np",40,16.15,-0.405998971470575,0.000433132069314231,-0.181818181818182,"descenso"
620883742,"pd",40,1.51193095441102,-0.405998971470575,0.000433132069314231,-0.0170214574096371,"descenso"
620883766,"cohesion",40,91.1664849098813,0.137444057313763,0.216733304176146,0.00502925807921526,"sin tendencia"
620883766,"ed",40,25.3344364055704,0.697496477769843,2.68165059284729e-10,0.150672410879837,"incremento"
620883766,"lpi",40,2.87289402173913,0.545873097583768,1.23986419577219e-06,0.00709918478260871,"incremento"
620883766,"mesh",40,3.24314076827216,0.59730361355981,6.40243777904943e-08,0.0181982269118504,"incremento"
620883766,"np",40,67.925,0.672922451961619,2.03939191008536e-09,0.506756756756757,"incremento"
620883766,"pd",40,2.00066698560935,0.672922451961619,2.03939191008536e-09,0.0149260436213135,"incremento"
620883775,"cohesion",40,99.96391021131,0.30322198043752,0.00676383947642356,9.86643008083884e-05,"incremento"
620883775,"ed",40,3.07972756740049,-0.417120842548328,0.000180710409976686,-0.0896596219041334,"descenso"
620883775,"lpi",40,98.9594476924991,0.312538153958997,0.00526823471675954,0.0152382137081727,"incremento"
620883775,"mesh",40,726.459962887029,0.311030271779259,0.00546451089515206,0.225444055605357,"incremento"
620883775,"np",40,1.2,0.237213052025562,0.0758711267632391,0,"sin tendencia"
620883775,"pd",40,0.16179764444159,0.237213052025562,0.0758711267632391,0,"sin tendencia"
620885118,"cohesion",40,81.8647698244992,-0.0796917800302393,0.477142400548786,-0.0131890683757444,"sin tendencia"
620885118,"ed",40,34.2499409128305,0.0848331851934806,0.448736629678779,0.0248471475330708,"sin tendencia"
620885118,"lpi",40,1.22041513732439,-0.152715575661734,0.181386411761766,-0.00210943762392946,"sin tendencia"
620885118,"mesh",40,0.2438615469974,-0.154242154897237,0.16548760330211,-0.000456373366558052,"sin tendencia"
620885118,"np",40,30.875,0.168770043245194,0.153253591344859,0.0128205128205128,"sin tendencia"
620885118,"pd",40,4.23562869317026,0.163190868261882,0.167423971320007,0.00175879941582948,"sin tendencia"
620885142,"cohesion",40,83.5820412256053,-0.157218583532095,0.158304496061615,-0.0375653266162717,"sin tendencia"
620885142,"ed",40,43.4688781346127,-0.487752086517421,1.10151677976791e-05,-0.306941191831872,"descenso"
620885142,"lpi",40,3.66943656262667,-0.314884966889309,0.0061514560476363,-0.00848925109693568,"descenso"
620885142,"mesh",40,0.394458953703876,-0.293818336437031,0.00812810158115587,-0.00124781641964185,"descenso"
620885142,"np",40,13.225,0.0635418311189565,0.599174613392021,0,"sin tendencia"
620885142,"pd",40,5.81058031414067,0.0635418311189565,0.599174613392021,0,"sin tendencia"
620885149,"cohesion",40,99.9999670686333,-0.0530457615069556,0.709770859395381,0,"sin tendencia"
620885149,"ed",40,0.0338756689253008,0.0530457615069556,0.709770859395381,0,"sin tendencia"
620885149,"lpi",40,99.9943574083909,-0.0530457615069556,0.709770859395381,0,"sin tendencia"
620885149,"mesh",40,694.813685965484,-0.0530457615069556,0.709770859395381,0,"sin tendencia"
620885149,"np",40,1,NA,NA,NA,"sin tendencia"
620885149,"pd",40,0.143907247263447,NA,NA,NA,"sin tendencia"
620885151,"cohesion",40,99.9995672166421,-0.745412848278173,5.67631009297702e-11,-2.42722897011068e-05,"descenso"
620885151,"ed",40,0.598451547160099,0.762472810843623,2.1600781670459e-11,0.0365678357936059,"incremento"
620885151,"lpi",40,99.9044880559801,-0.745412848278173,5.67631009297702e-11,-0.00536207405024195,"descenso"
620885151,"mesh",40,1144.86253803299,-0.745412848278173,5.67631009297702e-11,-0.122912573254622,"descenso"
620885151,"np",40,1,NA,NA,NA,"sin tendencia"
620885151,"pd",40,0.0871800359012182,-Inf,0,0,"descenso"
620885167,"cohesion",40,90.4097772534619,0.475677430081542,8.01086707173779e-05,0.0102007891932469,"incremento"
620885167,"ed",40,11.203654774689,0.457477261672326,0.000143731748203782,0.440438516938957,"incremento"
620885167,"lpi",40,51.5635451505017,-0.454335713070126,0.000241506833417199,0,"descenso"
620885167,"mesh",40,8.6125363866498,-0.456998749189284,0.000176932481712859,-0.00604842447004656,"descenso"
620885167,"np",40,9.025,0.00573350763461485,1,0,"sin tendencia"
620885167,"pd",40,32.7166629169038,0.00573350763461485,1,0,"sin tendencia"
620885175,"cohesion",40,99.999910271664,0.313845464793906,0.013445516236976,0,"descenso"
620885175,"ed",40,0.162793770904855,-0.322797716436823,0.0108992178387494,0,"descenso"
620885175,"lpi",40,99.978538561912,0.313845464793906,0.013445516236976,0,"descenso"
620885175,"mesh",40,1342.80161152946,0.313845464793906,0.013445516236976,0,"descenso"
620885175,"np",40,1,NA,NA,NA,"sin tendencia"
620885175,"pd",40,0.0744392134029965,Inf,0,0,"descenso"
620886471,"cohesion",2,64.2264972134532,NA,NA,NA,"sin tendencia"
620886471,"ed",2,6.53229744870321,NA,NA,NA,"sin tendencia"
620886471,"lpi",2,0.694444444444445,NA,NA,NA,"sin tendencia"
620886471,"mesh",2,0.00448479473667898,NA,NA,NA,"sin tendencia"
620886471,"np",2,1,NA,NA,NA,"sin tendencia"
620886471,"pd",2,1.07530693094076,NA,NA,NA,"sin tendencia"
620886494,"cohesion",40,97.4908405865001,0.324984546732542,0.00331768981569888,0.00760207187154408,"incremento"
620886494,"ed",40,42.142148991269,-0.110540211009687,0.321877558711664,-0.00726289938516914,"sin tendencia"
620886494,"lpi",40,8.82433752594945,0.861567026451664,6.88410833752554e-15,0.0250190441300468,"incremento"
620886494,"mesh",40,29.1766552702581,0.558767896555951,4.24612707219186e-07,0.17721162984306,"incremento"
620886494,"np",40,41.75,0.189608537300645,0.103483875594175,0.0476190476190476,"sin tendencia"
620886494,"pd",40,1.8420326813087,0.19779307847909,0.0893221120753675,0.00210097825070852,"sin tendencia"
620886518,"cohesion",40,99.9984992649279,-0.5764533751601,3.19769467022645e-06,-4.73234493620006e-05,"descenso"
620886518,"ed",40,1.01009214105333,0.562509612150936,4.83536026716853e-06,0.0175152698861989,"incremento"
620886518,"lpi",40,99.8418700584393,-0.5764533751601,3.19769467022645e-06,-0.0050018097457064,"descenso"
620886518,"mesh",40,267.534266894222,-0.5764533751601,3.19769467022645e-06,-0.0268179656509808,"descenso"
620886518,"np",40,1,NA,NA,NA,"sin tendencia"
620886518,"pd",40,0.372605495482833,-Inf,0,0,"descenso"
620886527,"cohesion",40,99.9948957494521,-0.793637641376159,7.29944779198131e-12,-0.00035578480420504,"descenso"
620886527,"ed",40,3.46308307755141,0.76492756297805,4.14420367048913e-11,0.259187926900307,"incremento"
620886527,"lpi",40,99.1295484660075,-0.793637641376159,7.29944779198131e-12,-0.0678150375428925,"descenso"
620886527,"mesh",40,889.553631175551,-0.793637641376159,7.29944779198131e-12,-1.21407184867081,"descenso"
620886527,"np",40,1.1,0.42966892442366,0.00126648030770279,0,"descenso"
620886527,"pd",40,0.121526890737653,0.716114874039433,7.14539867650835e-08,0,"descenso"
620886573,"cohesion",40,99.9928888270247,-0.189876383645344,0.0901470976790831,-3.09113999154675e-05,"sin tendencia"
620886573,"ed",40,5.19520931851827,0.0169854118760803,0.888307480829781,0,"sin tendencia"
620886573,"lpi",40,98.4092930897538,-0.156062781078365,0.164298527366873,-0.0057686617140902,"sin tendencia"
620886573,"mesh",40,2812.36197341453,-0.156062781078365,0.164298527366873,-0.330604438231365,"sin tendencia"
620886573,"np",40,1.4,0.336967709249193,0.00972270406556212,0,"descenso"
620886573,"pd",40,0.0482120140093279,0.285043856274785,0.0274432910531782,0,"descenso"
620887903,"cohesion",40,99.9985542384519,-0.368698334059786,0.00102159959264906,-2.83915621774137e-05,"descenso"
620887903,"ed",40,1.96145003356401,0.320351607807972,0.00420944306004255,0.0261451970578589,"incremento"
620887903,"lpi",40,99.6535293717242,-0.368698334059786,0.00102159959264906,-0.00680688857123357,"descenso"
620887903,"mesh",40,1345.99962966457,-0.368698334059786,0.00102159959264906,-0.1838107756448,"descenso"
620887903,"np",40,1,NA,NA,NA,"sin tendencia"
620887903,"pd",40,0.0737805041427589,Inf,0,0,"descenso"
620887925,"cohesion",40,100,NA,NA,NA,"sin tendencia"
620887925,"ed",40,0,NA,NA,NA,"sin tendencia"
620887925,"lpi",40,100,NA,NA,NA,"sin tendencia"
620887925,"mesh",40,1696.72854861798,NA,NA,NA,"sin tendencia"
620887925,"np",40,1,NA,NA,NA,"sin tendencia"
620887925,"pd",40,0.0589369466798044,NA,NA,NA,"sin tendencia"
620889232,"cohesion",40,91.6029400061369,0.148908980201603,0.180228799277022,0.0101408178104854,"sin tendencia"
620889232,"ed",40,7.14308706673014,-0.444159544394436,5.81604354655241e-05,-0.0226733068357365,"descenso"
620889232,"lpi",40,1.98229392827731,0.25340261251683,0.0229560533474856,0.00313588117932775,"incremento"
620889232,"mesh",40,1.00893281616189,0.218228677881659,0.0489195482564113,0.00272194251492504,"incremento"
620889232,"np",40,16.95,-0.205679317372614,0.0769424700326017,-0.0526315789473684,"sin tendencia"
620889232,"pd",40,0.687739166684135,-0.196654691594562,0.0897825610334418,-0.00213550432132941,"sin tendencia"
620889235,"cohesion",40,97.0815295279144,-0.221937184848844,0.0450578527496556,-0.012888026889551,"descenso"
620889235,"ed",40,42.8683044705229,0.32776457915663,0.00307472767197205,0.0352204495752064,"incremento"
620889235,"lpi",40,11.7543073399064,-0.361297841864756,0.00114077226361867,-0.085846442285044,"descenso"
620889235,"mesh",40,14.4576058980287,-0.322001349115953,0.00358024633117444,-0.121513748392784,"descenso"
620889235,"np",40,12,-0.143799327135763,0.233444735083615,0,"sin tendencia"
620889235,"pd",40,1.29538020482615,-0.13948534732169,0.247916373846339,0,"sin tendencia"
620889279,"cohesion",40,99.9976559955485,-0.395880294897994,0.000360101414810319,-4.35693043847607e-05,"descenso"
620889279,"ed",40,3.29523145183237,0.391757781916041,0.000411647166522629,0.0466051633649734,"incremento"
620889279,"lpi",40,99.1678525026295,-0.395880294897994,0.000360101414810319,-0.0154674256016826,"descenso"
620889279,"mesh",40,2932.95558993864,-0.395880294897994,0.000360101414810319,-0.91365330350465,"descenso"
620889279,"np",40,1,NA,NA,NA,"sin tendencia"
620889279,"pd",40,0.0335305755858529,NA,NA,NA,"sin tendencia"
620889281,"cohesion",40,80.3964585993784,-0.439154493303464,7.39408751908065e-05,-0.135545978250094,"descenso"
620889281,"ed",40,57.3563076402035,-0.44029515624641,7.35523213000224e-05,-0.310745835699874,"descenso"
620889281,"lpi",40,5.07853403141361,-0.405459429145584,0.000341573682495294,-0.0488500373971578,"descenso"
620889281,"mesh",40,0.283166987826964,-0.521576450990918,2.48622738262691e-06,-0.00567402153391575,"descenso"
620889281,"np",40,6.7,-0.402636669304225,0.00099465546142682,-0.0357142857142857,"descenso"
620889281,"pd",40,9.5054880743475,-0.402636669304225,0.00099465546142682,-0.050668912976266,"descenso"
620889289,"cohesion",40,99.7973557945566,-0.134701759590339,0.225592836436742,-0.000702928346246595,"sin tendencia"
620889289,"ed",40,38.7272338689853,0.696600528167182,2.69656399749851e-10,0.167536978246654,"incremento"
620889289,"lpi",40,74.3879578268225,-0.456005984545661,3.70241654338969e-05,-0.126799834769266,"descenso"
620889289,"mesh",40,1298.61100539219,-0.457985982607153,3.35319387997747e-05,-4.36716041869509,"descenso"
620889289,"np",40,15.3,0.451243591463543,9.47785661217379e-05,0.142857142857143,"incremento"
620889289,"pd",40,0.652418018479905,0.453961926351878,8.59509508758124e-05,0.00609167150774889,"incremento"
620889293,"cohesion",40,100,NA,NA,NA,"sin tendencia"
620889293,"ed",40,0,NA,NA,NA,"sin tendencia"
620889293,"lpi",40,100,NA,NA,NA,"sin tendencia"
620889293,"mesh",40,1333.96759747322,NA,NA,NA,"sin tendencia"
620889293,"np",40,1,NA,NA,NA,"sin tendencia"
620889293,"pd",40,0.0749643396057133,NA,NA,NA,"sin tendencia"
620889296,"cohesion",40,100,NA,NA,NA,"sin tendencia"
620889296,"ed",40,0,NA,NA,NA,"sin tendencia"
620889296,"lpi",40,100,NA,NA,NA,"sin tendencia"
620889296,"mesh",40,446.624050016838,NA,NA,NA,"sin tendencia"
620889296,"np",40,1,NA,NA,NA,"sin tendencia"
620889296,"pd",40,0.223901959592704,NA,NA,NA,"sin tendencia"
620889297,"cohesion",40,99.4062455568929,-0.464698714077415,2.59247652205911e-05,-0.00153833457166162,"descenso"
620889297,"ed",40,15.0117085240311,0.693196976800564,3.36921309678893e-10,0.0371193472537532,"incremento"
620889297,"lpi",40,63.6046485814501,-0.284245842405357,0.0103444356169927,-0.00754214779877539,"descenso"
620889297,"mesh",40,841.038882810011,-0.282413583140971,0.0107130189793658,-0.20034563026853,"descenso"
620889297,"np",40,13.625,0.723252937888661,8.42588837831504e-10,0.181818181818182,"incremento"
620889297,"pd",40,0.655697082517442,0.696465792040933,3.44272790916361e-09,0.00874991936637119,"incremento"
620889299,"cohesion",40,100,NA,NA,NA,"sin tendencia"
620889299,"ed",40,0,NA,NA,NA,"sin tendencia"
620889299,"lpi",40,100,NA,NA,NA,"sin tendencia"
620889299,"mesh",40,290.706957571381,NA,NA,NA,"sin tendencia"
620889299,"np",40,1,NA,NA,NA,"sin tendencia"
620889299,"pd",40,0.343989015039125,NA,NA,NA,"sin tendencia"
620889301,"cohesion",40,99.9981327766435,-0.449041603460483,5.20952245578407e-05,-4.69184996618416e-05,"descenso"
620889301,"ed",40,1.4370069580377,0.485516844502657,1.17018292803123e-05,0.055016595408088,"incremento"
620889301,"lpi",40,99.6738374115737,-0.510978376351584,4.11075016351421e-06,-0.0119821918227008,"descenso"
620889301,"mesh",40,1580.74850552334,-0.510978376351584,4.11075016351421e-06,-0.380792076865125,"descenso"
620889301,"np",40,1.15,0.195538472218761,0.144760215790055,0,"sin tendencia"
620889301,"pd",40,0.0722773857308991,0.195538472218761,0.144760215790055,0,"sin tendencia"
620889305,"cohesion",40,99.9979033749406,0.0241877810901049,0.841274510503547,0,"sin tendencia"
620889305,"ed",40,1.8527513672292,0.0555835714703749,0.63039799150667,0,"sin tendencia"
620889305,"lpi",40,99.6374486652977,0.0241877810901049,0.841274510503547,0,"sin tendencia"
620889305,"mesh",40,713.698781329156,0.0241877810901049,0.841274510503547,0,"sin tendencia"
620889305,"np",40,1,NA,NA,NA,"sin tendencia"
620889305,"pd",40,0.139105414064205,-Inf,0,0,"descenso"
620890611,"cohesion",40,99.0324204308988,0.110398037046016,0.321943272984966,0.000359129731298394,"sin tendencia"
620890611,"ed",40,50.9156656241859,-0.584458374558524,1.21884357994512e-07,-0.077828975351055,"descenso"
620890611,"lpi",40,29.0371531228499,0.514140516324125,3.31894133125965e-06,0.0504548581912697,"incremento"
620890611,"mesh",40,101.890955301378,0.51091184586412,3.72635693451539e-06,0.360213364590712,"incremento"
620890611,"np",40,10.45,0.350870358211261,0.00339526148882281,0.0588235294117647,"incremento"
620890611,"pd",40,0.865901161054778,0.350870358211261,0.00339526148882281,0.00487419736028583,"incremento"
620890641,"cohesion",40,99.6423954746814,-0.168402824631312,0.132071078313207,-0.00127842624766386,"sin tendencia"
620890641,"ed",40,61.1039814932466,-0.360122963442345,0.00122162967439576,-0.374366464001015,"descenso"
620890641,"lpi",40,72.2488779653772,-0.295352646276456,0.00804759865988217,-0.151092162272436,"descenso"
620890641,"mesh",40,451.997583364517,-0.295352646276456,0.00804759865988217,-1.92291808298351,"descenso"
620890641,"np",40,12.5,-0.24715576637149,0.034000687261721,-0.08,"descenso"
620890641,"pd",40,1.44783792792245,-0.252648116735301,0.0302013763654467,-0.00926616273870366,"descenso"
620890649,"cohesion",40,99.9936137618926,0.43393377682474,0.000105670225713816,0.000176128346350879,"incremento"
620890649,"ed",40,5.09732121682873,-0.3140481688131,0.00506630690876673,-0.219280388399437,"descenso"
620890649,"lpi",40,98.9314667781028,0.301416616510355,0.00722064472035264,0.0499263201882668,"incremento"
620890649,"mesh",40,1080.50907429476,0.298410915594191,0.00775284815636347,1.08163838939872,"incremento"
620890649,"np",40,1.2,0.116368667031408,0.388565592159832,0,"sin tendencia"
620890649,"pd",40,0.108708003649473,0.134271538882394,0.318535442046411,0,"sin tendencia"
620890656,"cohesion",40,99.9999554537717,0.350966488597776,0.00847589690394159,0,"descenso"
620890656,"ed",40,0.0782668358334636,-0.350966488597776,0.00847589690394159,0,"descenso"
620890656,"lpi",40,99.9812495814639,0.350966488597776,0.00847589690394159,0,"descenso"
620890656,"mesh",40,4131.54559447702,0.350966488597776,0.00847589690394159,0,"descenso"
620890656,"np",40,1,NA,NA,NA,"sin tendencia"
620890656,"pd",40,0.0241949460112705,NA,NA,NA,"sin tendencia"
620890657,"cohesion",40,99.9999636366178,0.197864933749452,0.137313891582907,0,"sin tendencia"
620890657,"ed",40,0.0777198728816461,-0.197864933749452,0.137313891582907,0,"sin tendencia"
620890657,"lpi",40,99.9896568508153,0.197864933749452,0.137313891582907,0,"sin tendencia"
620890657,"mesh",40,1895.06176127802,0.197864933749452,0.137313891582907,0,"sin tendencia"
620890657,"np",40,1,NA,NA,NA,"sin tendencia"
620890657,"pd",40,0.0527578187582517,NA,NA,NA,"sin tendencia"
620890665,"cohesion",40,100,NA,NA,NA,"sin tendencia"
620890665,"ed",40,0,NA,NA,NA,"sin tendencia"
620890665,"lpi",40,100,NA,NA,NA,"sin tendencia"
620890665,"mesh",40,816.02762290984,NA,NA,NA,"sin tendencia"
620890665,"np",40,1,NA,NA,NA,"sin tendencia"
620890665,"pd",40,0.122544871267242,NA,NA,NA,"sin tendencia"
620890681,"cohesion",40,99.998028997749,-0.362616632925779,0.00135456887313292,-5.51732843409374e-05,"descenso"
620890681,"ed",40,2.91328425865456,0.404856822750852,0.000322998658847662,0.0965626368774734,"incremento"
620890681,"lpi",40,99.4479863653579,-0.362616632925779,0.00135456887313292,-0.0167414083641172,"descenso"
620890681,"mesh",40,2168.34542990266,-0.362616632925779,0.00135456887313292,-0.728599868079162,"descenso"
620890681,"np",40,1.05,0.0401345534423039,0.794949512946621,0,"sin tendencia"
620890681,"pd",40,0.0478939887924342,-0.430013072596113,0.00134923741587221,0,"descenso"
620890702,"cohesion",40,99.8443038888292,-0.566138517072298,1.24499047718699e-06,-0.000571242022651008,"descenso"
620890702,"ed",40,5.69528395585545,0.525504185225827,6.9150675212363e-06,0.301309692778376,"incremento"
620890702,"lpi",40,97.5156873930405,-0.540370542818597,4.06043673227098e-06,-0.0713063320022833,"descenso"
620890702,"mesh",40,154.862678352429,-0.540370542818597,4.06043673227098e-06,-0.229528220237071,"descenso"
620890702,"np",40,3.175,0.380963827666855,0.0039555561071851,0,"descenso"
620890702,"pd",40,1.96315590518129,0.380963827666855,0.0039555561071851,0,"descenso"
620892017,"cohesion",40,97.9481022295018,0.603659355986089,5.68137863979239e-08,0.0464773638524457,"incremento"
620892017,"ed",40,87.2262605973901,-0.606250168672725,4.98349201063135e-08,-0.770111743231047,"descenso"
620892017,"lpi",40,34.5495993368334,0.264262894036829,0.0177937130558059,0.332536135911044,"incremento"
620892017,"mesh",40,47.7355779765337,0.396394341055243,0.000369921409386493,1.03920741817742,"incremento"
620892017,"np",40,12.875,-0.469353690759206,4.00091621528332e-05,-0.236694677871148,"descenso"
620892017,"pd",40,3.85612969045292,-0.464004930750554,4.89709424986298e-05,-0.0708912912552331,"descenso"
620892025,"cohesion",40,99.9948798931888,0.508070692065413,6.64841284732141e-06,0.000322366064804326,"incremento"
620892025,"ed",40,5.99941450628272,-0.496201451925829,1.03545850628137e-05,-0.350545492373833,"descenso"
620892025,"lpi",40,98.7649032510261,0.508070692065413,6.64841284732141e-06,0.0779488695073059,"incremento"
620892025,"mesh",40,1381.52768110683,0.508070692065413,6.64841284732141e-06,2.1664084335979,"incremento"
620892025,"np",40,1,NA,NA,NA,"sin tendencia"
620892025,"pd",40,0.0706175898336486,NA,NA,NA,"sin tendencia"
620892032,"cohesion",40,99.9988468193121,-0.413860678881872,0.000241184168954993,-3.2868293513973e-05,"descenso"
620892032,"ed",40,1.58537567644065,0.382768846739461,0.000671891110162238,0.0519950281479778,"incremento"
620892032,"lpi",40,99.690959210923,-0.413860678881872,0.000241184168954993,-0.00984500273814096,"descenso"
620892032,"mesh",40,2128.76941163218,-0.413860678881872,0.000241184168954993,-0.420845471584114,"descenso"
620892032,"np",40,1.075,0.377236918007361,0.0047394521854501,0,"descenso"
620892032,"pd",40,0.0501874742803723,0.730925663693132,3.00937035122706e-08,0,"descenso"
620892035,"cohesion",40,99.9918474011404,-0.426467880356505,0.000129441346000007,-0.000208320560889532,"descenso"
620892035,"ed",40,9.34746048917186,0.421750798884099,0.00014990856193026,0.239646519318455,"incremento"
620892035,"lpi",40,98.2682116419919,-0.426467880356505,0.000129441346000007,-0.0441590648522007,"descenso"
620892035,"mesh",40,1059.20785782992,-0.426467880356505,0.000129441346000007,-0.954720553640936,"descenso"
620892035,"np",40,1,NA,NA,NA,"sin tendencia"
620892035,"pd",40,0.091176765339798,Inf,0,0,"descenso"
620893371,"cohesion",40,96.7341790076487,-0.291586925329198,0.00844675060175437,-0.0154537557407013,"descenso"
620893371,"ed",40,44.3914175670316,0.0757869101075888,0.499105633198797,0.00789742351300304,"sin tendencia"
620893371,"lpi",40,11.9866628286317,-0.288104383252489,0.00934786450931908,-0.0392154772312133,"descenso"
620893371,"mesh",40,14.1118958389982,-0.286448829728683,0.009679971760812,-0.0860850429732218,"descenso"
620893371,"np",40,22.525,0.119651868232773,0.315071154715154,0,"sin tendencia"
620893371,"pd",40,2.34264622226022,0.110863681334975,0.351158303387208,1.53134210293125e-17,"sin tendencia"
620893374,"cohesion",40,94.6505757060054,0.241646042672339,0.0293067747904228,0.0109034828199891,"incremento"
620893374,"ed",40,39.4039935719631,0.760132546884915,6.13648600026793e-12,0.262648084268935,"incremento"
620893374,"lpi",40,9.64285714285714,0.636203578608482,1.57828035477706e-08,0.0494315373208105,"incremento"
620893374,"mesh",40,5.58865001874394,0.601544404099226,5.25347315011776e-08,0.057079551230925,"incremento"
620893374,"np",40,15.375,0.772130122573214,4.18506067223241e-11,0.177521008403361,"incremento"
620893374,"pd",40,2.74593949838851,0.772130122573214,4.18506067223241e-11,0.0317048421963283,"incremento"
620893391,"cohesion",40,99.8550601568848,-0.122345093442314,0.273115306656476,-0.000653888062078621,"sin tendencia"
620893391,"ed",40,47.7078865525288,0.142950582864178,0.199682902970394,0.0647831151943678,"sin tendencia"
620893391,"lpi",40,80.6633446767137,-0.430418089341966,0.000103342745706321,-0.174327949729019,"descenso"
620893391,"mesh",40,1862.26638440982,-0.4262760624148,0.000119394285529357,-8.15095561969731,"descenso"
620893391,"np",40,20.95,-0.433053709256132,0.00013430946462081,-0.236068111455108,"descenso"
620893391,"pd",40,0.735955327980376,-0.439675325605614,0.000105759271561124,-0.008292867990055,"descenso"
620893401,"cohesion",40,99.9932726372542,0.353742303777626,0.00155527654122419,0.000161934283677466,"incremento"
620893401,"ed",40,5.96370093395723,-0.369348581885463,0.000952215390770413,-0.152872857919377,"descenso"
620893401,"lpi",40,98.8126855823161,0.438565697027658,8.73199121057268e-05,0.0345670495785965,"incremento"
620893401,"mesh",40,1638.26574530474,0.436975787019421,9.17535851573589e-05,1.14698204246872,"incremento"
620893401,"np",40,1.25,-0.372104203767625,0.00518178445157578,0,"descenso"
620893401,"pd",40,0.0745016349363123,-0.274943661672745,0.0392559679953155,0,"descenso"
620893406,"cohesion",40,99.995207214398,0.0659363940732568,0.559706184533403,1.58713617187499e-05,"sin tendencia"
620893406,"ed",40,4.7959940390446,-0.170547760060162,0.126491600930458,-0.0668622457004044,"sin tendencia"
620893406,"lpi",40,98.9960196920499,0.143508622394735,0.199417969581504,0.0136734618770864,"sin tendencia"
620893406,"mesh",40,1726.48743452693,0.143508622394735,0.199417969581504,0.476142221816523,"sin tendencia"
620893406,"np",40,1.325,0.357388642557659,0.00724174506874109,0,"descenso"
620893406,"pd",40,0.07521629501228,0.357388642557659,0.00724174506874109,0,"descenso"
620893412,"cohesion",40,100,NA,NA,NA,"sin tendencia"
620893412,"ed",40,0,NA,NA,NA,"sin tendencia"
620893412,"lpi",40,100,NA,NA,NA,"sin tendencia"
620893412,"mesh",40,1075.45890336469,NA,NA,NA,"sin tendencia"
620893412,"np",40,1,NA,NA,NA,"sin tendencia"
620893412,"pd",40,0.0929835623538374,NA,NA,NA,"sin tendencia"
620893426,"cohesion",40,99.9999790208455,0.358057437019716,0.00730813259674708,0,"descenso"
620893426,"ed",40,0.0255932625029996,-0.358057437019716,0.00730813259674708,0,"descenso"
620893426,"lpi",40,99.9946181905161,0.358057437019716,0.00730813259674708,0,"descenso"
620893426,"mesh",40,1542.67512527776,0.358057437019716,0.00730813259674708,0,"descenso"
620893426,"np",40,1,NA,NA,NA,"sin tendencia"
620893426,"pd",40,0.0648154868377852,-Inf,0,0,"descenso"
620893432,"cohesion",40,99.9864918499389,-0.507287069557436,5.90677105503365e-06,-0.00030095240973851,"descenso"
620893432,"ed",40,10.1202818140302,0.604037696225607,6.82024603744915e-08,0.275681531138988,"incremento"
620893432,"lpi",40,97.0511867985766,-0.661565095866141,3.40351319039594e-09,-0.0897941351706572,"descenso"
620893432,"mesh",40,2222.65923208109,-0.661565095866141,3.40351319039594e-09,-4.12631537492574,"descenso"
620893432,"np",40,2,0.186324506278424,0.141993420418492,0,"sin tendencia"
620893432,"pd",40,0.0847698264879586,0.0318933839575681,0.810109360580196,0,"sin tendencia"
620894751,"cohesion",40,97.7740664442243,0.761910440959043,5.62336361532311e-12,0.036983370098075,"incremento"
620894751,"ed",40,37.8260789630944,0.476194025599402,1.69892187726695e-05,0.101979880946313,"incremento"
620894751,"lpi",40,17.0017887902478,0.77134100572664,3.64486145910812e-12,0.142702223957934,"incremento"
620894751,"mesh",40,20.8675232972804,0.782502615039017,1.49039533659689e-12,0.329585121227999,"incremento"
620894751,"np",40,6.175,-0.659683976551813,2.84011391632705e-08,-0.111111111111111,"descenso"
620894751,"pd",40,0.886861065449535,-0.631310472183993,1.08577692960299e-07,-0.0159579139082238,"descenso"
620894802,"cohesion",40,100,NA,NA,NA,"sin tendencia"
620894802,"ed",40,0,NA,NA,NA,"sin tendencia"
620894802,"lpi",40,100,NA,NA,NA,"sin tendencia"
620894802,"mesh",40,1568.48904654746,NA,NA,NA,"sin tendencia"
620894802,"np",40,1,NA,NA,NA,"sin tendencia"
620894802,"pd",40,0.0637556253389966,NA,NA,NA,"sin tendencia"
620894803,"cohesion",40,99.9774700916116,-0.413703297314926,0.000226345203765261,-0.000909574270753666,"descenso"
620894803,"ed",40,14.2341623580998,0.633646822469696,1.5641118339915e-08,0.822808820508595,"incremento"
620894803,"lpi",40,96.2846616795095,-0.641501948368081,1.03665977533081e-08,-0.201637923107073,"descenso"
620894803,"mesh",40,1522.95642970913,-0.641501948368081,1.03665977533081e-08,-6.3258479960105,"descenso"
620894803,"np",40,2.85,0.114208048144032,0.348838748875287,0,"sin tendencia"
620894803,"pd",40,0.173752278036256,0.102494402180542,0.401183369477034,0,"sin tendencia"
620894808,"cohesion",40,99.9954665053983,-0.256600779347232,0.0224407599045247,-9.0468871238573e-05,"descenso"
620894808,"ed",40,4.15805706976815,0.238272152251001,0.0340965020826405,0.0669281913231666,"incremento"
620894808,"lpi",40,98.9955863056185,-0.323585722441459,0.00397590464229267,-0.0248226452694882,"descenso"
620894808,"mesh",40,1516.08951651086,-0.324678537133233,0.00383314151841803,-0.76193688993403,"descenso"
620894808,"np",40,1.15,-0.205566086178697,0.125018117965343,0,"sin tendencia"
620894808,"pd",40,0.0743466416764001,-0.566560188736409,2.03294535438388e-05,0,"descenso"
620896164,"cohesion",40,99.9999328412734,-0.377236918007361,0.0047394521854501,0,"descenso"
620896164,"ed",40,0.0464136923978608,0.377236918007361,0.0047394521854501,0,"descenso"
620896164,"lpi",40,99.9919441460795,-0.377236918007361,0.0047394521854501,0,"descenso"
620896164,"mesh",40,343.515829744738,-0.377236918007361,0.0047394521854501,0,"descenso"
620896164,"np",40,1,NA,NA,NA,"sin tendencia"
620896164,"pd",40,0.291060522652944,NA,NA,NA,"sin tendencia"
620896175,"cohesion",40,99.9998588582422,-0.353745386037234,0.00459953660218389,0,"descenso"
620896175,"ed",40,0.17383469243588,0.340785671785824,0.00599461871529274,0,"descenso"
620896175,"lpi",40,99.9708448117539,-0.353745386037234,0.00459953660218389,0,"descenso"
620896175,"mesh",40,1004.11095959202,-0.353745386037234,0.00459953660218389,0,"descenso"
620896175,"np",40,1,NA,NA,NA,"sin tendencia"
620896175,"pd",40,0.09953254236807,-Inf,0,0,"descenso"
620896184,"cohesion",40,100,NA,NA,NA,"sin tendencia"
620896184,"ed",40,0,NA,NA,NA,"sin tendencia"
620896184,"lpi",40,100,NA,NA,NA,"sin tendencia"
620896184,"mesh",40,2240.03964767792,NA,NA,NA,"sin tendencia"
620896184,"np",40,1,NA,NA,NA,"sin tendencia"
620896184,"pd",40,0.0446420669846904,NA,NA,NA,"sin tendencia"
620897483,"cohesion",40,77.3877664035603,-0.0823686963198966,0.462757216518734,-0.0195542924205682,"sin tendencia"
620897483,"ed",40,7.14225277970358,0.565722455892216,3.65784114614588e-07,0.163784606559061,"incremento"
620897483,"lpi",40,0.452001119507417,-0.0729877033919798,0.526956962553949,-0.000509035283734418,"sin tendencia"
620897483,"mesh",40,0.0288747191031334,0.186737247885637,0.0932404284035444,0.000246908067714566,"sin tendencia"
620897483,"np",40,6.475,0.761501189857397,6.19543887207328e-10,0.115384615384615,"incremento"
620897483,"pd",40,0.982131720803824,0.76946531914765,1.955841027923e-10,0.0175016047663289,"incremento"
620897538,"cohesion",40,99.9999750491798,0.352438110131262,0.00479211616935612,0,"descenso"
620897538,"ed",40,0.0685305500914023,-0.3610583764125,0.00371919244825889,0,"descenso"
620897538,"lpi",40,99.9903928266439,0.352438110131262,0.00479211616935612,0,"descenso"
620897538,"mesh",40,3456.45141861792,0.352438110131262,0.00479211616935612,0,"descenso"
620897538,"np",40,1,NA,NA,NA,"sin tendencia"
620897538,"pd",40,0.0289258482703961,Inf,0,0,"descenso"
620897541,"cohesion",40,99.9876862914926,-0.297107645229129,0.00734531548603766,-0.000198402345795046,"descenso"
620897541,"ed",40,7.96835132619119,0.482629079999394,1.30383795461696e-05,0.172805713245396,"incremento"
620897541,"lpi",40,97.784610431423,-0.505468850974233,4.90142872944906e-06,-0.0637136950554095,"descenso"
620897541,"mesh",40,1370.17448465639,-0.505468850974233,4.90142872944906e-06,-1.78119365295904,"descenso"
620897541,"np",40,1.5,0.123315191686808,0.343985167566053,0,"sin tendencia"
620897541,"pd",40,0.104691827401015,0.187578038058806,0.14803185572767,0,"sin tendencia"
620897551,"cohesion",40,100,NA,NA,NA,"sin tendencia"
620897551,"ed",40,0,NA,NA,NA,"sin tendencia"
620897551,"lpi",40,100,NA,NA,NA,"sin tendencia"
620897551,"mesh",40,1370.77879267328,NA,NA,NA,"sin tendencia"
620897551,"np",40,1,NA,NA,NA,"sin tendencia"
620897551,"pd",40,0.0729512307415995,NA,NA,NA,"sin tendencia"
620898852,"cohesion",40,72.1917119723448,-0.368778555079284,0.000990802808182003,-0.31015116128216,"descenso"
620898852,"ed",40,4.81629604018517,-0.348100114159507,0.00201997630479852,-0.0589905117606832,"descenso"
620898852,"lpi",40,0.428337118344688,-0.283189687921957,0.0136238116539948,-0.00696094042305115,"descenso"
620898852,"mesh",40,0.00941093944744446,-0.308145465539169,0.0060518733670059,-0.000248181413999662,"descenso"
620898852,"np",40,2.25,0.0188060979255815,0.889712740746965,0,"sin tendencia"
620898852,"pd",40,0.615391400296148,0.0736572168751942,0.561993438529456,0,"sin tendencia"
620898855,"cohesion",40,84.8833413957561,-0.378934550537944,0.000612310723051958,-0.0320783856891382,"descenso"
620898855,"ed",40,5.89191205940985,0.35006695935956,0.00158465296269418,0.032529343667112,"incremento"
620898855,"lpi",40,0.29593728927849,0.421944935399427,0.000182014356130322,0.00112384805574287,"incremento"
620898855,"mesh",40,0.0774660698801669,0.0655107189065598,0.56011521431962,8.27213236354327e-05,"sin tendencia"
620898855,"np",40,15.725,0.414988968356551,0.000378954357928275,0.125,"incremento"
620898855,"pd",40,0.574662006101003,0.417755561478929,0.000346104837192004,0.00456806046185216,"incremento"
620898893,"cohesion",40,99.0398996221787,-0.186737247885637,0.093181116101288,-0.00178577692728689,"sin tendencia"
620898893,"ed",40,68.3889424009341,-0.511273706279986,3.89627756464013e-06,-0.539791209047742,"descenso"
620898893,"lpi",40,37.9854368932039,0.32067292912775,0.00383585487217777,0.12794700132579,"incremento"
620898893,"mesh",40,367.113889438486,0.325824301483215,0.00330348763794133,2.55331043695099,"incremento"
620898893,"np",40,65.35,-0.325560577040622,0.00365028850985521,-0.36038961038961,"descenso"
620898893,"pd",40,2.62482318240844,-0.329467303965109,0.00326180204742188,-0.014475271676355,"descenso"
620898901,"cohesion",40,99.9934848699164,0.371338563808241,0.00457292038444141,0,"descenso"
620898901,"ed",40,2.50202183673257,-0.371338563808241,0.00457292038444141,0,"descenso"
620898901,"lpi",40,99.7009966777409,0.371338563808241,0.00457292038444141,0,"descenso"
620898901,"mesh",40,55.2130534114736,0.371338563808241,0.00457292038444141,0,"descenso"
620898901,"np",40,1,NA,NA,NA,"sin tendencia"
620898901,"pd",40,1.80051393087755,NA,NA,NA,"sin tendencia"
620898913,"cohesion",40,99.9963541317569,0,1,0,"sin tendencia"
620898913,"ed",40,0.516451698486242,0.0250682763699116,0.838900379547832,0,"sin tendencia"
620898913,"lpi",40,99.861865942029,0,1,0,"sin tendencia"
620898913,"mesh",40,1117.29999443084,0,1,0,"sin tendencia"
620898913,"np",40,1.3,-0.350966488597776,0.00847589690394159,0,"descenso"
620898913,"pd",40,0.116031143141038,-0.11691488859959,0.370009906437271,0,"sin tendencia"
620898933,"cohesion",40,99.9999778650656,-0.258036842978189,0.0280447830053544,-3.87675408575205e-07,"descenso"
620898933,"ed",40,0.0860221272034256,0.272245361694653,0.0187737549718341,0.00172331473529095,"incremento"
620898933,"lpi",40,99.9850601085269,-0.258036842978189,0.0280447830053544,-0.000261720726537362,"descenso"
620898933,"mesh",40,10572.0789603206,-0.258036842978189,0.0280447830053544,-0.0553537319900897,"descenso"
620898933,"np",40,1,NA,NA,NA,"sin tendencia"
620898933,"pd",40,0.009456051736851,-0.19758616611568,0.140952823407657,0,"sin tendencia"
620900236,"cohesion",40,89.5675055831954,0.508344449653747,4.16881511540749e-06,0.0860730391083036,"incremento"
620900236,"ed",40,25.4570101808773,0.263327399526368,0.0174401263204766,0.0611999648084858,"incremento"
620900236,"lpi",40,2.02732574546139,0.69310914221961,4.99842635541065e-10,0.0509292231613744,"incremento"
620900236,"mesh",40,0.760836287799733,0.421052978501083,0.000138738990286839,0.0160743451641257,"incremento"
620900236,"np",40,20.2,0.13081319634761,0.269742767268523,0,"sin tendencia"
620900236,"pd",40,2.05953998725147,0.140554604586262,0.235335737814707,2.48959102491702e-17,"sin tendencia"
620900270,"cohesion",40,99.9140995411608,-0.691571738721291,4.12941038599866e-10,-0.000933283699633221,"descenso"
620900270,"ed",40,19.2079427250532,0.479387812081471,1.52071240871249e-05,0.201705250013818,"incremento"
620900270,"lpi",40,93.5490129339687,-0.596271350145173,7.19176252625492e-08,-0.112434762877241,"descenso"
620900270,"mesh",40,1189.80726647502,-0.596271350145173,7.19176252625492e-08,-2.92051154123994,"descenso"
620900270,"np",40,3.375,0.47144229207596,0.000100009278812787,0.0666666666666667,"incremento"
620900270,"pd",40,0.249026152420725,0.468458480100796,0.000110695096135447,0.00491903510954519,"incremento"
620900277,"cohesion",40,99.9962783087395,0.34519641603058,0.00191817932638724,5.0162807856596e-05,"incremento"
620900277,"ed",40,5.48817736176926,-0.303824560925791,0.00634317338822775,-0.0748499057444956,"descenso"
620900277,"lpi",40,99.0075815424894,0.34519641603058,0.00191817932638724,0.0132588761478196,"incremento"
620900277,"mesh",40,1658.07550946589,0.34519641603058,0.00191817932638724,0.443511848343873,"incremento"
620900277,"np",40,1,NA,NA,NA,"sin tendencia"
620900277,"pd",40,0.0591201803418939,Inf,0,0,"descenso"
620900279,"cohesion",40,99.9940106090122,-0.632330956633434,1.11499506155863e-08,-0.00023608658821988,"descenso"
620900279,"ed",40,4.75340434814936,0.750812520809149,1.16295174855238e-11,0.191952338358234,"incremento"
620900279,"lpi",40,98.8001749114231,-0.708772302808627,1.54895471191277e-10,-0.0450577961005376,"descenso"
620900279,"mesh",40,2008.11735802269,-0.707025855787689,1.6765088400842e-10,-1.83275968415173,"descenso"
620900279,"np",40,1.525,0.163467851932736,0.21229224701735,0,"sin tendencia"
620900279,"pd",40,0.0741338213321136,0.0739907119274491,0.577323507250637,0,"sin tendencia"
620900285,"cohesion",40,99.9966108407291,-0.380620276485364,0.00406524069100436,0,"descenso"
620900285,"ed",40,0.878374542295104,0.380620276485364,0.00406524069100436,0,"descenso"
620900285,"lpi",40,99.8567193675889,-0.380620276485364,0.00406524069100436,0,"descenso"
620900285,"mesh",40,46.5505663895133,-0.380620276485364,0.00406524069100436,0,"descenso"
620900285,"np",40,1,NA,NA,NA,"sin tendencia"
620900285,"pd",40,2.14211341177163,NA,NA,NA,"sin tendencia"
620900286,"cohesion",40,99.9897155044848,0.183468044913204,0.10002509242329,0.000143493142241904,"sin tendencia"
620900286,"ed",40,9.91560020714748,-0.0801057660888638,0.476743032571522,-0.0528053491111117,"sin tendencia"
620900286,"lpi",40,98.067160924553,0.137313072391685,0.220399097031856,0.0118085142071196,"sin tendencia"
620900286,"mesh",40,1017.4587942719,0.131786905501034,0.238740257377555,0.244198135381493,"sin tendencia"
620900286,"np",40,1.2,-0.519183283678589,9.40865364670287e-05,0,"descenso"
620900286,"pd",40,0.113448867306231,-0.570654040250173,1.75323082965469e-05,0,"descenso"
620901612,"cohesion",40,69.6982114003159,0.221088939861016,0.0485413364208345,0.0524912465666279,"incremento"
620901612,"ed",40,3.51059247411522,-0.348854228531803,0.00188643172710476,-0.043598162250167,"descenso"
620901612,"lpi",40,0.23722337207451,-0.0546827858822109,0.64494624610461,0,"sin tendencia"
620901612,"mesh",40,0.00688010578550055,-0.324044090682157,0.00379281990103683,-8.10693670941444e-05,"descenso"
620901612,"np",40,4.025,-0.603024661361516,1.31496478731166e-06,-0.0526315789473684,"descenso"
620901612,"pd",40,0.694592466201693,-0.596855611117408,1.68566214352992e-06,-0.00908260825369982,"descenso"
620901658,"cohesion",40,93.8256014574062,0.46983350649816,2.10732482617851e-05,0.0378121806042401,"incremento"
620901658,"ed",40,39.1033607460859,0.744544901008013,1.51073781845734e-11,0.287655985919652,"incremento"
620901658,"lpi",40,3.14504422771604,-0.218495109772165,0.0500487191235075,-0.00453617600362888,"sin tendencia"
620901658,"mesh",40,5.10056830996903,0.590501128385666,8.86612129462091e-08,0.0767366403100004,"incremento"
620901658,"np",40,47.65,0.693471225011343,9.05874698787666e-10,0.311422413793103,"incremento"
620901658,"pd",40,2.34285698622824,0.686854133169632,1.30637561137165e-09,0.0153120289154929,"incremento"
620901661,"cohesion",40,99.999438166706,-0.276865730946108,0.0219942883869975,0,"descenso"
620901661,"ed",40,0.635565484894459,0.269502873048073,0.0259224025109126,0,"descenso"
620901661,"lpi",40,99.8885601577909,-0.276865730946108,0.0219942883869975,0,"descenso"
620901661,"mesh",40,933.42476332252,-0.276865730946108,0.0219942883869975,0,"descenso"
620901661,"np",40,1,NA,NA,NA,"sin tendencia"
620901661,"pd",40,0.106894416800778,NA,NA,NA,"sin tendencia"
620901662,"cohesion",40,99.9998334197241,-0.453365518142142,0.000244466206671963,0,"descenso"
620901662,"ed",40,0.169112453584587,0.442017480154352,0.000354047530727493,0,"descenso"
620901662,"lpi",40,99.9535678137652,-0.453365518142142,0.000244466206671963,0,"descenso"
620901662,"mesh",40,1821.33930206737,-0.453365518142142,0.000244466206671963,0,"descenso"
620901662,"np",40,1,NA,NA,NA,"sin tendencia"
620901662,"pd",40,0.0548537138860467,-Inf,0,0,"descenso"
620903023,"cohesion",40,99.9762168126327,-0.511866686443288,3.5277395549782e-06,-0.000461154407989825,"descenso"
620903023,"ed",40,24.1333512046393,0.491340704029522,8.54724101159915e-06,0.312793060047108,"incremento"
620903023,"lpi",40,93.9927267056088,-0.549422789019706,6.50232686976882e-07,-0.114149470824455,"descenso"
620903023,"mesh",40,2875.55786301218,-0.547787155667379,6.91707175530648e-07,-7.00998831821675,"descenso"
620903023,"np",40,4.625,0.430945803685667,0.00022407954712023,0.125,"incremento"
620903023,"pd",40,0.142150539104117,0.433479853681026,0.000197073519794596,0.00384190646227344,"incremento"
620903034,"cohesion",40,99.660317539068,-0.0578035755057881,0.608126253084919,-9.2141149236132e-05,"sin tendencia"
620903034,"ed",40,22.6390959029935,0.389210741738973,0.000432639645494167,0.0592339405177531,"incremento"
620903034,"lpi",40,70.1866849513558,-0.722367425435395,6.23445684434255e-11,-0.0941902407130235,"descenso"
620903034,"mesh",40,1757.77932427822,-0.718048860171901,7.89427316862924e-11,-4.64363267436972,"descenso"
620903034,"np",40,29.25,-0.331211103020277,0.00383792611819843,-0.118823529411765,"descenso"
620903034,"pd",40,0.820336098940624,-0.317801746622695,0.00554301259367583,-0.00333248651555568,"descenso"
620903038,"cohesion",40,100,NA,NA,NA,"sin tendencia"
620903038,"ed",40,0,NA,NA,NA,"sin tendencia"
620903038,"lpi",40,100,NA,NA,NA,"sin tendencia"
620903038,"mesh",40,3499.00097519905,NA,NA,NA,"sin tendencia"
620903038,"np",40,1,NA,NA,NA,"sin tendencia"
620903038,"pd",40,0.0285795862044055,NA,NA,NA,"sin tendencia"
620903064,"cohesion",40,100,NA,NA,NA,"sin tendencia"
620903064,"ed",40,0,NA,NA,NA,"sin tendencia"
620903064,"lpi",40,100,NA,NA,NA,"sin tendencia"
620903064,"mesh",40,2031.16609898176,NA,NA,NA,"sin tendencia"
620903064,"np",40,1,NA,NA,NA,"sin tendencia"
620903064,"pd",40,0.0492328027974329,NA,NA,NA,"sin tendencia"
620904386,"cohesion",40,99.9667060879112,0.467067884080381,3.12584854204018e-05,0.00115321287796291,"incremento"
620904386,"ed",40,22.1639419246401,-0.638944455334994,1.09557181091678e-08,-0.781846270969152,"descenso"
620904386,"lpi",40,93.5724814331878,0.594371192977773,1.16399637544473e-07,0.215551066566013,"incremento"
620904386,"mesh",40,1428.44074261221,0.592665970555778,1.243374530686e-07,6.71119662317651,"incremento"
620904386,"np",40,2.825,-0.190251872198463,0.111451714374686,0,"sin tendencia"
620904386,"pd",40,0.173595102701224,-0.201610192926729,0.0915181427340981,-1.7925475918427e-18,"sin tendencia"
620904410,"cohesion",40,86.1923094651545,0.43344275516111,9.00015791973906e-05,0.105087312287475,"incremento"
620904410,"ed",40,47.5868684887345,-0.0863973282024939,0.441612386108523,-0.0246327561014671,"sin tendencia"
620904410,"lpi",40,3.71814586994728,0.353470967607985,0.00176815751369089,0.0410043575071696,"incremento"
620904410,"mesh",40,0.415865118531856,0.263666957887322,0.0174248634509779,0.00580407279337215,"incremento"
620904410,"np",40,7.675,-0.403376130909518,0.00108721431138187,-0.0317540322580645,"descenso"
620904410,"pd",40,3.65509865576892,-0.401842381362333,0.0011360874166994,-0.0151223609930547,"descenso"
620904437,"cohesion",40,99.9996878164253,0.140642169281549,0.27403439568063,0,"sin tendencia"
620904437,"ed",40,0.590398713000548,-0.140642169281549,0.27403439568063,0,"sin tendencia"
620904437,"lpi",40,99.8867712007588,0.140642169281549,0.27403439568063,0,"sin tendencia"
620904437,"mesh",40,3105.51507299597,0.140642169281549,0.27403439568063,0,"sin tendencia"
620904437,"np",40,1,NA,NA,NA,"sin tendencia"
620904437,"pd",40,0.0321282089808899,NA,NA,NA,"sin tendencia"
620904440,"cohesion",40,100,NA,NA,NA,"sin tendencia"
620904440,"ed",40,0,NA,NA,NA,"sin tendencia"
620904440,"lpi",40,100,NA,NA,NA,"sin tendencia"
620904440,"mesh",40,2275.65148068649,NA,NA,NA,"sin tendencia"
620904440,"np",40,1,NA,NA,NA,"sin tendencia"
620904440,"pd",40,0.0439434600810811,NA,NA,NA,"sin tendencia"
620905734,"cohesion",40,78.0102013315484,0.725300334805825,6.5101899694479e-11,0.283468721537869,"incremento"
620905734,"ed",40,11.3415628751813,0.0741787677465178,0.513179757723369,0.0285422563491601,"sin tendencia"
620905734,"lpi",40,0.85166561910748,0.800585363201667,1.24471346370463e-12,0.0198484898607298,"incremento"
620905734,"mesh",40,0.0431100843726611,0.745986262358219,1.84054474382029e-11,0.00136464688907764,"incremento"
620905734,"np",40,7.425,-0.139863844715437,0.251636927531257,0,"sin tendencia"
620905734,"pd",40,1.68615696499748,-0.186485126287249,0.125391115584184,-6.34413156928661e-18,"sin tendencia"
620905779,"cohesion",40,99.9894739725886,-0.642633701344365,6.41742836319207e-09,-0.000415314190647997,"descenso"
620905779,"ed",40,7.41078348367025,0.567938802190111,2.90733141891244e-07,0.199208079219734,"incremento"
620905779,"lpi",40,98.4563164108619,-0.658078211967949,2.93464843997326e-09,-0.0583756434007957,"descenso"
620905779,"mesh",40,1212.08759428712,-0.652936446055297,3.66241645915069e-09,-1.43812188540076,"descenso"
620905779,"np",40,2.175,0.471829934009148,0.00012488554011784,0.0555555555555556,"incremento"
620905779,"pd",40,0.173959778290623,0.447555725185527,0.000274414015636131,0.00444341707000314,"incremento"
620905784,"cohesion",40,99.9996238164814,-0.172401909080289,0.123510821693864,-8.00641845231098e-06,"sin tendencia"
620905784,"ed",40,0.889937928234244,0.238354767170473,0.0327498688266174,0.0298735032247661,"incremento"
620905784,"lpi",40,99.8058331633694,-0.219067087477962,0.0499655650203712,-0.00637769554759041,"descenso"
620905784,"mesh",40,6758.86788979906,-0.219067087477962,0.0499655650203712,-0.864232727374488,"descenso"
620905784,"np",40,1.025,-0.212139782480749,0.118917562671426,0,"sin tendencia"
620905784,"pd",40,0.015106494269024,0.693754423788396,2.01685889799521e-07,0,"descenso"
620905796,"cohesion",40,99.9996492184549,-0.0915553776474189,0.414438339902736,-4.04611004848713e-06,"sin tendencia"
620905796,"ed",40,0.810924020425021,0.0657225226240727,0.559964183218389,0.00715641470369823,"sin tendencia"
620905796,"lpi",40,99.8458693545983,-0.0477119573655563,0.674695337738828,-0.000870828931936313,"sin tendencia"
620905796,"mesh",40,4936.46068845152,-0.0477119573655563,0.674695337738828,-0.0861531485826736,"sin tendencia"
620905796,"np",40,1.025,0.108936645057682,0.43558717431803,0,"sin tendencia"
620905796,"pd",40,0.0206999389070374,-0.246540828288438,0.0688775763257293,0,"sin tendencia"
620905816,"cohesion",40,99.9997730206439,0.454412437998496,0.000553239120833838,0,"descenso"
620905816,"ed",40,0.118877385724763,-0.454412437998496,0.000553239120833838,0,"descenso"
620905816,"lpi",40,99.9771949828962,0.454412437998496,0.000553239120833838,0,"descenso"
620905816,"mesh",40,242.621841385054,0.454412437998496,0.000553239120833838,0,"descenso"
620905816,"np",40,1,NA,NA,NA,"sin tendencia"
620905816,"pd",40,0.411976201591897,NA,NA,NA,"sin tendencia"
620907170,"cohesion",40,99.9330430411595,-0.676171256868888,1.13710602921429e-09,-0.00275201184100408,"descenso"
620907170,"ed",40,35.0123791197886,0.761500708022515,6.94769576326114e-12,1.03051862986779,"incremento"
620907170,"lpi",40,89.9764852480103,-0.659794194573284,2.89162648234575e-09,-0.364713133424445,"descenso"
620907170,"mesh",40,933.463494590037,-0.659794194573284,2.89162648234575e-09,-7.64296751569254,"descenso"
620907170,"np",40,3.725,0.640489412304841,5.60813930201247e-08,0.142857142857143,"incremento"
620907170,"pd",40,0.324588991421847,0.604449254188461,1.58472075139908e-07,0.0124482834677602,"incremento"
620907174,"cohesion",40,99.9999429670825,-0.605875925973192,2.26487806643412e-06,0,"descenso"
620907174,"ed",40,0.111003899304488,0.609969682229768,1.93320968589009e-06,0,"descenso"
620907174,"lpi",40,99.9826116459562,-0.605875925973192,2.26487806643412e-06,0,"descenso"
620907174,"mesh",40,2174.61019814786,-0.605875925973192,2.26487806643412e-06,0,"descenso"
620907174,"np",40,1,NA,NA,NA,"sin tendencia"
620907174,"pd",40,0.0459692686865212,-Inf,0,0,"descenso"
620907192,"cohesion",40,99.9999375737706,-0.314194125848891,0.0184213756708372,0,"descenso"
620907192,"ed",40,0.0479109082823026,0.312147236790425,0.0199576283902411,0,"descenso"
620907192,"lpi",40,99.9921173902498,-0.314194125848891,0.0184213756708372,0,"descenso"
620907192,"mesh",40,380.322429823915,-0.314194125848891,0.0184213756708372,0,"descenso"
620907192,"np",40,1,NA,NA,NA,"sin tendencia"
620907192,"pd",40,0.262893375306399,Inf,0,0,"descenso"
620908545,"cohesion",40,99.9997934678202,0.336502715814014,0.00932313873908891,0,"descenso"
620908545,"ed",40,0.407766155778891,-0.337867843998713,0.00927899730789236,0,"descenso"
620908545,"lpi",40,99.9126534466478,0.336502715814014,0.00932313873908891,0,"descenso"
620908545,"mesh",40,4193.86377442225,0.336502715814014,0.00932313873908891,0,"descenso"
620908545,"np",40,1,NA,NA,NA,"sin tendencia"
620908545,"pd",40,0.0238028281702414,NA,NA,NA,"sin tendencia"
620909891,"cohesion",40,93.6895362345216,0.279846186930598,0.0114512659518932,0.00970535505142259,"incremento"
620909891,"ed",40,33.7364437396197,-0.254172224826874,0.0217007404399068,-0.059045399055837,"descenso"
620909891,"lpi",40,4.39188019390582,-0.223248637568863,0.045994431913242,-0.005070847591114,"descenso"
620909891,"mesh",40,3.59910002050351,-0.272143998299481,0.0139440278379454,-0.0087373823742998,"descenso"
620909891,"np",40,24.45,-0.39902068446548,0.000557932418774426,-0.118823529411765,"descenso"
620909891,"pd",40,2.29411223134267,-0.397663471253012,0.000582785802811113,-0.0111490598034697,"descenso"
620909896,"cohesion",40,93.8626881346917,0.42966892442366,0.00126648030770279,0,"descenso"
620909896,"ed",40,0.744017607705225,-0.42966892442366,0.00126648030770279,0,"descenso"
620909896,"lpi",40,50.8474576271187,NA,NA,NA,"sin tendencia"
620909896,"mesh",40,6.10371659241683,0.42966892442366,0.00126648030770279,0,"descenso"
620909896,"np",40,4.1,-0.42966892442366,0.00126648030770279,0,"descenso"
620909896,"pd",40,25.1075055598,-0.42966892442366,0.00126648030770279,0,"descenso"
620909946,"cohesion",40,99.9998864964977,0.358057437019716,0.00730813259674708,0,"descenso"
620909946,"ed",40,0.177816134752593,-0.358057437019716,0.00730813259674708,0,"descenso"
620909946,"lpi",40,99.9630068067476,0.358057437019716,0.00730813259674708,0,"descenso"
620909946,"mesh",40,2492.09365030048,0.358057437019716,0.00730813259674708,0,"descenso"
620909946,"np",40,1,NA,NA,NA,"sin tendencia"
620909946,"pd",40,0.0400972693987971,NA,NA,NA,"sin tendencia"
620909950,"cohesion",40,100,NA,NA,NA,"sin tendencia"
620909950,"ed",40,0,NA,NA,NA,"sin tendencia"
620909950,"lpi",40,100,NA,NA,NA,"sin tendencia"
620909950,"mesh",40,844.351023704627,NA,NA,NA,"sin tendencia"
620909950,"np",40,1,NA,NA,NA,"sin tendencia"
620909950,"pd",40,0.118434154981237,NA,NA,NA,"sin tendencia"
620911286,"cohesion",40,99.2708687065511,0.135473027486916,0.294340738979665,0,"sin tendencia"
620911286,"ed",40,23.6632475078549,-0.134060994440645,0.295814004120459,0,"sin tendencia"
620911286,"lpi",40,96.09375,0.147630863287023,0.252632655801019,0,"sin tendencia"
620911286,"mesh",40,1.36874333651037,0.147630863287023,0.252632655801019,0,"sin tendencia"
620911286,"np",40,1,NA,NA,NA,"sin tendencia"
620911286,"pd",40,67.7443366492676,NA,NA,NA,"sin tendencia"
620911291,"cohesion",40,99.9961137915375,-0.585968605434241,1.20613193047474e-07,-0.000114289309843831,"descenso"
620911291,"ed",40,7.61644572475933,0.632330956633434,1.11499506155863e-08,0.221059569747896,"incremento"
620911291,"lpi",40,98.3382873145328,-0.591119977789707,9.33603977654089e-08,-0.0485724515162091,"descenso"
620911291,"mesh",40,5448.09852805706,-0.591119977789707,9.33603977654089e-08,-5.39651572044575,"descenso"
620911291,"np",40,1.65,0.510945936369559,6.01819834405183e-05,0,"descenso"
620911291,"pd",40,0.0292890912112388,0.512817360225703,4.83779955796205e-05,1.92747052886312e-19,"incremento"
620911335,"cohesion",40,99.9993112077987,-0.0437881734009711,0.758213777287595,0,"sin tendencia"
620911335,"ed",40,0.240988811278609,0.0437881734009711,0.758213777287595,0,"sin tendencia"
620911335,"lpi",40,99.9605855855856,-0.0437881734009711,0.758213777287595,0,"sin tendencia"
620911335,"mesh",40,81.861366984128,-0.0437881734009711,0.758213777287595,0,"sin tendencia"
620911335,"np",40,1,NA,NA,NA,"sin tendencia"
620911335,"pd",40,1.22061867832917,Inf,0,0,"descenso"
620912648,"cohesion",40,91.9862900674359,0.206568480195212,0.117187504596262,0,"sin tendencia"
620912648,"ed",40,0.335946725932549,-0.206568480195212,0.117187504596262,0,"sin tendencia"
620912648,"lpi",40,34.3731778425656,0,1,0,"sin tendencia"
620912648,"mesh",40,6.95120395973752,0.167222103015172,0.205987384579936,0,"sin tendencia"
620912648,"np",40,9,NA,NA,NA,"sin tendencia"
620912648,"pd",40,28.4407710714127,NA,NA,NA,"sin tendencia"
620912657,"cohesion",40,99.9936738090924,0.315098665568056,0.0103347167098541,0,"descenso"
620912657,"ed",40,3.53048165045323,-0.313802492320074,0.0107282370690794,0,"descenso"
620912657,"lpi",40,99.2974912711755,0.315098665568056,0.0103347167098541,0,"descenso"
620912657,"mesh",40,703.724493252202,0.315098665568056,0.0103347167098541,0,"descenso"
620912657,"np",40,1.2,-0.262575453814459,0.0498636902105405,0,"descenso"
620912657,"pd",40,0.168200085822571,-0.216405074490222,0.100550296785397,0,"sin tendencia"
620912665,"cohesion",40,99.9999415105455,0.398001347566815,0.00203056121853179,0,"descenso"
620912665,"ed",40,0.0825347782305156,-0.398001347566815,0.00203056121853179,0,"descenso"
620912665,"lpi",40,99.9839400428265,0.398001347566815,0.00203056121853179,0,"descenso"
620912665,"mesh",40,1765.90891523825,0.398001347566815,0.00203056121853179,0,"descenso"
620912665,"np",40,1,NA,NA,NA,"sin tendencia"
620912665,"pd",40,0.0566098807326621,NA,NA,NA,"sin tendencia"
620912684,"cohesion",40,100,NA,NA,NA,"sin tendencia"
620912684,"ed",40,0,NA,NA,NA,"sin tendencia"
620912684,"lpi",40,100,NA,NA,NA,"sin tendencia"
620912684,"mesh",40,249.282830650142,NA,NA,NA,"sin tendencia"
620912684,"np",40,1,NA,NA,NA,"sin tendencia"
620912684,"pd",40,0.401150772153842,NA,NA,NA,"sin tendencia"
620914040,"cohesion",40,99.9946246003212,-0.6606705634765,2.246841666976e-09,-0.000185707075756388,"descenso"
620914040,"ed",40,5.42393284177419,0.642633701344365,6.42750899557044e-09,0.213843044372088,"incremento"
620914040,"lpi",40,98.6551676745464,-0.6606705634765,2.246841666976e-09,-0.0488107557481478,"descenso"
620914040,"mesh",40,1633.66601306382,-0.6606705634765,2.246841666976e-09,-1.62668443157505,"descenso"
620914040,"np",40,1.075,0.336454548493052,0.0118651000513839,0,"descenso"
620914040,"pd",40,0.0640573166777022,0.377236918007361,0.0047394521854501,0,"descenso"
620914041,"cohesion",40,100,NA,NA,NA,"sin tendencia"
620914041,"ed",40,0,NA,NA,NA,"sin tendencia"
620914041,"lpi",40,100,NA,NA,NA,"sin tendencia"
620914041,"mesh",40,1371.97815488544,NA,NA,NA,"sin tendencia"
620914041,"np",40,1,NA,NA,NA,"sin tendencia"
620914041,"pd",40,0.0728874578971342,NA,NA,NA,"sin tendencia"
620914059,"cohesion",40,99.9999658878914,0.255751451670262,0.0518708696561184,0,"sin tendencia"
620914059,"ed",40,0.0634697071542387,-0.24663507670528,0.0593087690140729,0,"sin tendencia"
620914059,"lpi",40,99.9910801634344,0.255751451670262,0.0518708696561184,0,"sin tendencia"
620914059,"mesh",40,1602.89240637214,0.255751451670262,0.0518708696561184,0,"sin tendencia"
620914059,"np",40,1,NA,NA,NA,"sin tendencia"
620914059,"pd",40,0.0623760940529885,NA,NA,NA,"sin tendencia"
620914060,"cohesion",40,99.9990935153088,-0.634583008757158,4.55801979162874e-07,0,"descenso"
620914060,"ed",40,0.441034390554195,0.569311613570708,6.07567491833376e-06,0,"descenso"
620914060,"lpi",40,99.9059616749468,-0.634583008757158,4.55801979162874e-07,0,"descenso"
620914060,"mesh",40,259.497205429796,-0.634583008757158,4.55801979162874e-07,0,"descenso"
620914060,"np",40,1,NA,NA,NA,"sin tendencia"
620914060,"pd",40,0.384637823416708,Inf,0,0,"descenso"
620915389,"cohesion",40,98.6932036757765,0.458575032345919,3.34495536868476e-05,0.0117883934208888,"incremento"
620915389,"ed",40,47.655335175599,0.434728935443488,8.57507543695714e-05,0.0344560744538818,"incremento"
620915389,"lpi",40,27.4335426478284,0.542181940412781,9.79259700173692e-07,0.0784136498422208,"incremento"
620915389,"mesh",40,66.6782106684525,0.543353609754408,8.7549965185379e-07,0.375785603047061,"incremento"
620915389,"np",40,8.45,-0.566090779940203,2.86512190941017e-06,-0.0666666666666667,"descenso"
620915389,"pd",40,0.958559321270546,-0.561785482152085,3.12340246685717e-06,-0.00756259819542835,"descenso"
620915409,"cohesion",40,99.9999768136621,0.338332476225479,0.0112272433120388,0,"descenso"
620915409,"ed",40,0.029692261129982,-0.338332476225479,0.0112272433120388,0,"descenso"
620915409,"lpi",40,99.9945887445888,0.338332476225479,0.0112272433120388,0,"descenso"
620915409,"mesh",40,1278.56631735589,0.338332476225479,0.0112272433120388,0,"descenso"
620915409,"np",40,1,NA,NA,NA,"sin tendencia"
620915409,"pd",40,0.0782041404301129,NA,NA,NA,"sin tendencia"
620915410,"cohesion",40,99.9553237749402,-0.264441809668363,0.0169041282250997,-0.000519350616130893,"descenso"
620915410,"ed",40,31.8905177292527,0.585366335964921,1.14578191979908e-07,0.324345010648438,"incremento"
620915410,"lpi",40,90.0156239385911,-0.387676827766241,0.00045244452327012,-0.130529704352813,"descenso"
620915410,"mesh",40,4404.38387115196,-0.387676827766241,0.00045244452327012,-12.854669980572,"descenso"
620915410,"np",40,18.15,0.29181238522951,0.00976242521384619,0.333333333333333,"incremento"
620915410,"pd",40,0.334096789670323,0.294567221189425,0.00886893696486489,0.00613584554031815,"incremento"
620915427,"cohesion",40,99.999664825922,-0.502336450964451,2.66786066934025e-05,-4.82382616822414e-06,"descenso"
620915427,"ed",40,0.540824309990044,0.510396322830924,1.91806787840563e-05,0.00866358526215488,"incremento"
620915427,"lpi",40,99.9047182554998,-0.502336450964451,2.66786066934025e-05,-0.00137839775045429,"descenso"
620915427,"mesh",40,1908.70689440112,-0.502336450964451,2.66786066934025e-05,-0.052714132999394,"descenso"
620915427,"np",40,1,NA,NA,NA,"sin tendencia"
620915427,"pd",40,0.0522920390949359,Inf,0,0,"descenso"
620915446,"cohesion",40,100,NA,NA,NA,"sin tendencia"
620915446,"ed",40,0,NA,NA,NA,"sin tendencia"
620915446,"lpi",40,100,NA,NA,NA,"sin tendencia"
620915446,"mesh",40,515.910284588754,NA,NA,NA,"sin tendencia"
620915446,"np",40,1,NA,NA,NA,"sin tendencia"
620915446,"pd",40,0.193832150641681,NA,NA,NA,"sin tendencia"
620915447,"cohesion",40,99.9881094182266,-0.605790912999653,4.29932685503796e-08,-0.000407923873320541,"descenso"
620915447,"ed",40,3.74003623364822,0.85788224834558,8.32219971802649e-15,0.213079883827884,"incremento"
620915447,"lpi",40,98.8288420804895,-0.849427180798933,1.57226220054142e-14,-0.0614560823580594,"descenso"
620915447,"mesh",40,3063.34844383046,-0.847592806086563,1.72895669805642e-14,-3.81731822227364,"descenso"
620915447,"np",40,2.6,0.590613447190215,1.14085634031812e-06,0.0645161290322581,"incremento"
620915447,"pd",40,0.0829066958287107,0.652473209738816,7.59330067540602e-08,0.00205723810989357,"incremento"
620916765,"cohesion",40,82.9951685219991,-0.44929433681518,4.76706495884714e-05,-0.0479500388818268,"descenso"
620916765,"ed",40,8.92960062189706,0.125802414308251,0.258348234876249,0.00862846711944333,"sin tendencia"
620916765,"lpi",40,0.523508753538107,-0.144740478657519,0.199020172855461,-0.000873606597477022,"sin tendencia"
620916765,"mesh",40,0.0950592049678645,-0.372272450504007,0.000758238278258466,-0.000452959365386509,"descenso"
620916765,"np",40,20.425,-0.048597051498059,0.686624950740825,0,"sin tendencia"
620916765,"pd",40,1.16043868415988,-0.0749783080255767,0.52942045231072,0,"sin tendencia"
620916798,"cohesion",40,99.9808740399467,0.420352023530029,0.00117563279551581,0,"descenso"
620916798,"ed",40,4.65034255371975,-0.420352023530029,0.00117563279551581,0,"descenso"
620916798,"lpi",40,99.35,0.420352023530029,0.00117563279551581,0,"descenso"
620916798,"mesh",40,72.8664635087008,0.420352023530029,0.00117563279551581,0,"descenso"
620916798,"np",40,1.15,-0.300828418798093,0.0242135864847017,0,"descenso"
620916798,"pd",40,1.55811974293316,-0.461270242157077,0.000528637426045149,0,"descenso"
620916807,"cohesion",40,99.8088009395822,-0.0218088563146263,0.852108190052163,-5.50259898644822e-05,"sin tendencia"
620916807,"ed",40,64.8146938931786,0.50064226102263,5.81882331792401e-06,0.279488771779359,"incremento"
620916807,"lpi",40,64.6568686899312,-0.157793489805826,0.155164858230445,-0.0412838937230285,"sin tendencia"
620916807,"mesh",40,1273.77557168843,-0.157793489805826,0.155164858230445,-1.60929709961096,"sin tendencia"
620916807,"np",40,24.4,0.256205046088139,0.0249782622570651,0.0816666666666667,"incremento"
620916807,"pd",40,0.801849104929027,0.256205046088139,0.0249782622570651,0.00268378457250835,"incremento"
620916813,"cohesion",40,99.9996210530759,-0.610985406880405,1.0029660768169e-06,0,"descenso"
620916813,"ed",40,0.609846688415958,0.609949922834642,1.07859926364088e-06,0,"descenso"
620916813,"lpi",40,99.8982834483133,-0.610985406880405,1.0029660768169e-06,0,"descenso"
620916813,"mesh",40,1694.94215620597,-0.610985406880405,1.0029660768169e-06,0,"descenso"
620916813,"np",40,1,NA,NA,NA,"sin tendencia"
620916813,"pd",40,0.0588793191569829,NA,NA,NA,"sin tendencia"
620918169,"cohesion",40,99.9999799772557,0.667754591299288,1.01738154125789e-07,8.5750668581427e-07,"incremento"
620918169,"ed",40,0.0684051731296813,-0.643503236336502,2.59787371939853e-07,-0.00107809571515732,"descenso"
620918169,"lpi",40,99.9896112699302,0.667754591299288,1.01738154125789e-07,0.000445012380999869,"incremento"
620918169,"mesh",40,6259.55488108566,0.667754591299288,1.01738154125789e-07,0.0557198794089587,"incremento"
620918169,"np",40,1,NA,NA,NA,"sin tendencia"
620918169,"pd",40,0.0159722582061873,-Inf,0,0,"descenso"
620918175,"cohesion",40,99.9989110147602,0.0977328326181848,0.387546737690818,3.61998431444022e-06,"sin tendencia"
620918175,"ed",40,1.35883490937165,-0.202614490051791,0.0704856225280009,-0.0122892046066647,"sin tendencia"
620918175,"lpi",40,99.7592385218365,0.0977328326181848,0.387546737690818,0.000799872020476518,"sin tendencia"
620918175,"mesh",40,1147.87244032622,0.0977328326181848,0.387546737690818,0.0184303263374886,"sin tendencia"
620918175,"np",40,1,NA,NA,NA,"sin tendencia"
620918175,"pd",40,0.0866988790904081,-Inf,0,0,"descenso"
620918177,"cohesion",40,90.7410974471924,-0.152858344115306,0.16909979191889,-0.0162190379376446,"sin tendencia"
620918177,"ed",40,51.2577844401276,-0.473989319147462,1.79921032276121e-05,-0.192710265901684,"descenso"
620918177,"lpi",40,6.7545871559633,-0.458178889894237,4.00146527752137e-05,-0.0475439602446479,"descenso"
620918177,"mesh",40,1.74654284188265,-0.443160745544375,6.10352483315438e-05,-0.0218611701499256,"descenso"
620918177,"np",40,14.325,-0.67759710892517,2.33368789610246e-08,-0.0869565217391304,"descenso"
620918177,"pd",40,4.4515487270677,-0.69079705260553,1.23889153539765e-08,-0.027022072855711,"descenso"
620919535,"cohesion",40,99.9961611426161,-0.0540544569599321,0.632699771817326,-9.30148939910329e-06,"sin tendencia"
620919535,"ed",40,6.82901153467314,0.0089801173060226,0.944264535537063,0.00387740871517236,"sin tendencia"
620919535,"lpi",40,98.7310431048541,-0.0283142393599644,0.80661625035684,-0.000715219586717509,"sin tendencia"
620919535,"mesh",40,3309.00628539699,-0.0283142393599644,0.80661625035684,-0.048023487940315,"sin tendencia"
620919535,"np",40,1.225,0.0192927042356577,0.896917940070935,0,"sin tendencia"
620919535,"pd",40,0.0360871065479602,0.0192927042356577,0.896917940070935,0,"sin tendencia"
620919548,"cohesion",40,100,NA,NA,NA,"sin tendencia"
620919548,"ed",40,0,NA,NA,NA,"sin tendencia"
620919548,"lpi",40,100,NA,NA,NA,"sin tendencia"
620919548,"mesh",40,1083.02411137113,NA,NA,NA,"sin tendencia"
620919548,"np",40,1,NA,NA,NA,"sin tendencia"
620919548,"pd",40,0.09233404773731,NA,NA,NA,"sin tendencia"
620919551,"cohesion",40,99.9714346106703,-0.353097474490116,0.00145883869911365,-0.000710852073075069,"descenso"
620919551,"ed",40,17.4529424194173,0.490668216858123,9.42770387119132e-06,0.517273505119607,"incremento"
620919551,"lpi",40,96.7556317335945,-0.528357534820976,1.85791842805061e-06,-0.101653162377942,"descenso"
620919551,"mesh",40,352.852193669216,-0.528357534820976,1.85791842805061e-06,-0.74946013127409,"descenso"
620919551,"np",40,1.2,-0.174437473976111,0.188946688324819,0,"sin tendencia"
620919551,"pd",40,0.31848463850782,-0.123269148276452,0.355933434285077,0,"sin tendencia"
620919553,"cohesion",40,93.5119695334875,0.581889326758267,1.38414507372308e-07,0.0379061871093924,"incremento"
620919553,"ed",40,46.3487044284763,-0.708228561236482,1.45701612306627e-10,-0.264732484404976,"descenso"
620919553,"lpi",40,5.95623090698409,0.17537368112745,0.115455861648281,0.012590731014833,"sin tendencia"
620919553,"mesh",40,3.65098336759465,0.078355957907846,0.484424263686257,0.00519836917123839,"sin tendencia"
620919553,"np",40,24.35,-0.598319721746867,1.89859349882725e-07,-0.1875,"descenso"
620919553,"pd",40,2.78027952792106,-0.607752690332967,1.21442645628192e-07,-0.0214087232642793,"descenso"
620919555,"cohesion",40,99.9999029776819,-0.313307409304809,0.0114821289130017,0,"descenso"
620919555,"ed",40,0.175762925335131,0.333630052070526,0.0070914053166175,0,"descenso"
620919555,"lpi",40,99.971383975026,-0.313307409304809,0.0114821289130017,0,"descenso"
620919555,"mesh",40,2038.02657833647,-0.313307409304809,0.0114821289130017,0,"descenso"
620919555,"np",40,1,NA,NA,NA,"sin tendencia"
620919555,"pd",40,0.0490390167121333,NA,NA,NA,"sin tendencia"
620919557,"cohesion",40,99.9998831554918,-0.527498787080692,2.06523488066871e-05,-8.75122996054264e-07,"descenso"
620919557,"ed",40,0.171494999409708,0.525306518229541,2.31305153636791e-05,0,"descenso"
620919557,"lpi",40,99.9712048660541,-0.527498787080692,2.06523488066871e-05,-0.000215693887234636,"descenso"
620919557,"mesh",40,1424.94425519019,-0.527498787080692,2.06523488066871e-05,-0.00614798868781842,"descenso"
620919557,"np",40,1,NA,NA,NA,"sin tendencia"
620919557,"pd",40,0.0701377886882543,NA,NA,NA,"sin tendencia"
620920909,"cohesion",40,98.9775719193816,-0.462335668903061,2.99547933790521e-05,-0.0107126323380596,"descenso"
620920909,"ed",40,84.3310238048827,-0.629755270455701,1.27457423858685e-08,-0.794097410992246,"descenso"
620920909,"lpi",40,29.7781916131821,-0.396912489572831,0.000344304925235316,-0.188065663950157,"descenso"
620920909,"mesh",40,303.18844756803,-0.513849392457719,3.48144239377155e-06,-5.4637205678352,"descenso"
620920909,"np",40,70.925,0.0901533399576568,0.42676621016531,0.117647058823529,"sin tendencia"
620920909,"pd",40,2.55649207640547,0.0901533399576568,0.42676621016531,0.00424058898406431,"sin tendencia"
620920911,"cohesion",40,99.9821432371817,-0.0218650648004121,0.852061858629495,-1.95175969908392e-05,"sin tendencia"
620920911,"ed",40,14.9872288604492,0.469455803067671,2.2093650171541e-05,0.13391467369668,"incremento"
620920911,"lpi",40,96.418417476743,-0.376537609479526,0.000691741803790268,-0.0312890253227918,"descenso"
620920911,"mesh",40,1641.15310978039,-0.378381198719525,0.000637120649587405,-1.06344393410603,"descenso"
620920911,"np",40,2.325,0.0170922061912,0.900510662494301,0,"sin tendencia"
620920911,"pd",40,0.131707396433195,0.0807995201765818,0.523745149165557,0,"sin tendencia"
620920915,"cohesion",40,99.5266282671324,0.0232565127354766,0.842809553500845,0.000574006289280074,"sin tendencia"
620920915,"ed",40,64.5852901209662,-0.186052101883813,0.0953035142809062,-0.192723900416152,"sin tendencia"
620920915,"lpi",40,62.6946700677989,0.0995510263458975,0.375303704314813,0.149275401497522,"sin tendencia"
620920915,"mesh",40,547.976395011424,0.100778221853732,0.369085876695092,2.50923607500141,"sin tendencia"
620920915,"np",40,24.925,0.242860409280871,0.0306860266138739,0.390873015873016,"incremento"
620920915,"pd",40,1.81354913443834,0.235026202529875,0.0365253588520608,0.0284400168349774,"incremento"
620920924,"cohesion",40,99.9999454562803,-0.5446424488811,2.00652855178602e-05,0,"descenso"
620920924,"ed",40,0.115821770256711,0.571679084913311,4.85021304978021e-06,0,"descenso"
620920924,"lpi",40,99.9818743526555,-0.5446424488811,2.00652855178602e-05,0,"descenso"
620920924,"mesh",40,2582.2137293141,-0.5446424488811,2.00652855178602e-05,0,"descenso"
620920924,"np",40,1,NA,NA,NA,"sin tendencia"
620920924,"pd",40,0.038712432100728,NA,NA,NA,"sin tendencia"
620920929,"cohesion",40,91.4604845752583,-0.109184531510933,0.327636189723332,-0.0078679386580862,"sin tendencia"
620920929,"ed",40,40.7890487645705,0.540784561954151,9.85904485800066e-07,0.102451997690084,"incremento"
620920929,"lpi",40,0.989914618073463,-0.055996419250987,0.623875507580529,-0.000350186872449195,"sin tendencia"
620920929,"mesh",40,2.00608759821388,-0.122029770512219,0.273332535532267,-0.00754099078957639,"sin tendencia"
620920929,"np",40,109.225,0.434411886406941,0.000138124487433261,0.219806763285024,"incremento"
620920929,"pd",40,2.26137953370886,0.425084023815381,0.000191929480420262,0.00455084930980582,"incremento"
620920933,"cohesion",40,100,NA,NA,NA,"sin tendencia"
620920933,"ed",40,0,NA,NA,NA,"sin tendencia"
620920933,"lpi",40,100,NA,NA,NA,"sin tendencia"
620920933,"mesh",40,122.427208094915,NA,NA,NA,"sin tendencia"
620920933,"np",40,1,NA,NA,NA,"sin tendencia"
620920933,"pd",40,0.816811896277763,NA,NA,NA,"sin tendencia"
620920936,"cohesion",40,99.8261654273812,-0.193963108919422,0.0804620966727865,-0.000694027292217986,"sin tendencia"
620920936,"ed",40,31.3503398105626,0.666667904166756,1.57526730820647e-09,0.659924758383196,"incremento"
620920936,"lpi",40,82.0953582793811,-0.564269216665727,3.31601580720313e-07,-0.270181791579795,"descenso"
620920936,"mesh",40,1135.95501996271,-0.566475039956723,2.93615956486388e-07,-7.62755312676591,"descenso"
620920936,"np",40,11.5,0.146848776574167,0.211859908019406,0,"sin tendencia"
620920936,"pd",40,0.683910783686231,0.14546341075743,0.216244044176503,7.40148683083438e-17,"sin tendencia"
620920939,"cohesion",40,99.9990108318743,-0.279044007041108,0.0133363683376018,-1.50766760542709e-05,"descenso"
620920939,"ed",40,1.74363425620825,0.375432844578801,0.000833343021992328,0.0491123158687945,"incremento"
620920939,"lpi",40,99.6556575458957,-0.308001403998204,0.00628214095926535,-0.00709324572401585,"descenso"
620920939,"mesh",40,3663.36643595099,-0.308001403998204,0.00628214095926535,-0.522951156351573,"descenso"
620920939,"np",40,1.025,-0.0516015687115336,0.728953109381781,0,"sin tendencia"
620920939,"pd",40,0.0277876824833172,-0.0516015687115336,0.728953109381781,0,"sin tendencia"
620922282,"cohesion",40,88.9313413984318,NA,NA,NA,"sin tendencia"
620922282,"ed",40,0,NA,NA,NA,"sin tendencia"
620922282,"lpi",40,36.7521367521368,NA,NA,NA,"sin tendencia"
620922282,"mesh",40,2.65972969614386,NA,NA,NA,"sin tendencia"
620922282,"np",40,5,NA,NA,NA,"sin tendencia"
620922282,"pd",40,46.3209139482172,NA,NA,NA,"sin tendencia"
620922285,"cohesion",40,99.2097689840758,-0.557024727626649,5.49200283739645e-07,-0.0140384493023158,"descenso"
620922285,"ed",40,64.8427768500127,-0.0725427552257961,0.520816995972134,-0.0876338329858277,"sin tendencia"
620922285,"lpi",40,38.8520039546734,-0.593296105239547,9.54627545486535e-08,-0.371153930359954,"descenso"
620922285,"mesh",40,296.513366904085,-0.598477730612818,7.37231149827621e-08,-3.37283728269638,"descenso"
620922285,"np",40,16.3,0.429522795678033,0.000160326885204975,0.206896551724138,"incremento"
620922285,"pd",40,1.34365525877618,0.429522795678033,0.000160326885204975,0.0170550699231163,"incremento"
620922292,"cohesion",40,99.9682547607441,-0.342527331529719,0.00193922474245199,-0.000466709078320807,"descenso"
620922292,"ed",40,12.5093168190311,-0.119307272780015,0.283734432325666,-0.0177616918199525,"sin tendencia"
620922292,"lpi",40,96.3384052933756,-0.184852527146817,0.0956488680826152,-0.0129334421381265,"sin tendencia"
620922292,"mesh",40,3325.91187242141,-0.186016715624754,0.093373873898889,-0.895122364396181,"sin tendencia"
620922292,"np",40,10.975,0.355471123972764,0.0030324498561563,0.0533428165007112,"incremento"
620922292,"pd",40,0.306271865183991,0.358349432668899,0.00280322722872799,0.00148860172244558,"incremento"
620922307,"cohesion",40,99.9996520630798,0.261527505329162,0.0310471499044834,0,"descenso"
620922307,"ed",40,0.623084522070689,-0.287206679818074,0.0173875271603306,0,"descenso"
620922307,"lpi",40,99.9007121009367,0.261527505329162,0.0310471499044834,0,"descenso"
620922307,"mesh",40,1926.60348902176,0.261527505329162,0.0310471499044834,0,"descenso"
620922307,"np",40,1,NA,NA,NA,"sin tendencia"
620922307,"pd",40,0.0518022073390413,NA,NA,NA,"sin tendencia"
620922309,"cohesion",40,99.9970432761443,-0.269386051289986,0.0161645404152911,-6.45737135258173e-05,"descenso"
620922309,"ed",40,0.944633297598058,0.407063753979401,0.00026995335231165,0.0418411382034612,"incremento"
620922309,"lpi",40,99.7978818224716,-0.326205849748677,0.00372172382876947,-0.00833414875747604,"descenso"
620922309,"mesh",40,1752.54822061114,-0.311030271779259,0.00545602434019756,-0.292557715702908,"descenso"
620922309,"np",40,1.625,0.307861008261097,0.0173245823446276,0,"descenso"
620922309,"pd",40,0.0923479658617396,0.210287573948837,0.104939317793671,0,"sin tendencia"
620922312,"cohesion",40,99.9999708834259,-0.399672347239362,0.00222945865940422,0,"descenso"
620922312,"ed",40,0.050510362725332,0.38538662918897,0.00312376767690249,0,"descenso"
620922312,"lpi",40,99.9933707099023,-0.399672347239362,0.00222945865940422,0,"descenso"
620922312,"mesh",40,1217.56030911308,-0.399672347239362,0.00222945865940422,0,"descenso"
620922312,"np",40,1,NA,NA,NA,"sin tendencia"
620922312,"pd",40,0.082120568708863,NA,NA,NA,"sin tendencia"
620923686,"cohesion",40,99.9966758541152,-0.518441059281882,3.06785507885555e-06,-8.97981008530261e-05,"descenso"
620923686,"ed",40,6.58620590603106,0.486146160184182,1.16273426697417e-05,0.188350620469052,"incremento"
620923686,"lpi",40,98.5427310353748,-0.515855318337832,3.43564781496528e-06,-0.0436525900536761,"descenso"
620923686,"mesh",40,5541.55255163248,-0.515855318337832,3.43564781496528e-06,-4.92098340689854,"descenso"
620923686,"np",40,1.175,-0.00235584497580073,1,0,"sin tendencia"
620923686,"pd",40,0.0205909837834327,-0.0683195042982212,0.618248468222611,0,"sin tendencia"
620923688,"cohesion",40,99.9973481071218,-0.092930985084018,0.46419365869079,0,"sin tendencia"
620923688,"ed",40,1.22584815951709,0.134051982183706,0.285255827400725,0,"sin tendencia"
620923688,"lpi",40,99.7654738878143,-0.092930985084018,0.46419365869079,0,"sin tendencia"
620923688,"mesh",40,189.899387185591,-0.092930985084018,0.46419365869079,0,"sin tendencia"
620923688,"np",40,1,NA,NA,NA,"sin tendencia"
620923688,"pd",40,0.524134132682922,Inf,0,0,"descenso"
620925020,"cohesion",40,85.7856882748981,-0.13607199914974,0.221131569719731,-0.0338002677713385,"sin tendencia"
620925020,"ed",40,21.21668430524,0.541720600388589,9.30702821372141e-07,0.096091796523405,"incremento"
620925020,"lpi",40,1.54386226059343,-0.0479055594522634,0.68128197209897,-9.45298589807651e-18,"sin tendencia"
620925020,"mesh",40,0.431005845139814,0.00513479242074492,0.972113351608453,7.56784994611467e-05,"sin tendencia"
620925020,"np",40,19.175,0.527356968336912,5.15158838821161e-06,0.142857142857143,"incremento"
620925020,"pd",40,2.06251488379431,0.521920298560243,6.44007188115365e-06,0.0153661008291624,"incremento"
620925039,"cohesion",40,99.964798531435,0.147530498598943,0.184076345063248,0.000274999814578284,"sin tendencia"
620925039,"ed",40,31.0214098909863,0.27581788868498,0.0126493918188216,0.229032221618603,"incremento"
620925039,"lpi",40,92.6398652606913,-0.147530498598943,0.184076345063248,-0.0354911150165985,"sin tendencia"
620925039,"mesh",40,1622.48991578369,-0.147530498598943,0.184076345063248,-1.24263057634959,"sin tendencia"
620925039,"np",40,3.375,-0.215794263545407,0.0661573117056212,-0.0465367965367965,"sin tendencia"
620925039,"pd",40,0.178587882203693,-0.217177560106595,0.0644274629244088,-0.0024624912409039,"sin tendencia"
620925041,"cohesion",40,99.9317385043191,-0.361416659347988,0.00110027659816294,-0.0010578739852516,"descenso"
620925041,"ed",40,43.4582202188617,0.651253617365212,3.70413871344552e-09,0.690791584302438,"incremento"
620925041,"lpi",40,89.5309979257894,-0.409269459839486,0.000219843258797874,-0.1421106092932,"descenso"
620925041,"mesh",40,642.275150064509,-0.407719149513567,0.000230375126155346,-2.04677783229139,"descenso"
620925041,"np",40,1.9,0.200166496415106,0.107497042082288,0,"sin tendencia"
620925041,"pd",40,0.237315952303271,0.209698234339635,0.0916410402378914,0,"sin tendencia"
620925062,"cohesion",40,100,NA,NA,NA,"sin tendencia"
620925062,"ed",40,0,NA,NA,NA,"sin tendencia"
620925062,"lpi",40,100,NA,NA,NA,"sin tendencia"
620925062,"mesh",40,1676.06261447137,NA,NA,NA,"sin tendencia"
620925062,"np",40,1,NA,NA,NA,"sin tendencia"
620925062,"pd",40,0.0596636421196831,NA,NA,NA,"sin tendencia"
620925071,"cohesion",40,99.9999519376926,0.617123720000083,1.85762127567186e-07,2.21874128990765e-06,"incremento"
620925071,"ed",40,0.0976581188102156,-0.676352015789909,1.16922239670878e-08,-0.00652685840000837,"descenso"
620925071,"lpi",40,99.9837808770469,0.617123720000083,1.85762127567186e-07,0.000748815255747446,"incremento"
620925071,"mesh",40,2658.40042222744,0.617123720000083,1.85762127567186e-07,0.0398214393312173,"incremento"
620925071,"np",40,1,NA,NA,NA,"sin tendencia"
620925071,"pd",40,0.0376044055782779,-Inf,0,0,"descenso"
620926396,"cohesion",40,95.5199454439594,-0.180885220021312,0.102836406021065,-0.012139333295682,"sin tendencia"
620926396,"ed",40,29.8929388631095,-0.192554715777935,0.0825214330626485,-0.0891129493611194,"sin tendencia"
620926396,"lpi",40,11.9512112599811,0.0886892390659115,0.428077623499302,0.0221222815619891,"sin tendencia"
620926396,"mesh",40,20.4014634520767,0.0833868035559241,0.455838491604328,0.0774405812743724,"sin tendencia"
620926396,"np",40,28.45,-0.182128437518418,0.116931786790909,-0.0588235294117647,"sin tendencia"
620926396,"pd",40,2.08669793224703,-0.153145214626224,0.18700030287751,-0.00431447933887527,"sin tendencia"
620926417,"cohesion",40,99.9673757898498,-0.153253327575109,0.168945397411258,-9.03273412291128e-05,"sin tendencia"
620926417,"ed",40,22.1593010160089,0.271734891750824,0.0143610865088615,0.274306301553116,"incremento"
620926417,"lpi",40,95.1517423224072,-0.2061883062716,0.0637836448629318,-0.0582497501120181,"sin tendencia"
620926417,"mesh",40,808.770853802551,-0.207342737307501,0.0621504587486817,-1.00657715926207,"sin tendencia"
620926417,"np",40,2.275,-0.0837438306081582,0.503856007365076,0,"sin tendencia"
620926417,"pd",40,0.254978167100956,-0.0730855248943926,0.560710866086719,0,"sin tendencia"
620926418,"cohesion",40,98.567762646986,-0.250003321354316,0.024431213373581,-0.00228059845445328,"descenso"
620926418,"ed",40,57.6831988037316,0.0979394454790102,0.381867296272744,0.0164777128045478,"sin tendencia"
620926418,"lpi",40,32.7348420153715,-0.554490315329438,5.66631413492153e-07,-0.0523353733750844,"descenso"
620926418,"mesh",40,211.22877675948,-0.595368734359246,7.65742843030195e-08,-0.706372952633499,"descenso"
620926418,"np",40,32.925,0.274580940058849,0.0180796655999,0.130434782608696,"incremento"
620926418,"pd",40,1.69312631876052,0.269116642744245,0.0205199231382749,0.00670744307719329,"incremento"
620926425,"cohesion",40,99.9924132191486,0.160708127750606,0.154135760937706,0.000110173950014938,"sin tendencia"
620926425,"ed",40,5.69997248987566,-0.153766323319277,0.171865341843937,-0.0623714675402329,"sin tendencia"
620926425,"lpi",40,99.1240409207161,0.160708127750606,0.154135760937706,0.012773371682153,"sin tendencia"
620926425,"mesh",40,319.008697010062,0.160708127750606,0.154135760937706,0.0826063032487357,"sin tendencia"
620926425,"np",40,1,NA,NA,NA,"sin tendencia"
620926425,"pd",40,0.308016307584053,-Inf,0,0,"descenso"
620926433,"cohesion",40,99.9999679114781,0.0665354992392547,0.624470661870524,0,"sin tendencia"
620926433,"ed",40,0.0567025108030936,-0.0608772449437439,0.653805545229957,0,"sin tendencia"
620926433,"lpi",40,99.9915297306454,0.0665354992392547,0.624470661870524,0,"sin tendencia"
620926433,"mesh",40,1633.53151286871,0.0665354992392547,0.624470661870524,0,"sin tendencia"
620926433,"np",40,1,NA,NA,NA,"sin tendencia"
620926433,"pd",40,0.0612066963910036,NA,NA,NA,"sin tendencia"
620926438,"cohesion",40,99.9999311588172,-0.190053680147985,0.131659329654305,0,"sin tendencia"
620926438,"ed",40,0.140221242128269,0.184757611192797,0.139762007012592,0,"sin tendencia"
620926438,"lpi",40,99.9794809228039,-0.190053680147985,0.131659329654305,0,"sin tendencia"
620926438,"mesh",40,2078.6566174204,-0.190053680147985,0.131659329654305,0,"sin tendencia"
620926438,"np",40,1,NA,NA,NA,"sin tendencia"
620926438,"pd",40,0.0480882602656736,Inf,0,0,"descenso"
620926456,"cohesion",40,99.9988269421418,-0.327314671365974,0.00379618277425473,-2.5270335588079e-05,"descenso"
620926456,"ed",40,1.30855037786297,0.199427927690499,0.0786812654735136,0.021337427126545,"sin tendencia"
620926456,"lpi",40,99.7281925798558,-0.327314671365974,0.00379618277425473,-0.00615229456741315,"descenso"
620926456,"mesh",40,1387.47896506824,-0.327314671365974,0.00379618277425473,-0.17143116156189,"descenso"
620926456,"np",40,1.025,0.00573350763461485,1,0,"sin tendencia"
620926456,"pd",40,0.0734744475244872,0.0775284206640121,0.576676566900056,0,"sin tendencia"
620927772,"cohesion",40,87.7452614193699,0.363053313943485,0.00101687854413437,0.0334964386431314,"incremento"
620927772,"ed",40,18.5628907733286,-0.711995014977506,1.08139403061754e-10,-0.138341443630143,"descenso"
620927772,"lpi",40,0.839945306782729,0.248231130628731,0.0259128279549747,0.00215840416527347,"incremento"
620927772,"mesh",40,0.404262710689522,-0.121873020581735,0.273397669683921,-0.00104121718897746,"sin tendencia"
620927772,"np",40,35.1,-0.644960204953504,1.07067541315334e-08,-0.469669117647059,"descenso"
620927772,"pd",40,1.46536299584448,-0.648908940902199,8.70417229632064e-09,-0.0196078559911945,"descenso"
620927810,"cohesion",40,99.6465920608977,-0.488725184906645,1.04434395942756e-05,-0.0137081325108733,"descenso"
620927810,"ed",40,70.2853096529283,0.117345624872044,0.293960937536433,0.0893071094719911,"sin tendencia"
620927810,"lpi",40,67.4844459652834,-0.53514762991097,1.38208296144441e-06,-0.844287817783743,"descenso"
620927810,"mesh",40,704.961182710734,-0.53514762991097,1.38208296144441e-06,-16.2058679506745,"descenso"
620927810,"np",40,25.825,0.574669055794926,2.7736810248043e-07,0.916666666666667,"incremento"
620927810,"pd",40,1.74155166445406,0.574669055794926,2.7736810248043e-07,0.0618169354920771,"incremento"
620927814,"cohesion",40,99.999715901433,-0.480413469262962,0.000225123654105708,0,"descenso"
620927814,"ed",40,0.335226582891713,0.476480804475854,0.00024457727707067,0,"descenso"
620927814,"lpi",40,99.9458735262594,-0.480413469262962,0.000225123654105708,0,"descenso"
620927814,"mesh",40,859.843404144345,-0.480413469262962,0.000225123654105708,0,"descenso"
620927814,"np",40,1,NA,NA,NA,"sin tendencia"
620927814,"pd",40,0.116174639480866,NA,NA,NA,"sin tendencia"
620929149,"cohesion",40,89.6203088280185,0.428755167132201,0.0001043185730467,0.0283168888569584,"incremento"
620929149,"ed",40,59.0800730064252,-0.147720248514792,0.184016788705172,-0.0647229784339822,"sin tendencia"
620929149,"lpi",40,6.30744739756368,-0.417914840866237,0.000224627231500517,-0.00755058894593773,"descenso"
620929149,"mesh",40,1.49418120412421,-0.0256739621037246,0.824781215913654,-0.000230068129446632,"sin tendencia"
620929149,"np",40,15.1,-0.504532679370945,1.70597224221293e-05,-0.0909090909090909,"descenso"
620929149,"pd",40,4.53129339270849,-0.477756679792868,3.64652499204765e-05,-0.0272805141042053,"descenso"
620929175,"cohesion",40,94.0325013831959,-0.293818336437031,0.00812810158115587,-0.064036517294812,"descenso"
620929175,"ed",40,43.1937167446446,-0.14948652204691,0.179972383349311,-0.0234061484957079,"sin tendencia"
620929175,"lpi",40,9.51038725292457,-0.0946266117508355,0.400888979581979,-0.0196651875756351,"sin tendencia"
620929175,"mesh",40,4.59475121434036,-0.219075075413576,0.0487865991153489,-0.019109055732001,"descenso"
620929175,"np",40,14.575,0.24144396476413,0.0376753193805377,0.0769230769230769,"incremento"
620929175,"pd",40,3.18636129621001,0.23053124319287,0.0472671707453868,0.0168167900578441,"incremento"
620929184,"cohesion",40,99.7271950693516,NA,NA,NA,"sin tendencia"
620929184,"ed",40,0,NA,NA,NA,"sin tendencia"
620929184,"lpi",40,97.3728339854667,NA,NA,NA,"sin tendencia"
620929184,"mesh",40,156.606221642737,NA,NA,NA,"sin tendencia"
620929184,"np",40,2,NA,NA,NA,"sin tendencia"
620929184,"pd",40,1.21174889478847,NA,NA,NA,"sin tendencia"
620929186,"cohesion",40,99.9999147941358,0.441447139229584,0.000502032754824115,0,"descenso"
620929186,"ed",40,0.109441106486302,-0.425889530798586,0.000789370563482653,0,"descenso"
620929186,"lpi",40,99.9771978021978,0.441447139229584,0.000502032754824115,0,"descenso"
620929186,"mesh",40,1678.34178724103,0.441447139229584,0.000502032754824115,0,"descenso"
620929186,"np",40,1,NA,NA,NA,"sin tendencia"
620929186,"pd",40,0.059555460790565,NA,NA,NA,"sin tendencia"
620929190,"cohesion",40,99.9286487926488,-0.520198506687506,5.51923526032412e-05,0,"descenso"
620929190,"ed",40,3.04932367046731,0.520198506687506,5.51923526032412e-05,0,"descenso"
620929190,"lpi",40,98.5517068273092,-0.529876618439831,3.99361132447363e-05,0,"descenso"
620929190,"mesh",40,89.4613731609638,-0.529876618439831,3.99361132447363e-05,0,"descenso"
620929190,"np",40,1.125,0.373883634423676,0.00477624109952294,0,"descenso"
620929190,"pd",40,1.22429524064942,0.370515313392832,0.00517237751587392,0,"descenso"
620929191,"cohesion",40,92.3041582106598,0.0484075958290591,0.67402638553665,0.00119875132661782,"sin tendencia"
620929191,"ed",40,98.9741047934905,-0.641445024325939,1.30449953506326e-08,-1.47466614903593,"descenso"
620929191,"lpi",40,43.125,-0.0552077485569344,0.631647538269675,-0.0370553359683792,"sin tendencia"
620929191,"mesh",40,2.28051812360126,-0.047130755390308,0.682560001299533,-0.000320342481191505,"sin tendencia"
620929191,"np",40,2.25,-0.306333532580159,0.0130097503843687,0,"descenso"
620929191,"pd",40,20.3233009947803,-0.288225146417785,0.0194929362109229,0,"descenso"
620929194,"cohesion",40,97.7608540243651,-0.484195553056903,1.29153383721728e-05,-0.0473494803996362,"descenso"
620929194,"ed",40,43.153801607528,0.0710153477816791,0.52886452036419,0.055030250489062,"sin tendencia"
620929194,"lpi",40,44.6816002397363,-0.466346283594403,2.81149824698587e-05,-0.323198857914119,"descenso"
620929194,"mesh",40,64.1577589938752,-0.466118919076112,2.68963533253066e-05,-0.985764098251643,"descenso"
620929194,"np",40,8.1,0.541359580233888,3.01109136562359e-06,0.142857142857143,"incremento"
620929194,"pd",40,2.63100570265061,0.541359580233888,3.01109136562359e-06,0.0464022169779649,"incremento"
620929214,"cohesion",40,99.9999982901227,-0.223606797749979,0.0997714364192216,0,"sin tendencia"
620929214,"ed",40,0.0019054004441603,0.223606797749979,0.0997714364192216,0,"sin tendencia"
620929214,"lpi",40,99.9996141677599,-0.223606797749979,0.0997714364192216,0,"sin tendencia"
620929214,"mesh",40,1195.570420411,-0.223606797749979,0.0997714364192216,0,"sin tendencia"
620929214,"np",40,1,NA,NA,NA,"sin tendencia"
620929214,"pd",40,0.0836414373322233,NA,NA,NA,"sin tendencia"
620930537,"cohesion",40,99.326890617641,-0.215939016856132,0.0516245679101053,-0.000608044203967444,"sin tendencia"
620930537,"ed",40,60.1225383887192,0.203085503948029,0.067293427418905,0.169496056260117,"sin tendencia"
620930537,"lpi",40,39.4381488382705,0.182519883295064,0.100332860253361,0.0471553139157807,"sin tendencia"
620930537,"mesh",40,480.076541767336,0.190231991039926,0.0866817735485908,0.955339368749249,"sin tendencia"
620930537,"np",40,37.8,0.294838950835888,0.00908848644263623,0.2,"incremento"
620930537,"pd",40,1.55803988308465,0.294838950835888,0.00908848644263623,0.00824359726499817,"incremento"
620930544,"cohesion",40,99.9863583184624,0.650313847428395,4.73831860378976e-09,0.000612273014140989,"incremento"
620930544,"ed",40,11.9536648187,-0.545236020798396,9.06748344006054e-07,-0.445956806146239,"descenso"
620930544,"lpi",40,97.4314862425469,0.575327360050966,2.22471336338685e-07,0.103507944806244,"incremento"
620930544,"mesh",40,1601.73435694998,0.575327360050966,2.22471336338685e-07,3.40630714914839,"incremento"
620930544,"np",40,2.175,-0.619679134435236,4.0087154295077e-07,-0.0588235294117647,"descenso"
620930544,"pd",40,0.128959187976288,-0.613706323500921,5.17867365322582e-07,-0.00348774003992664,"descenso"
620930551,"cohesion",40,99.98036232549,-0.052801566643525,0.640997054069316,-3.8527125409632e-05,"sin tendencia"
620930551,"ed",40,19.8940746542563,-0.1916408620742,0.0845244610578503,-0.0897057943736435,"sin tendencia"
620930551,"lpi",40,95.7975099108028,0.0450745081103262,0.691839895281772,0.00433843425047589,"sin tendencia"
620930551,"mesh",40,1366.99617661701,0.0450745081103262,0.691839895281772,0.124352229741283,"sin tendencia"
620930551,"np",40,1.6,-0.277795028085085,0.0332531153824812,0,"descenso"
620930551,"pd",40,0.107424121544924,-0.342956824796401,0.00850053646002734,0,"descenso"
620930560,"cohesion",40,100,NA,NA,NA,"sin tendencia"
620930560,"ed",40,0,NA,NA,NA,"sin tendencia"
620930560,"lpi",40,100,NA,NA,NA,"sin tendencia"
620930560,"mesh",40,168.46426674876,NA,NA,NA,"sin tendencia"
620930560,"np",40,1,NA,NA,NA,"sin tendencia"
620930560,"pd",40,0.59359769243608,NA,NA,NA,"sin tendencia"
620930562,"cohesion",40,99.9999909960433,0.0238704958013144,0.874620556135231,0,"sin tendencia"
620930562,"ed",40,0.0159104888927497,-0.0238704958013144,0.874620556135231,0,"sin tendencia"
620930562,"lpi",40,99.9971809431759,0.0238704958013144,0.874620556135231,0,"sin tendencia"
620930562,"mesh",40,2290.74501145056,0.0238704958013144,0.874620556135231,0,"sin tendencia"
620930562,"np",40,1,NA,NA,NA,"sin tendencia"
620930562,"pd",40,0.0436514593205381,NA,NA,NA,"sin tendencia"
620930570,"cohesion",40,98.5172422819633,-0.102828103264825,0.357216621148712,-0.00227584312589834,"sin tendencia"
620930570,"ed",40,40.3044279707766,0.586120188609502,1.14127013757486e-07,0.364038534093928,"incremento"
620930570,"lpi",40,41.705386713423,-0.441159836855373,6.71945962542853e-05,-0.154462720213744,"descenso"
620930570,"mesh",40,168.171742805527,-0.434448736293885,8.58458831147814e-05,-1.21403935116782,"descenso"
620930570,"np",40,10.3,0.282614626614435,0.0160038594485972,0.0579831932773109,"incremento"
620930570,"pd",40,1.08749918950989,0.283999992431172,0.0154909253700655,0.00612200734895832,"incremento"
620931942,"cohesion",40,99.999214490224,-0.332444654403678,0.00482434521237309,-1.54029179846304e-05,"descenso"
620931942,"ed",40,0.717325766415419,0.315174802226863,0.00755174909615241,0.0109934983359079,"incremento"
620931942,"lpi",40,99.8641372401703,-0.326688037011406,0.00561395883774303,-0.00318016846942523,"descenso"
620931942,"mesh",40,1102.16822724864,-0.326688037011406,0.00561395883774303,-0.070268821175627,"descenso"
620931942,"np",40,1.025,0.18920575194229,0.165724350768568,0,"sin tendencia"
620931942,"pd",40,0.0927462326611561,-0.739622484865315,2.95140131905529e-08,0,"descenso"
620931950,"cohesion",40,100,NA,NA,NA,"sin tendencia"
620931950,"ed",40,0,NA,NA,NA,"sin tendencia"
620931950,"lpi",40,100,NA,NA,NA,"sin tendencia"
620931950,"mesh",40,1662.31607791848,NA,NA,NA,"sin tendencia"
620931950,"np",40,1,NA,NA,NA,"sin tendencia"
620931950,"pd",40,0.0601570311015808,NA,NA,NA,"sin tendencia"
620933266,"cohesion",40,80.1164160336486,-0.765277268014423,4.41976764771203e-12,-0.123010360906272,"descenso"
620933266,"ed",40,7.81785281450172,-0.434565665734932,8.96052815137787e-05,-0.0300771409803585,"descenso"
620933266,"lpi",40,0.295855802615055,-0.26119267164607,0.0237939209390471,-0.000434538889057877,"descenso"
620933266,"mesh",40,0.0386699780323978,-0.572350225657846,2.28135934348236e-07,-0.000488036540214508,"descenso"
620933266,"np",40,9.875,0.565456523543946,2.58801255572105e-06,0.0714285714285714,"incremento"
620933266,"pd",40,0.790692560433204,0.548102359138505,5.2032327222357e-06,0.00571929519300691,"incremento"
620933298,"cohesion",40,99.9999381147772,-0.0826898230594723,0.531068094216466,0,"sin tendencia"
620933298,"ed",40,0.100293278600011,0.0512557730065456,0.700323596959979,0,"sin tendencia"
620933298,"lpi",40,99.9856859722528,-0.0826898230594723,0.531068094216466,0,"sin tendencia"
620933298,"mesh",40,1256.47971077544,-0.0826898230594723,0.531068094216466,0,"sin tendencia"
620933298,"np",40,1,NA,NA,NA,"sin tendencia"
620933298,"pd",40,0.0795646617036102,Inf,0,0,"descenso"
620933305,"cohesion",40,99.9999960663362,0.312147236790425,0.0199576283902411,0,"descenso"
620933305,"ed",40,0.013754758716593,-0.312147236790425,0.0199576283902411,0,"descenso"
620933305,"lpi",40,99.9983752669204,0.312147236790425,0.0199576283902411,0,"descenso"
620933305,"mesh",40,3974.74187127571,0.312147236790425,0.0199576283902411,0,"descenso"
620933305,"np",40,1,NA,NA,NA,"sin tendencia"
620933305,"pd",40,0.0251580490759512,NA,NA,NA,"sin tendencia"
620933310,"cohesion",40,63.6937456544762,0.336097688300473,0.00991960559478199,0,"descenso"
620933310,"ed",40,93.6039799116488,-0.459562145227178,0.000414422663703571,0,"descenso"
620933310,"lpi",40,12.843137254902,0.336097688300473,0.00991960559478199,0,"descenso"
620933310,"mesh",40,0.0854749114519994,0.336097688300473,0.00991960559478199,0,"descenso"
620933310,"np",40,2,NA,NA,NA,"sin tendencia"
620933310,"pd",40,42.5062504465993,-Inf,0,0,"descenso"
620934634,"cohesion",40,70.9564632074759,-0.136599752904935,0.220943386135856,-0.0376599935745977,"sin tendencia"
620934634,"ed",40,12.2869599260608,-0.406196393787845,0.000251564746034603,-0.0844561342149418,"descenso"
620934634,"lpi",40,0.501174628034456,-0.255675827816106,0.0263772866548025,-0.00272398112446888,"descenso"
620934634,"mesh",40,0.0201525272479604,-0.296587843083188,0.00759149217713754,-0.000187913579061906,"descenso"
620934634,"np",40,7.4,-0.343754184619672,0.00507914488886822,-0.03125,"descenso"
620934634,"pd",40,2.09369080111545,-0.379938835632269,0.00194690417243102,-0.00884159966687269,"descenso"
620934642,"cohesion",40,87.6423317069925,0.507501263310614,5.34405516839773e-06,0.123945308250935,"incremento"
620934642,"ed",40,58.4367063440312,0.472932978952901,2.58725031556101e-05,0.464828633255359,"incremento"
620934642,"lpi",40,9.23248882265276,0.526987706424975,4.0336976262236e-06,0.0883148424132031,"incremento"
620934642,"mesh",40,0.582508094313416,0.494521691358935,9.24492802193675e-06,0.0111749324382636,"incremento"
620934642,"np",40,3.075,-0.63507401381225,5.10498910647806e-07,-0.0488095238095238,"descenso"
620934642,"pd",40,4.96724495240386,-0.633474331157811,5.453147486314e-07,-0.0788451579746644,"descenso"
620934686,"cohesion",40,95.4475225306175,0.226221827182615,0.0414016637644858,0.00630516762508374,"incremento"
620934686,"ed",40,62.5001076431787,0.0874038877751012,0.434901701842433,0.0234071111213476,"sin tendencia"
620934686,"lpi",40,7.22052885757264,0.0815572419249648,0.46941648752853,0.00325816215294491,"sin tendencia"
620934686,"mesh",40,9.2786841013204,0.195373396203167,0.078444427941004,0.0234314164942235,"sin tendencia"
620934686,"np",40,34.425,-0.0382487241068342,0.743177904764477,0,"sin tendencia"
620934686,"pd",40,2.95412719708785,-0.0356108810649835,0.760941645052699,0,"sin tendencia"
620934690,"cohesion",40,99.9815293158368,-0.582932854493004,1.61323542255985e-07,-0.00138353850432082,"descenso"
620934690,"ed",40,5.85194240061925,0.399496975855615,0.000327311479236211,0.158930453163726,"incremento"
620934690,"lpi",40,98.4544425406927,-0.582932854493004,1.61323542255985e-07,-0.0709827438502032,"descenso"
620934690,"mesh",40,1461.65400286803,-0.582932854493004,1.61323542255985e-07,-2.11803836494754,"descenso"
620934690,"np",40,2.375,0.570899444211309,2.66376996423374e-06,0.08,"incremento"
620934690,"pd",40,0.157525687961827,0.602366342711145,7.24619131048469e-07,0.0053061284366089,"incremento"
620934711,"cohesion",40,99.9940220381352,-0.286451615025523,0.0225244865487551,0,"descenso"
620934711,"ed",40,0.730402736749606,0.228800975523531,0.0688582981277354,0,"sin tendencia"
620934711,"lpi",40,99.7909749471778,-0.275642120118899,0.0281801390403541,0,"descenso"
620934711,"mesh",40,304.380406386251,-0.275642120118899,0.0281801390403541,0,"descenso"
620934711,"np",40,1.075,0.377236918007361,0.0047394521854501,0,"descenso"
620934711,"pd",40,0.35170618482733,0.139339762507223,0.304424074825022,0,"sin tendencia"
620936044,"cohesion",40,92.1285759150144,NA,NA,NA,"sin tendencia"
620936044,"ed",40,0,NA,NA,NA,"sin tendencia"
620936044,"lpi",40,43.952802359882,NA,NA,NA,"sin tendencia"
620936044,"mesh",40,8.33185279575789,NA,NA,NA,"sin tendencia"
620936044,"np",40,11,NA,NA,NA,"sin tendencia"
620936044,"pd",40,35.1711010332481,NA,NA,NA,"sin tendencia"
620936052,"cohesion",40,97.9566060232376,0.541244303962951,1.03260142409773e-06,0.0179283382743399,"incremento"
620936052,"ed",40,56.3269938590005,0.353097474490116,0.00145738621241195,0.111206934350075,"incremento"
620936052,"lpi",40,27.9051937345425,0.536891354407673,1.37073666946572e-06,0.074813407338503,"incremento"
620936052,"mesh",40,43.7186581163299,0.530934888649371,1.65089189663868e-06,0.232444712210594,"incremento"
620936052,"np",40,15.525,-0.246905363884764,0.0315147574878978,-0.0909090909090909,"descenso"
620936052,"pd",40,2.77455782739933,-0.256298502728206,0.0255639992388236,-0.0162468618205201,"descenso"
620936056,"cohesion",40,99.8513249769928,-0.0386603074259251,0.735303707538589,-0.000233338160330554,"sin tendencia"
620936056,"ed",40,48.7984638396367,0.249680110719686,0.0244700378486927,0.281042255913933,"incremento"
620936056,"lpi",40,90.2122347066167,-0.0760812293126439,0.498911251819618,-0.0241885143570527,"sin tendencia"
620936056,"mesh",40,120.348955650552,-0.0773206148518502,0.491568813002436,-0.065087406622061,"sin tendencia"
620936056,"np",40,1.15,-0.0300828418798093,0.834973373788272,0,"sin tendencia"
620936056,"pd",40,0.778087262388592,-0.0300828418798093,0.834973373788272,0,"sin tendencia"
620936060,"cohesion",40,99.551568288052,-0.533512242477766,1.4693123735468e-06,-0.00321989012508747,"descenso"
620936060,"ed",40,25.1285605946314,0.345365413004931,0.00185145285212249,0.135126457838739,"incremento"
620936060,"lpi",40,60.4703093812375,-0.67872380293165,9.22131773844495e-10,-0.0851705679549993,"descenso"
620936060,"mesh",40,744.338106652648,-0.682998764524677,6.92184958716962e-10,-2.12046958359258,"descenso"
620936060,"np",40,21.1,0.664574394021119,9.9319836931915e-09,0.25,"incremento"
620936060,"pd",40,1.03749265345639,0.637112642202064,3.91727639169994e-08,0.0122925669840805,"incremento"
620936062,"cohesion",40,98.8274773951282,-0.544988947303572,8.23449470998924e-07,-0.00576503690446819,"descenso"
620936062,"ed",40,54.40889998462,0.65809986089488,2.59602010328507e-09,0.24868254394448,"incremento"
620936062,"lpi",40,29.4279877425945,0.034862079820097,0.761720659833457,0.00154236109292297,"sin tendencia"
620936062,"mesh",40,117.489985380797,0.0334191335610681,0.770779845691025,0.0131445103614372,"sin tendencia"
620936062,"np",40,27.05,0.117264558293898,0.307448367809348,0.0555555555555556,"sin tendencia"
620936062,"pd",40,1.99657806611749,0.126592420885458,0.270154312688066,0.0041005916330201,"sin tendencia"
620936063,"cohesion",40,99.9996208641999,-0.539520234592655,5.04122636600924e-06,-7.56229165213791e-06,"descenso"
620936063,"ed",40,0.667938184610842,0.482107304224624,3.37079399150902e-05,0.0131938406836659,"incremento"
620936063,"lpi",40,99.8957903957131,-0.539520234592655,5.04122636600924e-06,-0.00209131467921025,"descenso"
620936063,"mesh",40,1786.83950992924,-0.539520234592655,5.04122636600924e-06,-0.0748797481668005,"descenso"
620936063,"np",40,1,NA,NA,NA,"sin tendencia"
620936063,"pd",40,0.0558485875097013,Inf,0,0,"descenso"
620936066,"cohesion",40,99.9626552091729,-0.833234478496602,5.04191624823379e-14,-0.00184918390789061,"descenso"
620936066,"ed",40,21.509651195179,0.21134301392839,0.0573907658882492,0.165707637668918,"sin tendencia"
620936066,"lpi",40,93.2985889961295,-0.871869771162596,3.25922412608453e-15,-0.163938750975153,"descenso"
620936066,"mesh",40,1640.4929385112,-0.871869771162596,3.25922412608453e-15,-5.74178507756585,"descenso"
620936066,"np",40,3.15,0.778886095149182,3.24439988869521e-11,0.153846153846154,"incremento"
620936066,"pd",40,0.167278162124496,0.778886095149182,3.24439988869521e-11,0.00816987360803399,"incremento"
620936070,"cohesion",40,99.9928677984261,0.265233739295715,0.0182284149084022,9.13633703666254e-05,"incremento"
620936070,"ed",40,5.52699157141642,-0.309524515805423,0.00565206023062789,-0.10633265484225,"descenso"
620936070,"lpi",40,98.7172274415556,0.288752001893365,0.010130971819256,0.0173876629524428,"incremento"
620936070,"mesh",40,823.047103333645,0.288752001893365,0.010130971819256,0.291181530862259,"incremento"
620936070,"np",40,1.025,0.0401345534423039,0.794949512946621,0,"sin tendencia"
620936070,"pd",40,0.12136848601899,0.0401345534423039,0.794949512946621,0,"sin tendencia"
620936089,"cohesion",40,99.999014670877,-0.815717120543727,1.44194708638102e-11,-4.53786294746744e-05,"descenso"
620936089,"ed",40,0.66984384964314,0.782837927585151,9.11868504416192e-11,0.0524058097676014,"incremento"
620936089,"lpi",40,99.7405686779357,-0.815717120543727,1.44194708638102e-11,-0.0120179625355585,"descenso"
620936089,"mesh",40,1639.78399991533,-0.815717120543727,1.44194708638102e-11,-0.395694726087844,"descenso"
620936089,"np",40,1,NA,NA,NA,"sin tendencia"
620936089,"pd",40,0.0606688338946626,-Inf,0,0,"descenso"
620937418,"cohesion",40,81.2284856526838,NA,NA,NA,"sin tendencia"
620937418,"ed",40,0,NA,NA,NA,"sin tendencia"
620937418,"lpi",40,42.8571428571429,NA,NA,NA,"sin tendencia"
620937418,"mesh",40,0.707316198470513,NA,NA,NA,"sin tendencia"
620937418,"np",40,3,NA,NA,NA,"sin tendencia"
620937418,"pd",40,154.844198055469,NA,NA,NA,"sin tendencia"
620937420,"cohesion",40,87.4443873435874,NA,NA,NA,"sin tendencia"
620937420,"ed",40,0,NA,NA,NA,"sin tendencia"
620937420,"lpi",40,24.3288590604027,NA,NA,NA,"sin tendencia"
620937420,"mesh",40,6.29061475214835,NA,NA,NA,"sin tendencia"
620937420,"np",40,24,NA,NA,NA,"sin tendencia"
620937420,"pd",40,43.6473578400682,NA,NA,NA,"sin tendencia"
620937431,"cohesion",40,99.9999168228328,-0.403727330311389,0.00171162162156613,0,"descenso"
620937431,"ed",40,0.131608213753371,0.402304064837807,0.00180942480789649,0,"descenso"
620937431,"lpi",40,99.9792256846081,-0.403727330311389,0.00171162162156613,0,"descenso"
620937431,"mesh",40,1464.92000894294,-0.403727330311389,0.00171162162156613,0,"descenso"
620937431,"np",40,1,NA,NA,NA,"sin tendencia"
620937431,"pd",40,0.0682347740880253,Inf,0,0,"descenso"
620937432,"cohesion",40,99.9856770543346,-0.227653909980761,0.040230809231361,-0.000132676530345603,"descenso"
620937432,"ed",40,21.3920615406983,0.245660433934042,0.0267910716245928,0.118159384677704,"incremento"
620937432,"lpi",40,95.4836082878427,-0.178779059250428,0.107734135687686,-0.0240116369440496,"sin tendencia"
620937432,"mesh",40,2789.3325932735,-0.178779059250428,0.107734135687686,-1.41069148014921,"sin tendencia"
620937432,"np",40,2,0.0682712123164362,0.586947303039925,0,"sin tendencia"
620937432,"pd",40,0.0653804256329752,0.144128114890254,0.245799819374527,0,"sin tendencia"
620937446,"cohesion",40,97.9552919408822,-0.370404855212474,0.000913556949092529,-0.00816927152174482,"descenso"
620937446,"ed",40,62.7953596260233,0.679725400968857,1.09658501023858e-09,1.19656319146401,"incremento"
620937446,"lpi",40,62.2843137254902,-0.596426977138419,9.44473132843762e-08,-0.315019947372888,"descenso"
620937446,"mesh",40,18.7535935515185,-0.630338086940527,1.5951395198705e-08,-0.208108571835808,"descenso"
620937446,"np",40,2.275,0.253694823047102,0.0433754040902481,0,"descenso"
620937446,"pd",40,4.83508598816502,0.253694823047102,0.0433754040902481,0,"descenso"
620938800,"cohesion",40,99.962672988887,-0.209036608507466,0.0604473457584544,-0.00028241983383629,"sin tendencia"
620938800,"ed",40,12.6962280029679,0.407750421533082,0.00023934274123168,0.160776157229058,"incremento"
620938800,"lpi",40,96.9115884576381,-0.408813657814035,0.000237475564827046,-0.0272726179548745,"descenso"
620938800,"mesh",40,939.915736506645,-0.402589023792157,0.000287004968489772,-0.529354818068151,"descenso"
620938800,"np",40,2.125,0.0265657430865147,0.841051139495687,0,"sin tendencia"
620938800,"pd",40,0.212345113494524,0.00937614461876991,0.95002801077057,0,"sin tendencia"
620938807,"cohesion",40,99.9997939393981,-0.383635031262037,0.0013846196218501,-4.49965322541624e-06,"descenso"
620938807,"ed",40,0.384439321574979,0.372730948508864,0.00187860883465671,0.00608376338401041,"incremento"
620938807,"lpi",40,99.9360569470507,-0.383635031262037,0.0013846196218501,-0.00139976036102635,"descenso"
620938807,"mesh",40,2258.74097736695,-0.383635031262037,0.0013846196218501,-0.0633070008264483,"descenso"
620938807,"np",40,1,NA,NA,NA,"sin tendencia"
620938807,"pd",40,0.0442159331958045,-Inf,0,0,"descenso"
620938819,"cohesion",40,99.9643727174805,-0.245978029973495,0.0267635158056582,-0.000583814601030655,"descenso"
620938819,"ed",40,18.4013808977716,0.470062727436259,2.20180724819979e-05,0.195554503318257,"incremento"
620938819,"lpi",40,94.4270066273932,-0.446881551836663,5.49428188811079e-05,-0.111660754535713,"descenso"
620938819,"mesh",40,1341.03266941693,-0.446881551836663,5.49428188811079e-05,-3.2110710426185,"descenso"
620938819,"np",40,3,0.131610845180483,0.269022344509273,0,"sin tendencia"
620938819,"pd",40,0.199541492334395,0.130210729806222,0.274204317123624,0,"sin tendencia"
620938822,"cohesion",40,99.9889198821646,-0.146285211706683,0.191287505837874,-0.000143214526585999,"sin tendencia"
620938822,"ed",40,7.76454327521566,0.519118317649379,3.05524177259582e-06,0.150430452995999,"incremento"
620938822,"lpi",40,98.1305205266374,-0.499058157863995,7.4294820611463e-06,-0.0338617551550171,"descenso"
620938822,"mesh",40,3198.88170527827,-0.495816248527961,8.30942396502244e-06,-2.20790725880528,"descenso"
620938822,"np",40,3.775,0.203483972070524,0.0862904362046954,0.0526315789473684,"sin tendencia"
620938822,"pd",40,0.113653628509965,0.225956586824144,0.0554587484320103,0.00158457481366281,"sin tendencia"
620938841,"cohesion",40,99.9550145724741,0.442410554211189,0.000108715669964594,5.92670768815497e-05,"incremento"
620938841,"ed",40,2.78761405265545,-0.468228768799848,4.96731203836284e-05,-0.0370939993699536,"descenso"
620938841,"lpi",40,98.9872401554842,0.419986591351501,0.000252299596694171,0.0118248764375253,"incremento"
620938841,"mesh",40,534.900133746614,0.419986591351501,0.000252299596694171,0.128071811852219,"incremento"
620938841,"np",40,2,NA,NA,NA,"sin tendencia"
620938841,"pd",40,0.366371264612416,-Inf,0,0,"descenso"
620940179,"cohesion",40,99.7162219951691,0.359183918914583,0.00123297466119096,0.00561435514438067,"incremento"
620940179,"ed",40,47.2736810456528,-0.392776659532493,0.000408664838007989,-0.448884226593258,"descenso"
620940179,"lpi",40,76.6375188726724,0.633093957799085,1.16979640516686e-08,0.324505116591176,"incremento"
620940179,"mesh",40,434.728998176127,0.633093957799085,1.16979640516686e-08,3.75885982048056,"incremento"
620940179,"np",40,8.3,-0.0701729465267237,0.548589230650242,0,"sin tendencia"
620940179,"pd",40,1.13191342564453,-0.0782698249721149,0.502571571505527,-7.1701903673708e-18,"sin tendencia"
620940183,"cohesion",40,99.9997537479401,-0.392241104237029,0.00256297089052566,0,"descenso"
620940183,"ed",40,0.283009666088724,0.392241104237029,0.00256297089052566,0,"descenso"
620940183,"lpi",40,99.956400742115,-0.392241104237029,0.00256297089052566,0,"descenso"
620940183,"mesh",40,745.262541455702,-0.392241104237029,0.00256297089052566,0,"descenso"
620940183,"np",40,1,NA,NA,NA,"sin tendencia"
620940183,"pd",40,0.134064240740666,NA,NA,NA,"sin tendencia"
620940195,"cohesion",40,99.9217329326244,-0.760319379376527,6.56530718345116e-12,-0.00167204254872004,"descenso"
620940195,"ed",40,48.4232414655866,0.373716305117276,0.000753637191990483,0.237507482920477,"incremento"
620940195,"lpi",40,84.9791795665635,-0.510316058022211,4.12313629534886e-06,-0.235971362229103,"descenso"
620940195,"mesh",40,2158.56470265031,-0.510316058022211,4.12313629534886e-06,-12.0261655869867,"descenso"
620940195,"np",40,12.275,0.755311568459307,1.92937397136089e-11,0.4375,"incremento"
620940195,"pd",40,0.411919124381534,0.753491093665147,2.09678000549996e-11,0.0146814351867145,"incremento"
620940222,"cohesion",40,99.9983727351208,-0.303450465341645,0.0103948906883086,-1.25795068431362e-05,"descenso"
620940222,"ed",40,0.793487700234161,0.316041616703973,0.00774102610040708,0.014984234105138,"incremento"
620940222,"lpi",40,99.8439041578577,-0.312120478637121,0.0083896976177849,-0.0023020906741828,"descenso"
620940222,"mesh",40,652.537002875064,-0.312120478637121,0.0083896976177849,-0.0301016713698616,"descenso"
620940222,"np",40,1.075,0.0530457615069556,0.709770859395381,0,"sin tendencia"
620940222,"pd",40,0.164228694907315,0.591664262962197,7.97081936228155e-06,0,"descenso"
620941545,"cohesion",40,99.727421755942,0.459962140768315,3.45807183560788e-05,0.00277695720474377,"incremento"
620941545,"ed",40,58.4623053122806,-0.493554881386225,8.81884140747298e-06,-0.826438283918061,"descenso"
620941545,"lpi",40,73.9238172856755,0.51939545109231,2.90292899289074e-06,0.393738291048804,"incremento"
620941545,"mesh",40,1369.5504746835,0.51939545109231,2.90292899289074e-06,14.6366490367571,"incremento"
620941545,"np",40,20.8,-0.329954305812474,0.0035645909489406,-0.1875,"descenso"
620941545,"pd",40,0.874968573613491,-0.328634488589224,0.00370054824027444,-0.00788733690156392,"descenso"
620941555,"cohesion",40,99.75177199593,-0.150677641397376,0.176244951011204,-0.00142789980701807,"sin tendencia"
620941555,"ed",40,45.1752147173886,-0.341278418549613,0.0020846960011955,-0.528580137174838,"descenso"
620941555,"lpi",40,81.5769699431357,-0.0734070560653884,0.513829491210071,-0.0524395939046449,"sin tendencia"
620941555,"mesh",40,465.856785434537,-0.0734070560653884,0.513829491210071,-0.636660341040211,"sin tendencia"
620941555,"np",40,8.125,-0.0808540164522794,0.487959499085401,0,"sin tendencia"
620941555,"pd",40,1.19235902577915,-0.0808540164522794,0.487959499085401,0,"sin tendencia"
620941556,"cohesion",40,99.9998705598042,-0.336556440461013,0.0055848292727943,-8.75029287179912e-07,"descenso"
620941556,"ed",40,0.0856298155368162,0.448126138571801,0.000190299728751986,0.00200499990094086,"incremento"
620941556,"lpi",40,99.9836419551135,-0.353938066257133,0.00363271837250648,-0.000247001817373994,"descenso"
620941556,"mesh",40,1409.52754974366,-0.357497730089698,0.00323569720384955,-0.00696516760816226,"descenso"
620941556,"np",40,1.025,-0.0630685839807633,0.664907193879619,0,"sin tendencia"
620941556,"pd",40,0.0726956174191428,0.510282179480721,0.00013801257779537,0,"descenso"
620941559,"cohesion",40,99.9990909405612,-0.500719735510038,5.33813162334144e-05,0,"descenso"
620941559,"ed",40,0.665580951127417,0.498462624403146,5.66893049397783e-05,0,"descenso"
620941559,"lpi",40,99.8813728153581,-0.500719735510038,5.33813162334144e-05,0,"descenso"
620941559,"mesh",40,1016.4062637715,-0.500719735510038,5.33813162334144e-05,0,"descenso"
620941559,"np",40,1.05,0.312147236790425,0.0199576283902411,0,"descenso"
620941559,"pd",40,0.103061202183075,0.312147236790425,0.0199576283902411,0,"descenso"
620941570,"cohesion",40,99.9883419569846,-0.0129034943523127,0.916423366997973,-1.73054382770488e-06,"sin tendencia"
620941570,"ed",40,10.4499377227804,-0.215348564325619,0.0529375948363689,-0.0759581153754427,"sin tendencia"
620941570,"lpi",40,97.9470122279474,0.0930260509419063,0.40768573988304,0.0102540439385774,"sin tendencia"
620941570,"mesh",40,1150.94595851143,0.0929051593366517,0.407749498764825,0.240488784618637,"sin tendencia"
620941570,"np",40,1.425,-0.0918337558167546,0.484374195026645,0,"sin tendencia"
620941570,"pd",40,0.118785732182106,-0.0918337558167546,0.484374195026645,0,"sin tendencia"
620941573,"cohesion",40,99.4821255953795,0.114322627111448,0.305127384458142,0.000746297024692479,"sin tendencia"
620941573,"ed",40,44.8596227047564,0.226221827182615,0.0414016637644858,0.0673315039613086,"incremento"
620941573,"lpi",40,68.0791063907709,0.0578781127069732,0.60807752923957,0.03001078353578,"sin tendencia"
620941573,"mesh",40,503.846289542942,0.0372511931037301,0.744200857089635,0.361952614297483,"sin tendencia"
620941573,"np",40,13.55,-0.32177604480267,0.00579801655786438,-0.0769230769230769,"descenso"
620941573,"pd",40,1.34471453813965,-0.314900488289792,0.00693842995094338,-0.00763391733261225,"descenso"
620941600,"cohesion",40,99.9986184217045,-0.0152079976795526,0.914684963245556,0,"sin tendencia"
620941600,"ed",40,0.409587314917115,0.0447360899059783,0.729380378888528,0,"sin tendencia"
620941600,"lpi",40,99.8931460845672,-0.0219671077593538,0.872332310689645,0,"sin tendencia"
620941600,"mesh",40,603.101131672002,-0.0219671077593538,0.872332310689645,0,"sin tendencia"
620941600,"np",40,1.1,0.417733676523003,0.00172851506221997,0,"descenso"
620941600,"pd",40,0.182002797286996,0.426685112448495,0.00136986136094989,0,"descenso"
620942929,"cohesion",40,99.9923374876073,-0.837896151646571,6.37281917826279e-14,-0.000397838708486825,"descenso"
620942929,"ed",40,4.9858161932921,0.749726827340214,1.64447175007672e-11,0.243342003615087,"incremento"
620942929,"lpi",40,98.6370725854829,-0.837896151646571,6.37281917826279e-14,-0.0706358728254348,"descenso"
620942929,"mesh",40,748.224613282558,-0.837896151646571,6.37281917826279e-14,-1.07086049675761,"descenso"
620942929,"np",40,1,NA,NA,NA,"sin tendencia"
620942929,"pd",40,0.130043117743045,NA,NA,NA,"sin tendencia"
620942932,"cohesion",40,99.999555402936,0.226241668785232,0.0858523178162065,0,"sin tendencia"
620942932,"ed",40,0.233909620894009,-0.226241668785232,0.0858523178162065,0,"sin tendencia"
620942932,"lpi",40,99.9538188277087,0.226241668785232,0.0858523178162065,0,"sin tendencia"
620942932,"mesh",40,259.46855425481,0.226241668785232,0.0858523178162065,0,"sin tendencia"
620942932,"np",40,1,NA,NA,NA,"sin tendencia"
620942932,"pd",40,0.385047739380392,NA,NA,NA,"sin tendencia"
620942943,"cohesion",40,99.9998204165823,-0.688571994268685,2.84682243253791e-09,-3.67970957558492e-06,"descenso"
620942943,"ed",40,0.392010240316892,0.733690859581004,4.88282661540015e-10,0.00868720754164395,"incremento"
620942943,"lpi",40,99.9384532165286,-0.688571994268685,2.84682243253791e-09,-0.00142504644721141,"descenso"
620942943,"mesh",40,3492.12767868364,-0.688571994268685,2.84682243253791e-09,-0.0996379943920741,"descenso"
620942943,"np",40,1.025,0.223606797749979,0.0997714364192216,0,"sin tendencia"
620942943,"pd",40,0.0293157190629582,0.223606797749979,0.0997714364192216,0,"sin tendencia"
620942946,"cohesion",40,99.9882664210462,-0.431427434770265,9.87477235499355e-05,-0.000234868934478438,"descenso"
620942946,"ed",40,10.9703368567448,0.0850526763370352,0.448572248415374,0.0277981753666692,"sin tendencia"
620942946,"lpi",40,97.145128685534,-0.221940102859779,0.0461672208401051,-0.028374913716597,"descenso"
620942946,"mesh",40,1766.02472144733,-0.221652429241971,0.0461968552532667,-1.03353535982521,"descenso"
620942946,"np",40,1.45,0.56138357221379,2.36323853932936e-05,0,"descenso"
620942946,"pd",40,0.0774908100885493,0.550587734286601,3.38451599062374e-05,8.41851098635803e-19,"incremento"
620942949,"cohesion",40,99.9022343125685,0.312139307731256,0.00480049971091825,0.00047479017750596,"incremento"
620942949,"ed",40,27.2560604422024,-0.504817892750549,4.92081176960023e-06,-0.0858573807913036,"descenso"
620942949,"lpi",40,84.8933443193262,0.509955988351064,3.93569840142399e-06,0.0387730136597205,"incremento"
620942949,"mesh",40,2178.9215918786,0.509955988351064,3.93569840142399e-06,1.99139146431978,"incremento"
620942949,"np",40,14.425,-0.247558511953785,0.0359625487171652,-0.0465367965367965,"descenso"
620942949,"pd",40,0.477139763149653,-0.260217754042331,0.0274390553939319,-0.00153931064660733,"descenso"
620944285,"cohesion",40,95.8207375328516,-0.204239300120451,0.0655866286653081,-0.0098040240854142,"sin tendencia"
620944285,"ed",40,44.8074689394612,0.571613135557237,2.28996205591755e-07,0.119590392507691,"incremento"
620944285,"lpi",40,10.0712642208871,-0.201556443707464,0.0706642880545803,-0.0171172243355505,"sin tendencia"
620944285,"mesh",40,9.73736670985023,-0.165703583116592,0.135794547677017,-0.0217109895160241,"sin tendencia"
620944285,"np",40,17.5,0.325661303997365,0.00524935691166427,0.0606060606060606,"incremento"
620944285,"pd",40,2.42469823102767,0.325661303997365,0.00524935691166427,0.00839722331091835,"incremento"
620944301,"cohesion",40,99.5949355629515,-0.670111995382702,1.43708768537417e-09,-0.0172805147526515,"descenso"
620944301,"ed",40,77.1667951048795,0.282398582843278,0.0112986705234985,0.201811764196408,"incremento"
620944301,"lpi",40,60.698839145768,-0.729391133435787,4.46976182756904e-11,-0.942347229572934,"descenso"
620944301,"mesh",40,741.622672211294,-0.724236425778997,6.1122054797831e-11,-19.6195546548646,"descenso"
620944301,"np",40,27.75,0.644947688680743,1.13618393474402e-08,0.55718954248366,"incremento"
620944301,"pd",40,1.4732800486028,0.654198987493787,6.99289015266836e-09,0.0295818463506775,"incremento"
620944322,"cohesion",40,99.9998470525153,0.101555645004165,0.37812447488683,1.4179287326499e-06,"sin tendencia"
620944322,"ed",40,0.215941538260036,-0.0107652980133097,0.934358501937978,0,"sin tendencia"
620944322,"lpi",40,99.9450356236431,0.101555645004165,0.37812447488683,0.000509637240213578,"sin tendencia"
620944322,"mesh",40,3013.81934482374,0.101555645004165,0.37812447488683,0.0307383024801311,"sin tendencia"
620944322,"np",40,1,NA,NA,NA,"sin tendencia"
620944322,"pd",40,0.0331440352982556,-Inf,0,0,"descenso"
620944323,"cohesion",40,99.9922727841957,-0.380620276485364,0.00406524069100436,0,"descenso"
620944323,"ed",40,1.84009490666723,0.380620276485364,0.00406524069100436,0,"descenso"
620944323,"lpi",40,99.7432024169184,-0.380620276485364,0.00406524069100436,0,"descenso"
620944323,"mesh",40,30.3842385200511,-0.380620276485364,0.00406524069100436,0,"descenso"
620944323,"np",40,1,NA,NA,NA,"sin tendencia"
620944323,"pd",40,3.2746507140806,NA,NA,NA,"sin tendencia"
620945668,"cohesion",40,98.9705541824845,0.501603695236405,5.51411617424096e-06,0.00495099077953899,"incremento"
620945668,"ed",40,64.3222302664694,0.48010309133965,1.3837374021452e-05,0.104310574754592,"incremento"
620945668,"lpi",40,41.4533715925395,0.493257177649391,8.07238370068624e-06,0.0412482065997135,"incremento"
620945668,"mesh",40,166.666164933099,0.499037947434684,6.15748677590652e-06,0.331163393558499,"incremento"
620945668,"np",40,14.825,-0.1973135922629,0.0943333067023953,-0.0327956989247312,"sin tendencia"
620945668,"pd",40,1.53696381188008,-0.202871721622418,0.0853543812340029,-0.00340005412698998,"sin tendencia"
620945696,"cohesion",40,98.6268440038659,-0.359435469452144,0.00114967504286089,-0.00287896243432832,"descenso"
620945696,"ed",40,75.5755728240204,-0.102695848414898,0.3572819169208,-0.0219490515257668,"sin tendencia"
620945696,"lpi",40,20.6585700778893,-0.3455369291346,0.0017894887384654,-0.0330702719158891,"descenso"
620945696,"mesh",40,88.2520786592109,-0.349165884610655,0.00158932375030609,-0.278833053534946,"descenso"
620945696,"np",40,45.875,0.555110933190969,1.11781547084596e-06,0.266666666666667,"incremento"
620945696,"pd",40,2.23872599615337,0.571123748571478,5.42928585611072e-07,0.0130134844463047,"incremento"
620945697,"cohesion",40,99.9146557979655,-0.732782717565018,3.54050122708095e-11,-0.00401286197669195,"descenso"
620945697,"ed",40,44.4349862475175,0.628874334128381,1.36146392533917e-08,1.196675437785,"incremento"
620945697,"lpi",40,87.2653506116023,-0.695885533666652,3.28997108535744e-10,-0.557231513389924,"descenso"
620945697,"mesh",40,1168.4731373368,-0.694147424899024,3.55585777949922e-10,-14.7110098627141,"descenso"
620945697,"np",40,7,0.683808758993675,2.59964953065113e-09,0.333333333333333,"incremento"
620945697,"pd",40,0.459450508945015,0.671646152608412,4.94723480884077e-09,0.0218785956640483,"incremento"
620945699,"cohesion",40,99.9994449457333,-0.356213352122598,0.00228449526990616,-1.98356177186554e-05,"descenso"
620945699,"ed",40,0.615835833107009,0.350690696591466,0.00259079611766953,0.0224466911537196,"incremento"
620945699,"lpi",40,99.9046582211665,-0.356213352122598,0.00228449526990616,-0.00340899093868252,"descenso"
620945699,"mesh",40,697.804514341219,-0.356213352122598,0.00228449526990616,-0.0476543808473046,"descenso"
620945699,"np",40,1,NA,NA,NA,"sin tendencia"
620945699,"pd",40,0.143033701027749,NA,NA,NA,"sin tendencia"
620945702,"cohesion",40,99.9976529846887,-0.336738704515921,0.00339287707645257,-5.34956174743684e-05,"descenso"
620945702,"ed",40,1.74804279724213,0.32361969248273,0.00463479089472066,0.0451018133199,"incremento"
620945702,"lpi",40,99.667619047619,-0.336738704515921,0.00339287707645257,-0.00761904761904759,"descenso"
620945702,"mesh",40,481.157301340401,-0.336738704515921,0.00339287707645257,-0.0737647322926629,"descenso"
620945702,"np",40,1,NA,NA,NA,"sin tendencia"
620945702,"pd",40,0.206458930735075,NA,NA,NA,"sin tendencia"
620945725,"cohesion",40,99.9998770172008,0.432810148980444,0.000955680672418804,0,"descenso"
620945725,"ed",40,0.214784096579287,-0.432810148980444,0.000955680672418804,0,"descenso"
620945725,"lpi",40,99.9610925525644,0.432810148980444,0.000955680672418804,0,"descenso"
620945725,"mesh",40,2345.69678893253,0.432810148980444,0.000955680672418804,0,"descenso"
620945725,"np",40,1,NA,NA,NA,"sin tendencia"
620945725,"pd",40,0.0425981287635403,-Inf,0,0,"descenso"
620947036,"cohesion",40,88.8555383070796,-0.109044281573132,0.327701871290238,-0.0183570927418679,"sin tendencia"
620947036,"ed",40,19.1440134745006,-0.722258006184389,5.81856378590566e-11,-0.126351057714249,"descenso"
620947036,"lpi",40,2.04612764697172,-0.363325603977334,0.00117141448634577,-0.00879238856804382,"descenso"
620947036,"mesh",40,0.660771901758632,-0.393842287564134,0.000363220520848758,-0.00734963277327026,"descenso"
620947036,"np",40,23.95,-0.521007659374025,7.16794000476321e-06,-0.150757575757576,"descenso"
620947036,"pd",40,1.92208128268913,-0.49632834919315,1.90743941192949e-05,-0.0120988857865229,"descenso"
620947067,"cohesion",40,99.9989542858456,-0.120844499001894,0.291586676606441,-3.56416783214348e-06,"sin tendencia"
620947067,"ed",40,1.42970268311522,0.317587891717422,0.00579115524604262,0.00926723502269821,"incremento"
620947067,"lpi",40,99.7933203850701,-0.123500422056881,0.280996326946879,-0.000767683591532049,"sin tendencia"
620947067,"mesh",40,1088.02691880341,-0.123500422056881,0.280996326946879,-0.0167611944905327,"sin tendencia"
620947067,"np",40,1.025,0.212139782480749,0.118917562671426,0,"sin tendencia"
620947067,"pd",40,0.0938192130592796,-1.24417115671142,8.28137082965829e-21,0,"descenso"
620947075,"cohesion",40,99.9981096114747,-0.447737404394884,8.29744753146951e-05,-6.17296551107908e-05,"descenso"
620947075,"ed",40,1.67132328047121,0.416025147168922,0.000229204958587017,0.0579481185052923,"incremento"
620947075,"lpi",40,99.6706283980276,-0.447737404394884,8.29744753146951e-05,-0.010837562993336,"descenso"
620947075,"mesh",40,724.89626132045,-0.447737404394884,8.29744753146951e-05,-0.157977684707808,"descenso"
620947075,"np",40,1,NA,NA,NA,"sin tendencia"
620947075,"pd",40,0.137047589630583,-Inf,0,0,"descenso"
620948391,"cohesion",40,81.9585176558547,0.422608363142317,0.000132203200919598,0.157342911259532,"incremento"
620948391,"ed",40,9.13917476673543,-0.527333915774645,1.87090335565017e-06,-0.100384528331347,"descenso"
620948391,"lpi",40,1.09614798251855,0.105902712974619,0.349784904458391,0.00194033022572511,"sin tendencia"
620948391,"mesh",40,0.139989748932564,0.0423892887042446,0.709216139601556,0.000588061222568865,"sin tendencia"
620948391,"np",40,11.55,-0.712572376514147,7.7894121486177e-10,-0.2,"descenso"
620948391,"pd",40,1.27240099733557,-0.719397782419455,5.36039301285513e-10,-0.0220329177027804,"descenso"
620948409,"cohesion",40,96.4792556826679,-0.352790322736602,0.00140998031254549,-0.00186429358013737,"descenso"
620948409,"ed",40,19.5463806900738,-0.0731707919956151,0.514048671309137,-0.00435893382874978,"sin tendencia"
620948409,"lpi",40,7.28548178064438,0.0542299019423731,0.63259957929114,0.00065780755373576,"sin tendencia"
620948409,"mesh",40,16.8421091159265,0.0525978299352752,0.641163236353334,0.00187089882394967,"sin tendencia"
620948409,"np",40,35.075,-0.2695218153048,0.0210679978601736,-0.0645161290322581,"descenso"
620948409,"pd",40,1.14584893238401,-0.254395590976469,0.029507546332089,-0.00210764754306947,"descenso"
620948412,"cohesion",40,92.9824240199878,-0.303342904631234,0.00616757323098546,-0.0377221855767809,"descenso"
620948412,"ed",40,53.0345339681188,0.250805155063551,0.0237550363040711,0.15085762670027,"incremento"
620948412,"lpi",40,9.24323317606158,-0.447460789347245,5.49000891579891e-05,-0.101963263125418,"descenso"
620948412,"mesh",40,3.76928413458331,-0.37275187433499,0.000756981539186237,-0.0605358744087259,"descenso"
620948412,"np",40,15.275,-0.247336756498564,0.0356151472969523,-0.0563492063492063,"descenso"
620948412,"pd",40,4.11142683811299,-0.258453015217601,0.0280727692742482,-0.0151669812956134,"descenso"
620948443,"cohesion",40,99.9965036288735,-0.329035215071163,0.00548434517402943,-0.000102224857915445,"descenso"
620948443,"ed",40,2.20582620243611,0.333709531302376,0.00473012028691556,0.062515438092713,"incremento"
620948443,"lpi",40,99.662,-0.329035215071163,0.00548434517402943,-0.00999999999999877,"descenso"
620948443,"mesh",40,229.101307845194,-0.329035215071163,0.00548434517402943,-0.0459724776140895,"descenso"
620948443,"np",40,1,NA,NA,NA,"sin tendencia"
620948443,"pd",40,0.433563754542677,-Inf,0,0,"descenso"
620948480,"cohesion",40,99.95301165416,-0.63453199938091,1.46428018921338e-08,-0.000791699322962086,"descenso"
620948480,"ed",40,6.48370121053271,0.663314894198188,3.15681222559382e-09,0.210234306301312,"incremento"
620948480,"lpi",40,97.3632665157883,-0.792588510433532,1.53395544759677e-12,-0.106148803872315,"descenso"
620948480,"mesh",40,1623.34578749182,-0.791529607475155,1.54470634490007e-12,-3.53337734723402,"descenso"
620948480,"np",40,4.2,0.651170074189296,1.09563991451925e-07,0.0769230769230769,"incremento"
620948480,"pd",40,0.245307652909984,0.615763663535977,5.14865399864522e-07,0.00449281415586052,"incremento"
620949823,"cohesion",40,99.7496551025061,-0.251781687589589,0.0236726833062388,-0.00309325914044436,"descenso"
620949823,"ed",40,17.6376751358663,0.26211119272147,0.0184880835042347,0.396500752398595,"incremento"
620949823,"lpi",40,93.7434765154556,-0.443454571904453,6.63810488184232e-05,-0.209123213940556,"descenso"
620949823,"mesh",40,202.466075419998,-0.442877532529381,6.65330097751722e-05,-0.922238176919528,"descenso"
620949823,"np",40,2.65,0.0516372488399963,0.67813096882158,0,"sin tendencia"
620949823,"pd",40,1.1530950918683,0.0737674983428519,0.549766697326831,0,"sin tendencia"
620951186,"cohesion",40,99.4791366157617,0.0388621902995336,0.734945198124461,0.000573490250666105,"sin tendencia"
620951186,"ed",40,60.5882558541971,0.365304588815616,0.00103631164539125,0.893915835415235,"incremento"
620951186,"lpi",40,81.4360508601346,-0.154254339703417,0.168307864864952,-0.137084318433904,"sin tendencia"
620951186,"mesh",40,82.4027678231194,-0.155448761198134,0.164759240135378,-0.274282715766644,"sin tendencia"
620951186,"np",40,2.55,-0.2757633336155,0.0238824310580805,0,"descenso"
620951186,"pd",40,2.06729164943165,-0.278744558843775,0.0223968234866566,-2.77555756156289e-17,"descenso"
620951192,"cohesion",40,99.9999139483221,-0.289390563534866,0.0194119624557702,0,"descenso"
620951192,"ed",40,0.200589251120807,0.246236563050329,0.0450454343166662,0,"descenso"
620951192,"lpi",40,99.9690783044222,-0.289390563534866,0.0194119624557702,0,"descenso"
620951192,"mesh",40,3019.05045524522,-0.289390563534866,0.0194119624557702,0,"descenso"
620951192,"np",40,1,NA,NA,NA,"sin tendencia"
620951192,"pd",40,0.0331025343998376,-Inf,0,0,"descenso"
620951194,"cohesion",40,99.9781310821454,-0.205395959064437,0.102515809902196,0,"sin tendencia"
620951194,"ed",40,2.94089790469783,0.211656230603994,0.091364375363602,0,"sin tendencia"
620951194,"lpi",40,99.5185614849188,-0.203640438046793,0.105511441709758,0,"sin tendencia"
620951194,"mesh",40,39.3846170959318,-0.203640438046793,0.105511441709758,0,"sin tendencia"
620951194,"np",40,1.05,0.312147236790425,0.0199576283902411,0,"descenso"
620951194,"pd",40,2.64061451433515,0.312147236790425,0.0199576283902411,0,"descenso"
620951202,"cohesion",40,99.6863346082597,-0.681268994010359,7.47058384184495e-10,-0.0208135510022013,"descenso"
620951202,"ed",40,40.996070139885,0.634906642811167,9.68964951762703e-09,0.731012112333942,"incremento"
620951202,"lpi",40,80.6094722673995,-0.797174872008341,5.80147977407587e-13,-0.970220402669503,"descenso"
620951202,"mesh",40,1098.34616085309,-0.797174872008341,5.80147977407587e-13,-24.6099320985467,"descenso"
620951202,"np",40,15.975,0.700983003514266,4.59578025399594e-10,1,"incremento"
620951202,"pd",40,0.971087008443318,0.700983003514266,4.59578025399594e-10,0.0607879191513813,"incremento"
620951220,"cohesion",40,99.9980041057633,-0.748259459749939,6.28115297882973e-10,-4.67350907058517e-05,"descenso"
620951220,"ed",40,1.52465368558193,0.76625063748602,2.48842478187245e-10,0.0509305474592137,"incremento"
620951220,"lpi",40,99.7226331360947,-0.748259459749939,6.28115297882973e-10,-0.00719099276791635,"descenso"
620951220,"mesh",40,558.2167560229,-0.748259459749939,6.28115297882973e-10,-0.0806798650780465,"descenso"
620951220,"np",40,1.025,0.223606797749979,0.0997714364192216,0,"sin tendencia"
620951220,"pd",40,0.182611295372779,0.94602875971145,1.2152321280729e-12,0,"descenso"
620951225,"cohesion",40,99.9251025920265,0.169068012834895,0.131649384111842,0.000540426373335734,"sin tendencia"
620951225,"ed",40,21.425339618843,0.372195220622879,0.000865231615126777,0.155611681182021,"incremento"
620951225,"lpi",40,90.6857322080292,-0.114446039457467,0.30926125402778,-0.0322948551919001,"sin tendencia"
620951225,"mesh",40,1331.07030846285,-0.114446039457467,0.30926125402778,-0.959449316379456,"sin tendencia"
620951225,"np",40,4.475,-0.0894482237754499,0.448942045995487,0,"sin tendencia"
620951225,"pd",40,0.276602104468747,-0.0811914646577161,0.492590559072747,0,"sin tendencia"
620952562,"cohesion",40,99.7907086453935,-0.0932692567188807,0.407174945408953,-0.000531117328212125,"sin tendencia"
620952562,"ed",40,59.3435995159662,-0.0894415919288719,0.427249836442001,-0.067227761051838,"sin tendencia"
620952562,"lpi",40,82.166701223305,-0.212446640304117,0.0570521576337353,-0.0929041930493305,"sin tendencia"
620952562,"mesh",40,300.777650352153,-0.212446640304117,0.0570521576337353,-0.674449069972725,"sin tendencia"
620952562,"np",40,5.225,-0.269306440490374,0.0251076387167904,-0.0281746031746032,"descenso"
620952562,"pd",40,1.17425389671963,-0.263483598533825,0.0284479908838358,-0.00633189235718795,"descenso"
620952567,"cohesion",40,99.5516745721663,-0.760103669241116,8.44969860845896e-12,-0.0170526881791193,"descenso"
620952567,"ed",40,70.2777720427362,0.630393145479834,1.4869278612022e-08,0.351748872072256,"incremento"
620952567,"lpi",40,64.9964322120286,-0.77566893209247,3.1508914864547e-12,-0.895100593187779,"descenso"
620952567,"mesh",40,592.201086396009,-0.731567354013634,4.90385381556085e-11,-16.151771157655,"descenso"
620952567,"np",40,23.275,0.656438634536147,6.67366131564794e-09,0.531372549019608,"incremento"
620952567,"pd",40,1.71444043276842,0.656438634536147,6.67366131564794e-09,0.0391409917466137,"incremento"
620952578,"cohesion",40,99.6325075008968,-0.330601028964704,0.00340157819004549,-0.00878872926029288,"descenso"
620952578,"ed",40,17.0023742044243,0.150561481832562,0.185386796041449,0.247307261153695,"sin tendencia"
620952578,"lpi",40,94.5422535211268,-0.445888515267367,8.53779670544901e-05,-0.234741784037558,"descenso"
620952578,"mesh",40,17.6089139699663,-0.451777501732643,6.15618563825756e-05,-0.0878189585057547,"descenso"
620952578,"np",40,1.425,-0.137895239411954,0.292731829286624,0,"sin tendencia"
620952578,"pd",40,7.25150645823147,0.0359726711509446,0.792522135247797,0,"sin tendencia"
620953909,"cohesion",40,98.113637548714,0.0205391696829797,0.86124523786481,0.000312137842711732,"sin tendencia"
620953909,"ed",40,16.6993454674254,0.226367729698384,0.0413878550036017,0.014795080992976,"incremento"
620953909,"lpi",40,10.4974728329543,0.349231443747523,0.00164679392524219,0.00828713868895829,"incremento"
620953909,"mesh",40,20.149136924773,0.34403109218991,0.00186298030002757,0.0311041869040472,"incremento"
620953909,"np",40,10.075,0.386121630477889,0.000933347010202817,0.0769230769230769,"incremento"
620953909,"pd",40,0.551952846492896,0.38199933549058,0.00105878819845756,0.00421418474130862,"incremento"
620953932,"cohesion",40,81.6169200050708,NA,NA,NA,"sin tendencia"
620953932,"ed",40,0,NA,NA,NA,"sin tendencia"
620953932,"lpi",40,20.7100591715976,NA,NA,NA,"sin tendencia"
620953932,"mesh",40,1.83807587361735,NA,NA,NA,"sin tendencia"
620953932,"np",40,13,NA,NA,NA,"sin tendencia"
620953932,"pd",40,83.3776451067909,NA,NA,NA,"sin tendencia"
620953937,"cohesion",40,99.9662765863483,0.232262898341629,0.0368582699493368,0.000399434379885594,"incremento"
620953937,"ed",40,12.7460903846017,-0.0592791380530851,0.599808062222528,-0.0243253634971481,"sin tendencia"
620953937,"lpi",40,97.1863971767725,0.217060785531115,0.0514553495146804,0.020806205061427,"sin tendencia"
620953937,"mesh",40,543.272051932184,0.215628419628007,0.0528838348872658,0.23355908233296,"sin tendencia"
620953937,"np",40,1.875,-0.340794418833815,0.00745899311715768,0,"descenso"
620953937,"pd",40,0.326007394847294,-0.393477614015854,0.00199311247935306,-1.29165557518619e-18,"descenso"
620953939,"cohesion",40,99.9068444231729,0.415973317703868,0.000173967467847017,0.000956876576737097,"incremento"
620953939,"ed",40,36.7399909829086,-0.114618034909115,0.304908361843031,-0.147446476119346,"sin tendencia"
620953939,"lpi",40,89.6447260834015,0.224229783070366,0.0436861382391963,0.0913444691040768,"incremento"
620953939,"mesh",40,453.75867576504,0.225372540551631,0.0424978824379574,0.942089825851845,"incremento"
620953939,"np",40,2.875,-0.438754938354605,0.000379171366339603,-0.027027027027027,"descenso"
620953939,"pd",40,0.509605803085251,-0.42291540989415,0.000613900512694301,-0.00479065384803996,"descenso"
620953947,"cohesion",40,99.7921426778354,-0.614022606732631,3.35268917269321e-08,-0.00770885913299495,"descenso"
620953947,"ed",40,52.061205019063,0.401575966428514,0.000309329636900921,0.371313589512279,"incremento"
620953947,"lpi",40,81.1238464559199,-0.704701050764876,2.31043302380752e-10,-0.697075798024244,"descenso"
620953947,"mesh",40,625.748298853334,-0.704701050764876,2.31043302380752e-10,-10.271573953766,"descenso"
620953947,"np",40,10.85,0.615489458649016,6.92084333669154e-08,0.351470588235294,"incremento"
620953947,"pd",40,1.15456674281493,0.627263584112318,3.10161626291079e-08,0.0374005762446148,"incremento"
620953954,"cohesion",40,99.9971042757886,-0.437847344041412,8.43334299792782e-05,-5.99261504159483e-05,"descenso"
620953954,"ed",40,2.99839594908263,0.396394341055243,0.000373121887887945,0.0627703658462344,"incremento"
620953954,"lpi",40,99.3723425794695,-0.435256531354777,9.29071929620889e-05,-0.0155067223350682,"descenso"
620953954,"mesh",40,1799.86633285575,-0.435256531354777,9.29071929620889e-05,-0.56285247322467,"descenso"
620953954,"np",40,1.1,0.196931590360844,0.142862771243927,0,"sin tendencia"
620953954,"pd",40,0.0603513021374322,0.162113092352306,0.209543545173678,0,"sin tendencia"
620953969,"cohesion",40,100,NA,NA,NA,"sin tendencia"
620953969,"ed",40,0,NA,NA,NA,"sin tendencia"
620953969,"lpi",40,100,NA,NA,NA,"sin tendencia"
620953969,"mesh",40,1564.33740799122,NA,NA,NA,"sin tendencia"
620953969,"np",40,1,NA,NA,NA,"sin tendencia"
620953969,"pd",40,0.0639248281663295,NA,NA,NA,"sin tendencia"
620953981,"cohesion",40,99.9980012681824,-0.335601003084712,0.00282985479588719,-4.20891288891435e-05,"descenso"
620953981,"ed",40,1.95221751991548,0.390137919619772,0.000507216739842761,0.0498657553530647,"incremento"
620953981,"lpi",40,99.5110847957757,-0.235969455293938,0.0360997353977165,-0.0110379237132281,"descenso"
620953981,"mesh",40,2353.06178231993,-0.235969455293938,0.0360997353977165,-0.523484652417713,"descenso"
620953981,"np",40,1.2,0.425627436501712,0.00123359885897512,0,"descenso"
620953981,"pd",40,0.0505005149725415,0.0860558204948816,0.522759174940302,0,"sin tendencia"
620953986,"cohesion",40,99.9966499833806,-0.583404554056794,1.74095730369926e-07,-4.96359831320348e-05,"descenso"
620953986,"ed",40,5.02058769269195,0.52871037711397,2.20010171935568e-06,0.0913835222906997,"incremento"
620953986,"lpi",40,98.704842744085,-0.586009038673119,1.53391368763801e-07,-0.0257128315713053,"descenso"
620953986,"mesh",40,6576.26014054079,-0.586009038673119,1.53391368763801e-07,-3.43219182747815,"descenso"
620953986,"np",40,1.425,0.316715395860872,0.0150001574167885,0,"descenso"
620953986,"pd",40,0.0211119431883558,0.660229786756125,3.56146246169707e-07,0,"descenso"
620955285,"cohesion",40,99.0299615055059,-0.431322563342573,9.47619773720002e-05,-0.00147828853138488,"descenso"
620955285,"ed",40,35.1204402871499,0.430315506543089,9.93236705108918e-05,0.0578433427718699,"incremento"
620955285,"lpi",40,23.658437530767,0.566284787199289,3.10617285104432e-07,0.0314839626558683,"incremento"
620955285,"mesh",40,104.940679801436,0.567394562492314,2.76492805931649e-07,0.280718718242461,"incremento"
620955285,"np",40,17.625,0.767021851613526,6.3273583389617e-11,0.153846153846154,"incremento"
620955285,"pd",40,0.940430389637367,0.768411383953405,5.84478568694947e-11,0.00820888501592901,"incremento"
620955328,"cohesion",40,99.9899498753566,0.0712940225519993,0.528658895454305,2.47957991991871e-05,"sin tendencia"
620955328,"ed",40,6.48258261845435,-0.130921750504581,0.243304201272397,-0.0380852323914673,"sin tendencia"
620955328,"lpi",40,98.6738677771994,0.0351838197425465,0.761321577731921,0.00132423719371258,"sin tendencia"
620955328,"mesh",40,517.695783342068,0.0351838197425465,0.761321577731921,0.0139180808076389,"sin tendencia"
620955328,"np",40,1.15,-0.350966488597776,0.00847589690394159,0,"descenso"
620955328,"pd",40,0.216292867311466,-0.110303753559301,0.415432692747087,0,"sin tendencia"
620955343,"cohesion",40,99.9998434861199,-0.497686040793081,0.000101012524970934,0,"descenso"
620955343,"ed",40,0.270963637686087,0.497686040793081,0.000101012524970934,0,"descenso"
620955343,"lpi",40,99.9587780224744,-0.497686040793081,0.000101012524970934,0,"descenso"
620955343,"mesh",40,1632.46381549305,-0.497686040793081,0.000101012524970934,0,"descenso"
620955343,"np",40,1,NA,NA,NA,"sin tendencia"
620955343,"pd",40,0.0612066963893511,NA,NA,NA,"sin tendencia"
620956670,"cohesion",40,95.2073474343973,-0.434894252391666,8.20551422302855e-05,-0.00975214531456315,"descenso"
620956670,"ed",40,31.4360428393336,-0.0910840469610864,0.414713055664525,-0.0311385486518019,"sin tendencia"
620956670,"lpi",40,5.55109404096834,-0.482317605891443,1.30678134239485e-05,-0.0119620318642665,"descenso"
620956670,"mesh",40,12.3754953108709,-0.475946217219198,1.62389017736814e-05,-0.0542530922071508,"descenso"
620956670,"np",40,76.925,-0.091765899280976,0.419987356804572,-0.0476190476190476,"sin tendencia"
620956670,"pd",40,2.15652104148351,-0.091765899280976,0.419987356804572,-0.00133495584226041,"sin tendencia"
620956671,"cohesion",40,96.3018302780577,0.202824300619424,0.0673306086631705,0.00901241887340005,"sin tendencia"
620956671,"ed",40,52.4315031501604,0.184852527146817,0.0956488680826152,0.0461835758526378,"sin tendencia"
620956671,"lpi",40,10.61532617985,0.228095813812958,0.0401901365524961,0.014175834610741,"incremento"
620956671,"mesh",40,18.1948092656447,-0.0821566787319187,0.462878751174033,-0.0088915066676247,"sin tendencia"
620956671,"np",40,22.45,0.0593490295734629,0.618587915910693,0,"sin tendencia"
620956671,"pd",40,2.31067949144592,0.0538281896131407,0.65239458113571,0,"sin tendencia"
620956683,"cohesion",40,99.250484313932,-0.260758351726111,0.0185731932275951,-0.00327859544791922,"descenso"
620956683,"ed",40,92.231346718434,0.109184531510933,0.327636189723332,0.0862179679314757,"sin tendencia"
620956683,"lpi",40,59.5304568527919,-0.152858344115306,0.16909979191889,-0.0611002470884507,"sin tendencia"
620956683,"mesh",40,168.085610983558,-0.147720248514792,0.184016788705172,-0.331986149270136,"sin tendencia"
620956683,"np",40,12.55,-0.323837946370269,0.00594535916529451,-0.0769230769230769,"descenso"
620956683,"pd",40,2.65581077679965,-0.307103109443834,0.00853312349682631,-0.0162783375838165,"descenso"
620956694,"cohesion",40,99.8546234414729,-0.0938911606135343,0.401358591720007,-0.000320413487765623,"sin tendencia"
620956694,"ed",40,82.9881220903851,0.340837774829953,0.00209055436594352,0.160000249190258,"incremento"
620956694,"lpi",40,71.1208334552691,-0.137621290214358,0.216650077428027,-0.0728688068830296,"sin tendencia"
620956694,"mesh",40,1599.58606122493,-0.137621290214358,0.216650077428027,-3.40066675614254,"sin tendencia"
620956694,"np",40,24.425,0.018427434427243,0.879126106135228,0,"sin tendencia"
620956694,"pd",40,0.77476476434795,0.00263249063246328,0.990666367506637,0,"sin tendencia"
620956702,"cohesion",40,99.9996525879923,0.151141730980636,0.191397842453133,2.70807531058093e-06,"sin tendencia"
620956702,"ed",40,0.426798721312993,-0.125590845645304,0.278851635232901,-1.41997524849558e-13,"sin tendencia"
620956702,"lpi",40,99.9275297083183,0.151141730980636,0.191397842453133,0.000564864044286297,"sin tendencia"
620956702,"mesh",40,1023.32444303053,0.151141730980636,0.191397842453133,0.0115700139593843,"sin tendencia"
620956702,"np",40,1,NA,NA,NA,"sin tendencia"
620956702,"pd",40,0.0975791669416891,NA,NA,NA,"sin tendencia"
620956704,"cohesion",40,99.9465093191717,-0.138337140506637,0.216296115816171,-0.000265622327766536,"sin tendencia"
620956704,"ed",40,31.6097145032856,0.109893990122095,0.327175908316833,0.113647405426532,"sin tendencia"
620956704,"lpi",40,91.5823154540627,-0.126783982486631,0.25783056351334,-0.0426604728251038,"sin tendencia"
620956704,"mesh",40,728.861037055421,-0.12799417673044,0.252988300461719,-0.695673301609075,"sin tendencia"
620956704,"np",40,1.725,-0.0564413357600522,0.664860882430657,0,"sin tendencia"
620956704,"pd",40,0.198592001223557,-0.0564413357600522,0.664860882430657,0,"sin tendencia"
620956711,"cohesion",40,99.9957290097815,0.132992378572963,0.234218055556952,1.43927498203176e-05,"sin tendencia"
620956711,"ed",40,6.53767302015797,-0.279078152825719,0.0121520752114857,-0.0271543929044989,"descenso"
620956711,"lpi",40,98.3871536740664,0.209308614619289,0.060412386255315,0.00734459229690621,"sin tendencia"
620956711,"mesh",40,5189.64862061515,0.210463667062067,0.0588507701659213,0.77450692978733,"sin tendencia"
620956711,"np",40,1.35,-0.0910896297987385,0.492002909043789,0,"sin tendencia"
620956711,"pd",40,0.0251811679845917,0.00948850310403525,0.95336719653896,0,"sin tendencia"
620956731,"cohesion",40,99.9997657737388,-0.651627097376521,8.50504838205259e-08,-7.30865107961539e-06,"descenso"
620956731,"ed",40,0.291821571755996,0.693554388869406,1.15476430959173e-08,0.011790770575998,"incremento"
620956731,"lpi",40,99.936744560838,-0.651627097376521,8.50504838205259e-08,-0.0019791622488942,"descenso"
620956731,"mesh",40,1715.22612872162,-0.651627097376521,8.50504838205259e-08,-0.0679672649004571,"descenso"
620956731,"np",40,1,NA,NA,NA,"sin tendencia"
620956731,"pd",40,0.0582277403360798,Inf,0,0,"descenso"
620958044,"cohesion",40,96.9878622101281,-0.475579977599815,1.70490523144273e-05,-0.0230616692524294,"descenso"
620958044,"ed",40,83.0337200197833,-0.0154541170663976,0.897973041212195,-6.63791602329594e-13,"sin tendencia"
620958044,"lpi",40,31.8359087564386,-0.39484692718077,0.00037634206977278,-0.120409391932571,"descenso"
620958044,"mesh",40,12.8488902481708,-0.393317494987955,0.000378654297914925,-0.0983283921882561,"descenso"
620958044,"np",40,5.55,0.400281664260987,0.00105465191465963,0.0416666666666667,"incremento"
620958044,"pd",40,4.42656151174022,0.358616658315605,0.00335371681301637,0.0332324437818335,"incremento"
620958064,"cohesion",40,99.9999348976736,-0.253436835914301,0.0270393814083091,-1.00399007412951e-06,"descenso"
620958064,"ed",40,0.187195734238693,0.299061526731758,0.0101191097652021,0.00174347093593618,"incremento"
620958064,"lpi",40,99.9690497483648,-0.253436835914301,0.0270393814083091,-0.000477356729658693,"descenso"
620958064,"mesh",40,5257.97732469808,-0.253436835914301,0.0270393814083091,-0.0502189066896285,"descenso"
620958064,"np",40,1,NA,NA,NA,"sin tendencia"
620958064,"pd",40,0.0190069508541386,-Inf,0,0,"descenso"
620958070,"cohesion",40,87.4730224333922,-0.127167866112734,0.253439907481813,-0.0248757736912672,"sin tendencia"
620958070,"ed",40,32.0618860583528,-0.84907029798502,1.45705479599377e-14,-0.441943398397708,"descenso"
620958070,"lpi",40,1.63747533126586,-0.304619914540361,0.00633127171552314,-0.0198934239610702,"descenso"
620958070,"mesh",40,0.729780235284626,-0.443160745544375,6.10352483315438e-05,-0.0148421175228847,"descenso"
620958070,"np",40,42.475,-0.740296707872103,6.40233180789617e-11,-0.5,"descenso"
620958070,"pd",40,3.24492889673261,-0.735638117374887,7.63424432983267e-11,-0.0381981035518848,"descenso"
620958078,"cohesion",40,99.9960480086543,0.118712148041277,0.288596771941371,2.03146101819044e-05,"sin tendencia"
620958078,"ed",40,4.3521665716635,0.052801566643525,0.640997054069316,0.00479627857111523,"sin tendencia"
620958078,"lpi",40,98.9460959885387,-0.0154841932227753,0.897929353767664,-0.000217070417643002,"sin tendencia"
620958078,"mesh",40,3026.24544278033,-0.0154841932227753,0.897929353767664,-0.0132616405059046,"sin tendencia"
620958078,"np",40,1.2,-0.104662484385667,0.434732043990895,0,"sin tendencia"
620958078,"pd",40,0.0388219694265144,-0.104662484385667,0.434732043990895,0,"sin tendencia"
620959416,"cohesion",40,96.6242132299057,-0.130072151975513,0.243731632654713,-0.00349601205073,"sin tendencia"
620959416,"ed",40,24.4653434524794,-0.108229366924091,0.338046200322746,-0.0113370451587086,"sin tendencia"
620959416,"lpi",40,22.3023415977961,-0.599764601413656,2.20858984024484e-07,-0.00459136822773173,"descenso"
620959416,"mesh",40,16.6885322490691,-0.582481965217271,1.45860077911719e-07,-0.00721294779487787,"descenso"
620959416,"np",40,6.9,0.0888693683365301,0.464390037723516,0,"sin tendencia"
620959416,"pd",40,2.06032362696229,0.0831358607019153,0.494189263286401,0,"sin tendencia"
620959428,"cohesion",40,99.2187699973391,0.126290337591355,0.258067949822131,0.000562716530374216,"sin tendencia"
620959428,"ed",40,48.7511641648027,0.210190514880694,0.0588966557118263,0.0436178843942567,"sin tendencia"
620959428,"lpi",40,56.3473767885533,0.300141672825494,0.00704814406098176,0.00929851420047559,"incremento"
620959428,"mesh",40,444.912075881641,0.275776859638266,0.0130109658758278,0.154704024255473,"incremento"
620959428,"np",40,20.35,-0.0663982349370482,0.577507275306002,0,"sin tendencia"
620959428,"pd",40,1.46115235910185,-0.0331991174685241,0.785169242938199,0,"sin tendencia"
620959450,"cohesion",40,99.8520257276871,-0.267203678948242,0.0166809012266796,-0.000998603234438312,"descenso"
620959450,"ed",40,55.1438329737438,0.277580520849145,0.0128797142648819,0.331323970322971,"incremento"
620959450,"lpi",40,79.3482147925299,-0.368377887482043,0.00095170543847152,-0.229133562055567,"descenso"
620959450,"mesh",40,1027.04105230358,-0.365783677006817,0.00103412321425316,-6.15212337856016,"descenso"
620959450,"np",40,11.125,0.12288996724433,0.289835868954091,0.0363756613756614,"sin tendencia"
620959450,"pd",40,0.684480440666371,0.12288996724433,0.289835868954091,0.00223806100925334,"sin tendencia"
620959454,"cohesion",40,99.9964560001194,-0.274072184658892,0.0197215975454443,-8.67556781427877e-05,"descenso"
620959454,"ed",40,1.49149888828298,0.230490992549916,0.0489032435979827,0.020189933040047,"incremento"
620959454,"lpi",40,99.7081712062257,-0.274072184658892,0.0197215975454443,-0.00717991476746291,"descenso"
620959454,"mesh",40,165.008329581046,-0.274072184658892,0.0197215975454443,-0.0238234376234589,"descenso"
620959454,"np",40,1,NA,NA,NA,"sin tendencia"
620959454,"pd",40,0.602506607219723,NA,NA,NA,"sin tendencia"
620959457,"cohesion",40,96.4171899851168,-0.458575032345919,3.34495536868476e-05,-0.0148492295179688,"descenso"
620959457,"ed",40,66.0453718397663,-0.199101204519937,0.0727135021714343,-0.0343304285141307,"sin tendencia"
620959457,"lpi",40,8.91070254274441,-0.551771341139811,6.09015944541414e-07,-0.0426321453797067,"descenso"
620959457,"mesh",40,17.3373470894138,-0.59730361355981,6.40243777904943e-08,-0.178946488247225,"descenso"
620959457,"np",40,41.4,0.016239958858823,0.896882706910388,0,"sin tendencia"
620959457,"pd",40,2.45911051054772,0.0243599382882345,0.841252772081819,0,"sin tendencia"
620960804,"cohesion",40,98.4272979739788,0.0257735382839501,0.824679703472271,0.000133212691784568,"sin tendencia"
620960804,"ed",40,54.9384769454522,0.493233870047298,8.8644072319438e-06,0.0865724827300421,"incremento"
620960804,"lpi",40,26.7534057519366,0.388089201355175,0.000506224206876539,0.0207758288071707,"incremento"
620960804,"mesh",40,75.6963396143474,0.388143220730607,0.000468618012637551,0.120633009076959,"incremento"
620960804,"np",40,20.625,0.30008388528851,0.0112948644478455,0.0597147950089127,"incremento"
620960804,"pd",40,1.99052899062235,0.30008388528851,0.0112948644478455,0.00576310451560298,"incremento"
620960815,"cohesion",40,88.8059847016125,0.260312736667896,0.0191009328329217,0.0346443141183807,"incremento"
620960815,"ed",40,37.3075373215634,-0.373716305117276,0.000752802685201516,-0.125377967160147,"descenso"
620960815,"lpi",40,4.1478889943074,0.0142869191703186,0.907093115173071,0,"sin tendencia"
620960815,"mesh",40,1.12538301346344,0.0412376612543201,0.717767676606343,0.0011573663836591,"sin tendencia"
620960815,"np",40,18.3,-0.171528773587375,0.145245876463638,-0.032258064516129,"sin tendencia"
620960815,"pd",40,4.70482489822238,-0.149396028608359,0.205132555299671,-0.00829336312043429,"sin tendencia"
620960830,"cohesion",40,99.9998079508693,-0.510703182697877,5.80342699646624e-06,-1.03947337315837e-05,"descenso"
620960830,"ed",40,0.536142444264093,0.493258823117863,1.18222131299717e-05,0.0275013824780138,"incremento"
620960830,"lpi",40,99.8937467733609,-0.510703182697877,5.80342699646624e-06,-0.00576185559406998,"descenso"
620960830,"mesh",40,7133.03493831065,-0.510703182697877,5.80342699646624e-06,-0.823342610251377,"descenso"
620960830,"np",40,1,NA,NA,NA,"sin tendencia"
620960830,"pd",40,0.0139895377695958,Inf,0,0,"descenso"
620960871,"cohesion",40,99.9934978153014,-0.757513459054736,1.32336930440242e-11,-0.000314674072293531,"descenso"
620960871,"ed",40,5.70224275632975,0.723497310634316,1.03530394665498e-10,0.256211392670703,"incremento"
620960871,"lpi",40,98.4674294570816,-0.756710461544389,1.43016080893122e-11,-0.0803696121538116,"descenso"
620960871,"mesh",40,1962.69799851638,-0.754896832253165,1.5552594527941e-11,-3.20174413939616,"descenso"
620960871,"np",40,1.35,0.508465378556006,8.67125352833121e-05,0,"descenso"
620960871,"pd",40,0.066703636394263,0.508465378556006,8.67125352833121e-05,0,"descenso"
620962180,"cohesion",40,96.710188370289,0.182992121816045,0.100178986704208,0.00842618386846154,"sin tendencia"
620962180,"ed",40,58.6283913496689,-0.319591874720981,0.00397812324707602,-0.109935466376962,"descenso"
620962180,"lpi",40,14.195079086116,0.27315203247885,0.0142948480730232,0.028231822573461,"incremento"
620962180,"mesh",40,28.3430699579585,0.146909168218515,0.187664009029,0.0834513407188141,"sin tendencia"
620962180,"np",40,32.575,-0.119141460239419,0.312245598680449,0,"sin tendencia"
620962180,"pd",40,4.13688907575844,-0.13992194749048,0.234499253055769,-3.1250722174634e-17,"sin tendencia"
620962191,"cohesion",40,99.1440186475184,0.211674193641961,0.0560175138762672,0.00216542140771418,"sin tendencia"
620962191,"ed",40,73.0707797316913,-0.0859525513576449,0.441881153504586,-0.00782625924327903,"sin tendencia"
620962191,"lpi",40,39.3423320549834,-0.0513479242074492,0.649503502038174,-0.00731231825298255,"sin tendencia"
620962191,"mesh",40,344.636396750188,-0.0397690909266715,0.726672865399689,-0.0662604962955027,"sin tendencia"
620962191,"np",40,42.7,-0.364544793976023,0.00141334961550318,-0.142857142857143,"descenso"
620962191,"pd",40,1.99435216955141,-0.36320946506036,0.00147185701926725,-0.00667230568602013,"descenso"
620962200,"cohesion",40,96.9105632940536,-0.449457238014396,4.96596868441162e-05,-0.0701187710550832,"descenso"
620962200,"ed",40,82.9213866093518,-0.597946088187641,6.72607938130579e-08,-1.09581274415305,"descenso"
620962200,"lpi",40,13.447673305247,-0.678792923898521,1.02377208907084e-09,-0.340890119710495,"descenso"
620962200,"mesh",40,97.4349520327583,-0.560211743656912,4.19542608970304e-07,-2.72739756325659,"descenso"
620962200,"np",40,114.275,-0.268204247161003,0.017100570044228,-0.5,"descenso"
620962200,"pd",40,3.95326647291973,-0.268204247161003,0.017100570044228,-0.0172971624280015,"descenso"
620963556,"cohesion",40,96.234312720732,0.345365413004931,0.00185145285212249,0.0196215519868383,"incremento"
620963556,"ed",40,79.7262429435312,0.231961844555551,0.0368839117393801,0.100221549901162,"incremento"
620963556,"lpi",40,32.9680365296804,0.670239693963647,2.07389002846208e-09,0.101471334348047,"incremento"
620963556,"mesh",40,20.7002584777886,0.610832857329616,3.48911851981085e-08,0.132833621428007,"incremento"
620963556,"np",40,9.55,-0.198951466587851,0.0888913013706678,-0.0513157894736842,"sin tendencia"
620963556,"pd",40,5.25181869102389,-0.196207308428019,0.0934161314627452,-0.0282200232777531,"sin tendencia"
620963571,"cohesion",40,95.758435576552,0.463923689111101,2.84222396887659e-05,0.0645364933586651,"incremento"
620963571,"ed",40,44.6657842470778,-0.319591874720981,0.00397812324707602,-0.092231795084085,"descenso"
620963571,"lpi",40,10.2625864564903,0.256612959885019,0.0209583602875316,0.111840517934695,"incremento"
620963571,"mesh",40,7.73418253737403,0.244848613697526,0.0275495658264406,0.0763876822800711,"incremento"
620963571,"np",40,15.475,-0.432840973667384,0.000205791959029439,-0.111111111111111,"descenso"
620963571,"pd",40,2.69800510759953,-0.432840973667384,0.000205791959029439,-0.0193717832173723,"descenso"
620963599,"cohesion",40,99.9996774080789,-0.55075705472861,1.34473258708168e-05,0,"descenso"
620963599,"ed",40,0.638633686629498,0.538652504075234,2.07483955648882e-05,0,"descenso"
620963599,"lpi",40,99.8710283357069,-0.55075705472861,1.34473258708168e-05,0,"descenso"
620963599,"mesh",40,3747.66256861222,-0.55075705472861,1.34473258708168e-05,0,"descenso"
620963599,"np",40,1,NA,NA,NA,"sin tendencia"
620963599,"pd",40,0.026614678249479,NA,NA,NA,"sin tendencia"
620963612,"cohesion",40,100,NA,NA,NA,"sin tendencia"
620963612,"ed",40,0,NA,NA,NA,"sin tendencia"
620963612,"lpi",40,100,NA,NA,NA,"sin tendencia"
620963612,"mesh",40,470.611295008446,NA,NA,NA,"sin tendencia"
620963612,"np",40,1,NA,NA,NA,"sin tendencia"
620963612,"pd",40,0.212489587607975,NA,NA,NA,"sin tendencia"
620964932,"cohesion",40,99.3246702475585,0.115980922277775,0.299412716430224,0.00296770473425054,"sin tendencia"
620964932,"ed",40,34.7136194672337,-0.0644338457098751,0.567786498416307,-0.0162695898554721,"sin tendencia"
620964932,"lpi",40,52.1340612085335,0.225664663215469,0.0424697772211617,0.05995716930599,"incremento"
620964932,"mesh",40,562.704749372579,0.244848613697526,0.0275495658264406,1.77792696421606,"incremento"
620964932,"np",40,18.85,-0.076008107963964,0.511389274938644,0,"sin tendencia"
620964932,"pd",40,1.1410528277055,-0.0733411568073337,0.526587846846291,-1.48029736616688e-16,"sin tendencia"
620964950,"cohesion",40,99.9994751601567,-0.735638117374887,7.27962278690665e-11,-1.24371145915347e-05,"descenso"
620964950,"ed",40,0.757706583625962,0.690715895212799,6.808230663264e-10,0.0241500667357527,"incremento"
620964950,"lpi",40,99.8556707733316,-0.738279546880722,6.22575715196219e-11,-0.00433421101106527,"descenso"
620964950,"mesh",40,2829.99084016582,-0.738279546880722,6.22575715196219e-11,-0.245883071618415,"descenso"
620964950,"np",40,1.1,0.367146992361988,0.00559796943916848,0,"descenso"
620964950,"pd",40,0.0387576089791994,0.3604103503003,0.00654517404143639,0,"descenso"
620964958,"cohesion",40,99.9990870020248,-0.222228899472332,0.0461277144032942,-1.51340519866604e-05,"descenso"
620964958,"ed",40,1.3733975708367,0.176892775383455,0.112752767170561,0.0177206056843098,"sin tendencia"
620964958,"lpi",40,99.7478786894564,-0.238354767170473,0.0327577806465488,-0.00405992448540411,"descenso"
620964958,"mesh",40,4521.9665859527,-0.232565127354766,0.0368411780506646,-0.368329813495545,"descenso"
620964958,"np",40,1.375,0.016913827443983,0.907192548917526,0,"sin tendencia"
620964958,"pd",40,0.0302540580213121,0.0263103982461957,0.849745473486667,0,"sin tendencia"
620964971,"cohesion",40,99.999695264942,-0.626032141409523,1.04960568829515e-07,-1.03196945600082e-05,"descenso"
620964971,"ed",40,0.46481372644488,0.608762289232709,2.32994022139864e-07,0.0158519270102983,"incremento"
620964971,"lpi",40,99.9188023785513,-0.626032141409523,1.04960568829515e-07,-0.00347741419480485,"descenso"
620964971,"mesh",40,2648.78009652681,-0.626032141409523,1.04960568829515e-07,-0.18444829254683,"descenso"
620964971,"np",40,1.05,-0.312147236790425,0.0199576283902411,0,"descenso"
620964971,"pd",40,0.0395766198041415,-0.907691306982682,8.71401334468299e-12,0,"descenso"
620964977,"cohesion",40,100,NA,NA,NA,"sin tendencia"
620964977,"ed",40,0,NA,NA,NA,"sin tendencia"
620964977,"lpi",40,100,NA,NA,NA,"sin tendencia"
620964977,"mesh",40,138.480210509249,NA,NA,NA,"sin tendencia"
620964977,"np",40,1,NA,NA,NA,"sin tendencia"
620964977,"pd",40,0.7221248410315,NA,NA,NA,"sin tendencia"
620966326,"cohesion",40,99.9997751299544,-0.382300727378129,0.00375845930907575,0,"descenso"
620966326,"ed",40,0.310207553618895,0.382300727378129,0.00375845930907575,0,"descenso"
620966326,"lpi",40,99.9528886136424,-0.382300727378129,0.00375845930907575,0,"descenso"
620966326,"mesh",40,1041.8202908064,-0.382300727378129,0.00375845930907575,0,"descenso"
620966326,"np",40,1,NA,NA,NA,"sin tendencia"
620966326,"pd",40,0.0958957255939381,-Inf,0,0,"descenso"
620966338,"cohesion",40,99.3244820792092,0.199357943768463,0.0726616951910101,0.00317556570538211,"sin tendencia"
620966338,"ed",40,74.9913619271089,0.428298034031602,0.000108999718346227,0.185989472704196,"incremento"
620966338,"lpi",40,45.4260100760644,0.120979022719848,0.278348465090943,0.0920963811781754,"sin tendencia"
620966338,"mesh",40,402.669387016281,0.119614766261078,0.283581856155155,1.66066149833875,"sin tendencia"
620966338,"np",40,32.8,0.0411668073522936,0.725260900512545,0,"sin tendencia"
620966338,"pd",40,1.75601244065671,0.046478653462267,0.690412963494283,0,"sin tendencia"
620966345,"cohesion",40,100,NA,NA,NA,"sin tendencia"
620966345,"ed",40,0,NA,NA,NA,"sin tendencia"
620966345,"lpi",40,100,NA,NA,NA,"sin tendencia"
620966345,"mesh",40,1728.65003622816,NA,NA,NA,"sin tendencia"
620966345,"np",40,1,NA,NA,NA,"sin tendencia"
620966345,"pd",40,0.0578486089747788,NA,NA,NA,"sin tendencia"
620966364,"cohesion",40,99.9990421353067,-0.281934707844174,0.0295936627116444,0,"descenso"
620966364,"ed",40,0.506722866530776,0.2728400398492,0.0353140181435828,0,"descenso"
620966364,"lpi",40,99.9223245109321,-0.281934707844174,0.0295936627116444,0,"descenso"
620966364,"mesh",40,160.09699250748,-0.281934707844174,0.0295936627116444,0,"descenso"
620966364,"np",40,1,NA,NA,NA,"sin tendencia"
620966364,"pd",40,0.623653271799932,Inf,0,0,"descenso"
620966369,"cohesion",40,99.9941951200899,-0.0587175226968224,0.606951857323399,-5.06219525746379e-06,"sin tendencia"
620966369,"ed",40,7.66773025157753,-0.10555145922764,0.34968615113266,-0.0208663102481097,"sin tendencia"
620966369,"lpi",40,98.4224958609272,-0.0587175226968224,0.606951857323399,-0.0013731161756423,"sin tendencia"
620966369,"mesh",40,1727.49464433147,-0.0587175226968224,0.606951857323399,-0.0484007713810822,"sin tendencia"
620966369,"np",40,1,NA,NA,NA,"sin tendencia"
620966369,"pd",40,0.0560797488802065,-Inf,0,0,"descenso"
620967708,"cohesion",40,99.9974330823436,-0.643334748526929,8.10847174483273e-09,-8.01070228679181e-05,"descenso"
620967708,"ed",40,2.93414942164643,0.576131766814296,2.47514848424954e-07,0.0646451841820911,"incremento"
620967708,"lpi",40,99.4306892269481,-0.643334748526929,8.10847174483273e-09,-0.0178932110009414,"descenso"
620967708,"mesh",40,1175.25338706131,-0.643334748526929,8.10847174483273e-09,-0.423391873647998,"descenso"
620967708,"np",40,1,NA,NA,NA,"sin tendencia"
620967708,"pd",40,0.0841283286524252,-Inf,0,0,"descenso"
620967723,"cohesion",40,99.9991336579894,-0.710138253998841,4.03820362268412e-09,-3.28300342728612e-05,"descenso"
620967723,"ed",40,0.88606161804589,0.692272011019178,9.50732738568662e-09,0.0385382373554522,"incremento"
620967723,"lpi",40,99.8309680689306,-0.710138253998841,4.03820362268412e-09,-0.00645072109846593,"descenso"
620967723,"mesh",40,907.07054935718,-0.710138253998841,4.03820362268412e-09,-0.117357591232834,"descenso"
620967723,"np",40,1,NA,NA,NA,"sin tendencia"
620967723,"pd",40,0.109874240890855,-Inf,0,0,"descenso"
620969063,"cohesion",40,99.9555834852139,0.635678014769693,1.01981481813548e-08,0.00133937063970626,"incremento"
620969063,"ed",40,25.9418486454092,-0.733872179652817,3.74268333295709e-11,-0.706052168366048,"descenso"
620969063,"lpi",40,91.1152185104679,0.749376521476468,1.4392350799259e-11,0.220507419876772,"incremento"
620969063,"mesh",40,2682.86025605995,0.749376521476468,1.4392350799259e-11,13.1781804485242,"incremento"
620969063,"np",40,8.3,-0.537086155529575,2.22998792689762e-06,-0.270979020979021,"descenso"
620969063,"pd",40,0.257306026399232,-0.526477046284546,3.52326115930673e-06,-0.00840054640068265,"descenso"
620969076,"cohesion",40,99.2885903482237,-0.380849464935429,0.000624900275237628,-0.00613143428748471,"descenso"
620969076,"ed",40,72.3817976339461,-0.341987274635896,0.0021381443806863,-0.29462331462145,"descenso"
620969076,"lpi",40,67.0068760262726,-0.294249874896434,0.00832560757608282,-0.237920604299915,"descenso"
620969076,"mesh",40,204.900735575896,-0.295352646276456,0.00804759865988217,-1.49431837102693,"descenso"
620969076,"np",40,8.475,0.368191778816042,0.00133253500980694,0.137147335423197,"incremento"
620969076,"pd",40,1.88549508402814,0.372223075664393,0.00117805195395489,0.0305121683454863,"incremento"
620969084,"cohesion",40,99.8744689386416,-0.688311381365666,6.10092582639454e-10,-0.00569879400892277,"descenso"
620969084,"ed",40,30.7608812268286,0.195734498279125,0.0799003686738087,0.162233657058674,"sin tendencia"
620969084,"lpi",40,89.5612218483044,-0.706458950742539,2.13568957971768e-10,-0.355692068738924,"descenso"
620969084,"mesh",40,859.932478959966,-0.706458950742539,2.13568957971768e-10,-6.9074163989149,"descenso"
620969084,"np",40,7.175,0.63065909896371,4.84968744211367e-08,0.236068111455108,"incremento"
620969084,"pd",40,0.671071692737787,0.63065909896371,4.84968744211367e-08,0.0220792511715111,"incremento"
620969092,"cohesion",40,99.5989933100366,-0.349759712695803,0.00168724849605087,-0.00874473726911674,"descenso"
620969092,"ed",40,31.0379323096419,0.396394341055243,0.000369921409386493,0.294411811883177,"incremento"
620969092,"lpi",40,88.4834888729361,-0.505270015567045,6.17172453329959e-06,-0.296450441914605,"descenso"
620969092,"mesh",40,100.946662654588,-0.509428197507923,4.72508603044087e-06,-0.671334252072175,"descenso"
620969092,"np",40,3.475,0.174771634332266,0.142864224233789,0,"sin tendencia"
620969092,"pd",40,2.70393762936057,0.174771634332266,0.142864224233789,0,"sin tendencia"
620969097,"cohesion",40,99.9998035503476,-0.16947980485981,0.154813601808541,0,"sin tendencia"
620969097,"ed",40,0.340735338267839,0.120624755342353,0.314329398721626,0,"sin tendencia"
620969097,"lpi",40,99.9380214305484,-0.16947980485981,0.154813601808541,0,"sin tendencia"
620969097,"mesh",40,2330.42428778815,-0.16947980485981,0.154813601808541,0,"sin tendencia"
620969097,"np",40,1,NA,NA,NA,"sin tendencia"
620969097,"pd",40,0.0428575139915686,Inf,0,0,"descenso"
620969099,"cohesion",40,99.9998715912439,-0.518965186440968,5.96111049865838e-05,0,"descenso"
620969099,"ed",40,0.129315282682069,0.521362267032512,5.91321503971775e-05,0,"descenso"
620969099,"lpi",40,99.9756203272294,-0.518965186440968,5.96111049865838e-05,0,"descenso"
620969099,"mesh",40,851.04017557562,-0.518965186440968,5.96111049865838e-05,0,"descenso"
620969099,"np",40,1,NA,NA,NA,"sin tendencia"
620969099,"pd",40,0.117446027347305,-Inf,0,0,"descenso"
620970405,"cohesion",40,72.0701409647418,-0.28433390783422,0.0187325920772722,-0.0691001479822598,"descenso"
620970405,"ed",40,5.90426370823662,0.223745978681563,0.0837511957890361,0,"sin tendencia"
620970405,"lpi",40,1.1734693877551,-0.246389603604078,0.0455070376819912,0,"descenso"
620970405,"mesh",40,0.0127090976211428,-0.188097815951869,0.120889713196687,0,"sin tendencia"
620970405,"np",40,1.15,0.377236918007361,0.0047394521854501,0,"descenso"
620970405,"pd",40,1.27193448402707,0.302469240564461,0.0238595628556471,0,"descenso"
620970451,"cohesion",40,99.9996218783889,-0.0759029063800316,0.510671470470403,-6.18353105608094e-07,"sin tendencia"
620970451,"ed",40,0.61893527787225,0.0595945471453393,0.605568337976433,0,"sin tendencia"
620970451,"lpi",40,99.9015120792538,-0.0759029063800316,0.510671470470403,-0.000160927975075411,"sin tendencia"
620970451,"mesh",40,1589.34187110696,-0.0759029063800316,0.510671470470403,-0.00511879855121025,"sin tendencia"
620970451,"np",40,1,NA,NA,NA,"sin tendencia"
620970451,"pd",40,0.0627952833780362,NA,NA,NA,"sin tendencia"
620970468,"cohesion",40,98.4201316634851,-0.349165884610655,0.00158932375030609,-0.0390606135953826,"descenso"
620970468,"ed",40,89.148599334327,-0.236200451354266,0.0329716107322333,-0.316362193652696,"descenso"
620970468,"lpi",40,44.7240618101545,-0.426187770921828,0.000114779627499807,-0.549618703592213,"descenso"
620970468,"mesh",40,201.807977433221,-0.441592148184063,6.41916380709801e-05,-3.99943760237098,"descenso"
620970468,"np",40,27.7,0.361335791325694,0.00130927572620732,0.6,"incremento"
620970468,"pd",40,3.31393929384017,0.360613359830627,0.00131428609261714,0.071782078566935,"incremento"
620970469,"cohesion",40,95.6155424483998,NA,NA,NA,"sin tendencia"
620970469,"ed",40,0,NA,NA,NA,"sin tendencia"
620970469,"lpi",40,49.8367791077258,NA,NA,NA,"sin tendencia"
620970469,"mesh",40,24.8005063613125,NA,NA,NA,"sin tendencia"
620970469,"np",40,13,NA,NA,NA,"sin tendencia"
620970469,"pd",40,15.3327769565263,NA,NA,NA,"sin tendencia"
620970475,"cohesion",40,99.9999360117718,-0.468068373026231,0.00015016648905278,0,"descenso"
620970475,"ed",40,0.152212416450506,0.459108513077929,0.000198015283312213,0,"descenso"
620970475,"lpi",40,99.977964410444,-0.468068373026231,0.00015016648905278,0,"descenso"
620970475,"mesh",40,2772.53440394565,-0.468068373026231,0.00015016648905278,0,"descenso"
620970475,"np",40,1,NA,NA,NA,"sin tendencia"
620970475,"pd",40,0.0360521997791571,NA,NA,NA,"sin tendencia"
620971822,"cohesion",40,99.7649135564563,0.395360716503102,0.000374039926546757,0.00370558560753981,"incremento"
620971822,"ed",40,54.0341121374263,-0.0129202848530425,0.916389383052673,0,"sin tendencia"
620971822,"lpi",40,71.0763938655583,0.289414380708153,0.00928866885228592,0.241051767495797,"incremento"
620971822,"mesh",40,1024.93808539582,0.289414380708153,0.00928866885228592,6.8685119764919,"incremento"
620971822,"np",40,19.3,-0.551863653889733,1.18679192125071e-06,-0.4,"descenso"
620971822,"pd",40,0.999448242190714,-0.551863653889733,1.18679192125071e-06,-0.0207139532060252,"descenso"
620971825,"cohesion",40,97.6446955573953,-0.531451015547099,1.49031042954216e-06,-0.0123477241304157,"descenso"
620971825,"ed",40,73.8396706535253,0.328626714927675,0.00296428793599821,0.0646450265048881,"incremento"
620971825,"lpi",40,20.6894260227068,-0.659820826065722,2.26181920398621e-09,-0.114257105993768,"descenso"
620971825,"mesh",40,92.8003605054173,-0.659820826065722,2.26181920398621e-09,-0.999789331717329,"descenso"
620971825,"np",40,61.375,0.387514961200103,0.000699111631833934,0.142857142857143,"incremento"
620971825,"pd",40,2.99715888401427,0.383506185739413,0.00079440260467024,0.00697622085310274,"incremento"
620971844,"cohesion",40,99.2226539584817,-0.719904286676353,7.74111593464008e-11,-0.0528933141973096,"descenso"
620971844,"ed",40,80.0543156545779,0.207342737307501,0.0621267818757341,0.282474685289657,"sin tendencia"
620971844,"lpi",40,51.6437360329555,-0.727631345209552,4.84902205177223e-11,-1.87337892535652,"descenso"
620971844,"mesh",40,1147.42428645219,-0.730207031387285,4.14452841246591e-11,-53.145042518848,"descenso"
620971844,"np",40,77.025,0.657214764015903,3.13776605578723e-09,3.04464285714286,"incremento"
620971844,"pd",40,2.24786948349688,0.657214764015903,3.13776605578723e-09,0.0888537457542118,"incremento"
620973201,"cohesion",40,99.9999828822112,-0.380620276485364,0.00406524069100436,0,"descenso"
620973201,"ed",40,0.0262062216038715,0.380620276485364,0.00406524069100436,0,"descenso"
620973201,"lpi",40,99.9955778301887,-0.380620276485364,0.00406524069100436,0,"descenso"
620973201,"mesh",40,1564.56809868358,-0.380620276485364,0.00406524069100436,0,"descenso"
620973201,"np",40,1,NA,NA,NA,"sin tendencia"
620973201,"pd",40,0.063909751554128,Inf,0,0,"descenso"
620973220,"cohesion",40,99.9984569343714,-0.376225307359171,0.000718959295445458,-1.9723931445709e-05,"descenso"
620973220,"ed",40,2.9082842445107,0.307103165585043,0.00571768640438733,0.0411690630487666,"incremento"
620973220,"lpi",40,99.4085548084107,-0.376225307359171,0.000718959295445458,-0.00751951837411233,"descenso"
620973220,"mesh",40,3416.7194273179,-0.376225307359171,0.000718959295445458,-0.516424241544288,"descenso"
620973220,"np",40,1,NA,NA,NA,"sin tendencia"
620973220,"pd",40,0.0289227608706447,-Inf,0,0,"descenso"
620974543,"cohesion",40,78.8800670943482,0.0733122760954994,0.513962940170105,0.0178063574988983,"sin tendencia"
620974543,"ed",40,10.943153535307,0.157320508070213,0.158332778664285,0.0306348725944021,"sin tendencia"
620974543,"lpi",40,0.726253464348702,0.183877135409736,0.122561090872257,4.19101284224596e-18,"sin tendencia"
620974543,"mesh",40,0.0460159988640211,-0.0991639178427177,0.375671615973229,-0.000103826799651093,"sin tendencia"
620974543,"np",40,5.15,-0.255595681238139,0.0352591684628183,0,"descenso"
620974543,"pd",40,1.40643319217831,-0.242450760488749,0.0458826849317166,-2.22044604925031e-16,"descenso"
620974556,"cohesion",40,96.7692938739333,-0.31173835790907,0.00480623117918826,-0.0119682315708529,"descenso"
620974556,"ed",40,45.5484967026002,0.396408035365855,0.000332251684730496,0.0600011154207566,"incremento"
620974556,"lpi",40,13.6384469497419,-0.351431748002757,0.00157456326582263,-0.0219456026009603,"descenso"
620974556,"mesh",40,16.8458429506238,-0.20654269803852,0.0622806998790071,-0.0232716723665322,"sin tendencia"
620974556,"np",40,16.425,0.156073618395212,0.182100709355314,0.0285714285714286,"sin tendencia"
620974556,"pd",40,1.87579935422693,0.1505973510831,0.19806556317933,0.00326296908758761,"sin tendencia"
620974576,"cohesion",40,99.9998942533511,-0.144702977442584,0.211509870501549,-6.18812059951223e-07,"sin tendencia"
620974576,"ed",40,0.310513878091511,0.153189280237331,0.183479505767517,0.000629398759659608,"sin tendencia"
620974576,"lpi",40,99.9541564149475,-0.144702977442584,0.211509870501549,-0.000268579040869091,"sin tendencia"
620974576,"mesh",40,4383.15613983418,-0.144702977442584,0.211509870501549,-0.0235623474582074,"sin tendencia"
620974576,"np",40,1,NA,NA,NA,"sin tendencia"
620974576,"pd",40,0.0227937119926878,-Inf,0,0,"descenso"
620974577,"cohesion",40,100,NA,NA,NA,"sin tendencia"
620974577,"ed",40,0,NA,NA,NA,"sin tendencia"
620974577,"lpi",40,100,NA,NA,NA,"sin tendencia"
620974577,"mesh",40,48.1590072523837,NA,NA,NA,"sin tendencia"
620974577,"np",40,1,NA,NA,NA,"sin tendencia"
620974577,"pd",40,2.07645476319594,NA,NA,NA,"sin tendencia"
620974581,"cohesion",40,99.952382384701,-0.366561380477497,0.000932402561213771,-0.000754290829080771,"descenso"
620974581,"ed",40,25.226872843987,0.51575829323325,3.12835797257751e-06,0.238897274362949,"incremento"
620974581,"lpi",40,91.7528109861784,-0.432435655679457,9.42784343618653e-05,-0.0951824543290651,"descenso"
620974581,"mesh",40,1748.39738623919,-0.430870394596356,9.90353800157195e-05,-3.6466498902685,"descenso"
620974581,"np",40,6.225,0.358429535810676,0.00239624409033241,0.0625,"incremento"
620974581,"pd",40,0.299868269413893,0.358429535810676,0.00239624409033241,0.00301072559652504,"incremento"
620975932,"cohesion",40,98.4704578884958,-0.426187770921828,0.000114779627499807,-0.00229706639779647,"descenso"
620975932,"ed",40,60.9699806509801,0.264441809668363,0.0169041282250997,0.0412469023121314,"incremento"
620975932,"lpi",40,25.5595728579837,-0.471350570525126,2.09196450427727e-05,-0.0402049856837502,"descenso"
620975932,"mesh",40,72.8549630939702,-0.474968298918905,1.70940377774469e-05,-0.228226889881276,"descenso"
620975932,"np",40,21.975,0.129302591253953,0.282001578808484,0,"sin tendencia"
620975932,"pd",40,2.00276707014049,0.149195297600715,0.21379938859374,3.49514655900512e-17,"sin tendencia"
620975946,"cohesion",40,97.9030206968132,-0.224791682522509,0.0425915972399265,-0.0130261984648362,"descenso"
620975946,"ed",40,73.8127011912689,0.163134535316335,0.142014777805196,0.0942088933017604,"sin tendencia"
620975946,"lpi",40,47.6334192123666,-0.16731141439979,0.13266790223346,-0.0480292072275126,"sin tendencia"
620975946,"mesh",40,57.5914721586158,-0.147720248514792,0.184016788705172,-0.110761336679401,"sin tendencia"
620975946,"np",40,8.7,0.409660350024882,0.00036966001033828,0.135632183908046,"incremento"
620975946,"pd",40,3.47074407851466,0.401574948379654,0.00048241454022445,0.0541085746155014,"incremento"
620975952,"cohesion",40,99.9999154927859,-0.145928181239417,0.247966607285107,0,"sin tendencia"
620975952,"ed",40,0.163141215544832,0.138371984789241,0.272606511153171,0,"sin tendencia"
620975952,"lpi",40,99.9770986232389,-0.145928181239417,0.247966607285107,0,"sin tendencia"
620975952,"mesh",40,1721.40361528889,-0.145928181239417,0.247966607285107,0,"sin tendencia"
620975952,"np",40,1,NA,NA,NA,"sin tendencia"
620975952,"pd",40,0.0580655373862046,NA,NA,NA,"sin tendencia"
620975953,"cohesion",40,99.9996198170559,-0.723447626140961,4.64260521420213e-09,-1.61399029271596e-05,"descenso"
620975953,"ed",40,0.581298447985166,0.727790107941089,3.61145091351172e-09,0.0244102895474759,"incremento"
620975953,"lpi",40,99.8931910872376,-0.723447626140961,4.64260521420213e-09,-0.00453875249355817,"descenso"
620975953,"mesh",40,1850.9956928231,-0.723447626140961,4.64260521420213e-09,-0.168232623936188,"descenso"
620975953,"np",40,1,NA,NA,NA,"sin tendencia"
620975953,"pd",40,0.0539097476568329,-Inf,0,0,"descenso"
620975992,"cohesion",40,100,NA,NA,NA,"sin tendencia"
620975992,"ed",40,0,NA,NA,NA,"sin tendencia"
620975992,"lpi",40,100,NA,NA,NA,"sin tendencia"
620975992,"mesh",40,1321.32816449931,NA,NA,NA,"sin tendencia"
620975992,"np",40,1,NA,NA,NA,"sin tendencia"
620975992,"pd",40,0.0756814262245694,NA,NA,NA,"sin tendencia"
620977322,"cohesion",40,99.1808100282865,0.123235018097878,0.268294548856508,0.00537258698575963,"sin tendencia"
620977322,"ed",40,82.4319506481847,-0.130937206728995,0.239229728370331,-0.0513004301966946,"sin tendencia"
620977322,"lpi",40,45.9365558912387,0.13607199914974,0.221131569719731,0.151193489562069,"sin tendencia"
620977322,"mesh",40,257.673519554219,0.138639395360113,0.212459851683104,1.62095992773316,"sin tendencia"
620977322,"np",40,23,-0.373254790421864,0.000967253640641003,-0.275862068965517,"descenso"
620977322,"pd",40,2.03559368718302,-0.376446160442249,0.000856539342304226,-0.0244149167878024,"descenso"
620977355,"cohesion",40,99.9952961766426,0.686864535412325,9.19681694528809e-10,8.78488599555914e-05,"incremento"
620977355,"ed",40,2.37674247143589,-0.245820225603726,0.0302844808577653,-0.0178033143927822,"descenso"
620977355,"lpi",40,99.2054211166689,0.686864535412325,9.19681694528809e-10,0.014743011228073,"incremento"
620977355,"mesh",40,671.638406811767,0.686864535412325,9.19681694528809e-10,0.199422221967033,"incremento"
620977355,"np",40,1,NA,NA,NA,"sin tendencia"
620977355,"pd",40,0.146533646932128,Inf,0,0,"descenso"
620977357,"cohesion",40,99.9912361308496,-0.308193454334269,0.00551985090715222,-0.000106928346485579,"descenso"
620977357,"ed",40,12.2864405136665,0.328825652113969,0.00306070203638867,0.20194211841663,"incremento"
620977357,"lpi",40,97.428589864923,-0.318509553224119,0.00412688206964168,-0.0401400343325841,"descenso"
620977357,"mesh",40,3054.74208603562,-0.318509553224119,0.00412688206964168,-2.5328054076526,"descenso"
620977357,"np",40,2.2,0.109105574384894,0.388973974845483,0,"sin tendencia"
620977357,"pd",40,0.0683874114558554,0.0914561432343966,0.471498757165064,0,"sin tendencia"
620978682,"cohesion",40,96.2955842730243,-0.141206791570485,0.204036476657223,-0.00601167186025956,"sin tendencia"
620978682,"ed",40,35.6634066341087,-0.102828103264825,0.357216621148712,-0.009789669096532,"sin tendencia"
620978682,"lpi",40,7.55290338833606,-0.153551582792521,0.16885852325744,-0.00419868161397311,"sin tendencia"
620978682,"mesh",40,15.3345337975314,-0.182285130936445,0.100379018253135,-0.0227191219440407,"sin tendencia"
620978682,"np",40,25.475,0.223251132187244,0.0503157104371989,0.131182795698925,"sin tendencia"
620978682,"pd",40,1.73904721112492,0.229895511121388,0.0438134570630136,0.00895517468136545,"incremento"
620978735,"cohesion",40,100,NA,NA,NA,"sin tendencia"
620978735,"ed",40,0,NA,NA,NA,"sin tendencia"
620978735,"lpi",40,100,NA,NA,NA,"sin tendencia"
620978735,"mesh",40,2878.56165762763,NA,NA,NA,"sin tendencia"
620978735,"np",40,1,NA,NA,NA,"sin tendencia"
620978735,"pd",40,0.0347395720133419,NA,NA,NA,"sin tendencia"
620978750,"cohesion",40,99.9997089816754,-0.424860266312186,0.000164706538026556,-6.88441816775894e-06,"descenso"
620978750,"ed",40,0.635504577304707,0.434650299710618,0.000108678117044723,0.017563495221307,"incremento"
620978750,"lpi",40,99.9056886788915,-0.424860266312186,0.000164706538026556,-0.00223292663387179,"descenso"
620978750,"mesh",40,2455.62541630076,-0.424860266312186,0.000164706538026556,-0.1098139490207,"descenso"
620978750,"np",40,1,NA,NA,NA,"sin tendencia"
620978750,"pd",40,0.0406460939133867,Inf,0,0,"descenso"
620980080,"cohesion",40,99.9999317228146,-0.197581006391803,0.124124347142835,0,"sin tendencia"
620980080,"ed",40,0.104772017693529,0.171657505437833,0.183508291849348,0,"sin tendencia"
620980080,"lpi",40,99.9842732386027,-0.197581006391803,0.124124347142835,0,"sin tendencia"
620980080,"mesh",40,1246.20673601319,-0.197581006391803,0.124124347142835,0,"sin tendencia"
620980080,"np",40,1,NA,NA,NA,"sin tendencia"
620980080,"pd",40,0.0802182790399854,Inf,0,0,"descenso"
620980084,"cohesion",40,98.2848565854539,NA,NA,NA,"sin tendencia"
620980084,"ed",40,0,NA,NA,NA,"sin tendencia"
620980084,"lpi",40,93.6842105263158,NA,NA,NA,"sin tendencia"
620980084,"mesh",40,7.72738900421148,NA,NA,NA,"sin tendencia"
620980084,"np",40,2,NA,NA,NA,"sin tendencia"
620980084,"pd",40,22.8191449759028,NA,NA,NA,"sin tendencia"
620980094,"cohesion",40,99.9870569564459,0.440025941035434,0.000202832553254088,0.000521112840249085,"incremento"
620980094,"ed",40,3.36046118455258,-0.362935288026746,0.0021598601144211,-0.118066269109996,"descenso"
620980094,"lpi",40,99.2135108481262,0.440025941035434,0.000202832553254088,0.0311883629191315,"incremento"
620980094,"mesh",40,92.0933401374369,0.440025941035434,0.000202832553254088,0.0571897764530944,"incremento"
620980094,"np",40,1,NA,NA,NA,"sin tendencia"
620980094,"pd",40,1.06894416803578,NA,NA,NA,"sin tendencia"
620980098,"cohesion",40,99.9997943469823,-0.262130529858004,0.0232490226788205,-5.35310695165043e-07,"descenso"
620980098,"ed",40,0.41011578987347,0.223159383141246,0.0482146903201024,0.00118245782760799,"incremento"
620980098,"lpi",40,99.9165549276889,-0.262130529858004,0.0232490226788205,-0.00021767333327525,"descenso"
620980098,"mesh",40,3846.66938309182,-0.262130529858004,0.0232490226788205,-0.0167703811593004,"descenso"
620980098,"np",40,1,NA,NA,NA,"sin tendencia"
620980098,"pd",40,0.0259531986013859,-Inf,0,0,"descenso"
620980102,"cohesion",40,99.9997645294656,-0.233453448936855,0.0497187980702141,-1.69077881650992e-06,"descenso"
620980102,"ed",40,0.374921328300354,0.144194518021155,0.226081649748075,0,"sin tendencia"
620980102,"lpi",40,99.9476077500989,-0.233453448936855,0.0497187980702141,-0.000376584006477152,"descenso"
620980102,"mesh",40,1165.38946678891,-0.233453448936855,0.0497187980702141,-0.00878202002055722,"descenso"
620980102,"np",40,1,NA,NA,NA,"sin tendencia"
620980102,"pd",40,0.0857184172707222,NA,NA,NA,"sin tendencia"
620980104,"cohesion",40,99.9993150141613,-0.0406119732618835,0.725885811611716,0,"sin tendencia"
620980104,"ed",40,0.927166513028503,0.181011680834586,0.10718401382975,0.0127511296274911,"sin tendencia"
620980104,"lpi",40,99.8219369081508,-0.0406119732618835,0.725885811611716,0,"sin tendencia"
620980104,"mesh",40,1582.39886555446,-0.0406119732618835,0.725885811611716,0,"sin tendencia"
620980104,"np",40,1,NA,NA,NA,"sin tendencia"
620980104,"pd",40,0.0629703936785152,NA,NA,NA,"sin tendencia"
620980129,"cohesion",40,99.9992652700485,-0.578729268944739,3.1057337170729e-07,-2.42460353483654e-05,"descenso"
620980129,"ed",40,0.905646593321704,0.50830148781711,8.24169806642202e-06,0.0319501781301557,"incremento"
620980129,"lpi",40,99.8280291137434,-0.578729268944739,3.1057337170729e-07,-0.0056839712012121,"descenso"
620980129,"mesh",40,1288.47447140558,-0.578729268944739,3.1057337170729e-07,-0.146780798453302,"descenso"
620980129,"np",40,1,NA,NA,NA,"sin tendencia"
620980129,"pd",40,0.0773447542713819,-0.149190598758215,0.269356663224374,0,"sin tendencia"
620981470,"cohesion",40,99.614021202922,-0.690730826009862,4.43707399792405e-10,-0.00502512782469097,"descenso"
620981470,"ed",40,33.1756520839816,0.393301270175532,0.000393026592039512,0.680636992848369,"incremento"
620981470,"lpi",40,81.4615683229814,-0.572172549903691,2.40247285661539e-07,-0.338074192887857,"descenso"
620981470,"mesh",40,560.011545853562,-0.582481965217271,1.45294442988651e-07,-4.58687936085046,"descenso"
620981470,"np",40,7.1,0.329920328570185,0.00414012603973565,0.125,"incremento"
620981470,"pd",40,0.853566619689975,0.332552038660035,0.00373002437594377,0.01502758133257,"incremento"
620981481,"cohesion",40,99.8150536503978,-0.82204521622782,1.389738907225e-13,-0.00401848994479977,"descenso"
620981481,"ed",40,35.2853837351553,0.788386671941327,1.30339581981161e-12,1.16416159305404,"incremento"
620981481,"lpi",40,87.0383817427386,-0.788386671941327,1.30339581981161e-12,-0.369910172814738,"descenso"
620981481,"mesh",40,477.037930594169,-0.788386671941327,1.30339581981161e-12,-4.09389443661242,"descenso"
620981481,"np",40,4.625,0.669678646193205,1.18586179801898e-08,0.157894736842105,"incremento"
620981481,"pd",40,0.74289877179102,0.649940749252774,3.14188935845692e-08,0.0253621202318414,"incremento"
620981495,"cohesion",40,99.9999894777272,0.0238704958013144,0.874620556135231,0,"sin tendencia"
620981495,"ed",40,0.0175349161008624,-0.0238704958013144,0.874620556135231,0,"sin tendencia"
620981495,"lpi",40,99.9961533909338,0.0238704958013144,0.874620556135231,0,"sin tendencia"
620981495,"mesh",40,3117.73298805566,0.0238704958013144,0.874620556135231,0,"sin tendencia"
620981495,"np",40,1,NA,NA,NA,"sin tendencia"
620981495,"pd",40,0.0320721205582993,NA,NA,NA,"sin tendencia"
620982832,"cohesion",40,95.1556210840284,0.351733280821027,0.00146684416033094,0.0140686885069663,"incremento"
620982832,"ed",40,53.3368581782752,-0.100128452204526,0.369584746947214,-0.0090554168773245,"sin tendencia"
620982832,"lpi",40,6.64143081112303,0.305117431397816,0.00612462607594674,0.0120310418189782,"incremento"
620982832,"mesh",40,10.092758331462,0.3545285964355,0.0013520937638486,0.041454550052432,"incremento"
620982832,"np",40,32.35,0.0577061810381118,0.639307064379392,0,"sin tendencia"
620982832,"pd",40,2.89334669929208,0.0389516722007254,0.754702173980204,0,"sin tendencia"
620982834,"cohesion",40,94.9427674681475,NA,NA,NA,"sin tendencia"
620982834,"ed",40,0,NA,NA,NA,"sin tendencia"
620982834,"lpi",40,66.4921465968586,NA,NA,NA,"sin tendencia"
620982834,"mesh",40,8.66506620830586,NA,NA,NA,"sin tendencia"
620982834,"np",40,5,NA,NA,NA,"sin tendencia"
620982834,"pd",40,28.374591266709,NA,NA,NA,"sin tendencia"
620982853,"cohesion",40,99.998272136519,0.731460192768849,3.99498508244178e-09,1.43268204490542e-05,"incremento"
620982853,"ed",40,0.235401335374581,-0.59846743044724,1.49419836532494e-06,-0.0113421580775953,"descenso"
620982853,"lpi",40,99.9441897173782,0.697359484481257,2.02995418353523e-08,0.00395112668924222,"incremento"
620982853,"mesh",40,2452.08028043116,0.697359484481257,2.02995418353523e-08,0.193866984629522,"incremento"
620982853,"np",40,1.325,-0.530593031298281,4.64372939201641e-05,0,"descenso"
620982853,"pd",40,0.0539754937223571,-0.75109922612354,7.79414079740372e-09,0,"descenso"
620982855,"cohesion",40,99.9902881967518,-0.877325266125842,3.57928231425762e-14,-0.000740684952759807,"descenso"
620982855,"ed",40,4.4873396480847,0.886366792866901,2.03546744976315e-14,0.390543050313087,"incremento"
620982855,"lpi",40,98.6499110320285,-0.880114853617498,2.97139567551669e-14,-0.10763421818863,"descenso"
620982855,"mesh",40,504.730768208154,-0.880114853617498,2.97139567551669e-14,-1.10506412720062,"descenso"
620982855,"np",40,1.025,0.212139782480749,0.118917562671426,0,"sin tendencia"
620982855,"pd",40,0.197688099830603,0.17773873667306,0.193791515728007,0,"sin tendencia"
620982857,"cohesion",40,99.9973496407444,-0.463066569827779,3.26747874623079e-05,-8.27005862895376e-05,"descenso"
620982857,"ed",40,2.48369268548746,0.172969582361854,0.123297875456291,0.0253276500746987,"sin tendencia"
620982857,"lpi",40,99.4674968746995,-0.464363675065392,3.10474626464233e-05,-0.0166099887226911,"descenso"
620982857,"mesh",40,949.214722244858,-0.464363675065392,3.10474626464233e-05,-0.316696521174454,"descenso"
620982857,"np",40,1,NA,NA,NA,"sin tendencia"
620982857,"pd",40,0.104232078698748,NA,NA,NA,"sin tendencia"
620982871,"cohesion",40,99.9958730622312,-0.579320278958009,1.57103698080046e-07,-0.000154959351887159,"descenso"
620982871,"ed",40,4.87074805869155,0.618742486699763,2.08364981842075e-08,0.142897126065315,"incremento"
620982871,"lpi",40,98.816044971747,-0.702634573370357,1.98159444257042e-10,-0.0446610613798332,"descenso"
620982871,"mesh",40,4639.5616418251,-0.702634573370357,1.98159444257042e-10,-4.19956176602128,"descenso"
620982871,"np",40,1.675,0.42222020976389,0.000887591360639867,0,"descenso"
620982871,"pd",40,0.0352540480815955,0.427148850344792,0.000771338314136841,0,"descenso"
620982878,"cohesion",40,99.997584505119,0.153461734727058,0.171504700795285,1.725530309443e-05,"sin tendencia"
620982878,"ed",40,2.63496018835227,-0.00520209270261215,0.972030979660001,0,"sin tendencia"
620982878,"lpi",40,99.3429772678686,0.30322198043752,0.00669632107884889,0.0108870361132891,"incremento"
620982878,"mesh",40,2555.43549916474,0.304322423102811,0.00646758658022474,0.561181222641115,"incremento"
620982878,"np",40,1.15,0.295814611818125,0.0267020847138768,0,"descenso"
620982878,"pd",40,0.0444130191101876,0.313362936248014,0.0188533773670192,0,"descenso"
620982880,"cohesion",40,99.9669429752853,-0.0702018595348246,0.577836465806056,0,"sin tendencia"
620982880,"ed",40,4.93503670899855,0.0729814380841531,0.567187477488134,0,"sin tendencia"
620982880,"lpi",40,98.7063655030801,-0.0702018595348246,0.577836465806056,0,"sin tendencia"
620982880,"mesh",40,43.8208906954368,-0.0702018595348246,0.577836465806056,0,"sin tendencia"
620982880,"np",40,1,NA,NA,NA,"sin tendencia"
620982880,"pd",40,2.2256866249639,-0.375960308870702,0.0047524207451261,0,"descenso"
620984224,"cohesion",40,99.9979663281067,-0.721674283536553,5.44612727364371e-09,-5.37078174814645e-05,"descenso"
620984224,"ed",40,0.878037353162295,0.735544452107173,3.20427845807169e-09,0.0579456365057191,"incremento"
620984224,"lpi",40,99.799794661191,-0.739022223044643,2.32236539809216e-09,-0.0112121508425413,"descenso"
620984224,"mesh",40,939.767685016461,-0.739022223044643,2.32236539809216e-09,-0.211341164213172,"descenso"
620984224,"np",40,1.2,0.456504908488019,0.000488226193479298,0,"descenso"
620984224,"pd",40,0.127182092858701,0.621059003408119,2.0193779286587e-06,0,"descenso"
620984228,"cohesion",40,99.2490939205448,-0.245028915064331,0.026839317176667,-0.00384545993690689,"descenso"
620984228,"ed",40,75.8833295128829,-0.231065658933521,0.0369950807208254,-0.0541009851008483,"descenso"
620984228,"lpi",40,41.4525732099964,-0.392811620186986,0.000379349936347537,-0.124024414283524,"descenso"
620984228,"mesh",40,312.304546445895,-0.393842287564134,0.000363220520848758,-1.8162454517231,"descenso"
620984228,"np",40,41.325,-0.517714478332242,6.26537624922581e-06,-0.19047619047619,"descenso"
620984228,"pd",40,2.28918870508999,-0.517714478332242,6.26537624922581e-06,-0.0105513840006452,"descenso"
620984233,"cohesion",40,99.999975260731,-0.455420879416148,0.000456854740976875,0,"descenso"
620984233,"ed",40,0.0508154711487206,0.450155898151221,0.00053200550513925,0,"descenso"
620984233,"lpi",40,99.9924969987995,-0.455420879416148,0.000456854740976875,0,"descenso"
620984233,"mesh",40,2151.51760196537,-0.455420879416148,0.000456854740976875,0,"descenso"
620984233,"np",40,1,NA,NA,NA,"sin tendencia"
620984233,"pd",40,0.0464718481547564,Inf,0,0,"descenso"
620984248,"cohesion",40,99.996576984406,-0.262989149676376,0.0174553946868672,-4.09937423214046e-05,"descenso"
620984248,"ed",40,4.13668966775593,0.2,0.0709323430729971,0.0432033899704899,"sin tendencia"
620984248,"lpi",40,99.0030063885757,-0.283515132090142,0.0103652078629393,-0.0137730176625326,"descenso"
620984248,"mesh",40,2406.34133788145,-0.283515132090142,0.0103652078629393,-0.671486755104311,"descenso"
620984248,"np",40,1.15,-0.0936686427772733,0.487638126374753,0,"sin tendencia"
620984248,"pd",40,0.0468431339476334,-0.393408299664548,0.00287853883097644,0,"descenso"
620985611,"cohesion",40,99.9677771583415,0.555878949475298,5.81157601146128e-06,0.00139234000653455,"incremento"
620985611,"ed",40,8.4773073631766,-0.589793989514539,1.47284706768303e-06,-0.448386505163336,"descenso"
620985611,"lpi",40,98.6189138576779,0.555878949475298,5.81157601146128e-06,0.0610032913403693,"incremento"
620985611,"mesh",40,47.9329692784306,0.555878949475298,5.81157601146128e-06,0.0587061136215561,"incremento"
620985611,"np",40,1,NA,NA,NA,"sin tendencia"
620985611,"pd",40,2.02979285840502,NA,NA,NA,"sin tendencia"
620986965,"cohesion",40,92.4729714649314,-0.497429288880236,7.15921059378638e-06,-0.0763103811212282,"descenso"
620986965,"ed",40,80.8802940904238,0.441299506849095,6.99596666415343e-05,0.247193483430037,"incremento"
620986965,"lpi",40,16.1871794871795,-0.431936044125071,0.000107170452165858,-0.145054945054945,"descenso"
620986965,"mesh",40,2.54188151276168,-0.443304858483941,6.35566186584679e-05,-0.039694868930887,"descenso"
620986965,"np",40,5.025,0.230154350710034,0.0679938574465628,0,"sin tendencia"
620986965,"pd",40,5.58630222215499,0.169092992358393,0.181048120312066,0,"sin tendencia"
620986978,"cohesion",40,99.992107252136,-0.553709637798756,6.32300770345725e-07,-0.000316976116890621,"descenso"
620986978,"ed",40,7.05611655909819,0.786578177059916,1.43289399757999e-12,0.2705853521181,"incremento"
620986978,"lpi",40,98.7116967256172,-0.799016826369501,7.15524207440143e-13,-0.0549400501247818,"descenso"
620986978,"mesh",40,1026.87750932611,-0.800561120170393,6.08934398824665e-13,-1.14717497606961,"descenso"
620986978,"np",40,1.45,0.150124202535471,0.249328183692825,0,"sin tendencia"
620986978,"pd",40,0.137600123469008,0.199576881017744,0.124544038780754,0,"sin tendencia"
620987005,"cohesion",40,99.9965275708064,-0.915385729888094,2.50105169109066e-16,-0.00013376895363897,"descenso"
620987005,"ed",40,3.31190776257654,0.903545178614852,6.50696554325978e-16,0.164234534438125,"incremento"
620987005,"lpi",40,99.2324058502777,-0.915385729888094,2.50105169109066e-16,-0.0369399069903579,"descenso"
620987005,"mesh",40,1782.91573439811,-0.915385729888094,2.50105169109066e-16,-1.33091341562626,"descenso"
620987005,"np",40,1.1,0.314194125848891,0.0184213756708372,0,"descenso"
620987005,"pd",40,0.0607603488267396,0.126493738978125,0.352159036755101,0,"sin tendencia"
620988341,"cohesion",40,97.94859205033,0.286086274951846,0.00997355463437434,0.0090379022627008,"incremento"
620988341,"ed",40,53.2281210702765,-0.353097474490116,0.00145738621241195,-0.0746849734293417,"descenso"
620988341,"lpi",40,16.2711747557517,-0.619284956099804,2.47350802824649e-08,-0.0109261908032789,"descenso"
620988341,"mesh",40,98.1093363456638,-0.21134301392839,0.0573681831932171,-0.139546078971814,"sin tendencia"
620988341,"np",40,54.8,-0.486692886615689,1.77507558843476e-05,-0.333333333333333,"descenso"
620988341,"pd",40,2.33998717194155,-0.486692886615689,1.77507558843476e-05,-0.0142334986127831,"descenso"
620988364,"cohesion",40,99.999874677448,-0.637862529351326,4.40944800572701e-07,0,"descenso"
620988364,"ed",40,0.169145880336793,0.637862529351326,4.40944800572701e-07,0,"descenso"
620988364,"lpi",40,99.9644879429855,-0.637862529351326,4.40944800572701e-07,0,"descenso"
620988364,"mesh",40,1888.67083437925,-0.637862529351326,4.40944800572701e-07,0,"descenso"
620988364,"np",40,1,NA,NA,NA,"sin tendencia"
620988364,"pd",40,0.0529097620990031,NA,NA,NA,"sin tendencia"
620988368,"cohesion",40,99.9999796486599,-0.254889809464433,0.0574415433706852,0,"sin tendencia"
620988368,"ed",40,0.0414296717383899,0.254889809464433,0.0574415433706852,0,"sin tendencia"
620988368,"lpi",40,99.9960675335571,-0.254889809464433,0.0574415433706852,0,"sin tendencia"
620988368,"mesh",40,879.709163548803,-0.254889809464433,0.0574415433706852,0,"sin tendencia"
620988368,"np",40,1,NA,NA,NA,"sin tendencia"
620988368,"pd",40,0.113664994377966,-Inf,0,0,"descenso"
620988373,"cohesion",40,99.9990745379829,-0.518566797297464,3.37651395586392e-06,-1.69753787612788e-05,"descenso"
620988373,"ed",40,1.25034863099781,0.511976706921759,4.08812176972718e-06,0.0203490545964969,"incremento"
620988373,"lpi",40,99.7834020011772,-0.518566797297464,3.37651395586392e-06,-0.00438237326304428,"descenso"
620988373,"mesh",40,1560.69612045918,-0.518566797297464,3.37651395586392e-06,-0.137182896210708,"descenso"
620988373,"np",40,1.025,0.223606797749979,0.0997714364192216,0,"sin tendencia"
620988373,"pd",40,0.0653918258398001,0.108936645057682,0.43558717431803,0,"sin tendencia"
620988384,"cohesion",40,99.9994056026094,-0.531067371946816,2.09122780431437e-06,-1.74998857805121e-05,"descenso"
620988384,"ed",40,0.793625565698709,0.472401626175192,2.34853945109409e-05,0.0315884537701211,"incremento"
620988384,"lpi",40,99.8647894243223,-0.531067371946816,2.09122780431437e-06,-0.00519083873768202,"descenso"
620988384,"mesh",40,2060.18710894622,-0.531067371946816,2.09122780431437e-06,-0.214138118841778,"descenso"
620988384,"np",40,1.075,0.377236918007361,0.0047394521854501,0,"descenso"
620988384,"pd",40,0.0520388812633381,0.118948577750069,0.38269388421576,0,"sin tendencia"
620989742,"cohesion",40,100,NA,NA,NA,"sin tendencia"
620989742,"ed",40,0,NA,NA,NA,"sin tendencia"
620989742,"lpi",40,100,NA,NA,NA,"sin tendencia"
620989742,"mesh",40,2408.13487995316,NA,NA,NA,"sin tendencia"
620989742,"np",40,1,NA,NA,NA,"sin tendencia"
620989742,"pd",40,0.041525913200487,NA,NA,NA,"sin tendencia"
620991078,"cohesion",40,97.6543737819508,-0.0641849052593115,0.568014415516312,-0.000518197945778534,"sin tendencia"
620991078,"ed",40,38.4709912801931,-0.287548375561716,0.00936229166327719,-0.0372259882513029,"descenso"
620991078,"lpi",40,21.7741711749202,0.300966186076261,0.00661532370955252,0.0245563915975901,"incremento"
620991078,"mesh",40,69.4315155261237,0.287548375561716,0.00936229166327719,0.141423639062624,"incremento"
620991078,"np",40,24.4,0.099462462510724,0.412876909147251,0,"sin tendencia"
620991078,"pd",40,1.83433132389195,0.132616616680965,0.273165233024525,7.35404140243159e-18,"sin tendencia"
620991118,"cohesion",40,100,NA,NA,NA,"sin tendencia"
620991118,"ed",40,0,NA,NA,NA,"sin tendencia"
620991118,"lpi",40,100,NA,NA,NA,"sin tendencia"
620991118,"mesh",40,1712.68929244447,NA,NA,NA,"sin tendencia"
620991118,"np",40,1,NA,NA,NA,"sin tendencia"
620991118,"pd",40,0.0583877066559299,NA,NA,NA,"sin tendencia"
620991125,"cohesion",40,99.961385468025,0.366320300950941,0.0015964650618097,0.0023219519606279,"incremento"
620991125,"ed",40,8.79561078814064,-0.0881372152663917,0.452998458457093,0,"sin tendencia"
620991125,"lpi",40,98.3978451715882,0.156429293284468,0.181522540266569,0.00325884543761671,"sin tendencia"
620991125,"mesh",40,111.952309613461,0.145977262784961,0.211040585422767,0.00736608744460059,"sin tendencia"
620991125,"np",40,1.2,-0.367008872945209,0.00585617058429457,0,"descenso"
620991125,"pd",40,1.03806166294169,-0.367008872945209,0.00585617058429457,0,"descenso"
620992454,"cohesion",40,99.2808786726867,-0.197944098784788,0.074571255090331,-0.00207621314333044,"sin tendencia"
620992454,"ed",40,65.9636629414716,0.699682073613187,2.4729955677282e-10,0.160543898098522,"incremento"
620992454,"lpi",40,42.2565607734807,-0.0540195718598417,0.632753687782658,-0.0158583998363002,"sin tendencia"
620992454,"mesh",40,215.290855826209,-0.0539847542140331,0.632776787375788,-0.165136962022932,"sin tendencia"
620992454,"np",40,21.225,0.102363945527949,0.386632129357931,0,"sin tendencia"
620992454,"pd",40,1.76534505260104,0.0871476833548758,0.462164722221496,1.8905971796153e-17,"sin tendencia"
620992467,"cohesion",40,98.4351110669966,0.0399231357548604,0.726518375442412,0.00168506236788919,"sin tendencia"
620992467,"ed",40,79.6063033839398,-0.0785584284208543,0.484226377555534,-0.07878040970634,"sin tendencia"
620992467,"lpi",40,23.8326899634295,-0.176434503174706,0.112834308444882,-0.0816099574413482,"sin tendencia"
620992467,"mesh",40,205.189657012387,0.00128784308886646,1,0,"sin tendencia"
620992467,"np",40,62.975,-0.171669059186201,0.126181815814411,-0.294117647058824,"sin tendencia"
620992467,"pd",40,2.77363647329549,-0.171669059186201,0.126181815814411,-0.0129539568610116,"sin tendencia"
620992480,"cohesion",40,99.9909775940299,-0.640104942823535,6.93879869786136e-09,-0.000178144899208824,"descenso"
620992480,"ed",40,20.9764351820331,0.773781477067808,2.47885817487685e-12,0.405401690295606,"incremento"
620992480,"lpi",40,95.3056654703843,-0.683806886711086,6.06778488452993e-10,-0.0986792963581837,"descenso"
620992480,"mesh",40,8197.77090217042,-0.683806886711086,6.06778488452993e-10,-16.9426579923445,"descenso"
620992480,"np",40,4.45,0.296870570290149,0.0106331541973188,0.0909090909090909,"incremento"
620992480,"pd",40,0.0493174725665661,0.311919308876286,0.00726121253282951,0.00100750710044057,"incremento"
620992484,"cohesion",40,99.9987917977231,0.308020879597742,0.00587914446106258,1.88824821628067e-05,"incremento"
620992484,"ed",40,1.7809740546245,-0.337439193198432,0.0024265139360882,-0.0322069878820549,"descenso"
620992484,"lpi",40,99.7058629558794,0.308020879597742,0.00587914446106258,0.00459113530405542,"incremento"
620992484,"mesh",40,1390.70671463636,0.308020879597742,0.00587914446106258,0.128054763892496,"incremento"
620992484,"np",40,1,NA,NA,NA,"sin tendencia"
620992484,"pd",40,0.0714838347527816,Inf,0,0,"descenso"
620992501,"cohesion",40,99.9958557541527,0.0935166257230835,0.411627372002005,3.77133690482048e-06,"sin tendencia"
620992501,"ed",40,3.24193643194057,-0.0938857158859584,0.406513259542514,-0.00489290631847748,"sin tendencia"
620992501,"lpi",40,99.4142713903743,0.0935166257230835,0.411627372002005,0.000815667175961245,"sin tendencia"
620992501,"mesh",40,1091.29975274618,0.0935166257230835,0.411627372002005,0.0179838041966591,"sin tendencia"
620992501,"np",40,1.15,-0.173325070435814,0.199232798339594,0,"sin tendencia"
620992501,"pd",40,0.104152389230367,-0.587945827164626,1.00512928866008e-05,0,"descenso"
620992502,"cohesion",40,99.9999919355945,0.173325070435814,0.199232798339594,0,"sin tendencia"
620992502,"ed",40,0.0170407759532014,-0.173325070435814,0.199232798339594,0,"sin tendencia"
620992502,"lpi",40,99.9974120082816,0.173325070435814,0.199232798339594,0,"sin tendencia"
620992502,"mesh",40,2406.16517952881,0.173325070435814,0.199232798339594,0,"sin tendencia"
620992502,"np",40,1,NA,NA,NA,"sin tendencia"
620992502,"pd",40,0.04155775578515,Inf,0,0,"descenso"
620993840,"cohesion",40,99.5486363740294,0.135398797929282,0.225235668602788,0.00272347522780744,"sin tendencia"
620993840,"ed",40,71.7607887230222,-0.235980762105319,0.0338154412251921,-0.45966856998701,"descenso"
620993840,"lpi",40,68.3698691255205,0.180648920932378,0.105025916914164,0.228083932724028,"sin tendencia"
620993840,"mesh",40,766.079472364248,0.181821242933607,0.102571674015506,5.03698443727889,"sin tendencia"
620993840,"np",40,29.975,-0.29809652541004,0.00799892230740063,-0.6,"descenso"
620993840,"pd",40,1.93278904562693,-0.307043983913759,0.00626247910562474,-0.0386880209299803,"descenso"
620993843,"cohesion",40,99.4449451056339,0.0141846359735438,0.907170698269008,5.12485854175045e-05,"sin tendencia"
620993843,"ed",40,71.4982271059281,-0.341720775726282,0.00208079614745763,-0.290666949829092,"descenso"
620993843,"lpi",40,69.4649511978704,-0.0116056112510813,0.925676036493834,-0.00147885241052966,"sin tendencia"
620993843,"mesh",40,251.957543123353,-0.0116056112510813,0.925676036493834,-0.00565312668635916,"sin tendencia"
620993843,"np",40,13.3,-0.424527417462222,0.000178881014604269,-0.319090909090909,"descenso"
620993843,"pd",40,2.55829544613383,-0.424527417462222,0.000178881014604269,-0.0613781067390961,"descenso"
620993845,"cohesion",40,99.9998917458969,-0.377713047084919,0.00362727566841616,0,"descenso"
620993845,"ed",40,0.127216332549829,0.377713047084919,0.00362727566841616,0,"descenso"
620993845,"lpi",40,99.9806795878312,-0.377713047084919,0.00362727566841616,0,"descenso"
620993845,"mesh",40,751.801887312653,-0.377713047084919,0.00362727566841616,0,"descenso"
620993845,"np",40,1,NA,NA,NA,"sin tendencia"
620993845,"pd",40,0.132962387927905,NA,NA,NA,"sin tendencia"
620993860,"cohesion",40,99.9999140101579,0.416820968042752,0.000618738430361374,7.73020422466973e-07,"incremento"
620993860,"ed",40,0.226378522250223,-0.426152780760127,0.000464923551942962,-0.00263154341470864,"descenso"
620993860,"lpi",40,99.9623675896674,0.416820968042752,0.000618738430361374,0.000338595665043245,"incremento"
620993860,"mesh",40,4464.63311349158,0.416820968042752,0.000618738430361374,0.030251553506359,"incremento"
620993860,"np",40,1,NA,NA,NA,"sin tendencia"
620993860,"pd",40,0.0223814116828405,NA,NA,NA,"sin tendencia"
620993862,"cohesion",40,99.4748870896253,-0.147291247324685,0.187503984504625,-0.00256052213638143,"sin tendencia"
620993862,"ed",40,70.2038671458359,-0.0826898230594723,0.462453024046859,-0.0370581627649536,"sin tendencia"
620993862,"lpi",40,56.3620626822157,-0.0697695382064298,0.536458986190759,-0.0759388004285968,"sin tendencia"
620993862,"mesh",40,515.204827641487,-0.162795589148336,0.144850606898197,-2.63695819799296,"sin tendencia"
620993862,"np",40,16.525,0.0881289097303914,0.440012605393052,0.0916666666666667,"sin tendencia"
620993862,"pd",40,1.30551039428593,0.0920749803153344,0.419510568373225,0.00724186300410754,"sin tendencia"
620993872,"cohesion",40,99.9998185297367,0.353968855952835,0.00709434607592821,0,"descenso"
620993872,"ed",40,0.150108982763276,-0.353968855952835,0.00709434607592821,0,"descenso"
620993872,"lpi",40,99.9646516393443,0.353968855952835,0.00709434607592821,0,"descenso"
620993872,"mesh",40,899.80941598948,0.353968855952835,0.00709434607592821,0,"descenso"
620993872,"np",40,1,NA,NA,NA,"sin tendencia"
620993872,"pd",40,0.11105628958608,-Inf,0,0,"descenso"
620993877,"cohesion",40,99.9857720511889,-0.127396718647819,0.264981623618959,-0.00019098743164561,"sin tendencia"
620993877,"ed",40,6.04630875782229,0.14843514301896,0.189874439499686,0.0863670011860126,"sin tendencia"
620993877,"lpi",40,98.9155313351499,-0.153937701699448,0.177219346641596,-0.0171033326346676,"sin tendencia"
620993877,"mesh",40,165.659370468521,-0.153937701699448,0.177219346641596,-0.0577522422344394,"sin tendencia"
620993877,"np",40,1.025,-0.0630685839807633,0.664907193879619,0,"sin tendencia"
620993877,"pd",40,0.605453471960764,-0.0630685839807633,0.664907193879619,0,"sin tendencia"
620993879,"cohesion",40,99.999880231478,-0.546084137569166,1.2174402816704e-06,-3.21754883691367e-06,"descenso"
620993879,"ed",40,0.204195842272639,0.203528573886956,0.0729166747711742,0.00228253791943358,"sin tendencia"
620993879,"lpi",40,99.9523286577148,-0.546084137569166,1.2174402816704e-06,-0.00128078144745539,"descenso"
620993879,"mesh",40,3692.91194676014,-0.546084137569166,1.2174402816704e-06,-0.0946657996908308,"descenso"
620993879,"np",40,1,NA,NA,NA,"sin tendencia"
620993879,"pd",40,0.0270530970487631,NA,NA,NA,"sin tendencia"
620993888,"cohesion",40,99.9929131260468,-0.515819933993926,4.20936845562239e-06,-9.83065615750197e-05,"descenso"
620993888,"ed",40,4.23454295579171,0.525499215306128,2.60553862065688e-06,0.0879867912377271,"incremento"
620993888,"lpi",40,98.7374434957308,-0.546296543555013,1.11396527326846e-06,-0.0167420056922801,"descenso"
620993888,"mesh",40,1074.50612676205,-0.547240437587465,1.05158900580044e-06,-0.364292632965999,"descenso"
620993888,"np",40,1.175,0.426407940619932,0.00135731574719844,0,"descenso"
620993888,"pd",40,0.106612550558186,0.0918779540562285,0.498843354064705,0,"sin tendencia"
620995221,"cohesion",40,99.999833476873,-0.323171787815713,0.00926558891740089,0,"descenso"
620995221,"ed",40,0.268824653597882,0.260971667652675,0.0355554292911185,0,"descenso"
620995221,"lpi",40,99.9602955392902,-0.323171787815713,0.00926558891740089,0,"descenso"
620995221,"mesh",40,1335.02931299019,-0.323171787815713,0.00926558891740089,0,"descenso"
620995221,"np",40,1,NA,NA,NA,"sin tendencia"
620995221,"pd",40,0.0748452828584794,NA,NA,NA,"sin tendencia"
620995238,"cohesion",40,99.9999779601049,-0.223606797749979,0.0997714364192216,0,"sin tendencia"
620995238,"ed",40,0.0268246435155359,0.223606797749979,0.0997714364192216,0,"sin tendencia"
620995238,"lpi",40,99.9962656165128,-0.223606797749979,0.0997714364192216,0,"sin tendencia"
620995238,"mesh",40,679.341880719208,-0.223606797749979,0.0997714364192216,0,"sin tendencia"
620995238,"np",40,1,NA,NA,NA,"sin tendencia"
620995238,"pd",40,0.147190302334096,NA,NA,NA,"sin tendencia"
620995248,"cohesion",0,NA,NA,NA,NA,"sin tendencia"
620995248,"ed",39,0,NA,NA,NA,"sin tendencia"
620995248,"lpi",39,100,NA,NA,NA,"sin tendencia"
620995248,"mesh",39,0.0922586345831105,NA,NA,NA,"sin tendencia"
620995248,"np",39,1,NA,NA,NA,"sin tendencia"
620995248,"pd",39,1083.90938638828,NA,NA,NA,"sin tendencia"
620995253,"cohesion",40,99.9922881100543,-0.589525996301273,1.27149602505886e-07,-0.000250110108620542,"descenso"
620995253,"ed",40,8.77720132153684,0.301721376751505,0.00694002335059765,0.121801247984778,"incremento"
620995253,"lpi",40,97.8852480808215,-0.522544878398561,2.92537231024229e-06,-0.0444079025452376,"descenso"
620995253,"mesh",40,2660.32384610047,-0.519251374225625,3.29108107596647e-06,-2.42113892637178,"descenso"
620995253,"np",40,1.575,0.358542544188417,0.00504350045676146,0,"descenso"
620995253,"pd",40,0.05673315222364,0.358542544188417,0.00504350045676146,0,"descenso"
620995255,"cohesion",40,99.9962937144192,0.469311981344945,2.41759706384584e-05,0.000116552476529528,"incremento"
620995255,"ed",40,3.72686248770309,-0.447460789347245,5.47294269890266e-05,-0.139608098223938,"descenso"
620995255,"lpi",40,99.3933950191948,0.48741216795329,1.15638014318277e-05,0.0233223563521822,"incremento"
620995255,"mesh",40,925.953741267158,0.48741216795329,1.15638014318277e-05,0.43669617132309,"incremento"
620995255,"np",40,1.05,0.312147236790425,0.0199576283902411,0,"descenso"
620995255,"pd",40,0.112029220957545,0.583222468740004,1.21415890218814e-05,0,"descenso"
620995261,"cohesion",40,99.9989274846014,-0.195258969970109,0.090317174725414,-1.31672648797654e-05,"sin tendencia"
620995261,"ed",40,1.17485666125225,0.260265100339833,0.0212151806769765,0.0232979358729297,"incremento"
620995261,"lpi",40,99.8343912760417,-0.195258969970109,0.090317174725414,-0.00203450520833215,"sin tendencia"
620995261,"mesh",40,564.962459860556,-0.195258969970109,0.090317174725414,-0.0230365035448834,"sin tendencia"
620995261,"np",40,1,NA,NA,NA,"sin tendencia"
620995261,"pd",40,0.176417543357468,NA,NA,NA,"sin tendencia"
620995264,"cohesion",40,99.999389920121,-0.356099040726771,0.00151187440490608,-9.49302998315539e-06,"descenso"
620995264,"ed",40,1.22551523735847,0.352674492268532,0.00160102979785365,0.0185206812937068,"incremento"
620995264,"lpi",40,99.7574929002277,-0.356099040726771,0.00151187440490608,-0.00389216169487025,"descenso"
620995264,"mesh",40,3911.83901548165,-0.356099040726771,0.00151187440490608,-0.305562238345042,"descenso"
620995264,"np",40,1.025,0.223606797749979,0.0997714364192216,0,"sin tendencia"
620995264,"pd",40,0.0260756946287697,0.54468322528841,4.66929195548768e-05,0,"descenso"
620996577,"cohesion",40,97.8938110905544,0.0166988107016721,0.888785703558443,0.000352245997810326,"sin tendencia"
620996577,"ed",40,73.5773809715097,-0.319846451132027,0.00385186559013776,-0.111169269424119,"descenso"
620996577,"lpi",40,30.7264055377343,-0.260718152760178,0.0195784511677695,-0.026950806960937,"descenso"
620996577,"mesh",40,59.1296909144908,-0.227360730322766,0.0402669711312759,-0.116030378502005,"descenso"
620996577,"np",40,15.6,0.244429495288173,0.0341635744974744,0.0863354037267081,"incremento"
620996577,"pd",40,2.85480101766963,0.242906353361736,0.0351850308490477,0.0157993845140977,"incremento"
620996578,"cohesion",40,95.431466249578,0.488774956227802,9.52460419138491e-06,0.01618350881077,"incremento"
620996578,"ed",40,50.2048323363176,-0.456996525446298,3.52368733228368e-05,-0.192971777310799,"descenso"
620996578,"lpi",40,11.2798392335174,-0.270622151981476,0.0148301743688263,-0.00943048338205044,"descenso"
620996578,"mesh",40,16.7970322364129,-0.150096246400663,0.1764995493274,-0.0173559071983134,"sin tendencia"
620996578,"np",40,36,-0.748079799434803,4.95823697402429e-11,-0.375,"descenso"
620996578,"pd",40,3.168296355146,-0.748079799434803,4.95823697402429e-11,-0.0330030870327709,"descenso"
620996597,"cohesion",40,99.9960277866955,-0.615325745199775,7.71143638713627e-08,-0.000124721122308695,"descenso"
620996597,"ed",40,2.73528984914245,0.54019377767901,2.11278882799675e-06,0.111853279702622,"incremento"
620996597,"lpi",40,99.4807375925418,-0.615325745199775,7.71143638713627e-08,-0.0209728805149698,"descenso"
620996597,"mesh",40,666.005488170126,-0.615325745199775,7.71143638713627e-08,-0.281541476556409,"descenso"
620996597,"np",40,1.05,0.312147236790425,0.0199576283902411,0,"descenso"
620996597,"pd",40,0.156033021073169,0.283396833401833,0.0348632271210801,0,"descenso"
620996614,"cohesion",40,100,NA,NA,NA,"sin tendencia"
620996614,"ed",40,0,NA,NA,NA,"sin tendencia"
620996614,"lpi",40,100,NA,NA,NA,"sin tendencia"
620996614,"mesh",40,843.520695993379,NA,NA,NA,"sin tendencia"
620996614,"np",40,1,NA,NA,NA,"sin tendencia"
620996614,"pd",40,0.118550736780956,NA,NA,NA,"sin tendencia"
620996631,"cohesion",40,99.9976191642077,-0.452177238913468,5.24241432948846e-05,-3.55988236697691e-05,"descenso"
620996631,"ed",40,4.16514664203382,0.215886847158404,0.0538099552856378,0.0365020675982201,"sin tendencia"
620996631,"lpi",40,99.239419665484,-0.452177238913468,5.24241432948846e-05,-0.0124730739989865,"descenso"
620996631,"mesh",40,2868.37327961736,-0.452177238913468,5.24241432948846e-05,-0.722463096674289,"descenso"
620996631,"np",40,1.125,0.380620276485364,0.00406524069100436,0,"descenso"
620996631,"pd",40,0.0386276628131911,0.47156494431815,0.00036293367254151,0,"descenso"
620997971,"cohesion",40,99.846236661969,-0.74356324106441,2.2412680541616e-11,-0.00310957013358397,"descenso"
620997971,"ed",40,54.5538629893904,0.746154053751045,1.91025671349563e-11,0.417814265263447,"incremento"
620997971,"lpi",40,73.8354883455946,-0.834241685096655,6.06942094059656e-14,-0.469705977062738,"descenso"
620997971,"mesh",40,2108.39011909615,-0.831650872410019,7.25195993244428e-14,-26.4218681032286,"descenso"
620997971,"np",40,27.35,0.715340935001444,2.30576606256901e-10,0.565033783783784,"incremento"
620997971,"pd",40,0.734312296393934,0.717980569447944,1.97988749497029e-10,0.0151704298102532,"incremento"
620997989,"cohesion",40,99.9958393238114,0.638175776905511,1.01358738081667e-08,0.000171631666813626,"incremento"
620997989,"ed",40,3.98267927646465,-0.564059350654808,3.90599631955273e-07,-0.133979570071249,"descenso"
620997989,"lpi",40,99.2378309137489,0.638175776905511,1.01358738081667e-08,0.032634388796794,"incremento"
620997989,"mesh",40,851.213870044685,0.638175776905511,1.01358738081667e-08,0.56146990057634,"incremento"
620997989,"np",40,1.025,-0.143337690865371,0.298546508597296,0,"sin tendencia"
620997989,"pd",40,0.118595977908624,0.246540828288438,0.0688775763257293,0,"sin tendencia"
620999353,"cohesion",40,93.5085071049017,0.2493581504172,0.0244959329171854,0.0114825281140883,"incremento"
620999353,"ed",40,31.6332295884676,0.501287003416022,5.80188220035629e-06,0.0860291486457981,"incremento"
620999353,"lpi",40,2.26717103572346,0.0206590102637612,0.861155010612884,0.000121271163419726,"sin tendencia"
620999353,"mesh",40,3.08051337845812,0.257070258162062,0.0203849745856465,0.0134260300725095,"incremento"
620999353,"np",40,52.95,-0.0722586672853251,0.534000791637325,0,"sin tendencia"
620999353,"pd",40,1.84377415856201,-0.0682442968805848,0.557399889894585,-6.93889390390723e-18,"sin tendencia"
620999365,"cohesion",40,99.9863579786557,0.344578087322531,0.00198528025572577,0.000267942250287843,"incremento"
620999365,"ed",40,4.60836101492315,0.166998162036833,0.135280671795784,0.0424648651217077,"sin tendencia"
620999365,"lpi",40,98.8879927825469,0.160630386571406,0.151186749493846,0.00947746368491072,"sin tendencia"
620999365,"mesh",40,1650.02614511885,0.160630386571406,0.151186749493846,0.315568434131728,"sin tendencia"
620999365,"np",40,1.725,-0.660668936283273,1.7392325931823e-07,-0.0454545454545455,"descenso"
620999365,"pd",40,0.102233238095018,-0.660668936283273,1.7392325931823e-07,-0.00269389296693065,"descenso"
620999387,"cohesion",40,99.9978734434695,-0.830830592607667,9.64550716309367e-14,-7.44339526110889e-05,"descenso"
620999387,"ed",40,2.81844340017538,0.854270954154592,1.91718688471714e-14,0.0852817056004787,"incremento"
620999387,"lpi",40,99.2611672749588,-0.830830592607667,9.64550716309367e-14,-0.0258389586899635,"descenso"
620999387,"mesh",40,2814.41044037254,-0.830830592607667,9.64550716309367e-14,-1.46460023686023,"descenso"
620999387,"np",40,1,NA,NA,NA,"sin tendencia"
620999387,"pd",40,0.0350088623221917,-Inf,0,0,"descenso"
621000736,"cohesion",40,99.9995326535052,0.0977835424523186,0.4166222204061,0,"sin tendencia"
621000736,"ed",40,0.70193402810304,-0.122682007853128,0.303521060913906,0,"sin tendencia"
621000736,"lpi",40,99.9032925512774,0.0977835424523186,0.4166222204061,0,"sin tendencia"
621000736,"mesh",40,1023.57560235389,0.0977835424523186,0.4166222204061,0,"sin tendencia"
621000736,"np",40,1,NA,NA,NA,"sin tendencia"
621000736,"pd",40,0.0975089408384476,-Inf,0,0,"descenso"
621000737,"cohesion",40,99.9996864332769,-0.104373630523247,0.43791100720192,0,"sin tendencia"
621000737,"ed",40,0.226330305968733,0.113813979677434,0.391891334776541,0,"sin tendencia"
621000737,"lpi",40,99.9664654594232,-0.104373630523247,0.43791100720192,0,"sin tendencia"
621000737,"mesh",40,274.931040442762,-0.104373630523247,0.43791100720192,0,"sin tendencia"
621000737,"np",40,1,NA,NA,NA,"sin tendencia"
621000737,"pd",40,0.363484032994058,NA,NA,NA,"sin tendencia"
621000741,"cohesion",40,100,NA,NA,NA,"sin tendencia"
621000741,"ed",40,0,NA,NA,NA,"sin tendencia"
621000741,"lpi",40,100,NA,NA,NA,"sin tendencia"
621000741,"mesh",40,4132.81779478497,NA,NA,NA,"sin tendencia"
621000741,"np",40,1,NA,NA,NA,"sin tendencia"
621000741,"pd",40,0.0241965663538774,NA,NA,NA,"sin tendencia"
621002080,"cohesion",40,98.2814639638963,-0.406671026572738,0.000231432441303052,-0.00827963569076301,"descenso"
621002080,"ed",40,49.8201035512169,0.670943050149974,1.18505464896588e-09,0.117846392158138,"incremento"
621002080,"lpi",40,23.0676321012156,-0.48010309133965,1.3837374021452e-05,-0.0939334739105271,"descenso"
621002080,"mesh",40,80.8125991829702,-0.481077712822639,1.31386725749702e-05,-0.673164558868156,"descenso"
621002080,"np",40,29.475,0.250545057122191,0.0301885268783144,0.0769230769230769,"incremento"
621002080,"pd",40,1.98140840757843,0.235647783455466,0.0415476617132157,0.00517102735715646,"incremento"
621002112,"cohesion",40,99.9999105027911,-0.287644245566472,0.0269497404474959,0,"descenso"
621002112,"ed",40,0.168161747370038,0.287644245566472,0.0269497404474959,0,"descenso"
621002112,"lpi",40,99.9746440413497,-0.287644245566472,0.0269497404474959,0,"descenso"
621002112,"mesh",40,1891.08305057539,-0.287644245566472,0.0269497404474959,0,"descenso"
621002112,"np",40,1,NA,NA,NA,"sin tendencia"
621002112,"pd",40,0.0528530030421437,NA,NA,NA,"sin tendencia"
621002113,"cohesion",40,99.9999184077527,0.0424655728826064,0.759689184196787,0,"sin tendencia"
621002113,"ed",40,0.0815776927216864,-0.0424655728826064,0.759689184196787,0,"sin tendencia"
621002113,"lpi",40,99.9868598888722,0.0424655728826064,0.759689184196787,0,"sin tendencia"
621002113,"mesh",40,614.18890141345,0.0424655728826064,0.759689184196787,0,"sin tendencia"
621002113,"np",40,1,NA,NA,NA,"sin tendencia"
621002113,"pd",40,0.162773597595477,NA,NA,NA,"sin tendencia"
621002132,"cohesion",40,100,NA,NA,NA,"sin tendencia"
621002132,"ed",40,0,NA,NA,NA,"sin tendencia"
621002132,"lpi",40,100,NA,NA,NA,"sin tendencia"
621002132,"mesh",40,1733.8165197204,NA,NA,NA,"sin tendencia"
621002132,"np",40,1,NA,NA,NA,"sin tendencia"
621002132,"pd",40,0.0576762297870634,NA,NA,NA,"sin tendencia"
621003488,"cohesion",40,99.9999434872735,-0.382300727378129,0.00375845930907575,0,"descenso"
621003488,"ed",40,0.137597160494313,0.382300727378129,0.00375845930907575,0,"descenso"
621003488,"lpi",40,99.9820883251116,-0.382300727378129,0.00375845930907575,0,"descenso"
621003488,"mesh",40,2355.62709626496,-0.382300727378129,0.00375845930907575,0,"descenso"
621003488,"np",40,1,NA,NA,NA,"sin tendencia"
621003488,"pd",40,0.0424363552732081,NA,NA,NA,"sin tendencia"
621003489,"cohesion",40,99.9999074945381,-0.484899015575849,8.99354262846825e-05,0,"descenso"
621003489,"ed",40,0.167077127665737,0.4915569796157,8.56054974579842e-05,0,"descenso"
621003489,"lpi",40,99.9710153648654,-0.484899015575849,8.99354262846825e-05,0,"descenso"
621003489,"mesh",40,2298.39908350575,-0.484899015575849,8.99354262846825e-05,0,"descenso"
621003489,"np",40,1,NA,NA,NA,"sin tendencia"
621003489,"pd",40,0.0434833468271408,NA,NA,NA,"sin tendencia"
621003490,"cohesion",40,99.9933712531919,-0.865460335568676,1.94398263874909e-13,-0.000350675425720422,"descenso"
621003490,"ed",40,3.62165474483381,0.845130730370754,6.99203947729872e-13,0.302560964480237,"incremento"
621003490,"lpi",40,99.0495699411498,-0.871268794196654,1.34126128850469e-13,-0.0724309642372118,"descenso"
621003490,"mesh",40,999.929419625405,-0.871268794196654,1.34126128850469e-13,-1.47159413366359,"descenso"
621003490,"np",40,1.2,0.425331518589392,0.00119652827281109,0,"descenso"
621003490,"pd",40,0.117762903002801,0.337331894053656,0.0103244938002824,0,"descenso"
621003495,"cohesion",40,99.9584305975363,0.143321883704843,0.19954027280728,0.00028063890405869,"sin tendencia"
621003495,"ed",40,27.9928759511126,-0.122662873441082,0.272963141061963,-0.0485386905826553,"sin tendencia"
621003495,"lpi",40,92.5408223010116,0.117498120875142,0.293895283784617,0.0219437070102263,"sin tendencia"
621003495,"mesh",40,2429.5068083588,0.117498120875142,0.293895283784617,1.16140910472764,"sin tendencia"
621003495,"np",40,9.15,-0.139164840697663,0.226510874385249,-0.0606060606060606,"sin tendencia"
621003495,"pd",40,0.322602572470251,-0.124099319198943,0.280257614708949,-0.00213679465123531,"sin tendencia"
621003506,"cohesion",40,99.9999826380036,0.190963966410515,0.155569932587743,0,"sin tendencia"
621003506,"ed",40,0.0380594449426953,-0.190963966410515,0.155569932587743,0,"sin tendencia"
621003506,"lpi",40,99.9946327566987,0.190963966410515,0.155569932587743,0,"sin tendencia"
621003506,"mesh",40,2234.35658016029,0.190963966410515,0.155569932587743,0,"sin tendencia"
621003506,"np",40,1,NA,NA,NA,"sin tendencia"
621003506,"pd",40,0.0447508107174882,Inf,0,0,"descenso"
621003508,"cohesion",40,100,NA,NA,NA,"sin tendencia"
621003508,"ed",40,0,NA,NA,NA,"sin tendencia"
621003508,"lpi",40,100,NA,NA,NA,"sin tendencia"
621003508,"mesh",40,1539.3353180192,NA,NA,NA,"sin tendencia"
621003508,"np",40,1,NA,NA,NA,"sin tendencia"
621003508,"pd",40,0.0649631037691509,NA,NA,NA,"sin tendencia"
621003517,"cohesion",40,99.9985178745717,-0.536074178440774,1.96724651170994e-06,-3.88935946549947e-05,"descenso"
621003517,"ed",40,1.23240031197027,0.663485958218111,4.51157049161247e-09,0.0377754244167015,"incremento"
621003517,"lpi",40,99.7295194673614,-0.54924553417642,1.09404337561445e-06,-0.00932617221153927,"descenso"
621003517,"mesh",40,1267.95718168394,-0.54924553417642,1.09404337561445e-06,-0.237406764638025,"descenso"
621003517,"np",40,1.075,0.275280994221588,0.0399771760631453,0,"descenso"
621003517,"pd",40,0.0843249812105527,-0.0509779618928866,0.719260483350719,0,"sin tendencia"
621004837,"cohesion",40,99.7327835869105,-0.175979774317621,0.112997364049936,-0.000425568778997013,"sin tendencia"
621004837,"ed",40,50.7784499514537,0.143959344570755,0.195798061270832,0.0566295701976497,"sin tendencia"
621004837,"lpi",40,73.6392924086223,-0.127331847955341,0.253375436763251,-0.0173773820681037,"sin tendencia"
621004837,"mesh",40,641.136989761944,-0.124598818312476,0.263256564790831,-0.301985445950986,"sin tendencia"
621004837,"np",40,13.225,0.194978437915287,0.0954766130958312,0.0384615384615385,"sin tendencia"
621004837,"pd",40,1.1195487062625,0.205963138642909,0.0781060638833536,0.00325592178642576,"sin tendencia"
621004866,"cohesion",40,99.9987868220414,-0.751920617741405,1.38820060607758e-10,-2.75684402657461e-05,"descenso"
621004866,"ed",40,0.32984924651557,0.726140482275985,5.76430271319551e-10,0.0254955939335538,"incremento"
621004866,"lpi",40,99.9347805043318,-0.74535599249993,2.06502007512064e-10,-0.00484003678427965,"descenso"
621004866,"mesh",40,1903.67191894728,-0.743327239252931,2.24307541506187e-10,-0.184424857646487,"descenso"
621004866,"np",40,1.275,0.625333700642099,1.93784686862584e-06,0,"descenso"
621004866,"pd",40,0.066888556587051,0.625333700642099,1.93784686862584e-06,0,"descenso"
621004868,"cohesion",40,99.9999297438692,-0.23614538125239,0.0594356116130912,0,"sin tendencia"
621004868,"ed",40,0.142078869686798,0.240533493817038,0.0540470827024838,0,"sin tendencia"
621004868,"lpi",40,99.9815661617605,-0.23614538125239,0.0594356116130912,0,"sin tendencia"
621004868,"mesh",40,1613.46998074724,-0.23614538125239,0.0594356116130912,0,"sin tendencia"
621004868,"np",40,1,NA,NA,NA,"sin tendencia"
621004868,"pd",40,0.0619553807595474,NA,NA,NA,"sin tendencia"
621004871,"cohesion",40,99.999592408404,-0.505673642410705,2.54983045365716e-05,-1.12658728013479e-05,"descenso"
621004871,"ed",40,0.477596436082017,0.469758530442053,9.45929780305596e-05,0.016907918475071,"incremento"
621004871,"lpi",40,99.8984658101558,-0.505673642410705,2.54983045365716e-05,-0.003258071873065,"descenso"
621004871,"mesh",40,1956.43460883281,-0.505673642410705,2.54983045365716e-05,-0.127642028744482,"descenso"
621004871,"np",40,1.025,0.223606797749979,0.0997714364192216,0,"sin tendencia"
621004871,"pd",40,0.0522851485268949,0.911627713903761,7.7152061380515e-12,0,"descenso"
621004879,"cohesion",40,99.9615368392792,0.231122677325828,0.0379201812870903,0.000812381677177617,"incremento"
621004879,"ed",40,12.9547213322147,-0.111114449736166,0.321548716895531,-0.104856492952867,"sin tendencia"
621004879,"lpi",40,97.4989728841413,0.151069012553754,0.176146981807917,0.0298548342919743,"sin tendencia"
621004879,"mesh",40,213.555977634236,0.151069012553754,0.176146981807917,0.132168951397679,"sin tendencia"
621004879,"np",40,1.425,-0.438909991627968,0.000657947362649831,0,"descenso"
621004879,"pd",40,0.634581296468078,-0.481076017024542,0.000187544918951848,-5.69719710005015e-18,"descenso"
621004884,"cohesion",40,99.9999854728432,0.0238704958013144,0.874620556135231,0,"sin tendencia"
621004884,"ed",40,0.0255144704108865,-0.0238704958013144,0.874620556135231,0,"sin tendencia"
621004884,"lpi",40,99.9961251037919,0.0238704958013144,0.874620556135231,0,"sin tendencia"
621004884,"mesh",40,1666.52309672278,0.0238704958013144,0.874620556135231,0,"sin tendencia"
621004884,"np",40,1,NA,NA,NA,"sin tendencia"
621004884,"pd",40,0.0600005195881777,NA,NA,NA,"sin tendencia"
621004893,"cohesion",40,99.9950590915778,-0.736580444642169,4.75334580597868e-11,-0.000158854213707576,"descenso"
621004893,"ed",40,4.78685695409759,0.558098422210975,5.97691251433067e-07,0.104324340054995,"incremento"
621004893,"lpi",40,98.8658129579917,-0.736580444642169,4.75334580597868e-11,-0.0364277249752112,"descenso"
621004893,"mesh",40,1243.02150294663,-0.736580444642169,4.75334580597868e-11,-0.920021142369554,"descenso"
621004893,"np",40,1,NA,NA,NA,"sin tendencia"
621004893,"pd",40,0.0786410350692387,Inf,0,0,"descenso"
621006213,"cohesion",40,98.575797921409,-0.273603590727397,0.0134915859478293,-0.00179606510103748,"descenso"
621006213,"ed",40,67.3851354199859,0.296725020929712,0.00735597732863878,0.0608596593932693,"incremento"
621006213,"lpi",40,28.0741864601863,-0.53748384988657,1.30126234615355e-06,-0.0184131030630979,"descenso"
621006213,"mesh",40,218.859351997961,-0.440591697744118,6.73479846301648e-05,-0.383798186829723,"descenso"
621006213,"np",40,62.975,-0.233294361954755,0.0428456053774141,-0.0983870967741935,"descenso"
621006213,"pd",40,2.38077477610698,-0.233294361954755,0.0428456053774141,-0.00371953185064543,"descenso"
621006247,"cohesion",40,99.8295200284985,-0.645935616383568,4.26466523802699e-08,-0.00122466036001375,"descenso"
621006247,"ed",40,14.736716388298,0.655038401846949,2.2388060930471e-08,0.549114695279924,"incremento"
621006247,"lpi",40,93.7289522918616,-0.648800075879726,3.7152341552424e-08,-0.108270103592838,"descenso"
621006247,"mesh",40,177.26120846596,-0.648800075879726,3.7152341552424e-08,-0.420102344015051,"descenso"
621006247,"np",40,1.4,0.658380742021819,2.9525614050479e-07,0,"descenso"
621006247,"pd",40,0.70976292841141,0.493785556516365,0.000122483624414728,1.11022302462516e-17,"incremento"
621007616,"cohesion",40,99.8695795993209,-0.711349656637022,1.32414280356241e-10,-0.00656956576185023,"descenso"
621007616,"ed",40,34.0736563057905,0.755164671719737,9.05379750888486e-12,1.31315928199174,"incremento"
621007616,"lpi",40,88.2696800862689,-0.780938210003687,1.73865484192270e-12,-0.59120662908169,"descenso"
621007616,"mesh",40,403.825643757722,-0.780938210003687,1.73865484192270e-12,-5.43103913577144,"descenso"
621007616,"np",40,4.05,0.533157308405986,4.89300070179739e-06,0.142857142857143,"incremento"
621007616,"pd",40,0.78897070720211,0.53453854495626,4.6233250207583e-06,0.0278296545750304,"incremento"
621007620,"cohesion",40,99.9996278651426,0.140869573578274,0.252846694875458,0,"sin tendencia"
621007620,"ed",40,0.534374566469851,-0.179506353030993,0.138824471144532,0,"sin tendencia"
621007620,"lpi",40,99.9028721077472,0.140869573578274,0.252846694875458,0,"sin tendencia"
621007620,"mesh",40,1599.79269637338,0.140869573578274,0.252846694875458,0,"sin tendencia"
621007620,"np",40,1,NA,NA,NA,"sin tendencia"
621007620,"pd",40,0.0623868646476506,NA,NA,NA,"sin tendencia"
621007623,"cohesion",40,99.998783309439,-0.540018489900614,1.11841309150942e-05,0,"descenso"
621007623,"ed",40,1.16908009857719,0.547825662104371,8.15274414244336e-06,0.00140489106360486,"incremento"
621007623,"lpi",40,99.7535674051821,-0.540018489900614,1.11841309150942e-05,0,"descenso"
621007623,"mesh",40,977.924811440855,-0.540018489900614,1.11841309150942e-05,0,"descenso"
621007623,"np",40,1,NA,NA,NA,"sin tendencia"
621007623,"pd",40,0.10175642004887,-Inf,0,0,"descenso"
621007626,"cohesion",40,99.996120388544,-0.824531693364026,1.45536284716049e-13,-0.000170317195382571,"descenso"
621007626,"ed",40,1.99323335324447,0.806324368904884,4.91221917493849e-13,0.145510452068428,"incremento"
621007626,"lpi",40,99.2837637327945,-0.827132739715332,1.22058328821876e-13,-0.0564139947269129,"descenso"
621007626,"mesh",40,2880.90273476105,-0.827132739715332,1.22058328821876e-13,-3.27045603839084,"descenso"
621007626,"np",40,1.25,0.473783775866529,0.000284934591147634,0,"descenso"
621007626,"pd",40,0.0427732899654864,0.452609081973052,0.000529166047195332,0,"descenso"
621007643,"cohesion",40,99.9986476369614,-0.648937676485356,1.67670715947297e-08,-8.47460175069067e-05,"descenso"
621007643,"ed",40,1.42279709666835,0.710026847836808,6.45938782750529e-10,0.102776398283755,"incremento"
621007643,"lpi",40,99.6880251333382,-0.648937676485356,1.67670715947297e-08,-0.0195831121303104,"descenso"
621007643,"mesh",40,1254.89428387078,-0.648937676485356,1.67670715947297e-08,-0.493286876840368,"descenso"
621007643,"np",40,1,NA,NA,NA,"sin tendencia"
621007643,"pd",40,0.0791926197405043,-Inf,0,0,"descenso"
621008992,"cohesion",40,99.9852164687288,-0.722479972854086,6.62702110592194e-11,-0.000842001130721739,"descenso"
621008992,"ed",40,10.8094772125342,0.80490193054154,3.46368269485917e-13,0.609094492347352,"incremento"
621008992,"lpi",40,96.6445440903244,-0.807477616719273,2.91344638512512e-13,-0.202177311270864,"descenso"
621008992,"mesh",40,2415.03720825021,-0.807477616719273,2.91344638512512e-13,-10.2164867563287,"descenso"
621008992,"np",40,2.725,0.594373664692551,6.90731833693018e-07,0.0833333333333333,"incremento"
621008992,"pd",40,0.105532838284553,0.594373664692551,6.90731833693018e-07,0.00322730392307501,"incremento"
621008999,"cohesion",40,99.9998755213569,-0.108065772584466,0.391021450156012,0,"sin tendencia"
621008999,"ed",40,0.133575748950516,0.113429236122281,0.368098617204595,0,"sin tendencia"
621008999,"lpi",40,99.9751647486968,-0.108065772584466,0.391021450156012,0,"sin tendencia"
621008999,"mesh",40,937.527863323915,-0.108065772584466,0.391021450156012,0,"sin tendencia"
621008999,"np",40,1,NA,NA,NA,"sin tendencia"
621008999,"pd",40,0.106610542577779,Inf,0,0,"descenso"
621009002,"cohesion",40,99.9999604980225,-0.0887472983330039,0.467173959640839,0,"sin tendencia"
621009002,"ed",40,0.0944515516899097,0.0312487544590362,0.804692946692106,0,"sin tendencia"
621009002,"lpi",40,99.9868066869732,-0.0887472983330039,0.467173959640839,0,"sin tendencia"
621009002,"mesh",40,2604.14305575922,-0.0887472983330039,0.467173959640839,0,"sin tendencia"
621009002,"np",40,1,NA,NA,NA,"sin tendencia"
621009002,"pd",40,0.0383902169851995,NA,NA,NA,"sin tendencia"
621009018,"cohesion",40,99.9999737959183,-0.380620276485364,0.00406524069100436,0,"descenso"
621009018,"ed",40,0.0397668660957149,0.380620276485364,0.00406524069100436,0,"descenso"
621009018,"lpi",40,99.9934837889383,-0.380620276485364,0.00406524069100436,0,"descenso"
621009018,"mesh",40,1451.03927639606,-0.380620276485364,0.00406524069100436,0,"descenso"
621009018,"np",40,1,NA,NA,NA,"sin tendencia"
621009018,"pd",40,0.0689071447163561,NA,NA,NA,"sin tendencia"
621009019,"cohesion",40,99.9925500276968,-0.752696054117918,1.53389588742429e-11,-0.000518563392436165,"descenso"
621009019,"ed",40,5.27002234550203,0.682374969477143,9.75056031172413e-10,0.28152673266125,"incremento"
621009019,"lpi",40,98.4630104009135,-0.742278115652618,2.90825621230316e-11,-0.0891947779389524,"descenso"
621009019,"mesh",40,2898.56701321653,-0.742278115652618,2.90825621230316e-11,-5.2528580174036,"descenso"
621009019,"np",40,1.8,0.694237839652033,3.83567768081788e-08,0.0416666666666667,"incremento"
621009019,"pd",40,0.0602153296348541,0.77542555837029,8.10857823700585e-10,0.00139387337117718,"incremento"
621011733,"cohesion",40,99.3388033729854,-0.500026848520666,6.96989535706152e-06,-0.0133720745580518,"descenso"
621011733,"ed",40,75.9994506667555,-0.101041694778787,0.368694659622102,-0.154498695642377,"sin tendencia"
621011733,"lpi",40,50.4043170103093,-0.494845223147395,8.67104229907791e-06,-0.778287054400424,"descenso"
621011733,"mesh",40,551.395699897525,-0.500026848520666,6.96989535706152e-06,-14.9539131910469,"descenso"
621011733,"np",40,41.75,0.071957237043196,0.527927703497421,0.117647058823529,"sin tendencia"
621011733,"pd",40,2.08271432629376,0.0732655504439813,0.520314337844147,0.00586886742175065,"sin tendencia"
621011746,"cohesion",40,99.9981513132891,-0.198466571025228,0.0776607414231009,-2.02054673493384e-05,"sin tendencia"
621011746,"ed",40,1.55369918841969,0.20979981402037,0.0615943271541353,0.0255205946364905,"sin tendencia"
621011746,"lpi",40,99.7346112311015,-0.206300777776223,0.0665749412996013,-0.00395968322534183,"sin tendencia"
621011746,"mesh",40,849.792385416799,-0.206300777776223,0.0665749412996013,-0.0676088410818087,"sin tendencia"
621011746,"np",40,1.075,-0.030586777135732,0.837260818381155,0,"sin tendencia"
621011746,"pd",40,0.125831813214622,-0.146136824092942,0.280881183231521,0,"sin tendencia"
621011775,"cohesion",40,99.9998869157567,0.563101160612298,1.05218680540689e-05,0,"descenso"
621011775,"ed",40,0.17750603673705,-0.563101160612298,1.05218680540689e-05,0,"descenso"
621011775,"lpi",40,99.9671159656054,0.563101160612298,1.05218680540689e-05,0,"descenso"
621011775,"mesh",40,1983.64075771478,0.563101160612298,1.05218680540689e-05,0,"descenso"
621011775,"np",40,1,NA,NA,NA,"sin tendencia"
621011775,"pd",40,0.0503792417563692,NA,NA,NA,"sin tendencia"
621011778,"cohesion",40,99.9817252860594,0.45050924505681,0.000205358187435902,0.000239221234506815,"incremento"
621011778,"ed",40,2.52289821158946,-0.465239669540348,0.000118438920956998,-0.0852970845389564,"descenso"
621011778,"lpi",40,99.456934768841,0.443760156980183,0.000271590943985023,0.0177327422419251,"incremento"
621011778,"mesh",40,144.105845813526,0.432121112605512,0.00037044360945783,0.0515503154654755,"incremento"
621011778,"np",40,1.2,-0.411766052572674,0.00197574732632943,0,"descenso"
621011778,"pd",40,0.823743675532577,-0.469950386088378,0.000410223507371952,0,"descenso"
621013109,"cohesion",40,99.2841024496404,-0.647703171658894,5.69500274097391e-09,-0.0392399783277751,"descenso"
621013109,"ed",40,69.8356059315266,0.373077026875523,0.000806587321696631,0.420995557588949,"incremento"
621013109,"lpi",40,54.049522452641,-0.715064301511419,1.25489253767614e-10,-1.45374914252546,"descenso"
621013109,"mesh",40,578.417172764155,-0.72024592688469,9.21876729225926e-11,-25.4981833427205,"descenso"
621013109,"np",40,30.325,0.616290931078338,3.72116583951474e-08,0.872282608695652,"incremento"
621013109,"pd",40,1.73444948246661,0.611068126577675,4.84631551470939e-08,0.0498905233047583,"incremento"
621013122,"cohesion",40,99.9999037013425,-0.314194125848891,0.0184213756708372,0,"descenso"
621013122,"ed",40,0.126125814979553,0.314194125848891,0.0184213756708372,0,"descenso"
621013122,"lpi",40,99.9826409673171,-0.314194125848891,0.0184213756708372,0,"descenso"
621013122,"mesh",40,770.36934429827,-0.314194125848891,0.0184213756708372,0,"descenso"
621013122,"np",40,1,NA,NA,NA,"sin tendencia"
621013122,"pd",40,0.129762885955738,NA,NA,NA,"sin tendencia"
621013142,"cohesion",40,99.999850722544,0.18719704870199,0.15179054178583,0,"sin tendencia"
621013142,"ed",40,0.179093119060829,-0.182631267026331,0.162159020305257,0,"sin tendencia"
621013142,"lpi",40,99.9783330260004,0.18719704870199,0.15179054178583,0,"sin tendencia"
621013142,"mesh",40,500.1019032274,0.18719704870199,0.15179054178583,0,"sin tendencia"
621013142,"np",40,1,NA,NA,NA,"sin tendencia"
621013142,"pd",40,0.199872651002818,NA,NA,NA,"sin tendencia"
621013154,"cohesion",40,99.9933228495572,-0.336328903558792,0.00235533260856393,-0.000178148766987213,"descenso"
621013154,"ed",40,6.27272411954681,0.484265510348491,1.17766997489599e-05,0.172255390832491,"incremento"
621013154,"lpi",40,98.4681991318983,-0.630701234963154,1.12863539918549e-08,-0.0574147814439435,"descenso"
621013154,"mesh",40,2019.99731957298,-0.629012071541253,1.21129063068418e-08,-2.36379249917418,"descenso"
621013154,"np",40,1.275,-0.0661563135681976,0.627928504329691,0,"sin tendencia"
621013154,"pd",40,0.0612093395183391,-0.0541278929194344,0.693748123893483,0,"sin tendencia"
621014469,"cohesion",40,99.8661199955493,-0.0349075027446654,0.761636808848583,-0.000109012017307464,"sin tendencia"
621014469,"ed",40,31.9015782865732,-0.23400955543646,0.0357296108408238,-0.198645423140911,"descenso"
621014469,"lpi",40,81.503626258176,0.20699425712103,0.0635793029244795,0.108149810912267,"sin tendencia"
621014469,"mesh",40,1823.13020336089,0.221080850716214,0.0473311308788794,4.7990854726961,"incremento"
621014469,"np",40,14.725,-0.229622271429655,0.0458891971087634,-0.0869565217391304,"descenso"
621014469,"pd",40,0.54090777490628,-0.22496189385044,0.0499631497374616,-0.00319425865449933,"descenso"
621014498,"cohesion",40,99.9999758581228,-0.282219686045038,0.0271277889275598,0,"descenso"
621014498,"ed",40,0.0766524416504472,0.282219686045038,0.0271277889275598,0,"descenso"
621014498,"lpi",40,99.9898771764071,-0.282219686045038,0.0271277889275598,0,"descenso"
621014498,"mesh",40,4100.43551078689,-0.282219686045038,0.0271277889275598,0,"descenso"
621014498,"np",40,1,NA,NA,NA,"sin tendencia"
621014498,"pd",40,0.0243827189091709,NA,NA,NA,"sin tendencia"
621014508,"cohesion",40,99.9997281499161,-0.310316445417088,0.0202437444741189,0,"descenso"
621014508,"ed",40,0.169123865449736,0.310316445417088,0.0202437444741189,0,"descenso"
621014508,"lpi",40,99.9743150684932,-0.310316445417088,0.0202437444741189,0,"descenso"
621014508,"mesh",40,215.405602209809,-0.310316445417088,0.0202437444741189,0,"descenso"
621014508,"np",40,1,NA,NA,NA,"sin tendencia"
621014508,"pd",40,0.464002305804493,Inf,0,0,"descenso"
621015845,"cohesion",40,99.9322542282531,0.576833455193449,2.19130860608459e-07,0.00260299935451437,"incremento"
621015845,"ed",40,31.2229813121042,-0.621721496485381,2.40607786509736e-08,-0.546536940857832,"descenso"
621015845,"lpi",40,90.0464887333188,0.584610984926395,1.50161240493685e-07,0.236773499598921,"incremento"
621015845,"mesh",40,1373.48269105282,0.584610984926395,1.50161240493685e-07,7.35648501170908,"incremento"
621015845,"np",40,5.85,-0.358695508943383,0.00203013737334784,-0.157894736842105,"descenso"
621015845,"pd",40,0.346798835614278,-0.36827897673958,0.00153202312334547,-0.00936029245922477,"descenso"
621015859,"cohesion",40,88.6077378333761,NA,NA,NA,"sin tendencia"
621015859,"ed",40,0,NA,NA,NA,"sin tendencia"
621015859,"lpi",40,36.7697594501718,NA,NA,NA,"sin tendencia"
621015859,"mesh",40,5.19723641484856,NA,NA,NA,"sin tendencia"
621015859,"np",40,10,NA,NA,NA,"sin tendencia"
621015859,"pd",40,37.2477452367107,NA,NA,NA,"sin tendencia"
621015873,"cohesion",40,99.9999334803257,-0.235665995719496,0.069541518472625,0,"sin tendencia"
621015873,"ed",40,0.112536045063511,0.213876347125148,0.0957470400319868,0,"sin tendencia"
621015873,"lpi",40,99.9845454545455,-0.235665995719496,0.069541518472625,0,"sin tendencia"
621015873,"mesh",40,1268.16434022452,-0.235665995719496,0.069541518472625,0,"sin tendencia"
621015873,"np",40,1,NA,NA,NA,"sin tendencia"
621015873,"pd",40,0.0788297735535569,NA,NA,NA,"sin tendencia"
621017221,"cohesion",40,99.6190400859589,0.255577782133998,0.0226623959076973,0.010465252054129,"incremento"
621017221,"ed",40,39.9569967557061,0.00391450151312149,0.981349741676913,0,"sin tendencia"
621017221,"lpi",40,74.1289653929344,0.290977945808698,0.0094640327341512,0.537333715028909,"incremento"
621017221,"mesh",40,615.601881239706,0.289480957315038,0.00979579006930247,7.05738563037506,"incremento"
621017221,"np",40,10.95,-0.0682920034903122,0.55711925668005,0,"sin tendencia"
621017221,"pd",40,1.06964742077791,-0.0642748268144115,0.581018100131229,0,"sin tendencia"
621017241,"cohesion",40,99.9956977700556,-0.194609608601355,0.094444592612741,-3.16827539754352e-05,"sin tendencia"
621017241,"ed",40,3.92548852684256,0.205042851423724,0.0772345703362177,0.0378041509747782,"sin tendencia"
621017241,"lpi",40,99.2648922686946,-0.194609608601355,0.094444592612741,-0.00553241998108926,"sin tendencia"
621017241,"mesh",40,717.409306560075,-0.194609608601355,0.094444592612741,-0.0802281880745117,"sin tendencia"
621017241,"np",40,1,NA,NA,NA,"sin tendencia"
621017241,"pd",40,0.137377615508167,Inf,0,0,"descenso"
621017249,"cohesion",40,99.9997936876299,-0.146029034367949,0.261157600011644,0,"sin tendencia"
621017249,"ed",40,0.25970638885672,0.155927386171223,0.227560701226806,0,"sin tendencia"
621017249,"lpi",40,99.9649406688242,-0.146029034367949,0.261157600011644,0,"sin tendencia"
621017249,"mesh",40,683.710850856399,-0.146029034367949,0.261157600011644,0,"sin tendencia"
621017249,"np",40,1,NA,NA,NA,"sin tendencia"
621017249,"pd",40,0.146158223623015,NA,NA,NA,"sin tendencia"
621017267,"cohesion",40,99.8950966319446,-0.433677397537511,9.73899867768586e-05,-0.00166923124654648,"descenso"
621017267,"ed",40,32.2092731370941,0.545009505562067,9.56299156669943e-07,0.701768029847401,"incremento"
621017267,"lpi",40,87.3730504171201,-0.568311574683485,3.21405207066283e-07,-0.281850345850116,"descenso"
621017267,"mesh",40,973.893528235953,-0.568311574683485,3.21405207066283e-07,-6.13060297744614,"descenso"
621017267,"np",40,5.45,0.424557982199699,0.000293223303096808,0.111111111111111,"incremento"
621017267,"pd",40,0.428531458528555,0.388484428156588,0.000924592574934915,0.00873662504645373,"incremento"
621017274,"cohesion",40,99.9997145736272,0.176635217326557,0.173411838040634,0,"sin tendencia"
621017274,"ed",40,0.401678063538845,-0.178543041685167,0.167960616964149,0,"sin tendencia"
621017274,"lpi",40,99.9405726634252,0.176635217326557,0.173411838040634,0,"sin tendencia"
621017274,"mesh",40,1023.40877602356,0.176635217326557,0.173411838040634,0,"sin tendencia"
621017274,"np",40,1,NA,NA,NA,"sin tendencia"
621017274,"pd",40,0.0975967392750119,NA,NA,NA,"sin tendencia"
621018597,"cohesion",40,99.6212714757858,0.379203390558557,0.000701051961516042,0.00671028689319715,"incremento"
621018597,"ed",40,70.1221311044262,-0.499088998570197,8.03116070943822e-06,-0.640248852288057,"descenso"
621018597,"lpi",40,75.1373671978752,0.384415808298193,0.000590557214390426,0.566306203756403,"incremento"
621018597,"mesh",40,324.194334830347,0.384415808298193,0.000590557214390426,5.05909171905718,"incremento"
621018597,"np",40,7.125,-0.445060652330239,0.000197446577564774,-0.0833333333333333,"descenso"
621018597,"pd",40,1.28201433898017,-0.445060652330239,0.000197446577564774,-0.0149943197541541,"descenso"
621018617,"cohesion",40,99.9990716021488,-0.0994490316197694,0.396456633842949,0,"sin tendencia"
621018617,"ed",40,1.15763621129158,0.0856366661170236,0.466286403087135,0,"sin tendencia"
621018617,"lpi",40,99.816853861686,-0.0994490316197694,0.396456633842949,0,"sin tendencia"
621018617,"mesh",40,1456.78878709784,-0.0994490316197694,0.396456633842949,0,"sin tendencia"
621018617,"np",40,1.075,0.377236918007361,0.0047394521854501,0,"descenso"
621018617,"pd",40,0.0735236364441824,0.0849632698214777,0.537765564617714,0,"sin tendencia"
621018625,"cohesion",40,99.9974687075765,-0.441380416422317,0.000108022164026776,-1.92592991857686e-05,"descenso"
621018625,"ed",40,0.836021930985544,0.448345814561731,9.46722554399518e-05,0.00966785924644649,"incremento"
621018625,"lpi",40,99.7982832618026,-0.441380416422317,0.000108022164026776,-0.00317914481004698,"descenso"
621018625,"mesh",40,642.302946646869,-0.441380416422317,0.000108022164026776,-0.0409862393789303,"descenso"
621018625,"np",40,1.1,0.380620276485364,0.00406524069100436,0,"descenso"
621018625,"pd",40,0.17057229256468,0.687137490292161,1.91493471988083e-07,0,"descenso"
621018633,"cohesion",40,99.992803462012,-0.332701764678031,0.00282173555180275,-0.000189905710320204,"descenso"
621018633,"ed",40,4.1881348790602,-0.028480306703956,0.806465827949126,-0.00290362521840657,"sin tendencia"
621018633,"lpi",40,99.2225160395353,-0.0336805649262625,0.770537367499672,-0.00148628898412076,"sin tendencia"
621018633,"mesh",40,1047.63932652982,-0.0323639848908591,0.779488145641105,-0.0313746928745949,"sin tendencia"
621018633,"np",40,1.425,0.185094992640154,0.154804744848726,0,"sin tendencia"
621018633,"pd",40,0.133914589526903,0.149895465477913,0.22563494789617,0,"sin tendencia"
621018643,"cohesion",40,100,NA,NA,NA,"sin tendencia"
621018643,"ed",40,0,NA,NA,NA,"sin tendencia"
621018643,"lpi",40,100,NA,NA,NA,"sin tendencia"
621018643,"mesh",40,0.184517269166221,NA,NA,NA,"sin tendencia"
621018643,"np",40,1,NA,NA,NA,"sin tendencia"
621018643,"pd",40,541.954693194141,NA,NA,NA,"sin tendencia"
621018650,"cohesion",40,99.9998969754768,0.296066546836011,0.0153054043672226,0,"descenso"
621018650,"ed",40,0.113703537260587,-0.29478758906749,0.0158462207012844,0,"descenso"
621018650,"lpi",40,99.979326782761,0.296066546836011,0.0153054043672226,0,"descenso"
621018650,"mesh",40,947.934545949264,0.296066546836011,0.0153054043672226,0,"descenso"
621018650,"np",40,1,NA,NA,NA,"sin tendencia"
621018650,"pd",40,0.105448913937116,Inf,0,0,"descenso"
621019973,"cohesion",40,99.6942715030088,0,1,0,"sin tendencia"
621019973,"ed",40,34.5280433156713,-0.706018086497462,2.95104928620775e-10,-1.17300411734419,"descenso"
621019973,"lpi",40,87.1693002257336,0.349319678009697,0.00187113230093353,0.090293453724606,"incremento"
621019973,"mesh",40,157.178731360406,0.34992790154448,0.00180231397066518,0.347319734716364,"incremento"
621019973,"np",40,3.025,0.0720479174469349,0.557901289195213,0,"sin tendencia"
621019973,"pd",40,1.48028257053363,0.113218155988041,0.353525536675667,0,"sin tendencia"
621020020,"cohesion",40,100,NA,NA,NA,"sin tendencia"
621020020,"ed",40,0,NA,NA,NA,"sin tendencia"
621020020,"lpi",40,100,NA,NA,NA,"sin tendencia"
621020020,"mesh",40,1367.54974042545,NA,NA,NA,"sin tendencia"
621020020,"np",40,1,NA,NA,NA,"sin tendencia"
621020020,"pd",40,0.0731234828569306,NA,NA,NA,"sin tendencia"
621021349,"cohesion",40,99.9690418992174,0.377096979097371,0.000761966112509742,0.000718981919715269,"incremento"
621021349,"ed",40,17.4602779190009,-0.613679528828007,4.20009478217837e-08,-0.4731257955111,"descenso"
621021349,"lpi",40,95.0260952660982,0.579731299573691,2.23909292482643e-07,0.128148583749878,"incremento"
621021349,"mesh",40,1135.16214014869,0.579731299573691,2.23909292482643e-07,3.10964563844706,"incremento"
621021349,"np",40,2.6,-0.328478047003869,0.00822532886762989,0,"descenso"
621021349,"pd",40,0.207157042385294,-0.247140625841006,0.0471256299073702,-1.73472347597681e-18,"descenso"
621021377,"cohesion",40,99.9999786992313,-0.382300727378129,0.00375845930907575,0,"descenso"
621021377,"ed",40,0.0418629207699093,0.382300727378129,0.00375845930907575,0,"descenso"
621021377,"lpi",40,99.993698519152,-0.382300727378129,0.00375845930907575,0,"descenso"
621021377,"mesh",40,2049.4519196089,-0.382300727378129,0.00375845930907575,0,"descenso"
621021377,"np",40,1,NA,NA,NA,"sin tendencia"
621021377,"pd",40,0.0487873874235172,Inf,0,0,"descenso"
621021383,"cohesion",40,99.8461757684397,-0.201556443707464,0.0706260000133781,-0.00230446678223703,"sin tendencia"
621021383,"ed",40,69.3626669102231,0.478050539562574,1.67811204028979e-05,0.59381235218812,"incremento"
621021383,"lpi",40,79.2428907493254,-0.330759292237889,0.00293709966319853,-0.302949931054823,"descenso"
621021383,"mesh",40,843.4275629987,-0.330759292237889,0.00293709966319853,-6.37349755986401,"descenso"
621021383,"np",40,11.975,0.190984658166861,0.0919944741185765,0.116515837104072,"sin tendencia"
621021383,"pd",40,0.898070635992505,0.190984658166861,0.0919944741185765,0.00873815882515686,"sin tendencia"
621021385,"cohesion",40,99.9998207561762,-0.237211432182907,0.0602534386811273,0,"sin tendencia"
621021385,"ed",40,0.253118575433084,0.237211432182907,0.0602534386811273,0,"sin tendencia"
621021385,"lpi",40,99.9606458941902,-0.237211432182907,0.0602534386811273,0,"sin tendencia"
621021385,"mesh",40,1136.10177910308,-0.237211432182907,0.0602534386811273,0,"sin tendencia"
621021385,"np",40,1,NA,NA,NA,"sin tendencia"
621021385,"pd",40,0.0879511024333238,Inf,0,0,"descenso"
621021396,"cohesion",40,99.9990353151306,0.0482357301180255,0.723217006571587,0,"sin tendencia"
621021396,"ed",40,0.217116649013989,-0.0482357301180255,0.723217006571587,0,"sin tendencia"
621021396,"lpi",40,99.9700239808153,0.0482357301180255,0.723217006571587,0,"sin tendencia"
621021396,"mesh",40,692.078583667,0.0482357301180255,0.723217006571587,0,"sin tendencia"
621021396,"np",40,1.1,-0.358057437019716,0.00730813259674708,0,"descenso"
621021396,"pd",40,0.158846299630577,-0.653454822560983,8.91914433216911e-07,0,"descenso"
621022725,"cohesion",40,99.9884124092038,0.665023820858872,2.6981956826418e-09,0.000566859440836304,"incremento"
621022725,"ed",40,15.2755972440275,-0.628512709125443,1.89057745361004e-08,-0.677215640512168,"descenso"
621022725,"lpi",40,96.6203987730061,0.691103186382749,6.30019963950709e-10,0.16968870711202,"incremento"
621022725,"mesh",40,2529.00931603139,0.691103186382749,6.30019963950709e-10,8.92323673849039,"incremento"
621022725,"np",40,2.025,-0.688392960355757,6.23996413048119e-08,-0.0416666666666667,"descenso"
621022725,"pd",40,0.0748096969113536,-0.668293895819822,1.49323957678897e-07,-0.00153929417513073,"descenso"
621022731,"cohesion",40,98.5480206916532,0.0784569972250081,0.48436492147139,0.00162667603606828,"sin tendencia"
621022731,"ed",40,64.8752267191162,0.110970051429889,0.321658380947449,0.0973543762986031,"sin tendencia"
621022731,"lpi",40,64.7572815533981,0.19559524142908,0.0818686513669589,0.0406181890231833,"sin tendencia"
621022731,"mesh",40,28.1321177020478,0.193301537129625,0.0823825410419435,0.0363134701940882,"sin tendencia"
621022731,"np",40,3.25,-0.135695874332654,0.281609055960458,0,"sin tendencia"
621022731,"pd",40,4.88586061813919,-0.135695874332654,0.281609055960458,0,"sin tendencia"
621022753,"cohesion",40,99.9991205048033,-0.617614654064977,4.66229597862878e-08,-4.93913857473323e-05,"descenso"
621022753,"ed",40,1.2099485377862,0.571409621356172,3.72523676255218e-07,0.0692833960784003,"incremento"
621022753,"lpi",40,99.8061921994371,-0.617614654064977,4.66229597862878e-08,-0.0108877357705993,"descenso"
621022753,"mesh",40,1142.79812165715,-0.617614654064977,4.66229597862878e-08,-0.249374114573196,"descenso"
621022753,"np",40,1,NA,NA,NA,"sin tendencia"
621022753,"pd",40,0.0871660141823572,-Inf,0,0,"descenso"
621022759,"cohesion",40,99.8773505508788,-0.622757729916651,2.02042119008609e-08,-0.00592771556689418,"descenso"
621022759,"ed",40,47.2807521310243,0.679606983270038,9.15725225231224e-10,1.13361703545461,"incremento"
621022759,"lpi",40,86.1939647253353,-0.736456236623425,3.20892797783625e-11,-0.607303978606569,"descenso"
621022759,"mesh",40,752.29672388269,-0.739040293594034,2.73870030283817e-11,-10.5368292841041,"descenso"
621022759,"np",40,5.875,0.551545630286098,1.56398463380276e-06,0.262013729977117,"incremento"
621022759,"pd",40,0.584968550876785,0.55019710796266,1.65861392359295e-06,0.0260884752228996,"incremento"
621022761,"cohesion",40,100,NA,NA,NA,"sin tendencia"
621022761,"ed",40,0,NA,NA,NA,"sin tendencia"
621022761,"lpi",40,100,NA,NA,NA,"sin tendencia"
621022761,"mesh",40,34.227953430334,NA,NA,NA,"sin tendencia"
621022761,"np",40,1,NA,NA,NA,"sin tendencia"
621022761,"pd",40,2.92158864255602,NA,NA,NA,"sin tendencia"
621022762,"cohesion",40,99.9999863529495,0.312147236790425,0.0199576283902411,0,"descenso"
621022762,"ed",40,0.0305304157621791,-0.312147236790425,0.0199576283902411,0,"descenso"
621022762,"lpi",40,99.9955487963203,0.312147236790425,0.0199576283902411,0,"descenso"
621022762,"mesh",40,2486.97920756192,0.312147236790425,0.0199576283902411,0,"descenso"
621022762,"np",40,1,NA,NA,NA,"sin tendencia"
621022762,"pd",40,0.040205845409262,NA,NA,NA,"sin tendencia"
621022772,"cohesion",40,99.9991465171809,-0.175945118552876,0.115348671518231,-7.43241954201103e-06,"sin tendencia"
621022772,"ed",40,1.34567556603125,-0.0244059541024438,0.83385394949437,-5.96886176848247e-13,"sin tendencia"
621022772,"lpi",40,99.7442796517478,-0.175945118552876,0.115348671518231,-0.00222522942492567,"sin tendencia"
621022772,"mesh",40,2097.98852488046,-0.175945118552876,0.115348671518231,-0.0936954674094743,"sin tendencia"
621022772,"np",40,1,NA,NA,NA,"sin tendencia"
621022772,"pd",40,0.0474213320378126,Inf,0,0,"descenso"
621022783,"cohesion",40,99.9997680295295,-0.438529009653515,0.000804191233495541,0,"descenso"
621022783,"ed",40,0.0550131976899903,0.425331518589392,0.00119652827281109,0,"descenso"
621022783,"lpi",40,99.9866719713547,-0.438529009653515,0.000804191233495541,0,"descenso"
621022783,"mesh",40,2318.30311850658,-0.438529009653515,0.000804191233495541,0,"descenso"
621022783,"np",40,1.1,0.42966892442366,0.00126648030770279,0,"descenso"
621022783,"pd",40,0.0474358593605379,0.42966892442366,0.00126648030770279,0,"descenso"
621024101,"cohesion",40,99.9520318943918,0.486057954221106,1.37708294578046e-05,0.000832457158946367,"incremento"
621024101,"ed",40,26.506555689933,-0.704979499285839,2.7748294225202e-10,-0.44603046988412,"descenso"
621024101,"lpi",40,92.0698150636719,0.441752403434195,7.81077624371553e-05,0.095253608403925,"incremento"
621024101,"mesh",40,1225.56511177634,0.441752403434195,7.81077624371553e-05,2.58320741896322,"incremento"
621024101,"np",40,2.925,-0.312630063431344,0.00953696470515623,-0.0425724637681159,"descenso"
621024101,"pd",40,0.20288186825275,-0.36328771259846,0.00257688742517358,-0.00295288238817021,"descenso"
621024107,"cohesion",40,98.7490190682425,0.491972653749263,8.52321377447838e-06,0.00390027838314882,"incremento"
621024107,"ed",40,71.3491870896053,-0.396917885139745,0.000331631250797318,-0.232027114782651,"descenso"
621024107,"lpi",40,28.4026933657476,0.265896447326625,0.0163681292156438,0.0355984514067807,"incremento"
621024107,"mesh",40,116.665867962091,0.268465495126882,0.015354461142603,0.282273735734749,"incremento"
621024107,"np",40,42.25,-0.431900000281071,0.000116283141883063,-0.480740740740741,"descenso"
621024107,"pd",40,2.92976595059201,-0.426680664930243,0.0001405948629327,-0.0333362805511149,"descenso"
621024129,"cohesion",40,99.999966947339,-0.382300727378129,0.00375845930907575,0,"descenso"
621024129,"ed",40,0.0752098709399083,0.382300727378129,0.00375845930907575,0,"descenso"
621024129,"lpi",40,99.9898238910118,-0.382300727378129,0.00375845930907575,0,"descenso"
621024129,"mesh",40,2220.76726175659,-0.382300727378129,0.00375845930907575,0,"descenso"
621024129,"np",40,1,NA,NA,NA,"sin tendencia"
621024129,"pd",40,0.0450203267303458,NA,NA,NA,"sin tendencia"
621024135,"cohesion",40,99.9580753899492,-0.629690524392861,1.35329572915945e-08,-0.00175108171383813,"descenso"
621024135,"ed",40,36.3283175001649,0.428953457121013,0.000113068520156646,0.554256530488377,"incremento"
621024135,"lpi",40,91.0594902895098,-0.514898214588563,3.62951818182397e-06,-0.229915087145612,"descenso"
621024135,"mesh",40,2123.03348200781,-0.510978376351584,4.09839466296879e-06,-10.7178097002423,"descenso"
621024135,"np",40,6.025,0.689509379238805,1.4784227667684e-09,0.306020066889632,"incremento"
621024135,"pd",40,0.235743052950076,0.686836862265011,1.70982784385355e-09,0.011973793333203,"incremento"
621024137,"cohesion",40,99.9998243201149,0.481717014492204,0.000241196086434951,0,"descenso"
621024137,"ed",40,0.284508838132797,-0.481717014492204,0.000241196086434951,0,"descenso"
621024137,"lpi",40,99.9670396631952,0.481717014492204,0.000241196086434951,0,"descenso"
621024137,"mesh",40,832.178264780042,0.481717014492204,0.000241196086434951,0,"descenso"
621024137,"np",40,1,NA,NA,NA,"sin tendencia"
621024137,"pd",40,0.120087456941885,NA,NA,NA,"sin tendencia"
621025477,"cohesion",40,99.8503037499723,0.0247589842632735,0.83338505888837,0,"sin tendencia"
621025477,"ed",40,44.1461761379883,-0.199374978541097,0.0756684615975437,-0.166996652825676,"sin tendencia"
621025477,"lpi",40,84.8070023506124,-0.0951266237483665,0.400096747008021,-0.0676905675049931,"sin tendencia"
621025477,"mesh",40,540.095982948299,-0.0951266237483665,0.400096747008021,-0.899212179992317,"sin tendencia"
621025477,"np",40,5.1,-0.276551499261692,0.0176818112504196,-0.105263157894737,"descenso"
621025477,"pd",40,0.68389680447609,-0.276551499261692,0.0176818112504196,-0.0141155171202495,"descenso"
621025483,"cohesion",40,96.6532330204803,0.184852527146817,0.0956488680826152,0.0154369411269678,"sin tendencia"
621025483,"ed",40,97.4417839731899,-0.128452390012862,0.248628368231997,-0.144893840695493,"sin tendencia"
621025483,"lpi",40,15.5480190459078,0.138728581213891,0.212428805252525,0.0443282155194303,"sin tendencia"
621025483,"mesh",40,30.5529959526692,0.0924262635734086,0.408046775124761,0.0842982279121348,"sin tendencia"
621025483,"np",40,46.175,0.0438831339237619,0.707530586143266,0,"sin tendencia"
621025483,"pd",40,4.496407862279,0.0465427177979293,0.690170967871606,0,"sin tendencia"
621025488,"cohesion",40,91.1557574612397,NA,NA,NA,"sin tendencia"
621025488,"ed",40,0,NA,NA,NA,"sin tendencia"
621025488,"lpi",40,48.5714285714286,NA,NA,NA,"sin tendencia"
621025488,"mesh",40,6.23756235163683,NA,NA,NA,"sin tendencia"
621025488,"np",40,7,NA,NA,NA,"sin tendencia"
621025488,"pd",40,36.1303128787066,NA,NA,NA,"sin tendencia"
621025506,"cohesion",40,99.9864672920911,-0.426369400150404,0.000124452260549177,-0.000415153465498892,"descenso"
621025506,"ed",40,4.14028889201643,0.669287207542965,1.7473867468923e-09,0.270677163207082,"incremento"
621025506,"lpi",40,98.725615530303,-0.56220635299992,4.36707250468159e-07,-0.0702393250688708,"descenso"
621025506,"mesh",40,1899.4983854141,-0.565908476563264,3.45426094393498e-07,-2.71583091492963,"descenso"
621025506,"np",40,2.35,0.345522842887369,0.00474787400612775,0.0339080459770115,"incremento"
621025506,"pd",40,0.12060544782256,0.348501488084674,0.00439801149024217,0.00174021066801933,"incremento"
621025511,"cohesion",40,100,NA,NA,NA,"sin tendencia"
621025511,"ed",40,0,NA,NA,NA,"sin tendencia"
621025511,"lpi",40,100,NA,NA,NA,"sin tendencia"
621025511,"mesh",40,980.340251080132,NA,NA,NA,"sin tendencia"
621025511,"np",40,1,NA,NA,NA,"sin tendencia"
621025511,"pd",40,0.10200540056355,NA,NA,NA,"sin tendencia"
621025521,"cohesion",40,100,NA,NA,NA,"sin tendencia"
621025521,"ed",40,0,NA,NA,NA,"sin tendencia"
621025521,"lpi",40,100,NA,NA,NA,"sin tendencia"
621025521,"mesh",40,2596.98830487998,NA,NA,NA,"sin tendencia"
621025521,"np",40,1,NA,NA,NA,"sin tendencia"
621025521,"pd",40,0.0385061418305546,NA,NA,NA,"sin tendencia"
621026853,"cohesion",40,99.9573223065833,0.473026909872014,2.33052358918309e-05,0.000617147307375474,"incremento"
621026853,"ed",40,35.3081531816439,-0.817046480688025,2.55610810431599e-13,-0.802734432813327,"descenso"
621026853,"lpi",40,89.7095469458288,0.697160872676385,4.35497976937916e-10,0.156122355275853,"incremento"
621026853,"mesh",40,2977.10386788629,0.697160872676385,4.35497976937916e-10,10.5870137522431,"incremento"
621026853,"np",40,11.325,-0.319428996368411,0.00590146860229389,-0.136363636363636,"descenso"
621026853,"pd",40,0.307427528884953,-0.323524239911596,0.0052927354920379,-0.003701716181637,"descenso"
621026882,"cohesion",40,99.9999910506975,-0.314194125848891,0.0184213756708372,0,"descenso"
621026882,"ed",40,0.017480795989144,0.314194125848891,0.0184213756708372,0,"descenso"
621026882,"lpi",40,99.9976246367091,-0.314194125848891,0.0184213756708372,0,"descenso"
621026882,"mesh",40,1650.61308937855,-0.314194125848891,0.0184213756708372,0,"descenso"
621026882,"np",40,1,NA,NA,NA,"sin tendencia"
621026882,"pd",40,0.0605806721638679,NA,NA,NA,"sin tendencia"
621026887,"cohesion",40,100,NA,NA,NA,"sin tendencia"
621026887,"ed",40,0,NA,NA,NA,"sin tendencia"
621026887,"lpi",40,100,NA,NA,NA,"sin tendencia"
621026887,"mesh",40,1912.89052944621,NA,NA,NA,"sin tendencia"
621026887,"np",40,1,NA,NA,NA,"sin tendencia"
621026887,"pd",40,0.0522769068384432,NA,NA,NA,"sin tendencia"
621026899,"cohesion",40,100,NA,NA,NA,"sin tendencia"
621026899,"ed",40,0,NA,NA,NA,"sin tendencia"
621026899,"lpi",40,100,NA,NA,NA,"sin tendencia"
621026899,"mesh",40,75.0985285506519,NA,NA,NA,"sin tendencia"
621026899,"np",40,1,NA,NA,NA,"sin tendencia"
621026899,"pd",40,1.33158401276202,NA,NA,NA,"sin tendencia"
621026911,"cohesion",40,99.9999232435408,0.310316445417088,0.0202437444741189,0,"descenso"
621026911,"ed",40,0.118332672632737,-0.310316445417088,0.0202437444741189,0,"descenso"
621026911,"lpi",40,99.9813631522897,0.310316445417088,0.0202437444741189,0,"descenso"
621026911,"mesh",40,1385.57755905782,0.310316445417088,0.0202437444741189,0,"descenso"
621026911,"np",40,1,NA,NA,NA,"sin tendencia"
621026911,"pd",40,0.0721451934496993,NA,NA,NA,"sin tendencia"
621028229,"cohesion",40,99.86279042789,0.522544878398561,2.94364024849053e-06,0.00279740942130586,"incremento"
621028229,"ed",40,39.5014759168144,-0.662415884306484,3.11151113257806e-09,-0.996038892301403,"descenso"
621028229,"lpi",40,87.2106159083875,0.607649216706342,5.48807628981724e-08,0.204352571307563,"incremento"
621028229,"mesh",40,455.620688898796,0.608549771102564,5.15031474468567e-08,2.1699571153389,"incremento"
621028229,"np",40,3.8,-0.617993454800922,1.71926655595247e-07,-0.142857142857143,"descenso"
621028229,"pd",40,0.637396420330939,-0.608121048913234,2.22300634055624e-07,-0.0239622714410128,"descenso"
621028241,"cohesion",40,100,NA,NA,NA,"sin tendencia"
621028241,"ed",40,0,NA,NA,NA,"sin tendencia"
621028241,"lpi",40,100,NA,NA,NA,"sin tendencia"
621028241,"mesh",40,3.96712128707375,NA,NA,NA,"sin tendencia"
621028241,"np",40,1,NA,NA,NA,"sin tendencia"
621028241,"pd",40,25.2071950322856,NA,NA,NA,"sin tendencia"
621028258,"cohesion",40,99.9997756800465,-0.587397687631318,4.38943771348435e-06,0,"descenso"
621028258,"ed",40,0.303165901225004,0.587397687631318,4.38943771348435e-06,0,"descenso"
621028258,"lpi",40,99.9533951729107,-0.587397687631318,4.38943771348435e-06,0,"descenso"
621028258,"mesh",40,1023.48801693962,-0.587397687631318,4.38943771348435e-06,0,"descenso"
621028258,"np",40,1,NA,NA,NA,"sin tendencia"
621028258,"pd",40,0.097614317938426,NA,NA,NA,"sin tendencia"
621028270,"cohesion",40,99.8777477729242,-0.155857300039839,0.16487433440643,-0.00168285546658028,"sin tendencia"
621028270,"ed",40,22.2182777666195,0.261232897886693,0.0195590435244012,0.459815351130258,"incremento"
621028270,"lpi",40,95.1843575418994,-0.230649484978916,0.0398696272613843,-0.103351955307263,"descenso"
621028270,"mesh",40,74.9329217262671,-0.228590706725098,0.0411073136609557,-0.162262040647351,"descenso"
621028270,"np",40,1.2,-0.0907074864675779,0.499927737861758,0,"sin tendencia"
621028270,"pd",40,1.45328632808445,-0.127920814249148,0.337736599785396,0,"sin tendencia"
621028275,"cohesion",40,99.9997592826401,-0.658523232446312,2.29038076037221e-08,-4.48245698939208e-06,"descenso"
621028275,"ed",40,0.378580031688587,0.631151050345041,1.3084365222889e-07,0.00675734103871913,"incremento"
621028275,"lpi",40,99.914180597888,-0.658523232446312,2.29038076037221e-08,-0.00160629023255123,"descenso"
621028275,"mesh",40,2991.52773216247,-0.658523232446312,2.29038076037221e-08,-0.0962520962677208,"descenso"
621028275,"np",40,1,NA,NA,NA,"sin tendencia"
621028275,"pd",40,0.0333705669895718,-Inf,0,0,"descenso"
621028291,"cohesion",40,99.9962848147921,0.188281377108495,0.099499102075295,2.95429707738173e-05,"sin tendencia"
621028291,"ed",40,2.27400365552223,-0.205679317372614,0.0747264395354989,-0.00707865850244114,"sin tendencia"
621028291,"lpi",40,99.3419916090819,0.188281377108495,0.099499102075295,0.00521494382550688,"sin tendencia"
621028291,"mesh",40,737.858869225275,0.188281377108495,0.099499102075295,0.0774105505118495,"sin tendencia"
621028291,"np",40,1,NA,NA,NA,"sin tendencia"
621028291,"pd",40,0.133749924282858,NA,NA,NA,"sin tendencia"
621029605,"cohesion",40,99.7366369609896,0.376764333328234,0.00106078984766994,0.0069342019654985,"incremento"
621029605,"ed",40,20.1749016960012,-0.42582719513123,0.0001820671464146,-0.739007388131164,"descenso"
621029605,"lpi",40,94.8232323232323,0.393027541961107,0.000636145211519014,0.224466891133556,"incremento"
621029605,"mesh",40,24.7180607379116,0.393027541961107,0.000636145211519014,0.118869711000461,"incremento"
621029605,"np",40,1.225,-0.400859521340888,0.00259386918414009,0,"descenso"
621029605,"pd",40,4.47067002803248,-0.396572253732964,0.00288454051455131,0,"descenso"
621029625,"cohesion",40,99.6346509093324,-0.799016826369501,6.92033671330455e-13,-0.016598729256789,"descenso"
621029625,"ed",40,64.753034659911,0.345029993205012,0.0019730980263477,0.285240876144956,"incremento"
621029625,"lpi",40,71.4651802807913,-0.892408403477625,1.04289557334434e-15,-0.91126444728072,"descenso"
621029625,"mesh",40,604.708971273642,-0.892408403477625,1.04289557334434e-15,-14.780588743513,"descenso"
621029625,"np",40,15.325,0.767034410192078,1.34146861349754e-11,0.553639846743295,"incremento"
621029625,"pd",40,1.32505674424999,0.761726213581753,1.85247624018419e-11,0.047869769188433,"incremento"
621029634,"cohesion",40,99.9974464884984,-0.890726424852478,2.02306815479457e-15,-0.000116567185163028,"descenso"
621029634,"ed",40,2.23226803959184,0.887629226517467,2.27238662268358e-15,0.11681948785151,"incremento"
621029634,"lpi",40,99.3754821042888,-0.890726424852478,2.02306815479457e-15,-0.0370470362371017,"descenso"
621029634,"mesh",40,2362.48358538645,-0.890726424852478,2.02306815479457e-15,-1.76505917853865,"descenso"
621029634,"np",40,1.125,0.380620276485364,0.00406524069100436,0,"descenso"
621029634,"pd",40,0.047030162746329,0.286307287621734,0.0311782066857521,0,"descenso"
621029637,"cohesion",40,99.999127522245,-0.0652870910854838,0.619404477967305,0,"sin tendencia"
621029637,"ed",40,0.619905226550902,0.0652870910854838,0.619404477967305,0,"sin tendencia"
621029637,"lpi",40,99.9007060900265,-0.0652870910854838,0.619404477967305,0,"sin tendencia"
621029637,"mesh",40,312.967226916524,-0.0652870910854838,0.619404477967305,0,"sin tendencia"
621029637,"np",40,1,NA,NA,NA,"sin tendencia"
621029637,"pd",40,0.318890669722943,Inf,0,0,"descenso"
621029646,"cohesion",40,99.9754656208263,-0.39794477347371,0.000342598428167284,-0.000591405523050526,"descenso"
621029646,"ed",40,20.2486759661892,0.41603317226797,0.000181077420512815,0.476425433178452,"incremento"
621029646,"lpi",40,96.1297213321682,-0.405696944385536,0.000261485251894526,-0.0970968055150983,"descenso"
621029646,"mesh",40,878.56428419269,-0.405696944385536,0.000261485251894526,-1.78896252465867,"descenso"
621029646,"np",40,1.85,0.17760184095993,0.155785253079291,0,"sin tendencia"
621029646,"pd",40,0.194701656939346,0.176921371634244,0.156006610408087,0,"sin tendencia"
621029658,"cohesion",40,100,NA,NA,NA,"sin tendencia"
621029658,"ed",40,0,NA,NA,NA,"sin tendencia"
621029658,"lpi",40,100,NA,NA,NA,"sin tendencia"
621029658,"mesh",40,1092.61900936778,NA,NA,NA,"sin tendencia"
621029658,"np",40,1,NA,NA,NA,"sin tendencia"
621029658,"pd",40,0.0915232108746333,NA,NA,NA,"sin tendencia"
621029674,"cohesion",40,99.9987824318489,-0.00408044319284274,1,0,"sin tendencia"
621029674,"ed",40,0.366623375732991,0.00408044319284274,1,0,"sin tendencia"
621029674,"lpi",40,99.9304008908686,-0.00408044319284274,1,0,"sin tendencia"
621029674,"mesh",40,82.7339502385771,-0.00408044319284274,1,0,"sin tendencia"
621029674,"np",40,1,NA,NA,NA,"sin tendencia"
621029674,"pd",40,1.20702604271201,-Inf,NA,0,"sin tendencia"
621030981,"cohesion",40,99.9834781942098,0.659807947754096,3.5862271528447e-09,0.00073417700214723,"incremento"
621030981,"ed",40,15.3813769938977,-0.787596838821095,1.82014110573434e-12,-0.645638549809407,"descenso"
621030981,"lpi",40,96.2953889773179,0.72500636156379,8.77902388273036e-11,0.143724852986691,"incremento"
621030981,"mesh",40,1721.47703622056,0.72500636156379,8.77902388273036e-11,5.20472598335303,"incremento"
621030981,"np",40,2.05,-0.435282698553485,0.000512362586020942,-0.0392307692307692,"descenso"
621030981,"pd",40,0.110525977024273,-0.440048567515749,0.000444101321946101,-0.00211513126763149,"descenso"
621031001,"cohesion",40,99.4094680152159,-0.875694688082824,3.26980528914852e-15,-0.0334151169487718,"descenso"
621031001,"ed",40,65.5069026412096,0.554433914940013,6.19854044129659e-07,0.647223225815349,"incremento"
621031001,"lpi",40,58.912037037037,-0.860149811963011,9.93688449360733e-15,-1.52027241203972,"descenso"
621031001,"mesh",40,626.016176232539,-0.880876313456095,2.24774205839968e-15,-25.8820441060955,"descenso"
621031001,"np",40,16.425,0.761249730901861,1.5734773712182e-11,0.5,"incremento"
621031001,"pd",40,1.09168577823323,0.769522612541898,7.23267201998091e-12,0.0332324437818335,"incremento"
621031017,"cohesion",40,99.9422747727927,-0.398459319620457,0.000328746885286183,-0.00102638154593165,"descenso"
621031017,"ed",40,27.7932104840909,0.532568605188507,1.55332973830997e-06,0.454614768848441,"incremento"
621031017,"lpi",40,91.2270887214663,-0.564249217828978,3.68013210303025e-07,-0.174931594137712,"descenso"
621031017,"mesh",40,2056.74385156191,-0.563516901858057,3.69356222402569e-07,-8.00191835629163,"descenso"
621031017,"np",40,7.4,0.353563692115416,0.00212474004927061,0.166666666666667,"incremento"
621031017,"pd",40,0.300645806028874,0.353563692115416,0.00212474004927061,0.00677130193758725,"incremento"
621031034,"cohesion",40,100,NA,NA,NA,"sin tendencia"
621031034,"ed",40,0,NA,NA,NA,"sin tendencia"
621031034,"lpi",40,100,NA,NA,NA,"sin tendencia"
621031034,"mesh",40,1614.34158793525,NA,NA,NA,"sin tendencia"
621031034,"np",40,1,NA,NA,NA,"sin tendencia"
621031034,"pd",40,0.0619447586231735,NA,NA,NA,"sin tendencia"
621031050,"cohesion",40,99.9992018023237,-0.447737857379435,0.000289023141097061,0,"descenso"
621031050,"ed",40,0.806801192197971,0.418838099344767,0.000708093322795604,0,"descenso"
621031050,"lpi",40,99.8250441909047,-0.447737857379435,0.000289023141097061,0,"descenso"
621031050,"mesh",40,1144.2564471592,-0.447737857379435,0.000289023141097061,0,"descenso"
621031050,"np",40,1,NA,NA,NA,"sin tendencia"
621031050,"pd",40,0.0870889752842907,Inf,0,0,"descenso"
621032385,"cohesion",40,99.9999129054543,-0.52146548119186,4.35619791817351e-05,0,"descenso"
621032385,"ed",40,0.158842916378272,0.512951759049952,5.80216747899386e-05,0,"descenso"
621032385,"lpi",40,99.9771611282403,-0.52146548119186,4.35619791817351e-05,0,"descenso"
621032385,"mesh",40,1615.08049931841,-0.52146548119186,4.35619791817351e-05,0,"descenso"
621032385,"np",40,1,NA,NA,NA,"sin tendencia"
621032385,"pd",40,0.0618881686872378,Inf,0,0,"descenso"
621032386,"cohesion",40,99.9990234826593,-0.875303834043741,2.22162325466606e-14,-3.57616179197437e-05,"descenso"
621032386,"ed",40,1.28902722651435,0.870599324554302,2.93996889503481e-14,0.0647914268256576,"incremento"
621032386,"lpi",40,99.7554701192967,-0.875303834043741,2.22162325466606e-14,-0.00942311679011117,"descenso"
621032386,"mesh",40,1623.85470647924,-0.875303834043741,2.22162325466606e-14,-0.307372296443767,"descenso"
621032386,"np",40,1.025,0.223606797749979,0.0997714364192216,0,"sin tendencia"
621032386,"pd",40,0.0628148991376711,0.498815164211492,0.000195258318867262,0,"descenso"
621032393,"cohesion",40,99.8937496833049,0.161819924454295,0.147955208571776,0.00124686152035808,"sin tendencia"
621032393,"ed",40,44.8499542996568,-0.262795557313776,0.0184296617484409,-0.47081030398701,"descenso"
621032393,"lpi",40,89.8853164038501,0.0883191366892423,0.434089004286046,0.0307188203972988,"sin tendencia"
621032393,"mesh",40,365.580601694775,0.0841463607162335,0.455225761881771,0.252203270355268,"sin tendencia"
621032393,"np",40,2.3,0.0343436628723143,0.787187908162019,0,"sin tendencia"
621032393,"pd",40,0.510545072420316,0.0343436628723143,0.787187908162019,0,"sin tendencia"
621032410,"cohesion",40,99.9992913741325,-0.00647279697817181,0.962782427026863,0,"sin tendencia"
621032410,"ed",40,1.29309525084527,-0.0494198806748154,0.665721324119752,-4.02977915587008e-14,"sin tendencia"
621032410,"lpi",40,99.7902043188626,-0.00647279697817181,0.962782427026863,0,"sin tendencia"
621032410,"mesh",40,2054.91081589617,-0.00647279697817181,0.962782427026863,0,"sin tendencia"
621032410,"np",40,1,NA,NA,NA,"sin tendencia"
621032410,"pd",40,0.0484602041573873,-Inf,0,0,"descenso"
621032426,"cohesion",40,99.9993753261273,-0.0335351515243972,0.81747443722243,0,"sin tendencia"
621032426,"ed",40,0.313393188214321,0.0335351515243972,0.81747443722243,0,"sin tendencia"
621032426,"lpi",40,99.9532398129593,-0.0335351515243972,0.81747443722243,0,"sin tendencia"
621032426,"mesh",40,137.98261476958,-0.0335351515243972,0.81747443722243,0,"sin tendencia"
621032426,"np",40,1,NA,NA,NA,"sin tendencia"
621032426,"pd",40,0.724054366302856,NA,NA,NA,"sin tendencia"
621033769,"cohesion",40,99.8471277353078,-0.136777040134515,0.220776015088575,-0.000609114051613346,"sin tendencia"
621033769,"ed",40,39.2935663742916,0.12129284691174,0.278130700621686,0.16137265068994,"sin tendencia"
621033769,"lpi",40,83.8772723567294,-0.0930260509419063,0.407600696816949,-0.0333686584603677,"sin tendencia"
621033769,"mesh",40,856.740133365814,-0.108389352559427,0.333088218891006,-0.774375993918657,"sin tendencia"
621033769,"np",40,5.375,-0.208744462256825,0.0765938803121453,-0.037037037037037,"sin tendencia"
621033769,"pd",40,0.474933802220349,-0.207352832508446,0.0785917860285599,-0.0032725843391583,"sin tendencia"
621033802,"cohesion",40,99.9776094614653,0.22810380678414,0.0427822451986225,2.20229589579092e-05,"incremento"
621033802,"ed",40,1.62782966251657,0.515819933993926,4.20936845562239e-06,0.020786332482243,"incremento"
621033802,"lpi",40,99.3700279905716,-0.149849603225965,0.185638314723018,-0.00124882314293604,"sin tendencia"
621033802,"mesh",40,1236.78722551687,-0.149849603225965,0.185638314723018,-0.0311152382472708,"sin tendencia"
621033802,"np",40,3,NA,NA,NA,"sin tendencia"
621033802,"pd",40,0.239520341711857,Inf,0,0,"descenso"
621035141,"cohesion",40,99.9971630736388,-0.0916743580454403,0.414311420599702,-7.6367293008094e-06,"sin tendencia"
621035141,"ed",40,3.25173158829225,0.201930304333218,0.0690242724208381,0.0315836637030323,"sin tendencia"
621035141,"lpi",40,99.2651984059691,-0.153651388836724,0.168790940911057,-0.00373895389369252,"sin tendencia"
621035141,"mesh",40,2144.36330022942,-0.153651388836724,0.168790940911057,-0.161754591841954,"sin tendencia"
621035141,"np",40,1.075,-0.146136824092942,0.280881183231521,0,"sin tendencia"
621035141,"pd",40,0.0493981087997034,-0.00207765997779657,1,0,"sin tendencia"
621035145,"cohesion",40,99.8960277026733,-0.795889546947421,7.32752091861984e-13,-0.0020850987404053,"descenso"
621035145,"ed",40,27.0838208033429,0.643430185681519,6.75669091881715e-09,0.805432309212125,"incremento"
621035145,"lpi",40,90.1974391555078,-0.766672189910613,5.00675197742199e-12,-0.269768351089824,"descenso"
621035145,"mesh",40,780.186808917186,-0.764880863300119,5.45313858079981e-12,-4.7128704480157,"descenso"
621035145,"np",40,2.35,0.755047120282008,1.00062525313464e-09,0.0625,"incremento"
621035145,"pd",40,0.248967555267332,0.755047120282008,1.00062525313464e-09,0.00662147753370563,"incremento"
621035155,"cohesion",40,99.999253075652,-0.0244298378244171,0.840405309378861,0,"sin tendencia"
621035155,"ed",40,0.968425128780015,0.190558219860403,0.0995422878509112,0.00229702355023836,"sin tendencia"
621035155,"lpi",40,99.8604599240902,-0.0244298378244171,0.840405309378861,0,"sin tendencia"
621035155,"mesh",40,824.150266515966,-0.0244298378244171,0.840405309378861,0,"sin tendencia"
621035155,"np",40,1,NA,NA,NA,"sin tendencia"
621035155,"pd",40,0.120999038441245,-Inf,0,0,"descenso"
621035162,"cohesion",40,99.9997618902816,-0.365324586281257,0.00466267903993999,0,"descenso"
621035162,"ed",40,0.211297419278347,0.363786719798934,0.00492016754255464,0,"descenso"
621035162,"lpi",40,99.9669073405535,-0.365324586281257,0.00466267903993999,0,"descenso"
621035162,"mesh",40,459.697451954818,-0.365324586281257,0.00466267903993999,0,"descenso"
621035162,"np",40,1,NA,NA,NA,"sin tendencia"
621035162,"pd",40,0.21739057087611,NA,NA,NA,"sin tendencia"
621036521,"cohesion",40,99.8750648684392,-0.307502779502413,0.00570452795079683,-0.00276799804998973,"descenso"
621036521,"ed",40,42.7990727528211,0.405696944385536,0.000261485251894526,0.953802591488879,"incremento"
621036521,"lpi",40,86.4032593240731,-0.403112887414928,0.000286275009697961,-0.275742219305601,"descenso"
621036521,"mesh",40,635.450284795543,-0.403112887414928,0.000286275009697961,-4.18581674124482,"descenso"
621036521,"np",40,5.05,0.400014610004205,0.000518236760597785,0.15,"incremento"
621036521,"pd",40,0.598681220743829,0.395960407875784,0.000590700166804288,0.0177826105171434,"incremento"
621036531,"cohesion",40,99.9993030635696,-0.131613547925822,0.24294038447595,-6.48312604560886e-06,"sin tendencia"
621036531,"ed",40,1.03643707491257,0.168734435371815,0.132220347733023,0.0122887527463011,"sin tendencia"
621036531,"lpi",40,99.8170246618934,-0.134397885283838,0.233559867273527,-0.0017047391749062,"sin tendencia"
621036531,"mesh",40,1617.63759633333,-0.134397885283838,0.233559867273527,-0.0553040657545788,"sin tendencia"
621036531,"np",40,1,NA,NA,NA,"sin tendencia"
621036531,"pd",40,0.0615927597674896,Inf,0,0,"descenso"
621037897,"cohesion",40,99.819755349723,-0.511643280180485,4.08196821105434e-06,-0.00418170164897561,"descenso"
621037897,"ed",40,47.904137687528,0.478050539562574,1.67811204028979e-05,0.931756104618268,"incremento"
621037897,"lpi",40,82.1938421782428,-0.594333103239957,8.62013602686464e-08,-0.475914664626591,"descenso"
621037897,"mesh",40,1017.12665856124,-0.581412818386915,1.63203401828723e-07,-12.0971767587618,"descenso"
621037897,"np",40,8.9,0.283115069506885,0.0145280418740731,0.113247863247863,"incremento"
621037897,"pd",40,0.608016736327017,0.277670548939445,0.016543044814513,0.00773669620314317,"incremento"
621037923,"cohesion",40,99.9997533361322,0.20047748304528,0.096599564110425,0,"sin tendencia"
621037923,"ed",40,0.223147095326989,-0.198799817709593,0.097037195262486,0,"sin tendencia"
621037923,"lpi",40,99.9619944020636,0.20047748304528,0.096599564110425,0,"sin tendencia"
621037923,"mesh",40,1679.76784688235,0.20047748304528,0.096599564110425,0,"sin tendencia"
621037923,"np",40,1.025,-0.0401345534423039,0.794949512946621,0,"sin tendencia"
621037923,"pd",40,0.0609739927033637,-0.0401345534423039,0.794949512946621,0,"sin tendencia"
621039295,"cohesion",40,99.9961618687608,-0.584458374558524,1.21884357994512e-07,-7.15953907747358e-05,"descenso"
621039295,"ed",40,3.63952979407309,0.637588328727605,7.50096513942179e-09,0.0585597951391627,"incremento"
621039295,"lpi",40,98.8024190339779,-0.584458374558524,1.21884357994512e-07,-0.0220635575135462,"descenso"
621039295,"mesh",40,2263.64692063404,-0.584458374558524,1.21884357994512e-07,-1.00823009831559,"descenso"
621039295,"np",40,1,NA,NA,NA,"sin tendencia"
621039295,"pd",40,0.0431252242535324,-Inf,0,0,"descenso"
621039299,"cohesion",40,99.9995959632443,-0.188060979255815,0.122183849158251,0,"sin tendencia"
621039299,"ed",40,0.367354763030534,0.228807524761241,0.0596486700720437,0,"sin tendencia"
621039299,"lpi",40,99.9131445477599,-0.188060979255815,0.122183849158251,0,"sin tendencia"
621039299,"mesh",40,1089.52702654385,-0.188060979255815,0.122183849158251,0,"sin tendencia"
621039299,"np",40,1,NA,NA,NA,"sin tendencia"
621039299,"pd",40,0.0916237858316384,-Inf,0,0,"descenso"
621042024,"cohesion",40,99.8530543685342,0.255489188175792,0.0215997358964671,0.000781233773897,"incremento"
621042024,"ed",40,81.2278650938939,-0.374201336217069,0.000751135566179379,-0.212139095726938,"descenso"
621042024,"lpi",40,75.1701421026842,0.286457574621343,0.00996008389753064,0.1201955452141,"incremento"
621042024,"mesh",40,962.592468043575,0.286457574621343,0.00996008389753064,3.15916715854712,"incremento"
621042024,"np",40,9.775,-0.0703731550548997,0.548053573693633,0,"sin tendencia"
621042024,"pd",40,0.576861449988869,-0.0703731550548997,0.548053573693633,0,"sin tendencia"
621042051,"cohesion",40,99.996692105992,0.391709032429134,0.000493814225298217,0.000103140552424649,"incremento"
621042051,"ed",40,2.70073290209603,-0.365507759356951,0.00115300336656888,-0.0796804982220597,"descenso"
621042051,"lpi",40,99.4525316455696,0.391709032429134,0.000493814225298217,0.0171222405674796,"incremento"
621042051,"mesh",40,648.809189314685,0.391709032429134,0.000493814225298217,0.224061036158461,"incremento"
621042051,"np",40,1,NA,NA,NA,"sin tendencia"
621042051,"pd",40,0.15244857754676,Inf,0,0,"descenso"
621043400,"cohesion",40,100,NA,NA,NA,"sin tendencia"
621043400,"ed",40,0,NA,NA,NA,"sin tendencia"
621043400,"lpi",40,100,NA,NA,NA,"sin tendencia"
621043400,"mesh",40,1060.51300453285,NA,NA,NA,"sin tendencia"
621043400,"np",40,1,NA,NA,NA,"sin tendencia"
621043400,"pd",40,0.0942939875065926,NA,NA,NA,"sin tendencia"
621043411,"cohesion",40,99.9969318238702,0.11536669103869,0.304513633759894,7.08350327840478e-06,"sin tendencia"
621043411,"ed",40,1.84792670922812,-0.189804656798306,0.0886515717337062,-0.0214139206997842,"sin tendencia"
621043411,"lpi",40,99.6268569559936,0.14388430005949,0.199316015807623,0.00253425983430254,"sin tendencia"
621043411,"mesh",40,1960.20220082368,0.14388430005949,0.199316015807623,0.0999715165847005,"sin tendencia"
621043411,"np",40,1.325,0.12352254492186,0.347028377544267,0,"sin tendencia"
621043411,"pd",40,0.0670924010522136,0.238376841077274,0.0671959960362895,0,"sin tendencia"
621044776,"cohesion",40,99.9997599699681,0.397779538348047,0.000950656496508403,5.89997705188497e-06,"incremento"
621044776,"ed",40,0.373430193125815,-0.429736001291635,0.000399615173803621,-0.00940156578867592,"descenso"
621044776,"lpi",40,99.9426016037283,0.397779538348047,0.000950656496508403,0.00141224457583738,"incremento"
621044776,"mesh",40,1344.60236440703,0.397779538348047,0.000950656496508403,0.0379982494757893,"incremento"
621044776,"np",40,1,NA,NA,NA,"sin tendencia"
621044776,"pd",40,0.0742861617701516,NA,NA,NA,"sin tendencia"
621044787,"cohesion",40,99.9951314229004,0.00257735382839501,0.990698135538538,0,"sin tendencia"
621044787,"ed",40,4.2446289799724,0.191888620241103,0.0844681524290753,0.0244526019890016,"sin tendencia"
621044787,"lpi",40,98.8853512197883,-0.132819773206819,0.234345277564235,-0.00303332448008983,"sin tendencia"
621044787,"mesh",40,1594.5955397926,-0.13402239907654,0.229822002067584,-0.0986947044691559,"sin tendencia"
621044787,"np",40,1.225,-0.357986845261649,0.00718208992145978,0,"descenso"
621044787,"pd",40,0.0751564497835312,-0.289390563534866,0.0300024318922441,0,"descenso"
621044803,"cohesion",40,99.9984553439841,-0.383440277622065,0.000578339713021998,-2.25056272162187e-05,"descenso"
621044803,"ed",40,1.66702684343366,0.317167051930419,0.00441812419178152,0.0292996063450039,"incremento"
621044803,"lpi",40,99.6486196132485,-0.383440277622065,0.000578339713021998,-0.00701152212973893,"descenso"
621044803,"mesh",40,2259.82788293326,-0.383440277622065,0.000578339713021998,-0.318740400382041,"descenso"
621044803,"np",40,1.125,0.239209845279188,0.0716945585428024,0,"sin tendencia"
621044803,"pd",40,0.0494343884402265,-0.245116261212007,0.0648807184251483,0,"sin tendencia"
621044808,"cohesion",40,99.9942123511186,-0.646738698967004,7.85939648565429e-09,-0.00024096795402917,"descenso"
621044808,"ed",40,5.51735945368062,0.60051585096049,8.26062093149738e-08,0.189655944472582,"incremento"
621044808,"lpi",40,98.4530699313671,-0.58913444237885,1.46944336696822e-07,-0.0588704673817797,"descenso"
621044808,"mesh",40,2410.75341429153,-0.58913444237885,1.46944336696822e-07,-2.87744995298168,"descenso"
621044808,"np",40,1.425,0.496889549906417,0.000113296436870125,0,"descenso"
621044808,"pd",40,0.0573018317773371,0.436825977939707,0.000694191961368695,0,"descenso"
621046152,"cohesion",40,99.99975513317,-0.857282833114582,3.14783291678884e-13,-1.71943354158347e-05,"descenso"
621046152,"ed",40,0.292604975166804,0.852342222414815,8.71562552929809e-13,0.0213998675843822,"incremento"
621046152,"lpi",40,99.9375301786577,-0.857282833114582,3.14783291678884e-13,-0.00438962293139091,"descenso"
621046152,"mesh",40,1526.63287796896,-0.857282833114582,3.14783291678884e-13,-0.134161979125999,"descenso"
621046152,"np",40,1,NA,NA,NA,"sin tendencia"
621046152,"pd",40,0.0654218605980373,-Inf,0,0,"descenso"
621046153,"cohesion",40,100,NA,NA,NA,"sin tendencia"
621046153,"ed",40,0,NA,NA,NA,"sin tendencia"
621046153,"lpi",40,100,NA,NA,NA,"sin tendencia"
621046153,"mesh",40,1920.17896157828,NA,NA,NA,"sin tendencia"
621046153,"np",40,1,NA,NA,NA,"sin tendencia"
621046153,"pd",40,0.0520784791422804,NA,NA,NA,"sin tendencia"
621046163,"cohesion",40,99.9964803185956,-0.0142030695563358,0.907158130429057,-7.43742939827522e-08,"sin tendencia"
621046163,"ed",40,4.50624236613253,0.0774209661138764,0.491431385729162,0.00956794494154359,"sin tendencia"
621046163,"lpi",40,98.9786923196364,-0.109750992026231,0.327263649898862,-0.00381002244277337,"sin tendencia"
621046163,"mesh",40,6404.17225374518,-0.109750992026231,0.327263649898862,-0.495599289863631,"sin tendencia"
621046163,"np",40,1.875,-0.280332623158254,0.0309839981674756,0,"descenso"
621046163,"pd",40,0.0286878040099661,-0.276465966287106,0.0333938398138143,0,"descenso"
621046179,"cohesion",40,99.9949498033004,-0.308484309794475,0.00534693845389828,-7.21671268498388e-05,"descenso"
621046179,"ed",40,4.67477950512772,0.293778123297025,0.00789292446106995,0.0480790284524581,"incremento"
621046179,"lpi",40,98.8969163706813,-0.308484309794475,0.00534693845389828,-0.0156961934488567,"descenso"
621046179,"mesh",40,1117.85105778468,-0.308484309794475,0.00534693845389828,-0.35540948408884,"descenso"
621046179,"np",40,1,NA,NA,NA,"sin tendencia"
621046179,"pd",40,0.0874967215360254,0.0413449115297361,0.766672538642778,0,"sin tendencia"
621047525,"cohesion",40,99.8306610000571,-0.539366063926672,1.15945545986909e-06,-0.00496765388714607,"descenso"
621047525,"ed",40,63.7409808334102,0.118712148041277,0.288640482390697,0.346004414017078,"sin tendencia"
621047525,"lpi",40,79.0417776791001,-0.433557410237708,9.37281081264804e-05,-0.46681989746488,"descenso"
621047525,"mesh",40,786.275724269331,-0.433557410237708,9.37281081264804e-05,-9.34861630757138,"descenso"
621047525,"np",40,12.275,0.624794509282626,2.95075639888811e-08,0.366666666666667,"incremento"
621047525,"pd",40,0.984679375191166,0.620848438697683,3.60380188450481e-08,0.0294133689805915,"incremento"
621047528,"cohesion",40,99.9999415642758,0.0584272711779038,0.65511687208624,0,"sin tendencia"
621047528,"ed",40,0.150831370176073,-0.0604643574546804,0.643993705533101,0,"sin tendencia"
621047528,"lpi",40,99.9788205605792,0.0584272711779038,0.65511687208624,0,"sin tendencia"
621047528,"mesh",40,3069.71340839921,0.0584272711779038,0.65511687208624,0,"sin tendencia"
621047528,"np",40,1,NA,NA,NA,"sin tendencia"
621047528,"pd",40,0.0325625435271512,-Inf,0,0,"descenso"
621047529,"cohesion",40,99.9999937915687,0.515642995491155,7.67780199481371e-05,0,"descenso"
621047529,"ed",40,0.0100063707601125,-0.515642995491155,7.67780199481371e-05,0,"descenso"
621047529,"lpi",40,99.9983421750663,0.515642995491155,7.67780199481371e-05,0,"descenso"
621047529,"mesh",40,1669.45689831604,0.515642995491155,7.67780199481371e-05,0,"descenso"
621047529,"np",40,1,NA,NA,NA,"sin tendencia"
621047529,"pd",40,0.0598977335522398,Inf,0,0,"descenso"
621047555,"cohesion",40,99.9924540909833,-0.506735190839847,4.41509627396476e-06,-0.000129147230572685,"descenso"
621047555,"ed",40,4.45703679761442,0.443732197420128,6.08946887777352e-05,0.055081863467598,"incremento"
621047555,"lpi",40,98.4196755625327,-0.506735190839847,4.41509627396476e-06,-0.0268351916703563,"descenso"
621047555,"mesh",40,1024.68919037998,-0.506735190839847,4.41509627396476e-06,-0.559123600896084,"descenso"
621047555,"np",40,1,NA,NA,NA,"sin tendencia"
621047555,"pd",40,0.0945324774428466,Inf,0,0,"descenso"
621048875,"cohesion",40,99.3950627260141,0.444457798944664,6.30714383962923e-05,0.0175504669969162,"incremento"
621048875,"ed",40,59.4167381558824,-0.310086836473021,0.00530543475929148,-0.190396939536296,"descenso"
621048875,"lpi",40,67.4190360831315,0.382440431650059,0.000579341655531883,0.622919234419935,"incremento"
621048875,"mesh",40,353.290234447324,0.382440431650059,0.000579341655531883,6.41022459503977,"incremento"
621048875,"np",40,15.525,-0.4169681251423,0.000218395884608166,-0.383484162895928,"descenso"
621048875,"pd",40,2.14556843346654,-0.419598838865595,0.000199123974354548,-0.0529978431332588,"descenso"
621048901,"cohesion",40,99.9999917675999,-0.223606797749979,0.0997714364192216,0,"sin tendencia"
621048901,"ed",40,0.0129277928566021,0.223606797749979,0.0997714364192216,0,"sin tendencia"
621048901,"lpi",40,99.9982547993019,-0.223606797749979,0.0997714364192216,0,"sin tendencia"
621048901,"mesh",40,1057.2470617494,-0.223606797749979,0.0997714364192216,0,"sin tendencia"
621048901,"np",40,1,NA,NA,NA,"sin tendencia"
621048901,"pd",40,0.0945819708890299,NA,NA,NA,"sin tendencia"
621048931,"cohesion",40,99.9991924966799,0.0716753065837101,0.538908896963668,0,"sin tendencia"
621048931,"ed",40,1.23142150245404,-0.0916345519792499,0.428903801645848,0,"sin tendencia"
621048931,"lpi",40,99.7669322709163,0.0716753065837101,0.538908896963668,0,"sin tendencia"
621048931,"mesh",40,1959.19447274402,0.0716753065837101,0.538908896963668,0,"sin tendencia"
621048931,"np",40,1,NA,NA,NA,"sin tendencia"
621048931,"pd",40,0.0508042834023099,-Inf,0,0,"descenso"
621050307,"cohesion",40,99.9901500445226,-0.329474785279586,0.00295650444884553,-8.47713632659008e-05,"descenso"
621050307,"ed",40,6.37400651554853,-0.0705580645473204,0.529219062633263,-0.0177774825722743,"sin tendencia"
621050307,"lpi",40,98.2594356106937,-0.356732535616011,0.00129441809814289,-0.0174733531364666,"descenso"
621050307,"mesh",40,1019.57546432171,-0.356732535616011,0.00129441809814289,-0.363376180698543,"descenso"
621050307,"np",40,1.075,0.316063363735897,0.0181726042783114,0,"descenso"
621050307,"pd",40,0.101799981685078,0.243086217402199,0.0623287368196708,0,"sin tendencia"
621051652,"cohesion",40,99.9999318422625,-0.0502235984322411,0.71014812392932,0,"sin tendencia"
621051652,"ed",40,0.103127179545918,0.0456578167565828,0.736673874765301,0,"sin tendencia"
621051652,"lpi",40,99.9838159543366,-0.0502235984322411,0.71014812392932,0,"sin tendencia"
621051652,"mesh",40,1324.95886238914,-0.0502235984322411,0.71014812392932,0,"sin tendencia"
621051652,"np",40,1,NA,NA,NA,"sin tendencia"
621051652,"pd",40,0.0754496301258723,NA,NA,NA,"sin tendencia"
621055752,"cohesion",40,99.4055593383478,-0.105263244625271,0.345240206371372,-0.000554242416361732,"sin tendencia"
621055752,"ed",40,61.2209239179394,0.282413583140971,0.0107130189793658,0.103547567258836,"incremento"
621055752,"lpi",40,44.232449561239,-0.272143998299481,0.0139440278379454,-0.0642529799508721,"descenso"
621055752,"mesh",40,488.882308776325,-0.272143998299481,0.0139440278379454,-1.42999320803079,"descenso"
621055752,"np",40,38.875,0.0199194229124001,0.86969869028994,0,"sin tendencia"
621055752,"pd",40,1.58017615674809,0.0146075768024268,0.906723514098268,0,"sin tendencia"
621055780,"cohesion",40,99.999719933894,-0.43751700815363,0.00052090671526139,0,"descenso"
621055780,"ed",40,0.346481740430557,0.414729488306699,0.00119838936170804,0,"descenso"
621055780,"lpi",40,99.9401363442693,-0.43751700815363,0.00052090671526139,0,"descenso"
621055780,"mesh",40,1081.36249071184,-0.43751700815363,0.00052090671526139,0,"descenso"
621055780,"np",40,1,NA,NA,NA,"sin tendencia"
621055780,"pd",40,0.092365520782981,NA,NA,NA,"sin tendencia"
621055812,"cohesion",40,94.8359495294045,NA,NA,NA,"sin tendencia"
621055812,"ed",40,0,NA,NA,NA,"sin tendencia"
621055812,"lpi",40,52.5,NA,NA,NA,"sin tendencia"
621055812,"mesh",40,3.69957124678273,NA,NA,NA,"sin tendencia"
621055812,"np",40,2,NA,NA,NA,"sin tendencia"
621055812,"pd",40,27.0977346597071,NA,NA,NA,"sin tendencia"
621057133,"cohesion",40,99.1491682458258,0.286080879891863,0.00968984419744289,0.00707582096382271,"incremento"
621057133,"ed",40,80.056979868211,-0.398973783167576,0.000303767359775192,-0.117150140861994,"descenso"
621057133,"lpi",40,40.9310437109723,0.356868073241772,0.00124757164254886,0.104906333630685,"incremento"
621057133,"mesh",40,444.336489777946,0.350224574934881,0.00152808413561492,2.30852832383967,"incremento"
621057133,"np",40,51.4,-0.188271489732657,0.0948228920466671,-0.156923076923077,"sin tendencia"
621057133,"pd",40,1.98797296909099,-0.188271489732657,0.0948228920466671,-0.00606923803793118,"sin tendencia"
621059914,"cohesion",40,99.9987555841419,0.371053825471073,0.000849786756551963,2.89422290070055e-05,"incremento"
621059914,"ed",40,2.24561350698725,-0.380351947459893,0.000630990008597451,-0.0523885374461956,"descenso"
621059914,"lpi",40,99.6192848247643,0.421750798884099,0.00014990856193026,0.00969488516188351,"incremento"
621059914,"mesh",40,2573.23503893024,0.421750798884099,0.00014990856193026,0.501059338673627,"incremento"
621059914,"np",40,1.075,0.0713691466500413,0.607604292051273,0,"sin tendencia"
621059914,"pd",40,0.0414589073249387,0.0713691466500413,0.607604292051273,0,"sin tendencia"
621061290,"cohesion",40,99.9990966415049,0.297874246583768,0.00847379460391153,1.02821809557785e-05,"incremento"
621061290,"ed",40,1.23647903985748,-0.288407112025924,0.0104482537426197,-0.0211399779554877,"descenso"
621061290,"lpi",40,99.8036390581261,0.297874246583768,0.00847379460391153,0.00274438772709873,"incremento"
621061290,"mesh",40,1674.27655971106,0.297874246583768,0.00847379460391153,0.0922257194351914,"incremento"
621061290,"np",40,1.075,-0.173325070435814,0.199232798339594,0,"sin tendencia"
621061290,"pd",40,0.0639553537701195,0.064572085064323,0.643976230657581,0,"sin tendencia"
621066796,"cohesion",40,99.9982740674912,-0.332478643862956,0.00273354041346837,-2.02419158296544e-05,"descenso"
621066796,"ed",40,4.02197091579785,0.275598421017423,0.0130253582236247,0.0418511686598804,"incremento"
621066796,"lpi",40,99.2562569468399,-0.332478643862956,0.00273354041346837,-0.00911101595344634,"descenso"
621066796,"mesh",40,4743.06669231901,-0.332478643862956,0.00273354041346837,-0.871120568108683,"descenso"
621066796,"np",40,1.025,0.223606797749979,0.0997714364192216,0,"sin tendencia"
621066796,"pd",40,0.0212910030473427,-0.762556515403774,1.08067905859213e-08,0,"descenso"
621068136,"cohesion",40,99.8750338637167,0.0700587928644783,0.565281169605897,0,"sin tendencia"
621068136,"ed",40,19.6245585467004,-0.0849649190058566,0.483870373852955,0,"sin tendencia"
621068136,"lpi",40,96.6372549019608,0.098465795180422,0.416456236041254,0,"sin tendencia"
621068136,"mesh",40,22.0082972804377,0.099871045147235,0.409359392935158,0,"sin tendencia"
621068136,"np",40,1.025,0.131870675596141,0.340627677055246,0,"sin tendencia"
621068136,"pd",40,4.35689067065039,0.0401345534423039,0.794949512946621,0,"sin tendencia"
621075050,"cohesion",40,99.9998921125302,0.0507589363390355,0.700762669026608,0,"sin tendencia"
621075050,"ed",40,0.222880652905974,-0.0528743692608355,0.688895354943633,0,"sin tendencia"
621075050,"lpi",40,99.9703902744443,0.0507589363390355,0.700762669026608,0,"sin tendencia"
621075050,"mesh",40,1767.18295303389,0.0507589363390355,0.700762669026608,0,"sin tendencia"
621075050,"np",40,1,NA,NA,NA,"sin tendencia"
621075050,"pd",40,0.0565537611597768,Inf,0,0,"descenso"
621076428,"cohesion",40,100,NA,NA,NA,"sin tendencia"
621076428,"ed",40,0,NA,NA,NA,"sin tendencia"
621076428,"lpi",40,100,NA,NA,NA,"sin tendencia"
621076428,"mesh",40,1279.16596853194,NA,NA,NA,"sin tendencia"
621076428,"np",40,1,NA,NA,NA,"sin tendencia"
621076428,"pd",40,0.0781759384317948,NA,NA,NA,"sin tendencia"
621076447,"cohesion",40,99.9974061804092,-0.134945937123928,0.264276097028508,0,"sin tendencia"
621076447,"ed",40,2.08441778136647,0.154817955492815,0.194192309431571,0,"sin tendencia"
621076447,"lpi",40,99.7449783379283,-0.134945937123928,0.264276097028508,0,"sin tendencia"
621076447,"mesh",40,233.053611152389,-0.134945937123928,0.264276097028508,0,"sin tendencia"
621076447,"np",40,1,NA,NA,NA,"sin tendencia"
621076447,"pd",40,0.426904051341454,-Inf,0,0,"descenso"
621077802,"cohesion",40,99.9997052729134,-0.206453265461392,0.0694142949174234,-4.28637376870711e-06,"sin tendencia"
621077802,"ed",40,0.468252668076017,0.126991202023885,0.261902519026997,0.00335440837982467,"sin tendencia"
621077802,"lpi",40,99.917492988782,-0.206453265461392,0.0694142949174234,-0.00120192307692321,"sin tendencia"
621077802,"mesh",40,1839.1853390266,-0.206453265461392,0.0694142949174234,-0.0442619670435033,"sin tendencia"
621077802,"np",40,1,NA,NA,NA,"sin tendencia"
621077802,"pd",40,0.054282321033067,Inf,0,0,"descenso"
621077804,"cohesion",40,99.9999776327765,0.239150793189919,0.0725487632053473,0,"sin tendencia"
621077804,"ed",40,0.0416914278344807,-0.239150793189919,0.0725487632053473,0,"sin tendencia"
621077804,"lpi",40,99.9950980392157,0.239150793189919,0.0725487632053473,0,"sin tendencia"
621077804,"mesh",40,1129.13501424625,0.239150793189919,0.0725487632053473,0,"sin tendencia"
621077804,"np",40,1,NA,NA,NA,"sin tendencia"
621077804,"pd",40,0.0885546884304152,-Inf,0,0,"descenso"
621077823,"cohesion",40,99.9986728973711,-0.0830920558182949,0.467755372841499,-7.56404066749718e-06,"sin tendencia"
621077823,"ed",40,1.50681450600598,0.109316078784342,0.332440842588405,0.016078469086751,"sin tendencia"
621077823,"lpi",40,99.7490221642764,-0.0830920558182949,0.467755372841499,-0.00143355545897922,"sin tendencia"
621077823,"mesh",40,844.897441105002,-0.0830920558182949,0.467755372841499,-0.0243158876982505,"sin tendencia"
621077823,"np",40,1,NA,NA,NA,"sin tendencia"
621077823,"pd",40,0.117765035461569,Inf,0,0,"descenso"
621079180,"cohesion",40,99.999996482211,0.230003227108734,0.0879016503263329,0,"sin tendencia"
621079180,"ed",40,0.00410303827783178,-0.230003227108734,0.0879016503263329,0,"sin tendencia"
621079180,"lpi",40,99.9993768693918,0.230003227108734,0.0879016503263329,0,"sin tendencia"
621079180,"mesh",40,740.274058606312,0.230003227108734,0.0879016503263329,0,"sin tendencia"
621079180,"np",40,1,NA,NA,NA,"sin tendencia"
621079180,"pd",40,0.135083423029447,NA,NA,NA,"sin tendencia"
621079199,"cohesion",40,99.9906634548871,-0.257132681931364,0.025935236217987,-8.02947310976077e-05,"descenso"
621079199,"ed",40,0.900471254551697,-0.486789401111731,2.83178661945217e-05,-0.00679857496823288,"descenso"
621079199,"lpi",40,99.6815760128856,0.641481650564017,5.99371628611861e-08,0.00228793322895625,"incremento"
621079199,"mesh",40,739.885060318029,0.68478493188037,2.66621334545654e-09,0.0339670717759016,"incremento"
621079199,"np",40,1.95,0.312147236790425,0.0199576283902411,0,"descenso"
621079199,"pd",40,0.261878739122432,-0.0862512101657752,0.534881528661726,0,"sin tendencia"
621080554,"cohesion",40,99.9946127219379,-0.719286070943047,4.07178796145162e-10,-0.000301367881969053,"descenso"
621080554,"ed",40,3.92699547652885,0.634320316233647,3.34495483334989e-08,0.181726471798895,"incremento"
621080554,"lpi",40,99.0360510579577,-0.719286070943047,4.07178796145162e-10,-0.0548841682696325,"descenso"
621080554,"mesh",40,786.941096986272,-0.719286070943047,4.07178796145162e-10,-0.873713555219121,"descenso"
621080554,"np",40,1.025,0.223606797749979,0.0997714364192216,0,"sin tendencia"
621080554,"pd",40,0.127760708488918,0.223606797749979,0.0997714364192216,0,"sin tendencia"
621087434,"cohesion",40,99.9296038669365,-0.441444753911318,7.27799027697962e-05,-0.000591505592601975,"descenso"
621087434,"ed",40,24.6963229766,0.511350961275573,4.28484654385061e-06,0.553528376751038,"incremento"
621087434,"lpi",40,91.9382456441507,-0.444033872702586,6.59771224889812e-05,-0.0998483678081991,"descenso"
621087434,"mesh",40,940.483091054129,-0.446622991493855,5.97791668915852e-05,-2.08721803380233,"descenso"
621087434,"np",40,2.975,0.472963011239847,0.000129830592187684,0,"descenso"
621087434,"pd",40,0.276768554158882,0.472963011239847,0.000129830592187684,0,"descenso"
621088810,"cohesion",40,99.9034210509999,-0.606250168672725,5.0603717554616e-08,-0.004537640021774,"descenso"
621088810,"ed",40,32.7061819100986,0.559615540313284,4.92758978389144e-07,1.6146925084019,"incremento"
621088810,"lpi",40,93.0122180451128,-0.629567482852445,1.52072726932765e-08,-0.380284043441938,"descenso"
621088810,"mesh",40,213.025823698246,-0.629567482852445,1.52072726932765e-08,-1.74601543158974,"descenso"
621088810,"np",40,1.525,0.39786189421144,0.00189875388665746,0,"descenso"
621088810,"pd",40,0.6214142158805,0.390628041589414,0.00229677671103104,0,"descenso"
621090186,"cohesion",40,99.9513584466372,-0.103951242445008,0.414108222359733,0,"sin tendencia"
621090186,"ed",40,8.62975877490442,0.0123331982561874,0.932671067621478,0,"sin tendencia"
621090186,"lpi",40,98.8787878787879,-0.103951242445008,0.414108222359733,0,"sin tendencia"
621090186,"mesh",40,14.8874403767326,-0.103951242445008,0.414108222359733,0,"sin tendencia"
621090186,"np",40,1,NA,NA,NA,"sin tendencia"
621090186,"pd",40,6.56914779629262,Inf,0,0,"descenso"
621090188,"cohesion",40,99.9838898346754,-0.348236477425643,0.00176637539846745,-0.000347643580129744,"descenso"
621090188,"ed",40,11.3258692190656,0.291275864017732,0.00896044513588409,0.196848660112064,"incremento"
621090188,"lpi",40,98.0236842105263,-0.318838563120998,0.0043716654711199,-0.0424872665534802,"descenso"
621090188,"mesh",40,673.808584172118,-0.317167051930419,0.00441454048405468,-0.587089544166192,"descenso"
621090188,"np",40,1.625,0.26028087997782,0.0432627278069107,0,"descenso"
621090188,"pd",40,0.231756941168547,0.250073786645356,0.0522119845629004,0,"sin tendencia"
621091562,"cohesion",40,99.9847173168901,0.00129455939563436,1,0,"sin tendencia"
621091562,"ed",40,20.105254482735,-0.0582551728035463,0.607687085267665,-0.0318274187885024,"sin tendencia"
621091562,"lpi",40,95.8611370492745,0.0129540634331779,0.916362922415656,0,"sin tendencia"
621091562,"mesh",40,2363.20867088295,0.0116510345607093,0.925632331564202,0,"sin tendencia"
621091562,"np",40,2.375,0.117759421207017,0.34746978739696,0,"sin tendencia"
621091562,"pd",40,0.0924538425731896,0.130155149755124,0.298468789893133,0,"sin tendencia"
621091564,"cohesion",40,100,NA,NA,NA,"sin tendencia"
621091564,"ed",40,0,NA,NA,NA,"sin tendencia"
621091564,"lpi",40,100,NA,NA,NA,"sin tendencia"
621091564,"mesh",40,0.369034538332442,NA,NA,NA,"sin tendencia"
621091564,"np",40,1,NA,NA,NA,"sin tendencia"
621091564,"pd",40,270.977346597071,NA,NA,NA,"sin tendencia"
621145233,"cohesion",40,94.881705992868,-0.451115551310253,7.76521645510376e-05,-0.0062880138409606,"descenso"
621145233,"ed",40,11.8633034808981,0.618095635974347,6.0077888515552e-08,0.746050713677974,"incremento"
621145233,"lpi",40,33.2221407624633,-0.380620276485364,0.00406524069100436,0,"descenso"
621145233,"mesh",40,15.0714320963455,-0.513059776266288,6.9323164472086e-06,-0.0444086115885771,"descenso"
621145233,"np",40,7.525,0.308329956404684,0.0159014763400045,0,"descenso"
621145233,"pd",40,11.9595573791376,0.308329956404684,0.0159014763400045,0,"descenso"
621160369,"cohesion",40,99.9987831847018,-0.54361868742297,1.12125666500345e-06,-5.85671933741594e-05,"descenso"
621160369,"ed",40,1.58286442715081,0.689732401853587,6.52282685721645e-10,0.0892879663665876,"incremento"
621160369,"lpi",40,99.6744110611037,-0.638063746638803,1.19054495716734e-08,-0.0171564019886463,"descenso"
621160369,"mesh",40,2260.62609399503,-0.640703215615944,9.79933018031781e-09,-0.778838284233244,"descenso"
621160369,"np",40,1.1,-0.0238704958013144,0.874620556135231,0,"sin tendencia"
621160369,"pd",40,0.048343685886839,-0.0238704958013144,0.874620556135231,0,"sin tendencia"
621161745,"cohesion",40,99.9985398958359,0.145904259987813,0.19156942407303,1.8526721249895e-05,"sin tendencia"
621161745,"ed",40,1.98606418847654,-0.0947508752472501,0.400739331914855,-0.0112604631525502,"sin tendencia"
621161745,"lpi",40,99.6885421120137,0.145904259987813,0.19156942407303,0.00394739399121595,"sin tendencia"
621161745,"mesh",40,1072.26400871092,0.145904259987813,0.19156942407303,0.0849546728690808,"sin tendencia"
621161745,"np",40,1,NA,NA,NA,"sin tendencia"
621161745,"pd",40,0.0926814353474375,-0.164780460524004,0.218254195364688,0,"sin tendencia"
621175505,"cohesion",40,99.9955732262493,0.336127046194147,0.00243758303118412,0.000100663238442805,"incremento"
621175505,"ed",40,5.3545732418645,-0.29491606735042,0.00786199667390357,-0.124037121165243,"descenso"
621175505,"lpi",40,98.8644592797941,0.300067439705886,0.00683928199654178,0.0244987106890504,"incremento"
621175505,"mesh",40,3188.22518287253,0.300067439705886,0.00683928199654178,1.58714839040654,"incremento"
621175505,"np",40,1.525,-0.362956866271542,0.00437880000075631,0,"descenso"
621175505,"pd",40,0.0467585588594985,-0.38204658872917,0.00242353699429683,-1.15648231731787e-19,"descenso"
621176881,"cohesion",40,99.9927478763404,-0.280931567295056,0.0114102309068588,-0.000109788443422778,"descenso"
621176881,"ed",40,9.62133102410899,0.27688626410629,0.012605199471772,0.146673279871903,"incremento"
621176881,"lpi",40,98.2284594579677,-0.358252182146906,0.00124057637758363,-0.0361562078051942,"descenso"
621176881,"mesh",40,1613.12227756313,-0.358252182146906,0.00124057637758363,-1.19050772541141,"descenso"
621176881,"np",40,1.225,-0.0192927042356577,0.896917940070935,0,"sin tendencia"
621176881,"pd",40,0.0732896725906963,0.139336197257528,0.29999424021854,0,"sin tendencia"
670033154,"cohesion",40,80.8590162067555,-0.165208760909287,0.162865502117744,0,"sin tendencia"
670033154,"ed",40,22.6344106597064,0.0909610971830841,0.45256673431359,0,"sin tendencia"
670033154,"lpi",40,36.375,-0.20432991713987,0.1035785183706,0,"sin tendencia"
670033154,"mesh",40,0.92408554864308,-0.18497733059074,0.117836128401033,0,"sin tendencia"
670033154,"np",40,4.4,0.245082141496846,0.0631256830670624,0,"sin tendencia"
670033154,"pd",40,119.230032502711,0.245082141496846,0.0631256830670624,0,"sin tendencia"
670034208,"cohesion",40,88.2537421341462,0.25011127419356,0.0481914548092226,0,"descenso"
670034208,"ed",40,7.22695151885857,-0.434832081473917,0.000698146041437177,0,"descenso"
670034208,"lpi",40,54.8780487804878,NA,NA,NA,"sin tendencia"
670034208,"mesh",40,2.82750212891238,0.491829552608814,9.7008087077478e-05,0,"descenso"
670034208,"np",40,4.925,0.173325070435814,0.199232798339594,0,"sin tendencia"
670034208,"pd",40,65.1006552190523,0.173325070435814,0.199232798339594,0,"sin tendencia"
670035200,"cohesion",40,80.5206928712174,0.123328366159376,0.305327092707282,0,"sin tendencia"
670035200,"ed",40,17.2844590491981,0.00917727339660695,0.950167253951879,0,"sin tendencia"
670035200,"lpi",40,48.9166666666667,-0.0516015687115336,0.707366719735417,0,"sin tendencia"
670035200,"mesh",40,0.908055610884265,0.0217638293222428,0.864344792415338,0,"sin tendencia"
670035200,"np",40,4.625,-0.0546184494202584,0.680838449507676,0,"sin tendencia"
670035200,"pd",40,167.102697068193,-0.0546184494202584,0.680838449507676,0,"sin tendencia"
670036258,"cohesion",40,91.9462064500554,0.344929831456722,0.00403165783364027,0.00096211438264362,"incremento"
670036258,"ed",40,9.86727705761436,-0.442478133486564,0.000243133195624212,-0.119458560021028,"descenso"
670036258,"lpi",40,29.8984034833091,NA,NA,NA,"sin tendencia"
670036258,"mesh",40,9.78170834145156,0.42443881417417,0.000402245765521573,0.00202288007612776,"incremento"
670036258,"np",40,19.7,-0.441787777921702,0.000595517133770202,0,"descenso"
670036258,"pd",40,30.9913133698827,-0.441787777921702,0.000595517133770202,0,"descenso"
670037263,"cohesion",40,91.7142166209092,-0.762559130212338,2.25824547865151e-10,-0.00294422359280904,"descenso"
670037263,"ed",40,5.4800221757409,0.782855380826355,7.42543375956503e-11,0.200687468097778,"incremento"
670037263,"lpi",40,27.8367875647668,-0.782855380826355,7.42543375956503e-11,-0.0431778929188257,"descenso"
670037263,"mesh",40,6.70952115065704,-0.782855380826355,7.42543375956503e-11,-0.0087637735787065,"descenso"
670037263,"np",40,9,NA,NA,NA,"sin tendencia"
670037263,"pd",40,25.2724986463589,NA,NA,NA,"sin tendencia"
670037282,"cohesion",40,87.709858080403,NA,NA,NA,"sin tendencia"
670037282,"ed",40,0,NA,NA,NA,"sin tendencia"
670037282,"lpi",40,38.8888888888889,NA,NA,NA,"sin tendencia"
670037282,"mesh",40,2.48688274998473,NA,NA,NA,"sin tendencia"
670037282,"np",40,6,NA,NA,NA,"sin tendencia"
670037282,"pd",40,72.2606257592188,NA,NA,NA,"sin tendencia"
670038287,"cohesion",40,89.015070807249,0.458983690669814,0.000449548637915598,0,"descenso"
670038287,"ed",40,1.41908530782132,-0.458983690669814,0.000449548637915598,0,"descenso"
670038287,"lpi",40,40.448275862069,0.445254700426338,0.000819986485299911,0,"descenso"
670038287,"mesh",40,3.66168157995911,0.458983690669814,0.000449548637915598,0,"descenso"
670038287,"np",40,7,NA,NA,NA,"sin tendencia"
670038287,"pd",40,52.3266600325378,NA,NA,NA,"sin tendencia"
670038302,"cohesion",40,86.9465718987213,0.442233251757576,0.000431228333964923,0,"descenso"
670038302,"ed",40,8.88392453021934,-0.414043084314862,0.00098455564570679,0,"descenso"
670038302,"lpi",40,37.037037037037,NA,NA,NA,"sin tendencia"
670038302,"mesh",40,3.37833790840558,0.442233251757576,0.000431228333964923,0,"descenso"
670038302,"np",40,13,-0.0694733474291875,0.602689427894331,0,"sin tendencia"
670038302,"pd",40,74.5546138785591,-0.0694733474291875,0.602689427894331,0,"sin tendencia"
670038315,"cohesion",40,99.6104945942265,0.485294336067914,4.62949282149641e-05,0.00774483017053325,"incremento"
670038315,"ed",40,33.247674988054,-0.423509713704047,0.00043159747335851,-0.262783405495174,"descenso"
670038315,"lpi",40,94.3092105263158,0.485294336067914,4.62949282149641e-05,0.109649122807017,"incremento"
670038315,"mesh",40,6.24175185307333,0.485294336067914,4.62949282149641e-05,0.014465992045378,"incremento"
670038315,"np",40,1,NA,NA,NA,"sin tendencia"
670038315,"pd",40,14.2619656103721,NA,NA,NA,"sin tendencia"
670040325,"cohesion",40,85.0928545677242,0.273258230126423,0.0248991671424083,0,"descenso"
670040325,"ed",40,17.6513695396402,-0.270187912933991,0.0265808009764321,0,"descenso"
670040325,"lpi",40,31.7469879518072,0.301822847631275,0.0181439013340983,0,"descenso"
670040325,"mesh",40,2.5035158578997,0.273258230126423,0.0248991671424083,0,"descenso"
670040325,"np",40,10.225,0.0154551371872667,0.919443478607729,0,"sin tendencia"
670040325,"pd",40,66.7649004567481,0.0154551371872667,0.919443478607729,0,"sin tendencia"
670040340,"cohesion",40,94.6845763709893,-0.312147236790425,0.0199576283902411,0,"descenso"
670040340,"ed",40,0.130350369903157,0.312147236790425,0.0199576283902411,0,"descenso"
670040340,"lpi",40,62.89592760181,NA,NA,NA,"sin tendencia"
670040340,"mesh",40,33.4271401329549,-0.312147236790425,0.0199576283902411,0,"descenso"
670040340,"np",40,19,NA,NA,NA,"sin tendencia"
670040340,"pd",40,23.2966949563092,NA,NA,NA,"sin tendencia"
670041349,"cohesion",40,83.5992152812775,-0.521603731688697,5.74816718083796e-05,0,"descenso"
670041349,"ed",40,1.86170477288225,-0.0779407874937134,0.556555890571598,0,"sin tendencia"
670041349,"lpi",40,37.2916666666667,-0.377236918007361,0.0047394521854501,0,"descenso"
670041349,"mesh",40,1.90096719924342,0.0779407874937134,0.556555890571598,0,"sin tendencia"
670041349,"np",40,9.075,0.377236918007361,0.0047394521854501,0,"descenso"
670041349,"pd",40,117.100924779448,0.377236918007361,0.0047394521854501,0,"descenso"
670041370,"cohesion",40,89.2907139852758,0.308572100820995,0.0128935727002462,0,"descenso"
670041370,"ed",40,2.37696789057382,-0.193281425788975,0.120550446666722,0,"sin tendencia"
670041370,"lpi",40,30.6842672413793,0.168822350988528,0.194481240887255,0,"sin tendencia"
670041370,"mesh",40,6.07737351571945,0.21362683902992,0.0859186918859808,0,"sin tendencia"
670041370,"np",40,18.85,-0.261075312210396,0.0384063887939686,0,"descenso"
670041370,"pd",40,44.033818822024,-0.261075312210396,0.0384063887939686,0,"descenso"
670041381,"cohesion",40,87.2372379530912,0.514382954099694,1.15379959230647e-05,0.0294416793670393,"incremento"
670041381,"ed",40,40.4700588362492,-0.414031682425381,0.000535899550191739,-0.706137331334195,"descenso"
670041381,"lpi",40,23.5198555956679,0.502140311212805,2.16114719300143e-05,0.160669655254492,"incremento"
670041381,"mesh",40,1.72618569814302,0.487641660975072,3.37004611619236e-05,0.0219822017418242,"incremento"
670041381,"np",40,5.275,-0.437937282208636,0.000872369331491357,0,"descenso"
670041381,"pd",40,20.6412347046866,-0.437937282208636,0.000872369331491357,0,"descenso"
670042390,"cohesion",40,93.4307736601896,-0.189330232685453,0.13775706004244,0,"sin tendencia"
670042390,"ed",40,4.30868586079851,0.189330232685453,0.13775706004244,0,"sin tendencia"
670042390,"lpi",40,39.5973154362416,NA,NA,NA,"sin tendencia"
670042390,"mesh",40,7.25049154257526,-0.189330232685453,0.13775706004244,0,"sin tendencia"
670042390,"np",40,6.275,0.174412099407066,0.192751586786579,0,"sin tendencia"
670042390,"pd",40,22.8239308710955,0.174412099407066,0.192751586786579,0,"sin tendencia"
670042395,"cohesion",40,88.5999477314955,0.382329145941809,0.00234657127314069,0,"descenso"
670042395,"ed",40,6.43385296598867,-0.308703916464995,0.0142416639647749,0,"descenso"
670042395,"lpi",40,30.1408450704225,-0.380620276485364,0.00406524069100436,0,"descenso"
670042395,"mesh",40,2.74665974764763,0.290711101752988,0.020887494855575,0,"descenso"
670042395,"np",40,6.3,-0.515223017738872,8.86239682143436e-05,0,"descenso"
670042395,"pd",40,48.0889375651139,-0.566547916057686,1.61948782615195e-05,0,"descenso"
670043404,"cohesion",40,98.8359087980659,NA,NA,NA,"sin tendencia"
670043404,"ed",40,0,NA,NA,NA,"sin tendencia"
670043404,"lpi",40,87.3581847649919,NA,NA,NA,"sin tendencia"
670043404,"mesh",40,43.920044477997,NA,NA,NA,"sin tendencia"
670043404,"np",40,3,NA,NA,NA,"sin tendencia"
670043404,"pd",40,5.27022392085064,NA,NA,NA,"sin tendencia"
670044419,"cohesion",40,86.6894693801473,0.151062313691861,0.182584437883157,0.00292097800084576,"sin tendencia"
670044419,"ed",40,12.0426064255622,-0.146579026946503,0.206758958840015,-1.0902612146424e-11,"sin tendencia"
670044419,"lpi",40,17.3387096774194,0.35694884539966,0.00468249020532864,0,"descenso"
670044419,"mesh",40,3.60185999934926,0.189378227595189,0.0961430660263606,0.00172960783309347,"sin tendencia"
670044419,"np",40,21.8,-0.286531188703991,0.024246978586404,0,"descenso"
670044419,"pd",40,54.4452180259552,-0.260324067785943,0.0407717206196719,0,"descenso"
670045443,"cohesion",40,87.0802480237464,0.0337963184709687,0.79578130657343,0,"sin tendencia"
670045443,"ed",40,3.67754447857964,-0.193709711056515,0.123421787769197,0,"sin tendencia"
670045443,"lpi",40,46.3563829787234,0.124943426111608,0.352253241170547,0,"sin tendencia"
670045443,"mesh",40,2.39690877071429,0.188293774338254,0.133329175585391,0,"sin tendencia"
670045443,"np",40,8,NA,NA,NA,"sin tendencia"
670045443,"pd",40,92.2476073521942,NA,NA,NA,"sin tendencia"
670045449,"cohesion",40,88.4640538757112,0.441059019763036,0.00066503799201912,0,"descenso"
670045449,"ed",40,1.21227287536427,-0.441059019763036,0.00066503799201912,0,"descenso"
670045449,"lpi",40,25,0.42966892442366,0.00126648030770279,0,"descenso"
670045449,"mesh",40,3.718729217123,0.441059019763036,0.00066503799201912,0,"descenso"
670045449,"np",40,10,NA,NA,NA,"sin tendencia"
670045449,"pd",40,42.011991720476,NA,NA,NA,"sin tendencia"
670047503,"cohesion",40,95.6779010234398,NA,NA,NA,"sin tendencia"
670047503,"ed",40,0,NA,NA,NA,"sin tendencia"
670047503,"lpi",40,73.4042553191489,NA,NA,NA,"sin tendencia"
670047503,"mesh",40,5.28622346664503,NA,NA,NA,"sin tendencia"
670047503,"np",40,2,NA,NA,NA,"sin tendencia"
670047503,"pd",40,23.0619018380486,NA,NA,NA,"sin tendencia"
670047531,"cohesion",40,99.0607146283249,0.549899420875334,5.2032327222357e-06,0.00317618239509388,"incremento"
670047531,"ed",40,7.49461638984256,-0.204323672845721,0.0984028834798081,0,"sin tendencia"
670047531,"lpi",40,89.8983739837398,0.572983730305475,2.43600568424712e-06,0.0625390869293297,"incremento"
670047531,"mesh",40,9.86317935537937,0.549899420875334,5.2032327222357e-06,0.0139051475513008,"incremento"
670047531,"np",40,1.2,-0.572891899231546,1.62438581801589e-05,0,"descenso"
670047531,"pd",40,10.5747257208613,-0.572891899231546,1.62438581801589e-05,0,"descenso"
670048531,"cohesion",40,89.4347030412619,NA,NA,NA,"sin tendencia"
670048531,"ed",40,0,NA,NA,NA,"sin tendencia"
670048531,"lpi",40,32.7044025157233,NA,NA,NA,"sin tendencia"
670048531,"mesh",40,5.1560391629278,NA,NA,NA,"sin tendencia"
670048531,"np",40,11,NA,NA,NA,"sin tendencia"
670048531,"pd",40,37.4937209128022,NA,NA,NA,"sin tendencia"
670049526,"cohesion",40,82.7353653170536,0.355756827002865,0.00487735497819139,0,"descenso"
670049526,"ed",40,17.5837570413181,-0.372151150827882,0.00322590072989191,0,"descenso"
670049526,"lpi",40,51.3636363636364,0.211486777342717,0.108617078358347,0,"sin tendencia"
670049526,"mesh",40,0.83106158675036,0.359035691767868,0.00449597189800084,0,"descenso"
670049526,"np",40,3.025,0.223606797749979,0.0997714364192216,0,"sin tendencia"
670049526,"pd",40,149.037540628389,0.223606797749979,0.0997714364192216,0,"sin tendencia"
670050598,"cohesion",40,84.134857619621,0.403769956836294,0.00033311214758377,0.00582076590516895,"incremento"
670050598,"ed",40,6.95080205557776,-0.479383080723048,2.65600196168204e-05,-0.119337317459943,"descenso"
670050598,"lpi",40,15.311004784689,NA,NA,NA,"sin tendencia"
670050598,"mesh",40,2.92642512824914,0.719500203321256,1.71661883196124e-10,0.00183063150523764,"incremento"
670050598,"np",40,27.9,-0.400063013413609,0.00162901641850252,0,"descenso"
670050598,"pd",40,72.3470619144332,-0.400063013413609,0.00162901641850252,0,"descenso"
670051579,"cohesion",40,90.1770577167481,0.124685840031871,0.267513566314042,0.0281804024266318,"sin tendencia"
670051579,"ed",40,47.267704338438,-0.297699856537841,0.00801322314836852,-0.597238623870277,"descenso"
670051579,"lpi",40,49.7619047619048,0.129966378698452,0.266314657481646,0.0226757369614512,"sin tendencia"
670051579,"mesh",40,3.10188905907515,0.174270105537507,0.120532845705801,0.00820076751849873,"sin tendencia"
670051579,"np",40,4.375,-0.109079492034691,0.384968802294684,0,"sin tendencia"
670051579,"pd",40,45.1628910995118,-0.109079492034691,0.384968802294684,0,"sin tendencia"
670051600,"cohesion",40,98.3998130961978,0.0555907618680597,0.649046577685529,0,"sin tendencia"
670051600,"ed",40,6.05779136201275,0.652269285730514,1.23374615158943e-07,0.277244455927588,"incremento"
670051600,"lpi",40,79.9366666666667,-0.722679904284776,1.36253608295678e-09,-0.06666666666667,"descenso"
670051600,"mesh",40,46.6122143614023,-0.722679904284776,1.36253608295678e-09,-0.0785428509084269,"descenso"
670051600,"np",40,4.175,0.544200189409969,4.2498352075898e-05,0,"descenso"
670051600,"pd",40,6.03376225089477,0.544200189409969,4.2498352075898e-05,0,"descenso"
670052611,"cohesion",40,87.4555801463513,0.208239043519346,0.118878260751846,0,"sin tendencia"
670052611,"ed",40,12.9557232732428,-0.208239043519346,0.118878260751846,0,"sin tendencia"
670052611,"lpi",40,44.4444444444444,NA,NA,NA,"sin tendencia"
670052611,"mesh",40,1.76137109858255,0.208239043519346,0.118878260751846,0,"sin tendencia"
670052611,"np",40,4.85,-0.208239043519346,0.118878260751846,0,"sin tendencia"
670052611,"pd",40,97.3511208145031,-0.208239043519346,0.118878260751846,0,"sin tendencia"
670052647,"cohesion",40,82.5743018612751,-0.0892080625697004,0.427753214702238,-0.00872231410043867,"sin tendencia"
670052647,"ed",40,48.8444510210192,0.0221674606952957,0.85180625517453,0,"sin tendencia"
670052647,"lpi",40,17.8005464480874,0.609732841342726,2.0566062944247e-06,0,"descenso"
670052647,"mesh",40,1.45778725552198,0.0762793578494539,0.498775051557029,0.00068103871756298,"sin tendencia"
670052647,"np",40,11.125,0.203866492357722,0.0885752775134233,0,"sin tendencia"
670052647,"pd",40,65.8933984894516,0.125935509690344,0.29360184673827,2.368475785867e-16,"sin tendencia"
670055688,"cohesion",40,95.9403596447656,0.178760232076195,0.16888570889263,0,"sin tendencia"
670055688,"ed",40,1.15293779094769,-0.178760232076195,0.16888570889263,0,"sin tendencia"
670055688,"lpi",40,61.6634241245136,-0.0541844344434168,0.695391962813075,0,"sin tendencia"
670055688,"mesh",40,10.2205784662184,0.178760232076195,0.16888570889263,0,"sin tendencia"
670055688,"np",40,5,NA,NA,NA,"sin tendencia"
670055688,"pd",40,21.0877312526904,NA,NA,NA,"sin tendencia"
670056712,"cohesion",40,88.065903588197,NA,NA,NA,"sin tendencia"
670056712,"ed",40,0,NA,NA,NA,"sin tendencia"
670056712,"lpi",40,36.9565217391304,NA,NA,NA,"sin tendencia"
670056712,"mesh",40,3.75552811427988,NA,NA,NA,"sin tendencia"
670056712,"np",40,8,NA,NA,NA,"sin tendencia"
670056712,"pd",40,47.1264950603601,NA,NA,NA,"sin tendencia"
670056748,"cohesion",40,91.6577884488747,-0.124882287970514,0.279472522508658,-0.000228077752890954,"sin tendencia"
670056748,"ed",40,2.24872771082595,-0.0360735540431117,0.766454057354454,0,"sin tendencia"
670056748,"lpi",40,14.8345784418356,NA,NA,NA,"sin tendencia"
670056748,"mesh",40,8.08456162532378,-0.190141647604743,0.0995303379681068,-1.09401914601095e-05,"sin tendencia"
670056748,"np",40,18.7,0.0484274277641287,0.71149080247181,0,"sin tendencia"
670056748,"pd",40,21.6319162491578,0.0484274277641287,0.71149080247181,0,"sin tendencia"
670058744,"cohesion",40,83.5147863264337,-0.197689508198679,0.0746106719544712,-0.0326182939835439,"sin tendencia"
670058744,"ed",40,98.0764401391595,0.0115756225413946,0.925709603286852,2.48565612537277e-11,"sin tendencia"
670058744,"lpi",40,10.3546409807356,0.0165013356309061,0.896385693557119,0,"sin tendencia"
670058744,"mesh",40,1.55020357906164,-0.184852527146817,0.0956488680826152,-0.00824328123530927,"sin tendencia"
670058744,"np",40,19.75,0.0876065310421496,0.461691840659877,0,"sin tendencia"
670058744,"pd",40,37.4907362192094,0.0876065310421496,0.461691840659877,0,"sin tendencia"
670058750,"cohesion",40,87.2619551516885,0.00150635895900184,1,0,"sin tendencia"
670058750,"ed",40,20.2188806683146,-0.021492220347022,0.867840218501838,0,"sin tendencia"
670058750,"lpi",40,22.1894409937888,-0.00513846301412292,0.978049341299712,0,"sin tendencia"
670058750,"mesh",40,3.53470907802769,0.0436844098110533,0.723511502012534,0,"sin tendencia"
670058750,"np",40,14.85,-0.0362189005716252,0.777303383743707,0,"sin tendencia"
670058750,"pd",40,49.9877465461677,-0.0362189005716252,0.777303383743707,0,"sin tendencia"
670058797,"cohesion",40,92.8625740590845,NA,NA,NA,"sin tendencia"
670058797,"ed",40,0,NA,NA,NA,"sin tendencia"
670058797,"lpi",40,46.9026548672566,NA,NA,NA,"sin tendencia"
670058797,"mesh",40,3.92629888239096,NA,NA,NA,"sin tendencia"
670058797,"np",40,3,NA,NA,NA,"sin tendencia"
670058797,"pd",40,28.7763553908393,NA,NA,NA,"sin tendencia"
670060783,"cohesion",40,100,NA,NA,NA,"sin tendencia"
670060783,"ed",40,0,NA,NA,NA,"sin tendencia"
670060783,"lpi",40,100,NA,NA,NA,"sin tendencia"
670060783,"mesh",40,0.276775903749331,NA,NA,NA,"sin tendencia"
670060783,"np",40,1,NA,NA,NA,"sin tendencia"
670060783,"pd",40,361.303128796094,NA,NA,NA,"sin tendencia"
670060838,"cohesion",6,0,NA,NA,NA,"sin tendencia"
670060838,"ed",6,8.23069478529113,0.730296743340221,0.105192505120042,4.93841687117468,"sin tendencia"
670060838,"lpi",6,2.5,NA,NA,NA,"sin tendencia"
670060838,"mesh",6,0.00269087684200739,0.346410161513775,0.558184649422657,0,"sin tendencia"
670060838,"np",6,1.16666666666667,0.346410161513775,0.558184649422657,0,"sin tendencia"
670060838,"pd",6,31.6140237696582,0.346410161513775,0.558184649422657,0,"sin tendencia"
670062832,"cohesion",40,87.5841777243341,0.55509556348585,7.49298739560505e-07,0.0452099654726886,"incremento"
670062832,"ed",40,31.9365303107935,0.399819810646731,0.000441687129637006,0.463436573099386,"incremento"
670062832,"lpi",40,18.3115468409586,0.143337690865371,0.298546508597296,0,"sin tendencia"
670062832,"mesh",40,3.43968932611991,0.683395953159466,1.09776445058002e-09,0.036831392818353,"incremento"
670062832,"np",40,16.025,-0.605073198018631,1.7071399626258e-06,-0.0588235294117647,"descenso"
670062832,"pd",40,37.8423701892641,-0.605073198018631,1.7071399626258e-06,-0.138909315184965,"descenso"
670062877,"cohesion",40,89.3018238838553,0.0168416051542196,0.90327482412767,0,"sin tendencia"
670062877,"ed",40,2.18944590348811,-0.336832103084393,0.00720832108597307,0,"descenso"
670062877,"lpi",40,31.9581280788177,-0.749744767315662,1.6649888948687e-08,0,"descenso"
670062877,"mesh",40,4.02191973468389,0.306517213806798,0.0145249158118649,0,"descenso"
670062877,"np",40,8,NA,NA,NA,"sin tendencia"
670062877,"pd",40,42.715640842888,-Inf,0,0,"descenso"
670063855,"cohesion",40,81.7771028769101,0.374201336217069,0.000751135566179379,0.066992496730382,"incremento"
670063855,"ed",40,32.5601934679722,-0.0195207283543468,0.870139682229404,0,"sin tendencia"
670063855,"lpi",40,21.1894273127753,0.0737773333536739,0.590217720891461,0,"sin tendencia"
670063855,"mesh",40,1.56282875578165,0.224520801730241,0.0436479944529451,0.00907545425808431,"incremento"
670063855,"np",40,12.75,-0.100579449802569,0.43058842851126,0,"sin tendencia"
670063855,"pd",40,60.8803730240114,-0.100579449802569,0.43058842851126,0,"sin tendencia"
670063901,"cohesion",40,96.8107045020557,NA,NA,NA,"sin tendencia"
670063901,"ed",40,0,NA,NA,NA,"sin tendencia"
670063901,"lpi",40,88.7096774193548,NA,NA,NA,"sin tendencia"
670063901,"mesh",40,4.53852960449172,NA,NA,NA,"sin tendencia"
670063901,"np",40,3,NA,NA,NA,"sin tendencia"
670063901,"pd",40,52.4472283736266,NA,NA,NA,"sin tendencia"
670064879,"cohesion",40,93.1659715518573,NA,NA,NA,"sin tendencia"
670064879,"ed",40,0,NA,NA,NA,"sin tendencia"
670064879,"lpi",40,54.4117647058824,NA,NA,NA,"sin tendencia"
670064879,"mesh",40,4.72689827775819,NA,NA,NA,"sin tendencia"
670064879,"np",40,4,NA,NA,NA,"sin tendencia"
670064879,"pd",40,31.8796878349495,NA,NA,NA,"sin tendencia"
670069998,"cohesion",40,82.9418981429827,-0.425107769636754,0.000168958130190326,-0.523388410226421,"descenso"
670069998,"ed",40,72.1815634268188,-0.496316383065462,1.15717165747913e-05,-1.74868309176027,"descenso"
670069998,"lpi",40,18.0321782178218,-0.405617649202268,0.000406196167621428,-0.734714348450974,"descenso"
670069998,"mesh",40,2.18337823081465,-0.433053709256132,0.000127138523957209,-0.110050602543249,"descenso"
670069998,"np",40,3.825,-0.00943928435317472,0.949597809351607,0,"sin tendencia"
670069998,"pd",40,10.2622608983544,0.17305354647487,0.168197634250767,0,"sin tendencia"
670071022,"cohesion",40,89.7029772153753,NA,NA,NA,"sin tendencia"
670071022,"ed",40,0,NA,NA,NA,"sin tendencia"
670071022,"lpi",40,65.8536585365854,NA,NA,NA,"sin tendencia"
670071022,"mesh",40,1.86092416585933,NA,NA,NA,"sin tendencia"
670071022,"np",40,3,NA,NA,NA,"sin tendencia"
670071022,"pd",40,79.3104429064597,NA,NA,NA,"sin tendencia"
670071027,"cohesion",40,84.2317349135038,0.0620912855178547,0.619751506327182,0,"sin tendencia"
670071027,"ed",40,7.10512968646475,-0.0652369362134835,0.602283443461486,0,"sin tendencia"
670071027,"lpi",40,41.025641025641,NA,NA,NA,"sin tendencia"
670071027,"mesh",40,2.53391888291535,0.0620912855178547,0.619751506327182,0,"sin tendencia"
670071027,"np",40,9,NA,NA,NA,"sin tendencia"
670071027,"pd",40,83.3776451067909,NA,NA,NA,"sin tendencia"
670076141,"cohesion",40,85.8874035942841,NA,NA,NA,"sin tendencia"
670076141,"ed",40,0,NA,NA,NA,"sin tendencia"
670076141,"lpi",40,45.6140350877193,NA,NA,NA,"sin tendencia"
670076141,"mesh",40,1.75938834722528,NA,NA,NA,"sin tendencia"
670076141,"np",40,5,NA,NA,NA,"sin tendencia"
670076141,"pd",40,95.0797707358142,NA,NA,NA,"sin tendencia"
670077165,"cohesion",40,87.8662645150761,NA,NA,NA,"sin tendencia"
670077165,"ed",40,0,NA,NA,NA,"sin tendencia"
670077165,"lpi",40,45.7446808510638,NA,NA,NA,"sin tendencia"
670077165,"mesh",40,2.87768421912425,NA,NA,NA,"sin tendencia"
670077165,"np",40,6,NA,NA,NA,"sin tendencia"
670077165,"pd",40,69.1857055141457,NA,NA,NA,"sin tendencia"
670078204,"cohesion",40,90.465356641083,-0.0795138018120695,0.487959499085401,-0.000469564155918579,"sin tendencia"
670078204,"ed",40,19.8280794993876,-0.0559671755493605,0.629563147548497,0,"sin tendencia"
670078204,"lpi",40,30.0992282249173,NA,NA,NA,"sin tendencia"
670078204,"mesh",40,10.336944264722,-0.0702853487483147,0.540991979692401,-0.000124836280131097,"sin tendencia"
670078204,"np",40,25.225,0.0738115889910901,0.554458134462363,0,"sin tendencia"
670078204,"pd",40,30.1451094505451,0.0738115889910901,0.554458134462363,0,"sin tendencia"
670084339,"cohesion",40,85.5757010481172,0.600646191870144,5.59683270496162e-08,0.0850815722903699,"incremento"
670084339,"ed",40,42.0960953965112,-0.552269558278985,6.40466849778969e-07,-1.21553540470371,"descenso"
670084339,"lpi",40,20.9287709497207,0.466882866199537,6.21758130325206e-05,0.111731843575419,"incremento"
670084339,"mesh",40,2.81442309407749,0.547333312768247,7.70830843192328e-07,0.0369742578189296,"incremento"
670084339,"np",40,17.55,-0.304944077968829,0.01162702395919,-0.0488095238095238,"descenso"
670084339,"pd",40,53.1357813718278,-0.304944077968829,0.01162702395919,-0.147779611738227,"descenso"
670085363,"cohesion",40,84.3735695839606,0.115830979199855,0.299544074892572,0.0110876471424754,"sin tendencia"
670085363,"ed",40,92.9365386060053,-0.173470959015005,0.120760403529772,-0.367646891573153,"sin tendencia"
670085363,"lpi",40,18.5175879396985,0.137275911860897,0.237110865027844,0.0329605014318906,"sin tendencia"
670085363,"mesh",40,1.7877892117852,0.130072151975513,0.243731632654713,0.00573192065020691,"sin tendencia"
670085363,"np",40,9.925,0.357541620155895,0.00465446932529065,0,"descenso"
670085363,"pd",40,54.0592997985111,0.360898818467218,0.00428041788724084,0,"descenso"
