"comid","year","population","basin_area_km2","pop_density"
620003068,1985,3.31890106201172,27.4861424617401,0.120748157608203
620003068,1990,3.80997180938721,27.4861424617401,0.138614278620238
620003068,1995,3.7467200756073,27.4861424617401,0.136313055963478
620003068,2000,3.70340585708618,27.4861424617401,0.134737199381151
620003068,2005,4.37660932540894,27.4861424617401,0.159229667513404
620003068,2010,5.06285619735718,27.4861424617401,0.184196680360095
620003068,2015,5.42922306060791,27.4861424617401,0.197525828448471
620003068,2020,5.95393753051758,27.4861424617401,0.216615974351631
620003068,2025,6.33725738525391,27.4861424617401,0.230561905661196
620003069,1985,0,18.0130642325763,0
620003069,1990,0,18.0130642325763,0
620003069,1995,0,18.0130642325763,0
620003069,2000,0,18.0130642325763,0
620003069,2005,0,18.0130642325763,0
620003069,2010,0,18.0130642325763,0
620003069,2015,0,18.0130642325763,0
620003069,2020,0,18.0130642325763,0
620003069,2025,0,18.0130642325763,0
620003071,1985,847.425109863281,28.1583094341469,30.0950279648404
620003071,1990,958.35205078125,28.1583094341469,34.0344314001706
620003071,1995,1051.63439941406,28.1583094341469,37.3472136838858
620003071,2000,1130.13500976562,28.1583094341469,40.1350447692409
620003071,2005,1198.55932617188,28.1583094341469,42.5650314332582
620003071,2010,1274.33557128906,28.1583094341469,45.2561107856747
620003071,2015,1334.72644042969,28.1583094341469,47.4008016550559
620003071,2020,1385.13806152344,28.1583094341469,49.1910945421927
620003071,2025,1418.68469238281,28.1583094341469,50.3824526717647
620003101,1985,141.2119140625,17.0588736392619,8.27791547370945
620003101,1990,155.595764160156,17.0588736392619,9.12110420948572
620003101,1995,166.681671142578,17.0588736392619,9.77096581329683
620003101,2000,172.453231811523,17.0588736392619,10.109297686256
620003101,2005,183.480041503906,17.0588736392619,10.7556949763446
620003101,2010,197.142242431641,17.0588736392619,11.5565802643562
620003101,2015,209.105026245117,17.0588736392619,12.2578448417515
620003101,2020,220.726837158203,17.0588736392619,12.9391214112865
620003101,2025,224.949584960938,17.0588736392619,13.1866610725813
620003119,1985,8877.1103515625,39.2036845650629,226.435613132994
620003119,1990,9839.8212890625,39.2036845650629,250.992257442849
620003119,1995,10673.00390625,39.2036845650629,272.244918421812
620003119,2000,11312.83984375,39.2036845650629,288.565729707754
620003119,2005,13530.9560546875,39.2036845650629,345.145008812408
620003119,2010,15764.5478515625,39.2036845650629,402.119036168641
620003119,2015,17384.80859375,39.2036845650629,443.448333661036
620003119,2020,17626.740234375,39.2036845650629,449.619479136495
620003119,2025,18058.515625,39.2036845650629,460.63312225232
620003127,1985,261.486480712891,21.6523595706896,12.0765813009525
620003127,1990,294.626708984375,21.6523595706896,13.6071409687472
620003127,1995,320.507385253906,21.6523595706896,14.8024229972502
620003127,2000,340.945373535156,21.6523595706896,15.7463380571551
620003127,2005,359.058258056641,21.6523595706896,16.5828697276343
620003127,2010,379.165161132812,21.6523595706896,17.5114938348835
620003127,2015,391.191497802734,21.6523595706896,18.0669222920297
620003127,2020,390.603515625,21.6523595706896,18.0397667214872
620003127,2025,399.271789550781,21.6523595706896,18.4401052572242
620004484,1985,129.918579101562,38.012022886332,3.41782860359893
620004484,1990,140.122589111328,38.012022886332,3.68627025008217
620004484,1995,148.325134277344,38.012022886332,3.90205842822107
620004484,2000,152.680633544922,38.012022886332,4.01664057715332
620004484,2005,165.75471496582,38.012022886332,4.36058652972718
620004484,2010,180.368911743164,38.012022886332,4.74504901469002
620004484,2015,193.232376098633,38.012022886332,5.08345416597425
620004484,2020,203.25032043457,38.012022886332,5.34700089606789
620004484,2025,207.969284057617,38.012022886332,5.47114487117698
620004485,1985,127.262786865234,35.4888880085669,3.58598970005805
620004485,1990,140.567916870117,35.4888880085669,3.96089944650237
620004485,1995,153.762481689453,35.4888880085669,4.33269370548707
620004485,2000,164.589767456055,35.4888880085669,4.63778316796861
620004485,2005,172.3349609375,35.4888880085669,4.85602594524514
620004485,2010,181.06916809082,35.4888880085669,5.10213698572666
620004485,2015,187.402587890625,35.4888880085669,5.28059903836341
620004485,2020,197.416458129883,35.4888880085669,5.56276821303128
620004485,2025,202.674133300781,35.4888880085669,5.71091811194131
620005821,1985,0.411769032478333,2.63709976492779,0.15614465480399
620005821,1990,0.433705747127533,2.63709976492779,0.164463154900554
620005821,1995,0.439078122377396,2.63709976492779,0.16650038357173
620005821,2000,0.446066677570343,2.63709976492779,0.16915047489019
620005821,2005,0.538816452026367,2.63709976492779,0.204321603297826
620005821,2010,0.627672612667084,2.63709976492779,0.23801625596985
620005821,2015,0.738784909248352,2.63709976492779,0.280150534717666
620005821,2020,0.786889374256134,2.63709976492779,0.298391962534523
620005821,2025,0.803175449371338,2.63709976492779,0.304567714901499
620005868,1985,719.203796386719,20.8362858751827,34.5168904235152
620005868,1990,815.087158203125,20.8362858751827,39.1186396215625
620005868,1995,869.410217285156,20.8362858751827,41.725776968758
620005868,2000,907.244934082031,20.8362858751827,43.5415860348996
620005868,2005,959.79052734375,20.8362858751827,46.063417112496
620005868,2010,1012.26263427734,20.8362858751827,48.5817213461738
620005868,2015,1052.88842773438,20.8362858751827,50.5314831079578
620005868,2020,1091.986328125,20.8362858751827,52.4079163948131
620005868,2025,1117.93090820312,20.8362858751827,53.6530797715081
620005900,1985,0,0.167095700009833,0
620005900,1990,0,0.167095700009833,0
620005900,1995,0,0.167095700009833,0
620005900,2000,0,0.167095700009833,0
620005900,2005,0,0.167095700009833,0
620005900,2010,0,0.167095700009833,0
620005900,2015,0,0.167095700009833,0
620005900,2020,0,0.167095700009833,0
620005900,2025,0,0.167095700009833,0
620007234,1985,3780.248046875,17.4875069331284,216.1684945333
620007234,1990,4414.56494140625,17.4875069331284,252.441068832018
620007234,1995,4264.0537109375,17.4875069331284,243.834282796461
620007234,2000,4083.86499023438,17.4875069331284,233.530428656923
620007234,2005,4204.0166015625,17.4875069331284,240.401139947422
620007234,2010,4339.7392578125,17.4875069331284,248.162260887588
620007234,2015,4448.87548828125,17.4875069331284,254.403072164237
620007234,2020,4643.77099609375,17.4875069331284,265.547914511278
620007234,2025,4762.0244140625,17.4875069331284,272.310080120186
620007257,1985,323.830718994141,62.6628139048135,5.16782919270188
620007257,1990,387.946594238281,62.6628139048135,6.19101776737289
620007257,1995,419.894104003906,62.6628139048135,6.70084979971913
620007257,2000,444.349639892578,62.6628139048135,7.09112170684766
620007257,2005,478.069152832031,62.6628139048135,7.62923212414673
620007257,2010,514.473999023438,62.6628139048135,8.21019623863265
620007257,2015,545.735961914062,62.6628139048135,8.70908802057709
620007257,2020,574.535583496094,62.6628139048135,9.1686847061932
620007257,2025,587.597961425781,62.6628139048135,9.3771397230638
620007280,1985,208.970581054688,29.9262942917835,6.98284187869068
620007280,1990,246.586456298828,29.9262942917835,8.23979253477202
620007280,1995,257.870910644531,29.9262942917835,8.61686743204059
620007280,2000,262.495727539062,29.9262942917835,8.77140767846866
620007280,2005,278.0712890625,29.9262942917835,9.29187176839489
620007280,2010,294.965698242188,29.9262942917835,9.85640572020883
620007280,2015,309.243041992188,29.9262942917835,10.3334893046578
620007280,2020,326.327056884766,29.9262942917835,10.9043590129487
620007280,2025,333.562896728516,29.9262942917835,11.146147714657
620008574,1985,4.46660709381104,19.6390174142872,0.227435364997518
620008574,1990,4.88938808441162,19.6390174142872,0.248962969036049
620008574,1995,5.31174612045288,19.6390174142872,0.270469036632588
620008574,2000,5.62666273117065,19.6390174142872,0.286504289520987
620008574,2005,6.39656019210815,19.6390174142872,0.325706732530046
620008574,2010,7.1469841003418,19.6390174142872,0.363917600844044
620008574,2015,7.88723087310791,19.6390174142872,0.401610259145145
620008574,2020,8.49519157409668,19.6390174142872,0.43256703708183
620008574,2025,8.66371440887451,19.6390174142872,0.441148058790952
620008582,1985,0,0.0543800896320896,0
620008582,1990,0,0.0543800896320896,0
620008582,1995,0,0.0543800896320896,0
620008582,2000,0,0.0543800896320896,0
620008582,2005,0,0.0543800896320896,0
620008582,2010,0,0.0543800896320896,0
620008582,2015,0,0.0543800896320896,0
620008582,2020,0,0.0543800896320896,0
620008582,2025,0,0.0543800896320896,0
620009972,1985,4141.77587890625,23.5548839338107,175.835121520643
620009972,1990,4587.302734375,23.5548839338107,194.749536752774
620009972,1995,4982.4501953125,23.5548839338107,211.525143121622
620009972,2000,5301.58935546875,23.5548839338107,225.073889999468
620009972,2005,5704.57275390625,23.5548839338107,242.182163577461
620009972,2010,6146.44482421875,23.5548839338107,260.941418412007
620009972,2015,6541.25927734375,23.5548839338107,277.702887253646
620009972,2020,6965.77490234375,23.5548839338107,295.725290853379
620009972,2025,7217.56591796875,23.5548839338107,306.414836865685
620009985,1985,898.798278808594,32.4627959332465,27.6870261161978
620009985,1990,1075.15087890625,32.4627959332465,33.1194787139435
620009985,1995,1120.13122558594,32.4627959332465,34.5050755298241
620009985,2000,1143.54296875,32.4627959332465,35.2262624298128
620009985,2005,1194.9658203125,32.4627959332465,36.8103173481951
620009985,2010,1252.19873046875,32.4627959332465,38.573348181212
620009985,2015,1305.56298828125,32.4627959332465,40.2172071366216
620009985,2020,1389.21923828125,32.4627959332465,42.7941955812405
620009985,2025,1426.67553710938,32.4627959332465,43.9480179108127
620010011,1985,0,27.1213651372928,0
620010011,1990,0,27.1213651372928,0
620010011,1995,0,27.1213651372928,0
620010011,2000,0,27.1213651372928,0
620010011,2005,0,27.1213651372928,0
620010011,2010,0,27.1213651372928,0
620010011,2015,0,27.1213651372928,0
620010011,2020,0,27.1213651372928,0
620010011,2025,0,27.1213651372928,0
620010021,1985,3.20960235595703,47.9882035215177,0.0668831529506592
620010021,1990,3.8699676990509,47.9882035215177,0.0806441461663724
620010021,1995,3.91674184799194,47.9882035215177,0.0816188471451258
620010021,2000,3.88699722290039,47.9882035215177,0.080999015125821
620010021,2005,4.64449882507324,47.9882035215177,0.0967841778655179
620010021,2010,5.50790596008301,47.9882035215177,0.114776248242202
620010021,2015,6.35419321060181,47.9882035215177,0.132411566683312
620010021,2020,7.17557048797607,47.9882035215177,0.149527799780181
620010021,2025,7.78040885925293,47.9882035215177,0.162131696715094
620011368,1985,0,31.8563811782491,0
620011368,1990,0,31.8563811782491,0
620011368,1995,0,31.8563811782491,0
620011368,2000,0,31.8563811782491,0
620011368,2005,0,31.8563811782491,0
620011368,2010,0,31.8563811782491,0
620011368,2015,0,31.8563811782491,0
620011368,2020,0,31.8563811782491,0
620011368,2025,0,31.8563811782491,0
620011380,1985,0,30.0141325366818,0
620011380,1990,0,30.0141325366818,0
620011380,1995,0,30.0141325366818,0
620011380,2000,0,30.0141325366818,0
620011380,2005,0,30.0141325366818,0
620011380,2010,0,30.0141325366818,0
620011380,2015,0,30.0141325366818,0
620011380,2020,0,30.0141325366818,0
620011380,2025,0,30.0141325366818,0
620011390,1985,112.869514465332,31.9421330041945,3.53356222173737
620011390,1990,135.271392822266,31.9421330041945,4.23488916048601
620011390,1995,137.996810913086,31.9421330041945,4.32021277022937
620011390,2000,136.933517456055,31.9421330041945,4.28692465334338
620011390,2005,150.884536743164,31.9421330041945,4.72368381671164
620011390,2010,166.575378417969,31.9421330041945,5.21491092645863
620011390,2015,182.969711303711,31.9421330041945,5.72816196337559
620011390,2020,204.656372070312,31.9421330041945,6.40709786173134
620011390,2025,221.345397949219,31.9421330041945,6.92957473817271
620011394,1985,78.1708908081055,15.4887481888735,5.04694697433719
620011394,1990,96.7825393676758,15.4887481888735,6.24857078102676
620011394,1995,108.984878540039,15.4887481888735,7.03639036615818
620011394,2000,121.164398193359,15.4887481888735,7.82273665475428
620011394,2005,135.718902587891,15.4887481888735,8.76241907563493
620011394,2010,151.349258422852,15.4887481888735,9.77156168963837
620011394,2015,169.242980957031,15.4887481888735,10.9268340406366
620011394,2020,186.898834228516,15.4887481888735,12.0667488391849
620011394,2025,203.731430053711,15.4887481888735,13.1535116698497
620011398,1985,178.677459716797,24.1993930737795,7.3835512804822
620011398,1990,215.313827514648,24.1993930737795,8.89748874520101
620011398,1995,249.615386962891,24.1993930737795,10.3149441063195
620011398,2000,283.860687255859,24.1993930737795,11.7300746506501
620011398,2005,320.667114257812,24.1993930737795,13.2510395314526
620011398,2010,361.903869628906,24.1993930737795,14.9550804239399
620011398,2015,403.906616210938,24.1993930737795,16.6907746396573
620011398,2020,448.803558349609,24.1993930737795,18.5460667125531
620011398,2025,487.429168701172,24.1993930737795,20.1422063443942
620012720,1985,0,0.449586365204532,0
620012720,1990,0,0.449586365204532,0
620012720,1995,0,0.449586365204532,0
620012720,2000,0,0.449586365204532,0
620012720,2005,0,0.449586365204532,0
620012720,2010,0,0.449586365204532,0
620012720,2015,0,0.449586365204532,0
620012720,2020,0,0.449586365204532,0
620012720,2025,0,0.449586365204532,0
620012728,1985,0,20.0990174196412,0
620012728,1990,0,20.0990174196412,0
620012728,1995,0,20.0990174196412,0
620012728,2000,0,20.0990174196412,0
620012728,2005,0,20.0990174196412,0
620012728,2010,0,20.0990174196412,0
620012728,2015,0,20.0990174196412,0
620012728,2020,0,20.0990174196412,0
620012728,2025,0,20.0990174196412,0
620012776,1985,25.5358982086182,43.2229520612494,0.590794866866852
620012776,1990,31.5740146636963,43.2229520612494,0.730491860411433
620012776,1995,35.7954444885254,43.2229520612494,0.828158253462215
620012776,2000,40.2750282287598,43.2229520612494,0.931797258356803
620012776,2005,45.0237236022949,43.2229520612494,1.04166239127984
620012776,2010,50.532341003418,43.2229520612494,1.16910897089608
620012776,2015,56.5016822814941,43.2229520612494,1.30721479184087
620012776,2020,63.8943290710449,43.2229520612494,1.47825000431491
620012776,2025,69.4262771606445,43.2229520612494,1.60623635938294
620014149,1985,0,24.4465134376067,0
620014149,1990,0,24.4465134376067,0
620014149,1995,0,24.4465134376067,0
620014149,2000,0,24.4465134376067,0
620014149,2005,0,24.4465134376067,0
620014149,2010,0,24.4465134376067,0
620014149,2015,0,24.4465134376067,0
620014149,2020,0,24.4465134376067,0
620014149,2025,0,24.4465134376067,0
620015505,1985,0,33.4228717405776,0
620015505,1990,0,33.4228717405776,0
620015505,1995,0,33.4228717405776,0
620015505,2000,0,33.4228717405776,0
620015505,2005,0,33.4228717405776,0
620015505,2010,0,33.4228717405776,0
620015505,2015,0,33.4228717405776,0
620015505,2020,0,33.4228717405776,0
620015505,2025,0,33.4228717405776,0
620015527,1985,0,0.114398438835445,0
620015527,1990,0,0.114398438835445,0
620015527,1995,0,0.114398438835445,0
620015527,2000,0,0.114398438835445,0
620015527,2005,0,0.114398438835445,0
620015527,2010,0,0.114398438835445,0
620015527,2015,0,0.114398438835445,0
620015527,2020,0,0.114398438835445,0
620015527,2025,0,0.114398438835445,0
620016852,1985,0,1.05138774305273,0
620016852,1990,0,1.05138774305273,0
620016852,1995,0,1.05138774305273,0
620016852,2000,0,1.05138774305273,0
620016852,2005,0,1.05138774305273,0
620016852,2010,0,1.05138774305273,0
620016852,2015,0,1.05138774305273,0
620016852,2020,0,1.05138774305273,0
620016852,2025,0,1.05138774305273,0
620018287,1985,0,18.6555918928331,0
620018287,1990,0,18.6555918928331,0
620018287,1995,0,18.6555918928331,0
620018287,2000,0,18.6555918928331,0
620018287,2005,0,18.6555918928331,0
620018287,2010,0,18.6555918928331,0
620018287,2015,0,18.6555918928331,0
620018287,2020,0,18.6555918928331,0
620018287,2025,0,18.6555918928331,0
620019630,1985,144.531646728516,41.227103904652,3.5057433833524
620019630,1990,178.935668945312,41.227103904652,4.34024348057885
620019630,1995,202.032012939453,41.227103904652,4.90046580537655
620019630,2000,224.145523071289,41.227103904652,5.43684862244221
620019630,2005,249.211303710938,41.227103904652,6.04484138122584
620019630,2010,278.349029541016,41.227103904652,6.75160278502142
620019630,2015,310.399078369141,41.227103904652,7.52900516822662
620019630,2020,356.702239990234,41.227103904652,8.65212945384662
620019630,2025,397.520446777344,41.227103904652,9.64221129130752
620019649,1985,117.958145141602,25.4004432080513,4.64394042952021
620019649,1990,138.560073852539,25.4004432080513,5.45502583232952
620019649,1995,128.375732421875,25.4004432080513,5.05407450454183
620019649,2000,116.478485107422,25.4004432080513,4.58568711393591
620019649,2005,125.523063659668,25.4004432080513,4.94176667042881
620019649,2010,135.86051940918,25.4004432080513,5.34874601582208
620019649,2015,146.622909545898,25.4004432080513,5.77245476958538
620019649,2020,163.18505859375,25.4004432080513,6.42449650414069
620019649,2025,176.883819580078,25.4004432080513,6.96380839228861
620019653,1985,63.3141136169434,50.590637767653,1.25149862525405
620019653,1990,80.387077331543,50.590637767653,1.58897141603029
620019653,1995,90.1472244262695,50.590637767653,1.78189539416932
620019653,2000,99.0728530883789,50.590637767653,1.95832386109441
620019653,2005,110.92554473877,50.590637767653,2.19261012775162
620019653,2010,124.822380065918,50.590637767653,2.4673019668024
620019653,2015,137.739929199219,50.590637767653,2.72263674223312
620019653,2020,154.400787353516,50.590637767653,3.05196364715998
620019653,2025,166.644912719727,50.590637767653,3.29398718958781
620021002,1985,59.7242240905762,14.6658966133449,4.07231999959902
620021002,1990,69.297119140625,14.6658966133449,4.72505166016031
620021002,1995,80.8326644897461,14.6658966133449,5.5116074128188
620021002,2000,92.4438705444336,14.6658966133449,6.30332212081164
620021002,2005,107.132041931152,14.6658966133449,7.30484093510312
620021002,2010,124.30721282959,14.6658966133449,8.47593680133262
620021002,2015,141.944915771484,14.6658966133449,9.67857059910844
620021002,2020,162.641418457031,14.6658966133449,11.0897698753064
620021002,2025,181.080932617188,14.6658966133449,12.3470754902511
620022391,1985,277.766235351562,23.922131789968,11.6112659937793
620022391,1990,322.878875732422,23.922131789968,13.4970778761375
620022391,1995,370.329132080078,23.922131789968,15.4806074697481
620022391,2000,417.396392822266,23.922131789968,17.4481269682372
620022391,2005,474.062744140625,23.922131789968,19.8169104786651
620022391,2010,538.994689941406,23.922131789968,22.5312148045033
620022391,2015,604.81298828125,23.922131789968,25.2825707002787
620022391,2020,675.362243652344,23.922131789968,28.2316914555066
620022391,2025,733.360534667969,23.922131789968,30.6561531015188
620027904,1985,0,25.1026418236501,0
620027904,1990,0,25.1026418236501,0
620027904,1995,0,25.1026418236501,0
620027904,2000,0,25.1026418236501,0
620027904,2005,0,25.1026418236501,0
620027904,2010,0,25.1026418236501,0
620027904,2015,0,25.1026418236501,0
620027904,2020,0,25.1026418236501,0
620027904,2025,0,25.1026418236501,0
620029271,1985,17.8954486846924,51.2108401939699,0.349446496423614
620029271,1990,19.8317642211914,51.2108401939699,0.387257153877483
620029271,1995,23.2122211456299,51.2108401939699,0.45326772725676
620029271,2000,26.7194519042969,51.2108401939699,0.521753827960884
620029271,2005,31.1604862213135,51.2108401939699,0.608474418761492
620029271,2010,36.3794746398926,51.2108401939699,0.710386209288874
620029271,2015,41.7515106201172,51.2108401939699,0.815286577255443
620029271,2020,48.6478042602539,51.2108401939699,0.949951300857239
620029271,2025,54.269702911377,51.2108401939699,1.05973076609993
620030632,1985,0,0.544025135275336,0
620030632,1990,0,0.544025135275336,0
620030632,1995,0,0.544025135275336,0
620030632,2000,0,0.544025135275336,0
620030632,2005,0,0.544025135275336,0
620030632,2010,0,0.544025135275336,0
620030632,2015,0,0.544025135275336,0
620030632,2020,0,0.544025135275336,0
620030632,2025,0,0.544025135275336,0
620030642,1985,0,39.9427901541423,0
620030642,1990,0,39.9427901541423,0
620030642,1995,0,39.9427901541423,0
620030642,2000,0,39.9427901541423,0
620030642,2005,0,39.9427901541423,0
620030642,2010,0,39.9427901541423,0
620030642,2015,0,39.9427901541423,0
620030642,2020,0,39.9427901541423,0
620030642,2025,0,39.9427901541423,0
620030700,1985,0,20.2770568735291,0
620030700,1990,0,20.2770568735291,0
620030700,1995,0,20.2770568735291,0
620030700,2000,0,20.2770568735291,0
620030700,2005,0,20.2770568735291,0
620030700,2010,0,20.2770568735291,0
620030700,2015,0,20.2770568735291,0
620030700,2020,0,20.2770568735291,0
620030700,2025,0,20.2770568735291,0
620033387,1985,0,68.7028286862774,0
620033387,1990,0,68.7028286862774,0
620033387,1995,0,68.7028286862774,0
620033387,2000,0,68.7028286862774,0
620033387,2005,0,68.7028286862774,0
620033387,2010,0,68.7028286862774,0
620033387,2015,0,68.7028286862774,0
620033387,2020,0,68.7028286862774,0
620033387,2025,0,68.7028286862774,0
620033391,1985,0,24.8046986262942,0
620033391,1990,0,24.8046986262942,0
620033391,1995,0,24.8046986262942,0
620033391,2000,0,24.8046986262942,0
620033391,2005,0,24.8046986262942,0
620033391,2010,0,24.8046986262942,0
620033391,2015,0,24.8046986262942,0
620033391,2020,0,24.8046986262942,0
620033391,2025,0,24.8046986262942,0
620034815,1985,0.974281907081604,30.1291578864523,0.0323368449511061
620034815,1990,1.11210513114929,30.1291578864523,0.0369112583677407
620034815,1995,1.29784679412842,30.1291578864523,0.0430761058446974
620034815,2000,1.4892840385437,30.1291578864523,0.0494299921742374
620034815,2005,1.73253905773163,30.1291578864523,0.0575037332361245
620034815,2010,2.02153205871582,30.1291578864523,0.0670955380277924
620034815,2015,2.32613110542297,30.1291578864523,0.0772053143399978
620034815,2020,2.66399383544922,30.1291578864523,0.0884191269297671
620034815,2025,2.97185349464417,30.1291578864523,0.0986371244043456
620036188,1985,0,13.1796068722677,0
620036188,1990,0,13.1796068722677,0
620036188,1995,0,13.1796068722677,0
620036188,2000,0,13.1796068722677,0
620036188,2005,0,13.1796068722677,0
620036188,2010,0,13.1796068722677,0
620036188,2015,0,13.1796068722677,0
620036188,2020,0,13.1796068722677,0
620036188,2025,0,13.1796068722677,0
620038918,1985,0,22.9172355245407,0
620038918,1990,0,22.9172355245407,0
620038918,1995,0,22.9172355245407,0
620038918,2000,0,22.9172355245407,0
620038918,2005,0,22.9172355245407,0
620038918,2010,0,22.9172355245407,0
620038918,2015,0,22.9172355245407,0
620038918,2020,0,22.9172355245407,0
620038918,2025,0,22.9172355245407,0
620040281,1985,0,18.468302662896,0
620040281,1990,0,18.468302662896,0
620040281,1995,0,18.468302662896,0
620040281,2000,0,18.468302662896,0
620040281,2005,0,18.468302662896,0
620040281,2010,0,18.468302662896,0
620040281,2015,0,18.468302662896,0
620040281,2020,0,18.468302662896,0
620040281,2025,0,18.468302662896,0
620040292,1985,0,21.3818637172021,0
620040292,1990,0,21.3818637172021,0
620040292,1995,0,21.3818637172021,0
620040292,2000,0,21.3818637172021,0
620040292,2005,0,21.3818637172021,0
620040292,2010,0,21.3818637172021,0
620040292,2015,0,21.3818637172021,0
620040292,2020,0,21.3818637172021,0
620040292,2025,0,21.3818637172021,0
620040307,1985,0,35.8965995279756,0
620040307,1990,0,35.8965995279756,0
620040307,1995,0,35.8965995279756,0
620040307,2000,0,35.8965995279756,0
620040307,2005,0,35.8965995279756,0
620040307,2010,0,35.8965995279756,0
620040307,2015,0,35.8965995279756,0
620040307,2020,0,35.8965995279756,0
620040307,2025,0,35.8965995279756,0
620043042,1985,0,16.1569112797018,0
620043042,1990,0,16.1569112797018,0
620043042,1995,0,16.1569112797018,0
620043042,2000,0,16.1569112797018,0
620043042,2005,0,16.1569112797018,0
620043042,2010,0,16.1569112797018,0
620043042,2015,0,16.1569112797018,0
620043042,2020,0,16.1569112797018,0
620043042,2025,0,16.1569112797018,0
620044403,1985,0,60.1153051858404,0
620044403,1990,0,60.1153051858404,0
620044403,1995,0,60.1153051858404,0
620044403,2000,0,60.1153051858404,0
620044403,2005,0,60.1153051858404,0
620044403,2010,0,60.1153051858404,0
620044403,2015,0,60.1153051858404,0
620044403,2020,0,60.1153051858404,0
620044403,2025,0,60.1153051858404,0
620044412,1985,0,21.8689343517844,0
620044412,1990,0,21.8689343517844,0
620044412,1995,0,21.8689343517844,0
620044412,2000,0,21.8689343517844,0
620044412,2005,0,21.8689343517844,0
620044412,2010,0,21.8689343517844,0
620044412,2015,0,21.8689343517844,0
620044412,2020,0,21.8689343517844,0
620044412,2025,0,21.8689343517844,0
620048560,1985,0,19.2417492808883,0
620048560,1990,0,19.2417492808883,0
620048560,1995,0,19.2417492808883,0
620048560,2000,0,19.2417492808883,0
620048560,2005,0,19.2417492808883,0
620048560,2010,0,19.2417492808883,0
620048560,2015,0,19.2417492808883,0
620048560,2020,0,19.2417492808883,0
620048560,2025,0,19.2417492808883,0
620049936,1985,0,17.9623158951939,0
620049936,1990,0,17.9623158951939,0
620049936,1995,0,17.9623158951939,0
620049936,2000,0,17.9623158951939,0
620049936,2005,0,17.9623158951939,0
620049936,2010,0,17.9623158951939,0
620049936,2015,0,17.9623158951939,0
620049936,2020,0,17.9623158951939,0
620049936,2025,0,17.9623158951939,0
620059543,1985,0,0.284829168871847,0
620059543,1990,0,0.284829168871847,0
620059543,1995,0,0.284829168871847,0
620059543,2000,0,0.284829168871847,0
620059543,2005,0,0.284829168871847,0
620059543,2010,0,0.284829168871847,0
620059543,2015,0,0.284829168871847,0
620059543,2020,0,0.284829168871847,0
620059543,2025,0,0.284829168871847,0
620499909,1985,311.676330566406,27.1983388178077,11.459388481562
620499909,1990,363.992858886719,27.1983388178077,13.3829077328943
620499909,1995,414.3486328125,27.1983388178077,15.2343360228019
620499909,2000,462.861358642578,27.1983388178077,17.0180010530469
620499909,2005,522.373840332031,27.1983388178077,19.2060935717888
620499909,2010,591.202697753906,27.1983388178077,21.7367208238036
620499909,2015,659.490905761719,27.1983388178077,24.2474700451164
620499909,2020,735.576782226562,27.1983388178077,27.0449157631993
620499909,2025,797.492858886719,27.1983388178077,29.3213811412839
620501242,1985,0,60.4049592106514,0
620501242,1990,0,60.4049592106514,0
620501242,1995,0,60.4049592106514,0
620501242,2000,0,60.4049592106514,0
620501242,2005,0,60.4049592106514,0
620501242,2010,0,60.4049592106514,0
620501242,2015,0,60.4049592106514,0
620501242,2020,0,60.4049592106514,0
620501242,2025,0,60.4049592106514,0
620501243,1985,0,26.0994588979218,0
620501243,1990,0,26.0994588979218,0
620501243,1995,0,26.0994588979218,0
620501243,2000,0,26.0994588979218,0
620501243,2005,0,26.0994588979218,0
620501243,2010,0,26.0994588979218,0
620501243,2015,0,26.0994588979218,0
620501243,2020,0,26.0994588979218,0
620501243,2025,0,26.0994588979218,0
620501285,1985,1.35160326957703,50.2608799393375,0.0268917550032619
620501285,1990,1.5250917673111,50.2608799393375,0.030343515058865
620501285,1995,1.73103904724121,50.2608799393375,0.0344410812013338
620501285,2000,1.92882871627808,50.2608799393375,0.0383763419702576
620501285,2005,2.17372131347656,50.2608799393375,0.0432487715316592
620501285,2010,2.45499205589294,50.2608799393375,0.0488449875699749
620501285,2015,2.72471809387207,50.2608799393375,0.0542115079791813
620501285,2020,2.98120403289795,50.2608799393375,0.0593146008684313
620501285,2025,3.23249340057373,50.2608799393375,0.0643143017884923
620502618,1985,0,29.2814481218406,0
620502618,1990,0,29.2814481218406,0
620502618,1995,0,29.2814481218406,0
620502618,2000,0,29.2814481218406,0
620502618,2005,0,29.2814481218406,0
620502618,2010,0,29.2814481218406,0
620502618,2015,0,29.2814481218406,0
620502618,2020,0,29.2814481218406,0
620502618,2025,0,29.2814481218406,0
620503994,1985,0,24.4827311905958,0
620503994,1990,0,24.4827311905958,0
620503994,1995,0,24.4827311905958,0
620503994,2000,0,24.4827311905958,0
620503994,2005,0,24.4827311905958,0
620503994,2010,0,24.4827311905958,0
620503994,2015,0,24.4827311905958,0
620503994,2020,0,24.4827311905958,0
620503994,2025,0,24.4827311905958,0
620503997,1985,0,68.305889984467,0
620503997,1990,0,68.305889984467,0
620503997,1995,0,68.305889984467,0
620503997,2000,0,68.305889984467,0
620503997,2005,0,68.305889984467,0
620503997,2010,0,68.305889984467,0
620503997,2015,0,68.305889984467,0
620503997,2020,0,68.305889984467,0
620503997,2025,0,68.305889984467,0
620505351,1985,3.04400849342346,46.9909523326493,0.0647786082706922
620505351,1990,3.02343559265137,46.9909523326493,0.0643408026985374
620505351,1995,3.18591403961182,46.9909523326493,0.0677984565424149
620505351,2000,3.28644514083862,46.9909523326493,0.0699378279796045
620505351,2005,3.72146987915039,46.9909523326493,0.07919545560188
620505351,2010,4.22885322570801,46.9909523326493,0.0899929245053797
620505351,2015,4.62193441390991,46.9909523326493,0.0983579643415439
620505351,2020,4.76612520217896,46.9909523326493,0.10142644414694
620505351,2025,4.87180757522583,46.9909523326493,0.103675438214962
620505370,1985,0,28.1676257903604,0
620505370,1990,0,28.1676257903604,0
620505370,1995,0,28.1676257903604,0
620505370,2000,0,28.1676257903604,0
620505370,2005,0,28.1676257903604,0
620505370,2010,0,28.1676257903604,0
620505370,2015,0,28.1676257903604,0
620505370,2020,0,28.1676257903604,0
620505370,2025,0,28.1676257903604,0
620506740,1985,0,55.4800907060357,0
620506740,1990,0,55.4800907060357,0
620506740,1995,0,55.4800907060357,0
620506740,2000,0,55.4800907060357,0
620506740,2005,0,55.4800907060357,0
620506740,2010,0,55.4800907060357,0
620506740,2015,0,55.4800907060357,0
620506740,2020,0,55.4800907060357,0
620506740,2025,0,55.4800907060357,0
620506746,1985,0,20.6375727673599,0
620506746,1990,0,20.6375727673599,0
620506746,1995,0,20.6375727673599,0
620506746,2000,0,20.6375727673599,0
620506746,2005,0,20.6375727673599,0
620506746,2010,0,20.6375727673599,0
620506746,2015,0,20.6375727673599,0
620506746,2020,0,20.6375727673599,0
620506746,2025,0,20.6375727673599,0
620508116,1985,0,71.9694131383054,0
620508116,1990,0,71.9694131383054,0
620508116,1995,0,71.9694131383054,0
620508116,2000,0,71.9694131383054,0
620508116,2005,0,71.9694131383054,0
620508116,2010,0,71.9694131383054,0
620508116,2015,0,71.9694131383054,0
620508116,2020,0,71.9694131383054,0
620508116,2025,0,71.9694131383054,0
620509492,1985,0,27.2157366376892,0
620509492,1990,0,27.2157366376892,0
620509492,1995,0,27.2157366376892,0
620509492,2000,0,27.2157366376892,0
620509492,2005,0,27.2157366376892,0
620509492,2010,0,27.2157366376892,0
620509492,2015,0,27.2157366376892,0
620509492,2020,0,27.2157366376892,0
620509492,2025,0,27.2157366376892,0
620510868,1985,0,18.6693830397898,0
620510868,1990,0,18.6693830397898,0
620510868,1995,0,18.6693830397898,0
620510868,2000,0,18.6693830397898,0
620510868,2005,0,18.6693830397898,0
620510868,2010,0,18.6693830397898,0
620510868,2015,0,18.6693830397898,0
620510868,2020,0,18.6693830397898,0
620510868,2025,0,18.6693830397898,0
620512244,1985,0,19.0794744753254,0
620512244,1990,0,19.0794744753254,0
620512244,1995,0,19.0794744753254,0
620512244,2000,0,19.0794744753254,0
620512244,2005,0,19.0794744753254,0
620512244,2010,0,19.0794744753254,0
620512244,2015,0,19.0794744753254,0
620512244,2020,0,19.0794744753254,0
620512244,2025,0,19.0794744753254,0
620512274,1985,0,34.5944547835037,0
620512274,1990,0,34.5944547835037,0
620512274,1995,0,34.5944547835037,0
620512274,2000,0,34.5944547835037,0
620512274,2005,0,34.5944547835037,0
620512274,2010,0,34.5944547835037,0
620512274,2015,0,34.5944547835037,0
620512274,2020,0,34.5944547835037,0
620512274,2025,0,34.5944547835037,0
620523241,1985,6593.5205078125,52.4291312697653,125.760628645297
620523241,1990,7899.2294921875,52.4291312697653,150.664893750448
620523241,1995,10218.9794921875,52.4291312697653,194.910334096658
620523241,2000,12593.5380859375,52.4291312697653,240.201158801193
620523241,2005,14768.2900390625,52.4291312697653,281.680998357091
620523241,2010,17382.822265625,52.4291312697653,331.548927945889
620523241,2015,20087.419921875,52.4291312697653,383.13470842228
620523241,2020,22937.5703125,52.4291312697653,437.496669446582
620523241,2025,25570.43359375,52.4291312697653,487.714233947185
620523273,1985,0,23.135007812363,0
620523273,1990,0,23.135007812363,0
620523273,1995,0,23.135007812363,0
620523273,2000,0,23.135007812363,0
620523273,2005,0,23.135007812363,0
620523273,2010,0,23.135007812363,0
620523273,2015,0,23.135007812363,0
620523273,2020,0,23.135007812363,0
620523273,2025,0,23.135007812363,0
620523298,1985,0.189860075712204,21.9436689065103,0.00865215732706741
620523298,1990,0.212461665272713,21.9436689065103,0.00968213958102874
620523298,1995,0.241152331233025,21.9436689065103,0.0109896085408707
620523298,2000,0.268706560134888,21.9436689065103,0.0122452886652499
620523298,2005,0.302822709083557,21.9436689065103,0.0138000035624724
620523298,2010,0.342006742954254,21.9436689065103,0.0155856682130666
620523298,2015,0.379582494497299,21.9436689065103,0.0172980414585404
620523298,2020,0.433215171098709,21.9436689065103,0.0197421485415405
620523298,2025,0.469731420278549,21.9436689065103,0.0214062389603039
620525963,1985,1.52630960941315,1.88359941816926,0.81031539651707
620525963,1990,1.9675018787384,1.88359941816926,1.04454368575389
620525963,1995,2.17375063896179,1.88359941816926,1.15404083160874
620525963,2000,2.38023018836975,1.88359941816926,1.26366050308254
620525963,2005,2.88355612754822,1.88359941816926,1.53087546095701
620525963,2010,3.51675724983215,1.88359941816926,1.86704095144084
620525963,2015,4.24675321578979,1.88359941816926,2.25459467380669
620525963,2020,5.16022539138794,1.88359941816926,2.73955563035975
620525963,2025,6.14047908782959,1.88359941816926,3.25997079240858
620526011,1985,0,43.6506398735404,0
620526011,1990,0,43.6506398735404,0
620526011,1995,0,43.6506398735404,0
620526011,2000,0,43.6506398735404,0
620526011,2005,0,43.6506398735404,0
620526011,2010,0,43.6506398735404,0
620526011,2015,0,43.6506398735404,0
620526011,2020,0,43.6506398735404,0
620526011,2025,0,43.6506398735404,0
620527387,1985,0,14.0746362842666,0
620527387,1990,0,14.0746362842666,0
620527387,1995,0,14.0746362842666,0
620527387,2000,0,14.0746362842666,0
620527387,2005,0,14.0746362842666,0
620527387,2010,0,14.0746362842666,0
620527387,2015,0,14.0746362842666,0
620527387,2020,0,14.0746362842666,0
620527387,2025,0,14.0746362842666,0
620527429,1985,0,28.3638851209821,0
620527429,1990,0,28.3638851209821,0
620527429,1995,0,28.3638851209821,0
620527429,2000,0,28.3638851209821,0
620527429,2005,0,28.3638851209821,0
620527429,2010,0,28.3638851209821,0
620527429,2015,0,28.3638851209821,0
620527429,2020,0,28.3638851209821,0
620527429,2025,0,28.3638851209821,0
620528731,1985,0,0.216328811793112,0
620528731,1990,0,0.216328811793112,0
620528731,1995,0,0.216328811793112,0
620528731,2000,0,0.216328811793112,0
620528731,2005,0,0.216328811793112,0
620528731,2010,0,0.216328811793112,0
620528731,2015,0,0.216328811793112,0
620528731,2020,0,0.216328811793112,0
620528731,2025,0,0.216328811793112,0
620528743,1985,0.490125805139542,14.0800711508534,0.0348098954819439
620528743,1990,0.6065314412117,14.0800711508534,0.043077299447804
620528743,1995,0.507644951343536,14.0800711508534,0.036054146737232
620528743,2000,0.45127859711647,14.0800711508534,0.0320508747634501
620528743,2005,0.468234896659851,14.0800711508534,0.0332551513158703
620528743,2010,0.471130162477493,14.0800711508534,0.0334607799513099
620528743,2015,0.485546499490738,14.0800711508534,0.03448466234926
620528743,2020,0.46087509393692,14.0800711508534,0.0327324406957265
620528743,2025,0.480367094278336,14.0800711508534,0.0341168087243095
620528805,1985,0,0.242161206306553,0
620528805,1990,0,0.242161206306553,0
620528805,1995,0,0.242161206306553,0
620528805,2000,0,0.242161206306553,0
620528805,2005,0,0.242161206306553,0
620528805,2010,0,0.242161206306553,0
620528805,2015,0,0.242161206306553,0
620528805,2020,0,0.242161206306553,0
620528805,2025,0,0.242161206306553,0
620528811,1985,15.3578071594238,33.1490311384105,0.463295807811058
620528811,1990,17.9757289886475,33.1490311384105,0.542270116842678
620528811,1995,20.4089050292969,33.1490311384105,0.615671237692634
620528811,2000,22.7496643066406,33.1490311384105,0.686284441064103
620528811,2005,25.6048564910889,33.1490311384105,0.772416436069527
620528811,2010,28.9730567932129,33.1490311384105,0.874024241379445
620528811,2015,32.1246070861816,33.1490311384105,0.96909641045159
620528811,2020,36.1176643371582,33.1490311384105,1.08955414673667
620528811,2025,39.1620712280273,33.1490311384105,1.1813941428487
620530138,1985,77.4413681030273,49.5170351796879,1.5639338628011
620530138,1990,96.3320846557617,49.5170351796879,1.94543320912068
620530138,1995,108.379364013672,49.5170351796879,2.18872886109566
620530138,2000,120.896018981934,49.5170351796879,2.44150358645717
620530138,2005,136.274475097656,49.5170351796879,2.75207258680053
620530138,2010,153.625610351562,49.5170351796879,3.10247998075984
620530138,2015,171.932098388672,49.5170351796879,3.47218079121181
620530138,2020,191.080581665039,49.5170351796879,3.85888575460231
620530138,2025,207.199401855469,49.5170351796879,4.18440645938477
620534260,1985,0,0.899467432732703,0
620534260,1990,0,0.899467432732703,0
620534260,1995,0,0.899467432732703,0
620534260,2000,0,0.899467432732703,0
620534260,2005,0,0.899467432732703,0
620534260,2010,0,0.899467432732703,0
620534260,2015,0,0.899467432732703,0
620534260,2020,0,0.899467432732703,0
620534260,2025,0,0.899467432732703,0
620535636,1985,0,0.00849772892502032,0
620535636,1990,0,0.00849772892502032,0
620535636,1995,0,0.00849772892502032,0
620535636,2000,0,0.00849772892502032,0
620535636,2005,0,0.00849772892502032,0
620535636,2010,0,0.00849772892502032,0
620535636,2015,0,0.00849772892502032,0
620535636,2020,0,0.00849772892502032,0
620535636,2025,0,0.00849772892502032,0
620536973,1985,0,0.103997955230821,0
620536973,1990,0,0.103997955230821,0
620536973,1995,0,0.103997955230821,0
620536973,2000,0,0.103997955230821,0
620536973,2005,0,0.103997955230821,0
620536973,2010,0,0.103997955230821,0
620536973,2015,0,0.103997955230821,0
620536973,2020,0,0.103997955230821,0
620536973,2025,0,0.103997955230821,0
620536975,1985,0,0.215221786575433,0
620536975,1990,0,0.215221786575433,0
620536975,1995,0,0.215221786575433,0
620536975,2000,0,0.215221786575433,0
620536975,2005,0,0.215221786575433,0
620536975,2010,0,0.215221786575433,0
620536975,2015,0,0.215221786575433,0
620536975,2020,0,0.215221786575433,0
620536975,2025,0,0.215221786575433,0
620537027,1985,58.3871002197266,13.8013173384738,4.23054544633658
620537027,1990,71.9368209838867,13.8013173384738,5.21231555073
620537027,1995,66.4727401733398,13.8013173384738,4.8164054592118
620537027,2000,60.244197845459,13.8013173384738,4.36510489310442
620537027,2005,64.5407180786133,13.8013173384738,4.67641722132521
620537027,2010,70.6843414306641,13.8013173384738,5.12156482581687
620537027,2015,75.5857925415039,13.8013173384738,5.47670854077052
620537027,2020,83.4933624267578,13.8013173384738,6.04966615715762
620537027,2025,90.8319549560547,13.8013173384738,6.58139746579431
620538383,1985,726.241333007812,16.2170174529128,44.7826695085274
620538383,1990,784.797241210938,16.2170174529128,48.3934387744017
620538383,1995,842.248229980469,16.2170174529128,51.9360747083115
620538383,2000,885.048828125,16.2170174529128,54.5753145234505
620538383,2005,905.143493652344,16.2170174529128,55.8144243403876
620538383,2010,933.953369140625,16.2170174529128,57.5909455516357
620538383,2015,960.640075683594,16.2170174529128,59.2365444800734
620538383,2020,1010.38159179688,16.2170174529128,62.3037864225397
620538383,2025,1040.90124511719,16.2170174529128,64.1857387241222
620539744,1985,0,28.2792537185758,0
620539744,1990,0,28.2792537185758,0
620539744,1995,0,28.2792537185758,0
620539744,2000,0,28.2792537185758,0
620539744,2005,0,28.2792537185758,0
620539744,2010,0,28.2792537185758,0
620539744,2015,0,28.2792537185758,0
620539744,2020,0,28.2792537185758,0
620539744,2025,0,28.2792537185758,0
620539759,1985,0,57.1319415290905,0
620539759,1990,0,57.1319415290905,0
620539759,1995,0,57.1319415290905,0
620539759,2000,0,57.1319415290905,0
620539759,2005,0,57.1319415290905,0
620539759,2010,0,57.1319415290905,0
620539759,2015,0,57.1319415290905,0
620539759,2020,0,57.1319415290905,0
620539759,2025,0,57.1319415290905,0
620539768,1985,0,26.2196475479735,0
620539768,1990,0,26.2196475479735,0
620539768,1995,0,26.2196475479735,0
620539768,2000,0,26.2196475479735,0
620539768,2005,0,26.2196475479735,0
620539768,2010,0,26.2196475479735,0
620539768,2015,0,26.2196475479735,0
620539768,2020,0,26.2196475479735,0
620539768,2025,0,26.2196475479735,0
620541113,1985,4689.70361328125,18.4031594976468,254.831438801632
620541113,1990,5158.14013671875,18.4031594976468,280.285574733965
620541113,1995,5511.2001953125,18.4031594976468,299.47032714775
620541113,2000,5765.58154296875,18.4031594976468,313.293026868892
620541113,2005,6091.43798828125,18.4031594976468,330.999575864143
620541113,2010,6447.25634765625,18.4031594976468,350.334210192585
620541113,2015,6750.6982421875,18.4031594976468,366.822786220525
620541113,2020,7087.4345703125,18.4031594976468,385.12053167929
620541113,2025,7262.17626953125,18.4031594976468,394.615732720236
620541144,1985,0,22.3435704369711,0
620541144,1990,0,22.3435704369711,0
620541144,1995,0,22.3435704369711,0
620541144,2000,0,22.3435704369711,0
620541144,2005,0,22.3435704369711,0
620541144,2010,0,22.3435704369711,0
620541144,2015,0,22.3435704369711,0
620541144,2020,0,22.3435704369711,0
620541144,2025,0,22.3435704369711,0
620542489,1985,0,19.9381269935914,0
620542489,1990,0,19.9381269935914,0
620542489,1995,0,19.9381269935914,0
620542489,2000,0,19.9381269935914,0
620542489,2005,0,19.9381269935914,0
620542489,2010,0,19.9381269935914,0
620542489,2015,0,19.9381269935914,0
620542489,2020,0,19.9381269935914,0
620542489,2025,0,19.9381269935914,0
620542492,1985,90.8122787475586,25.6531049810624,3.54001119219673
620542492,1990,100.514442443848,25.6531049810624,3.91821740557524
620542492,1995,105.926322937012,25.6531049810624,4.12918136089992
620542492,2000,109.2978515625,25.6531049810624,4.26060906245796
620542492,2005,119.812210083008,25.6531049810624,4.67047595881494
620542492,2010,130.840789794922,25.6531049810624,5.10038803846595
620542492,2015,140.319198608398,25.6531049810624,5.46987192045503
620542492,2020,148.218948364258,25.6531049810624,5.77781708973147
620542492,2025,152.223617553711,25.6531049810624,5.93392564627499
620542520,1985,0,7.05840178215908,0
620542520,1990,0,7.05840178215908,0
620542520,1995,0,7.05840178215908,0
620542520,2000,0,7.05840178215908,0
620542520,2005,0,7.05840178215908,0
620542520,2010,0,7.05840178215908,0
620542520,2015,0,7.05840178215908,0
620542520,2020,0,7.05840178215908,0
620542520,2025,0,7.05840178215908,0
620543865,1985,0,9.04226821539518,0
620543865,1990,0,9.04226821539518,0
620543865,1995,0,9.04226821539518,0
620543865,2000,0,9.04226821539518,0
620543865,2005,0,9.04226821539518,0
620543865,2010,0,9.04226821539518,0
620543865,2015,0,9.04226821539518,0
620543865,2020,0,9.04226821539518,0
620543865,2025,0,9.04226821539518,0
620543868,1985,5760.84375,26.1049370493784,220.680239109681
620543868,1990,6292.453125,26.1049370493784,241.044562302433
620543868,1995,6734.2568359375,26.1049370493784,257.968706195285
620543868,2000,7070.05615234375,26.1049370493784,270.832147151724
620543868,2005,7507.14208984375,26.1049370493784,287.575567627063
620543868,2010,8008.43701171875,26.1049370493784,306.778637181561
620543868,2015,8398.001953125,26.1049370493784,321.701674179098
620543868,2020,8859.4794921875,26.1049370493784,339.379462031626
620543868,2025,9072.8671875,26.1049370493784,347.553689569845
620543903,1985,31.2629451751709,24.6213651925897,1.26974864840477
620543903,1990,37.6648979187012,24.6213651925897,1.52976480483857
620543903,1995,34.8341331481934,24.6213651925897,1.41479291971501
620543903,2000,31.5443782806396,24.6213651925897,1.28117909116321
620543903,2005,33.9857559204102,24.6213651925897,1.38033596653036
620543903,2010,36.7721748352051,24.6213651925897,1.49350673886566
620543903,2015,39.6909675598145,24.6213651925897,1.61205389097434
620543903,2020,44.0189552307129,24.6213651925897,1.78783568199384
620543903,2025,47.7293701171875,24.6213651925897,1.93853467278706
620545244,1985,1068.56762695312,3.03159374863217,352.477183803158
620545244,1990,1234.064453125,3.03159374863217,407.067884238051
620545244,1995,1304.68688964844,3.03159374863217,430.363365882088
620545244,2000,1348.52893066406,3.03159374863217,444.825079637569
620545244,2005,1389.48181152344,3.03159374863217,458.333776466705
620545244,2010,1446.92932128906,3.03159374863217,477.283383349733
620545244,2015,1487.21118164062,3.03159374863217,490.570737689257
620545244,2020,1546.91577148438,3.03159374863217,510.26486387971
620545244,2025,1592.1201171875,3.03159374863217,525.1759467791
620545276,1985,3069.32543945312,39.1099252970009,78.479450322256
620545276,1990,3373.5478515625,39.1099252970009,86.2581001099789
620545276,1995,3625.62646484375,39.1099252970009,92.7034873452386
620545276,2000,3790.33764648438,39.1099252970009,96.9149804736404
620545276,2005,4012.33715820312,39.1099252970009,102.59127645306
620545276,2010,4252.41796875,39.1099252970009,108.729892385555
620545276,2015,4449.0751953125,39.1099252970009,113.758212564361
620545276,2020,4658.33935546875,39.1099252970009,119.10887888671
620545276,2025,4761.17333984375,39.1099252970009,121.738236616086
620545279,1985,0,3.05477128487253,0
620545279,1990,0,3.05477128487253,0
620545279,1995,0,3.05477128487253,0
620545279,2000,0,3.05477128487253,0
620545279,2005,0,3.05477128487253,0
620545279,2010,0,3.05477128487253,0
620545279,2015,0,3.05477128487253,0
620545279,2020,0,3.05477128487253,0
620545279,2025,0,3.05477128487253,0
620545325,1985,0,5.44867954948892,0
620545325,1990,0,5.44867954948892,0
620545325,1995,0,5.44867954948892,0
620545325,2000,0,5.44867954948892,0
620545325,2005,0,5.44867954948892,0
620545325,2010,0,5.44867954948892,0
620545325,2015,0,5.44867954948892,0
620545325,2020,0,5.44867954948892,0
620545325,2025,0,5.44867954948892,0
620546636,1985,24.6948547363281,18.2545039311775,1.3528088645647
620546636,1990,27.20578956604,18.2545039311775,1.49036038824228
620546636,1995,28.5414714813232,18.2545039311775,1.56353038071751
620546636,2000,29.3282222747803,18.2545039311775,1.60662937680216
620546636,2005,31.5021133422852,18.2545039311775,1.72571730577031
620546636,2010,33.3569831848145,18.2545039311775,1.82732893266099
620546636,2015,35.3207168579102,18.2545039311775,1.93490422917407
620546636,2020,37.3921394348145,18.2545039311775,2.04837883164554
620546636,2025,38.1457138061523,18.2545039311775,2.08966039011347
620546662,1985,0,50.3733657095524,0
620546662,1990,0,50.3733657095524,0
620546662,1995,0,50.3733657095524,0
620546662,2000,0,50.3733657095524,0
620546662,2005,0,50.3733657095524,0
620546662,2010,0,50.3733657095524,0
620546662,2015,0,50.3733657095524,0
620546662,2020,0,50.3733657095524,0
620546662,2025,0,50.3733657095524,0
620547979,1985,2.8505527973175,36.0440409904469,0.0790852723220744
620547979,1990,3.29767346382141,36.0440409904469,0.0914901152369521
620547979,1995,3.42759418487549,36.0440409904469,0.0950946145517906
620547979,2000,3.48373365402222,36.0440409904469,0.0966521388360851
620547979,2005,3.91127038002014,36.0440409904469,0.108513648096693
620547979,2010,4.37032222747803,36.0440409904469,0.121249507751818
620547979,2015,4.77743530273438,36.0440409904469,0.132544386574207
620547979,2020,5.15001106262207,36.0440409904469,0.142881067746733
620547979,2025,5.38287448883057,36.0440409904469,0.149341592699255
620548009,1985,1027.07348632812,43.2854168186349,23.7279333737629
620548009,1990,1136.57043457031,43.2854168186349,26.2575832256051
620548009,1995,1215.46936035156,43.2854168186349,28.0803432122268
620548009,2000,1274.95471191406,43.2854168186349,29.4546017023724
620548009,2005,1332.09729003906,43.2854168186349,30.7747363418152
620548009,2010,1403.90295410156,43.2854168186349,32.4336244695041
620548009,2015,1456.59643554688,43.2854168186349,33.6509739908475
620548009,2020,1510.78625488281,43.2854168186349,34.9028926119154
620548009,2025,1550.96435546875,43.2854168186349,35.831105934991
620548016,1985,17.3141117095947,16.3921446115119,1.05624444634507
620548016,1990,18.825496673584,16.3921446115119,1.14844622956554
620548016,1995,20.1986446380615,16.3921446115119,1.23221488809197
620548016,2000,20.9670467376709,16.3921446115119,1.27909112776776
620548016,2005,21.0072498321533,16.3921446115119,1.28154371072351
620548016,2010,21.9736099243164,16.3921446115119,1.3404963441382
620548016,2015,21.4967727661133,16.3921446115119,1.31140697422938
620548016,2020,22.8308410644531,16.3921446115119,1.39279158435556
620548016,2025,23.5249843597412,16.3921446115119,1.43513767827671
620548019,1985,0,19.4825332277286,0
620548019,1990,0,19.4825332277286,0
620548019,1995,0,19.4825332277286,0
620548019,2000,0,19.4825332277286,0
620548019,2005,0,19.4825332277286,0
620548019,2010,0,19.4825332277286,0
620548019,2015,0,19.4825332277286,0
620548019,2020,0,19.4825332277286,0
620548019,2025,0,19.4825332277286,0
620548056,1985,0,24.0998243689349,0
620548056,1990,0,24.0998243689349,0
620548056,1995,0,24.0998243689349,0
620548056,2000,0,24.0998243689349,0
620548056,2005,0,24.0998243689349,0
620548056,2010,0,24.0998243689349,0
620548056,2015,0,24.0998243689349,0
620548056,2020,0,24.0998243689349,0
620548056,2025,0,24.0998243689349,0
620549355,1985,44.6974411010742,40.9466585974837,1.09160167476574
620549355,1990,54.8004417419434,40.9466585974837,1.33833733005289
620549355,1995,57.2513046264648,40.9466585974837,1.39819234554057
620549355,2000,58.8747673034668,40.9466585974837,1.43784057894006
620549355,2005,64.0879669189453,40.9466585974837,1.56515742954625
620549355,2010,69.8936157226562,40.9466585974837,1.70694308440961
620549355,2015,75.5191116333008,40.9466585974837,1.8443290422223
620549355,2020,81.4953079223633,40.9466585974837,1.99027981070405
620549355,2025,84.846076965332,40.9466585974837,2.07211234985963
620549392,1985,0,25.629679631791,0
620549392,1990,0,25.629679631791,0
620549392,1995,0,25.629679631791,0
620549392,2000,0,25.629679631791,0
620549392,2005,0,25.629679631791,0
620549392,2010,0,25.629679631791,0
620549392,2015,0,25.629679631791,0
620549392,2020,0,25.629679631791,0
620549392,2025,0,25.629679631791,0
620549395,1985,0,42.0171595668821,0
620549395,1990,0,42.0171595668821,0
620549395,1995,0,42.0171595668821,0
620549395,2000,0,42.0171595668821,0
620549395,2005,0,42.0171595668821,0
620549395,2010,0,42.0171595668821,0
620549395,2015,0,42.0171595668821,0
620549395,2020,0,42.0171595668821,0
620549395,2025,0,42.0171595668821,0
620549432,1985,0,16.7345697527835,0
620549432,1990,0,16.7345697527835,0
620549432,1995,0,16.7345697527835,0
620549432,2000,0,16.7345697527835,0
620549432,2005,0,16.7345697527835,0
620549432,2010,0,16.7345697527835,0
620549432,2015,0,16.7345697527835,0
620549432,2020,0,16.7345697527835,0
620549432,2025,0,16.7345697527835,0
620550727,1985,120.434043884277,41.9798288637041,2.86885504643887
620550727,1990,129.902938842773,41.9798288637041,3.0944132541495
620550727,1995,139.287719726562,41.9798288637041,3.31796778349879
620550727,2000,146.921813964844,41.9798288637041,3.49981926896022
620550727,2005,161.570983886719,41.9798288637041,3.84877662105988
620550727,2010,177.856033325195,41.9798288637041,4.23670220054114
620550727,2015,192.893905639648,41.9798288637041,4.59491881841437
620550727,2020,207.780334472656,41.9798288637041,4.94952790653952
620550727,2025,215.369827270508,41.9798288637041,5.13031694268572
620550793,1985,0,0.0641884836630915,0
620550793,1990,0,0.0641884836630915,0
620550793,1995,0,0.0641884836630915,0
620550793,2000,0,0.0641884836630915,0
620550793,2005,0,0.0641884836630915,0
620550793,2010,0,0.0641884836630915,0
620550793,2015,0,0.0641884836630915,0
620550793,2020,0,0.0641884836630915,0
620550793,2025,0,0.0641884836630915,0
620550811,1985,0,51.5167970365792,0
620550811,1990,0,51.5167970365792,0
620550811,1995,0,51.5167970365792,0
620550811,2000,0,51.5167970365792,0
620550811,2005,0,51.5167970365792,0
620550811,2010,0,51.5167970365792,0
620550811,2015,0,51.5167970365792,0
620550811,2020,0,51.5167970365792,0
620550811,2025,0,51.5167970365792,0
620552097,1985,959.305908203125,24.3567907773566,39.3855626125814
620552097,1990,1074.52563476562,24.3567907773566,44.116059647914
620552097,1995,1170.80517578125,24.3567907773566,48.0689425172422
620552097,2000,1252.3994140625,24.3567907773566,51.4189010165821
620552097,2005,1340.56896972656,24.3567907773566,55.0388177974919
620552097,2010,1439.48889160156,24.3567907773566,59.1001049670217
620552097,2015,1530.84057617188,24.3567907773566,62.8506682249382
620552097,2020,1628.81359863281,24.3567907773566,66.8730791967489
620552097,2025,1671.15112304688,24.3567907773566,68.6113018058384
620552187,1985,0,50.1193117720548,0
620552187,1990,0,50.1193117720548,0
620552187,1995,0,50.1193117720548,0
620552187,2000,0,50.1193117720548,0
620552187,2005,0,50.1193117720548,0
620552187,2010,0,50.1193117720548,0
620552187,2015,0,50.1193117720548,0
620552187,2020,0,50.1193117720548,0
620552187,2025,0,50.1193117720548,0
620553473,1985,689.330871582031,1.74401083537016,395.256071580383
620553473,1990,773.180236816406,1.74401083537016,443.334537340934
620553473,1995,852.507873535156,1.74401083537016,488.820284969281
620553473,2000,910.704345703125,1.74401083537016,522.189614441146
620553473,2005,977.678039550781,1.74401083537016,560.591723240798
620553473,2010,1050.30603027344,1.74401083537016,602.235954600886
620553473,2015,1107.798828125,1.74401083537016,635.201803599961
620553473,2020,1178.86437988281,1.74401083537016,675.950146624291
620553473,2025,1199.63842773438,1.74401083537016,687.86179730343
620553538,1985,0.168260768055916,15.6594297980662,0.0107450124446226
620553538,1990,0.194535180926323,15.6594297980662,0.0124228776804086
620553538,1995,0.221982017159462,15.6594297980662,0.0141756130345739
620553538,2000,0.247437745332718,15.6594297980662,0.0158011976504581
620553538,2005,0.280226320028305,15.6594297980662,0.0178950526067629
620553538,2010,0.318347185850143,15.6594297980662,0.0203294238650666
620553538,2015,0.358740001916885,15.6594297980662,0.0229088802429566
620553538,2020,0.408600926399231,15.6594297980662,0.0260929632603665
620553538,2025,0.455820173025131,15.6594297980662,0.0291083506170461
620553543,1985,0,42.8313708300981,0
620553543,1990,0,42.8313708300981,0
620553543,1995,0,42.8313708300981,0
620553543,2000,0,42.8313708300981,0
620553543,2005,0,42.8313708300981,0
620553543,2010,0,42.8313708300981,0
620553543,2015,0,42.8313708300981,0
620553543,2020,0,42.8313708300981,0
620553543,2025,0,42.8313708300981,0
620553574,1985,0,42.9163293472839,0
620553574,1990,0,42.9163293472839,0
620553574,1995,0,42.9163293472839,0
620553574,2000,0,42.9163293472839,0
620553574,2005,0,42.9163293472839,0
620553574,2010,0,42.9163293472839,0
620553574,2015,0,42.9163293472839,0
620553574,2020,0,42.9163293472839,0
620553574,2025,0,42.9163293472839,0
620554897,1985,0,17.3258752524421,0
620554897,1990,0,17.3258752524421,0
620554897,1995,0,17.3258752524421,0
620554897,2000,0,17.3258752524421,0
620554897,2005,0,17.3258752524421,0
620554897,2010,0,17.3258752524421,0
620554897,2015,0,17.3258752524421,0
620554897,2020,0,17.3258752524421,0
620554897,2025,0,17.3258752524421,0
620554907,1985,547.772094726562,40.3711431539934,13.5684068354745
620554907,1990,586.705810546875,40.3711431539934,14.53280151887
620554907,1995,644.523376464844,40.3711431539934,15.9649523424776
620554907,2000,689.208862304688,40.3711431539934,17.0718193357998
620554907,2005,727.611511230469,40.3711431539934,18.0230594029759
620554907,2010,771.432800292969,40.3711431539934,19.1085200969015
620554907,2015,804.400451660156,40.3711431539934,19.9251343612396
620554907,2020,837.213623046875,40.3711431539934,20.7379221305023
620554907,2025,855.851196289062,40.3711431539934,21.1995779516192
620554910,1985,0,32.0200436547516,0
620554910,1990,0,32.0200436547516,0
620554910,1995,0,32.0200436547516,0
620554910,2000,0,32.0200436547516,0
620554910,2005,0,32.0200436547516,0
620554910,2010,0,32.0200436547516,0
620554910,2015,0,32.0200436547516,0
620554910,2020,0,32.0200436547516,0
620554910,2025,0,32.0200436547516,0
620554912,1985,0,33.8082029328672,0
620554912,1990,0,33.8082029328672,0
620554912,1995,0,33.8082029328672,0
620554912,2000,0,33.8082029328672,0
620554912,2005,0,33.8082029328672,0
620554912,2010,0,33.8082029328672,0
620554912,2015,0,33.8082029328672,0
620554912,2020,0,33.8082029328672,0
620554912,2025,0,33.8082029328672,0
620554914,1985,0,44.5744771097796,0
620554914,1990,0,44.5744771097796,0
620554914,1995,0,44.5744771097796,0
620554914,2000,0,44.5744771097796,0
620554914,2005,0,44.5744771097796,0
620554914,2010,0,44.5744771097796,0
620554914,2015,0,44.5744771097796,0
620554914,2020,0,44.5744771097796,0
620554914,2025,0,44.5744771097796,0
620554925,1985,0,0.286847781489452,0
620554925,1990,0,0.286847781489452,0
620554925,1995,0,0.286847781489452,0
620554925,2000,0,0.286847781489452,0
620554925,2005,0,0.286847781489452,0
620554925,2010,0,0.286847781489452,0
620554925,2015,0,0.286847781489452,0
620554925,2020,0,0.286847781489452,0
620554925,2025,0,0.286847781489452,0
620556283,1985,0,21.7609531670036,0
620556283,1990,0,21.7609531670036,0
620556283,1995,0,21.7609531670036,0
620556283,2000,0,21.7609531670036,0
620556283,2005,0,21.7609531670036,0
620556283,2010,0,21.7609531670036,0
620556283,2015,0,21.7609531670036,0
620556283,2020,0,21.7609531670036,0
620556283,2025,0,21.7609531670036,0
620556286,1985,0,49.2754323524395,0
620556286,1990,0,49.2754323524395,0
620556286,1995,0,49.2754323524395,0
620556286,2000,0,49.2754323524395,0
620556286,2005,0,49.2754323524395,0
620556286,2010,0,49.2754323524395,0
620556286,2015,0,49.2754323524395,0
620556286,2020,0,49.2754323524395,0
620556286,2025,0,49.2754323524395,0
620556288,1985,0,27.7017912335279,0
620556288,1990,0,27.7017912335279,0
620556288,1995,0,27.7017912335279,0
620556288,2000,0,27.7017912335279,0
620556288,2005,0,27.7017912335279,0
620556288,2010,0,27.7017912335279,0
620556288,2015,0,27.7017912335279,0
620556288,2020,0,27.7017912335279,0
620556288,2025,0,27.7017912335279,0
620556290,1985,0,23.6467657809758,0
620556290,1990,0,23.6467657809758,0
620556290,1995,0,23.6467657809758,0
620556290,2000,0,23.6467657809758,0
620556290,2005,0,23.6467657809758,0
620556290,2010,0,23.6467657809758,0
620556290,2015,0,23.6467657809758,0
620556290,2020,0,23.6467657809758,0
620556290,2025,0,23.6467657809758,0
620556299,1985,0,47.6524185601862,0
620556299,1990,0,47.6524185601862,0
620556299,1995,0,47.6524185601862,0
620556299,2000,0,47.6524185601862,0
620556299,2005,0,47.6524185601862,0
620556299,2010,0,47.6524185601862,0
620556299,2015,0,47.6524185601862,0
620556299,2020,0,47.6524185601862,0
620556299,2025,0,47.6524185601862,0
620557659,1985,0,2.12558261164018,0
620557659,1990,0,2.12558261164018,0
620557659,1995,0,2.12558261164018,0
620557659,2000,0,2.12558261164018,0
620557659,2005,0,2.12558261164018,0
620557659,2010,0,2.12558261164018,0
620557659,2015,0,2.12558261164018,0
620557659,2020,0,2.12558261164018,0
620557659,2025,0,2.12558261164018,0
620557662,1985,0,28.3511002152798,0
620557662,1990,0,28.3511002152798,0
620557662,1995,0,28.3511002152798,0
620557662,2000,0,28.3511002152798,0
620557662,2005,0,28.3511002152798,0
620557662,2010,0,28.3511002152798,0
620557662,2015,0,28.3511002152798,0
620557662,2020,0,28.3511002152798,0
620557662,2025,0,28.3511002152798,0
620557664,1985,3.50539946556091,26.6689365585627,0.131441291551441
620557664,1990,4.07410621643066,26.6689365585627,0.15276597953144
620557664,1995,4.58668947219849,26.6689365585627,0.171986215578057
620557664,2000,5.16163110733032,26.6689365585627,0.193544691817607
620557664,2005,5.87795877456665,26.6689365585627,0.220404692990257
620557664,2010,6.66665315628052,26.6689365585627,0.249978214978356
620557664,2015,7.52929878234863,26.6689365585627,0.282324672594835
620557664,2020,8.52182292938232,26.6689365585627,0.319541160205962
620557664,2025,9.53944778442383,26.6689365585627,0.357698844251852
620557675,1985,0,31.949157990367,0
620557675,1990,0,31.949157990367,0
620557675,1995,0,31.949157990367,0
620557675,2000,0,31.949157990367,0
620557675,2005,0,31.949157990367,0
620557675,2010,0,31.949157990367,0
620557675,2015,0,31.949157990367,0
620557675,2020,0,31.949157990367,0
620557675,2025,0,31.949157990367,0
620557692,1985,0,42.2259044957478,0
620557692,1990,0,42.2259044957478,0
620557692,1995,0,42.2259044957478,0
620557692,2000,0,42.2259044957478,0
620557692,2005,0,42.2259044957478,0
620557692,2010,0,42.2259044957478,0
620557692,2015,0,42.2259044957478,0
620557692,2020,0,42.2259044957478,0
620557692,2025,0,42.2259044957478,0
620559003,1985,418.389770507812,55.0951257717361,7.59395254384639
620559003,1990,458.798187255859,55.0951257717361,8.32738251940289
620559003,1995,493.793334960938,55.0951257717361,8.96255935609923
620559003,2000,519.364562988281,55.0951257717361,9.42668803661604
620559003,2005,551.796081542969,55.0951257717361,10.0153339122794
620559003,2010,589.108154296875,55.0951257717361,10.6925639254841
620559003,2015,620.958618164062,55.0951257717361,11.2706634110747
620559003,2020,653.693176269531,55.0951257717361,11.8648095836615
620559003,2025,669.005004882812,55.0951257717361,12.1427257949198
620559038,1985,0,11.672134042806,0
620559038,1990,0,11.672134042806,0
620559038,1995,0,11.672134042806,0
620559038,2000,0,11.672134042806,0
620559038,2005,0,11.672134042806,0
620559038,2010,0,11.672134042806,0
620559038,2015,0,11.672134042806,0
620559038,2020,0,11.672134042806,0
620559038,2025,0,11.672134042806,0
620559040,1985,0,34.9650907085769,0
620559040,1990,0,34.9650907085769,0
620559040,1995,0,34.9650907085769,0
620559040,2000,0,34.9650907085769,0
620559040,2005,0,34.9650907085769,0
620559040,2010,0,34.9650907085769,0
620559040,2015,0,34.9650907085769,0
620559040,2020,0,34.9650907085769,0
620559040,2025,0,34.9650907085769,0
620559051,1985,0,12.1047968301346,0
620559051,1990,0,12.1047968301346,0
620559051,1995,0,12.1047968301346,0
620559051,2000,0,12.1047968301346,0
620559051,2005,0,12.1047968301346,0
620559051,2010,0,12.1047968301346,0
620559051,2015,0,12.1047968301346,0
620559051,2020,0,12.1047968301346,0
620559051,2025,0,12.1047968301346,0
620560416,1985,0,9.46499105294686,0
620560416,1990,0,9.46499105294686,0
620560416,1995,0,9.46499105294686,0
620560416,2000,0,9.46499105294686,0
620560416,2005,0,9.46499105294686,0
620560416,2010,0,9.46499105294686,0
620560416,2015,0,9.46499105294686,0
620560416,2020,0,9.46499105294686,0
620560416,2025,0,9.46499105294686,0
620560419,1985,0,20.7259510596714,0
620560419,1990,0,20.7259510596714,0
620560419,1995,0,20.7259510596714,0
620560419,2000,0,20.7259510596714,0
620560419,2005,0,20.7259510596714,0
620560419,2010,0,20.7259510596714,0
620560419,2015,0,20.7259510596714,0
620560419,2020,0,20.7259510596714,0
620560419,2025,0,20.7259510596714,0
620561792,1985,0,16.2813562691445,0
620561792,1990,0,16.2813562691445,0
620561792,1995,0,16.2813562691445,0
620561792,2000,0,16.2813562691445,0
620561792,2005,0,16.2813562691445,0
620561792,2010,0,16.2813562691445,0
620561792,2015,0,16.2813562691445,0
620561792,2020,0,16.2813562691445,0
620561792,2025,0,16.2813562691445,0
620563161,1985,0,30.9291846626911,0
620563161,1990,0,30.9291846626911,0
620563161,1995,0,30.9291846626911,0
620563161,2000,0,30.9291846626911,0
620563161,2005,0,30.9291846626911,0
620563161,2010,0,30.9291846626911,0
620563161,2015,0,30.9291846626911,0
620563161,2020,0,30.9291846626911,0
620563161,2025,0,30.9291846626911,0
620564497,1985,0.151633620262146,46.004722630942,0.00329604465781867
620564497,1990,0.156764507293701,46.004722630942,0.00340757422996099
620564497,1995,0.166324496269226,46.004722630942,0.00361537874281975
620564497,2000,0.166251435875893,46.004722630942,0.00361379063644381
620564497,2005,0.194752648472786,46.004722630942,0.0042333186102463
620564497,2010,0.231043413281441,46.004722630942,0.00502216729214763
620564497,2015,0.251521587371826,46.004722630942,0.00546729928989197
620564497,2020,0.261725842952728,46.004722630942,0.00568910816074992
620564497,2025,0.273473143577576,46.004722630942,0.00594445804556688
620564537,1985,0,39.0464235431526,0
620564537,1990,0,39.0464235431526,0
620564537,1995,0,39.0464235431526,0
620564537,2000,0,39.0464235431526,0
620564537,2005,0,39.0464235431526,0
620564537,2010,0,39.0464235431526,0
620564537,2015,0,39.0464235431526,0
620564537,2020,0,39.0464235431526,0
620564537,2025,0,39.0464235431526,0
620565868,1985,2242.02172851562,20.5628739220836,109.032508637219
620565868,1990,2498.47143554688,20.5628739220836,121.504000122455
620565868,1995,2754.068359375,20.5628739220836,133.934019622484
620565868,2000,2959.7666015625,20.5628739220836,143.937399644504
620565868,2005,3203.642578125,20.5628739220836,155.797413837394
620565868,2010,3483.7998046875,20.5628739220836,169.421833635135
620565868,2015,3712.771484375,20.5628739220836,180.557031981199
620565868,2020,3960.46459960938,20.5628739220836,192.602678721675
620565868,2025,4100.75439453125,20.5628739220836,199.425158665552
620565910,1985,0,16.0641438027238,0
620565910,1990,0,16.0641438027238,0
620565910,1995,0,16.0641438027238,0
620565910,2000,0,16.0641438027238,0
620565910,2005,0,16.0641438027238,0
620565910,2010,0,16.0641438027238,0
620565910,2015,0,16.0641438027238,0
620565910,2020,0,16.0641438027238,0
620565910,2025,0,16.0641438027238,0
620567266,1985,0,0.00737349034322285,0
620567266,1990,0,0.00737349034322285,0
620567266,1995,0,0.00737349034322285,0
620567266,2000,0,0.00737349034322285,0
620567266,2005,0,0.00737349034322285,0
620567266,2010,0,0.00737349034322285,0
620567266,2015,0,0.00737349034322285,0
620567266,2020,0,0.00737349034322285,0
620567266,2025,0,0.00737349034322285,0
620567286,1985,0,23.7735283628706,0
620567286,1990,0,23.7735283628706,0
620567286,1995,0,23.7735283628706,0
620567286,2000,0,23.7735283628706,0
620567286,2005,0,23.7735283628706,0
620567286,2010,0,23.7735283628706,0
620567286,2015,0,23.7735283628706,0
620567286,2020,0,23.7735283628706,0
620567286,2025,0,23.7735283628706,0
620568662,1985,0,0.458983943153647,0
620568662,1990,0,0.458983943153647,0
620568662,1995,0,0.458983943153647,0
620568662,2000,0,0.458983943153647,0
620568662,2005,0,0.458983943153647,0
620568662,2010,0,0.458983943153647,0
620568662,2015,0,0.458983943153647,0
620568662,2020,0,0.458983943153647,0
620568662,2025,0,0.458983943153647,0
620568677,1985,339.368103027344,42.2552328810997,8.03138640798118
620568677,1990,411.974975585938,42.2552328810997,9.74967944787281
620568677,1995,471.018737792969,42.2552328810997,11.1469918795229
620568677,2000,527.178283691406,42.2552328810997,12.4760472903986
620568677,2005,602.502014160156,42.2552328810997,14.2586366960871
620568677,2010,692.966247558594,42.2552328810997,16.3995368220666
620568677,2015,789.716674804688,42.2552328810997,18.6892041756541
620568677,2020,930.789306640625,42.2552328810997,22.0277878780064
620568677,2025,1041.33447265625,42.2552328810997,24.6439174903241
620570044,1985,0,33.7241987160625,0
620570044,1990,0,33.7241987160625,0
620570044,1995,0,33.7241987160625,0
620570044,2000,0,33.7241987160625,0
620570044,2005,0,33.7241987160625,0
620570044,2010,0,33.7241987160625,0
620570044,2015,0,33.7241987160625,0
620570044,2020,0,33.7241987160625,0
620570044,2025,0,33.7241987160625,0
620570047,1985,0,41.3222167217998,0
620570047,1990,0,41.3222167217998,0
620570047,1995,0,41.3222167217998,0
620570047,2000,0,41.3222167217998,0
620570047,2005,0,41.3222167217998,0
620570047,2010,0,41.3222167217998,0
620570047,2015,0,41.3222167217998,0
620570047,2020,0,41.3222167217998,0
620570047,2025,0,41.3222167217998,0
620571407,1985,0,40.9522084763581,0
620571407,1990,0,40.9522084763581,0
620571407,1995,0,40.9522084763581,0
620571407,2000,0,40.9522084763581,0
620571407,2005,0,40.9522084763581,0
620571407,2010,0,40.9522084763581,0
620571407,2015,0,40.9522084763581,0
620571407,2020,0,40.9522084763581,0
620571407,2025,0,40.9522084763581,0
620571410,1985,0,57.8863573832213,0
620571410,1990,0,57.8863573832213,0
620571410,1995,0,57.8863573832213,0
620571410,2000,0,57.8863573832213,0
620571410,2005,0,57.8863573832213,0
620571410,2010,0,57.8863573832213,0
620571410,2015,0,57.8863573832213,0
620571410,2020,0,57.8863573832213,0
620571410,2025,0,57.8863573832213,0
620571444,1985,0,0.16014929199563,0
620571444,1990,0,0.16014929199563,0
620571444,1995,0,0.16014929199563,0
620571444,2000,0,0.16014929199563,0
620571444,2005,0,0.16014929199563,0
620571444,2010,0,0.16014929199563,0
620571444,2015,0,0.16014929199563,0
620571444,2020,0,0.16014929199563,0
620571444,2025,0,0.16014929199563,0
620572754,1985,1024.63891601562,25.5345116883165,40.1276095866934
620572754,1990,1170.39111328125,25.5345116883165,45.8356567600535
620572754,1995,1237.927734375,25.5345116883165,48.4805720777273
620572754,2000,1280.98889160156,25.5345116883165,50.1669625500489
620572754,2005,1374.7939453125,25.5345116883165,53.8406201807863
620572754,2010,1480.31689453125,25.5345116883165,57.9731820447766
620572754,2015,1572.68518066406,25.5345116883165,61.590572001565
620572754,2020,1682.58068847656,25.5345116883165,65.89437499392
620572754,2025,1744.5634765625,25.5345116883165,68.3217873072049
620572783,1985,0,12.1632520761587,0
620572783,1990,0,12.1632520761587,0
620572783,1995,0,12.1632520761587,0
620572783,2000,0,12.1632520761587,0
620572783,2005,0,12.1632520761587,0
620572783,2010,0,12.1632520761587,0
620572783,2015,0,12.1632520761587,0
620572783,2020,0,12.1632520761587,0
620572783,2025,0,12.1632520761587,0
620572846,1985,0.00189919222611934,14.3904555418368,0.000131975823878396
620572846,1990,0.00208708900026977,14.3904555418368,0.000145032865304511
620572846,1995,0.00251882569864392,14.3904555418368,0.000175034465818058
620572846,2000,0.00269682006910443,14.3904555418368,0.000187403384226724
620572846,2005,0.00316009949892759,14.3904555418368,0.000219596905027805
620572846,2010,0.00349002005532384,14.3904555418368,0.000242523250579347
620572846,2015,0.00411655614152551,14.3904555418368,0.000286061558618322
620572846,2020,0.00441684713587165,14.3904555418368,0.000306928930986981
620572846,2025,0.00488685211166739,14.3904555418368,0.00033958981336345
620574130,1985,1373.88049316406,5.67216525852503,242.214468469369
620574130,1990,1509.71215820312,5.67216525852503,266.161525518688
620574130,1995,1596.16528320312,5.67216525852503,281.403169769103
620574130,2000,1647.39990234375,5.67216525852503,290.435808418624
620574130,2005,1767.67163085938,5.67216525852503,311.639656161752
620574130,2010,1888.82434082031,5.67216525852503,332.998820508885
620574130,2015,2003.85290527344,5.67216525852503,353.278300956011
620574130,2020,2127.3046875,5.67216525852503,375.042790634978
620574130,2025,2201.67529296875,5.67216525852503,388.154292518139
620574131,1985,830.749694824219,17.354997196655,47.8680397012301
620574131,1990,921.286743164062,17.354997196655,53.0848108314089
620574131,1995,1001.77423095703,17.354997196655,57.7225233519549
620574131,2000,1068.45935058594,17.354997196655,61.5649393934717
620574131,2005,1151.775390625,17.354997196655,66.3656339193758
620574131,2010,1245.02209472656,17.354997196655,71.7385362048072
620574131,2015,1326.37976074219,17.354997196655,76.4263886483274
620574131,2020,1412.63647460938,17.354997196655,81.396525657846
620574131,2025,1467.84997558594,17.354997196655,84.5779436869543
620574158,1985,41.8337440490723,17.6125482537551,2.37522381465459
620574158,1990,49.4312782287598,17.6125482537551,2.80659433925018
620574158,1995,58.1623916625977,17.6125482537551,3.30232688788784
620574158,2000,66.7558135986328,17.6125482537551,3.79024162982208
620574158,2005,75.9737319946289,17.6125482537551,4.31361384508518
620574158,2010,88.6259078979492,17.6125482537551,5.03197530652917
620574158,2015,100.496795654297,17.6125482537551,5.70597702310739
620574158,2020,115.734245300293,17.6125482537551,6.57112438432171
620574158,2025,129.728240966797,17.6125482537551,7.3656712871823
620574159,1985,0,0.0557373135878931,0
620574159,1990,0,0.0557373135878931,0
620574159,1995,0,0.0557373135878931,0
620574159,2000,0,0.0557373135878931,0
620574159,2005,0,0.0557373135878931,0
620574159,2010,0,0.0557373135878931,0
620574159,2015,0,0.0557373135878931,0
620574159,2020,0,0.0557373135878931,0
620574159,2025,0,0.0557373135878931,0
620575497,1985,73.0785903930664,27.4170041775745,2.66544768785644
620575497,1990,78.0667953491211,27.4170041775745,2.8473860544171
620575497,1995,83.5631561279297,27.4170041775745,3.04785875169686
620575497,2000,87.4347763061523,27.4170041775745,3.18907112315608
620575497,2005,96.0973587036133,27.4170041775745,3.50502768578251
620575497,2010,106.244079589844,27.4170041775745,3.87511629285687
620575497,2015,114.646751403809,27.4170041775745,4.18159295090245
620575497,2020,120.982063293457,27.4170041775745,4.41266531200419
620575497,2025,125.833885192871,27.4170041775745,4.58962928180884
620575506,1985,0.00959812849760056,1.44192216194879,0.00665648170954561
620575506,1990,0.00680050486698747,1.44192216194879,0.00471627737366659
620575506,1995,0.00721522094681859,1.44192216194879,0.00500389073503599
620575506,2000,0.0139636639505625,1.44192216194879,0.00968406223238175
620575506,2005,0.00471206801012158,1.44192216194879,0.00326790733540924
620575506,2010,0.0100227519869804,1.44192216194879,0.00695096604482068
620575506,2015,0.0159208532422781,1.44192216194879,0.0110414096283538
620575506,2020,0.0113537684082985,1.44192216194879,0.00787405083846805
620575506,2025,0.00661672186106443,1.44192216194879,0.0045888204201826
620575525,1985,0.161213368177414,0.528814486223626,0.304858078545979
620575525,1990,0.207382842898369,0.528814486223626,0.392165586043856
620575525,1995,0.205764174461365,0.528814486223626,0.389104647890358
620575525,2000,0.204082369804382,0.528814486223626,0.385924317735274
620575525,2005,0.233038723468781,0.528814486223626,0.440681429007284
620575525,2010,0.26667582988739,0.528814486223626,0.504289948242109
620575525,2015,0.301243990659714,0.528814486223626,0.569659112046948
620575525,2020,0.340096235275269,0.528814486223626,0.643129574047727
620575525,2025,0.379398852586746,0.528814486223626,0.717451700871721
620575531,1985,80.5723037719727,34.1759467388356,2.35757342401329
620575531,1990,87.9337692260742,34.1759467388356,2.57297244456878
620575531,1995,95.951057434082,34.1759467388356,2.80756106531055
620575531,2000,101.938186645508,34.1759467388356,2.98274653294889
620575531,2005,108.325012207031,34.1759467388356,3.16962725377661
620575531,2010,114.672523498535,34.1759467388356,3.35535762549125
620575531,2015,120.07536315918,34.1759467388356,3.51344657916185
620575531,2020,127.095092773438,34.1759467388356,3.71884629106745
620575531,2025,130.112014770508,34.1759467388356,3.80712247022131
620575566,1985,0,34.7029794186155,0
620575566,1990,0,34.7029794186155,0
620575566,1995,0,34.7029794186155,0
620575566,2000,0,34.7029794186155,0
620575566,2005,0,34.7029794186155,0
620575566,2010,0,34.7029794186155,0
620575566,2015,0,34.7029794186155,0
620575566,2020,0,34.7029794186155,0
620575566,2025,0,34.7029794186155,0
620576867,1985,871.284973144531,27.5479630257503,31.6279273472998
620576867,1990,938.510864257812,27.5479630257503,34.0682490164716
620576867,1995,1024.67797851562,27.5479630257503,37.1961432341772
620576867,2000,1093.5302734375,27.5479630257503,39.6955038895373
620576867,2005,1182.49963378906,27.5479630257503,42.9251205500649
620576867,2010,1282.78100585938,27.5479630257503,46.5653669079018
620576867,2015,1368.70581054688,27.5479630257503,49.6844652095505
620576867,2020,1457.04943847656,27.5479630257503,52.8913675800492
620576867,2025,1521.07019042969,27.5479630257503,55.2153416573079
620576889,1985,0,23.0545296580057,0
620576889,1990,0,23.0545296580057,0
620576889,1995,0,23.0545296580057,0
620576889,2000,0,23.0545296580057,0
620576889,2005,0,23.0545296580057,0
620576889,2010,0,23.0545296580057,0
620576889,2015,0,23.0545296580057,0
620576889,2020,0,23.0545296580057,0
620576889,2025,0,23.0545296580057,0
620576907,1985,865.749267578125,31.3397200130607,27.6246650326591
620576907,1990,944.561279296875,31.3397200130607,30.1394294174688
620576907,1995,1015.00268554688,31.3397200130607,32.3871012607604
620576907,2000,1064.18920898438,31.3397200130607,33.9565640197449
620576907,2005,1127.72888183594,31.3397200130607,35.984012663992
620576907,2010,1200.4345703125,31.3397200130607,38.3039341070126
620576907,2015,1255.83972167969,31.3397200130607,40.0718232695226
620576907,2020,1303.44140625,31.3397200130607,41.590716372284
620576907,2025,1331.13977050781,31.3397200130607,42.4745265737239
620576925,1985,0,27.0817202849144,0
620576925,1990,0,27.0817202849144,0
620576925,1995,0,27.0817202849144,0
620576925,2000,0,27.0817202849144,0
620576925,2005,0,27.0817202849144,0
620576925,2010,0,27.0817202849144,0
620576925,2015,0,27.0817202849144,0
620576925,2020,0,27.0817202849144,0
620576925,2025,0,27.0817202849144,0
620578283,1985,0,27.1025874382023,0
620578283,1990,0,27.1025874382023,0
620578283,1995,0,27.1025874382023,0
620578283,2000,0,27.1025874382023,0
620578283,2005,0,27.1025874382023,0
620578283,2010,0,27.1025874382023,0
620578283,2015,0,27.1025874382023,0
620578283,2020,0,27.1025874382023,0
620578283,2025,0,27.1025874382023,0
620578296,1985,5915.08642578125,48.3641073021137,122.303227656654
620578296,1990,6644.1474609375,48.3641073021137,137.377651146
620578296,1995,7091.412109375,48.3641073021137,146.625514352564
620578296,2000,7426.576171875,48.3641073021137,153.555530870936
620578296,2005,7834.458984375,48.3641073021137,161.989115925078
620578296,2010,8292.73046875,48.3641073021137,171.464561869161
620578296,2015,8623.6865234375,48.3641073021137,178.307571554424
620578296,2020,8886.2236328125,48.3641073021137,183.735917574233
620578296,2025,9074.9189453125,48.3641073021137,187.63747439035
620578311,1985,333.146697998047,44.8361580171496,7.4303132277886
620578311,1990,377.378601074219,44.8361580171496,8.41683627151713
620578311,1995,402.761505126953,44.8361580171496,8.98296203195864
620578311,2000,419.460418701172,44.8361580171496,9.35540504029649
620578311,2005,449.267639160156,44.8361580171496,10.0202082209701
620578311,2010,482.151824951172,44.8361580171496,10.7536382748663
620578311,2015,506.05615234375,44.8361580171496,11.2867867079553
620578311,2020,512.057434082031,44.8361580171496,11.4206358601504
620578311,2025,522.857360839844,44.8361580171496,11.6615112436675
620578327,1985,0.109771013259888,27.026837535252,0.00406155596697947
620578327,1990,0.136636182665825,27.026837535252,0.00505557420425552
620578327,1995,0.159976437687874,27.026837535252,0.0059191696949083
620578327,2000,0.170994505286217,27.026837535252,0.00632684105431066
620578327,2005,0.168910950422287,27.026837535252,0.00624974898383766
620578327,2010,0.233659133315086,27.026837535252,0.00864544854758966
620578327,2015,0.248622715473175,27.026837535252,0.00919910496923245
620578327,2020,0.283149719238281,27.026837535252,0.0104766130654006
620578327,2025,0.342193990945816,27.026837535252,0.0126612664356117
620579620,1985,1.20025193691254,15.0589163842519,0.0797037387210487
620579620,1990,1.20286107063293,15.0589163842519,0.0798770004388126
620579620,1995,1.26928281784058,15.0589163842519,0.0842877923917517
620579620,2000,1.33331668376923,15.0589163842519,0.0885400150812683
620579620,2005,1.46699905395508,15.0589163842519,0.0974173052377933
620579620,2010,1.63973891735077,15.0589163842519,0.108888241059997
620579620,2015,1.78241443634033,15.0589163842519,0.118362728821864
620579620,2020,1.87066650390625,15.0589163842519,0.124223181547281
620579620,2025,1.92218351364136,15.0589163842519,0.127644211880445
620579659,1985,0,17.5151198472683,0
620579659,1990,0,17.5151198472683,0
620579659,1995,0,17.5151198472683,0
620579659,2000,0,17.5151198472683,0
620579659,2005,0,17.5151198472683,0
620579659,2010,0,17.5151198472683,0
620579659,2015,0,17.5151198472683,0
620579659,2020,0,17.5151198472683,0
620579659,2025,0,17.5151198472683,0
620579671,1985,0,29.1886347119667,0
620579671,1990,0,29.1886347119667,0
620579671,1995,0,29.1886347119667,0
620579671,2000,0,29.1886347119667,0
620579671,2005,0,29.1886347119667,0
620579671,2010,0,29.1886347119667,0
620579671,2015,0,29.1886347119667,0
620579671,2020,0,29.1886347119667,0
620579671,2025,0,29.1886347119667,0
620579672,1985,0,43.2146496441235,0
620579672,1990,0,43.2146496441235,0
620579672,1995,0,43.2146496441235,0
620579672,2000,0,43.2146496441235,0
620579672,2005,0,43.2146496441235,0
620579672,2010,0,43.2146496441235,0
620579672,2015,0,43.2146496441235,0
620579672,2020,0,43.2146496441235,0
620579672,2025,0,43.2146496441235,0
620579686,1985,0,0.00220317053184521,0
620579686,1990,0,0.00220317053184521,0
620579686,1995,0,0.00220317053184521,0
620579686,2000,0,0.00220317053184521,0
620579686,2005,0,0.00220317053184521,0
620579686,2010,0,0.00220317053184521,0
620579686,2015,0,0.00220317053184521,0
620579686,2020,0,0.00220317053184521,0
620579686,2025,0,0.00220317053184521,0
620579687,1985,0,35.3247300437804,0
620579687,1990,0,35.3247300437804,0
620579687,1995,0,35.3247300437804,0
620579687,2000,0,35.3247300437804,0
620579687,2005,0,35.3247300437804,0
620579687,2010,0,35.3247300437804,0
620579687,2015,0,35.3247300437804,0
620579687,2020,0,35.3247300437804,0
620579687,2025,0,35.3247300437804,0
620579696,1985,19.1206932067871,35.108166592243,0.544622378857339
620579696,1990,19.3163719177246,35.108166592243,0.550195974118241
620579696,1995,19.8480987548828,35.108166592243,0.565341363033984
620579696,2000,20.2863616943359,35.108166592243,0.577824582238884
620579696,2005,21.8585376739502,35.108166592243,0.622605501672074
620579696,2010,23.8763198852539,35.108166592243,0.680078802250223
620579696,2015,25.3474750518799,35.108166592243,0.72198230532153
620579696,2020,26.080997467041,35.108166592243,0.742875518677855
620579696,2025,26.8978595733643,35.108166592243,0.766142529906624
620579703,1985,0,1.15049991907059,0
620579703,1990,0,1.15049991907059,0
620579703,1995,0,1.15049991907059,0
620579703,2000,0,1.15049991907059,0
620579703,2005,0,1.15049991907059,0
620579703,2010,0,1.15049991907059,0
620579703,2015,0,1.15049991907059,0
620579703,2020,0,1.15049991907059,0
620579703,2025,0,1.15049991907059,0
620581021,1985,0,37.4491195897371,0
620581021,1990,0,37.4491195897371,0
620581021,1995,0,37.4491195897371,0
620581021,2000,0,37.4491195897371,0
620581021,2005,0,37.4491195897371,0
620581021,2010,0,37.4491195897371,0
620581021,2015,0,37.4491195897371,0
620581021,2020,0,37.4491195897371,0
620581021,2025,0,37.4491195897371,0
620581043,1985,0,18.4411499640314,0
620581043,1990,0,18.4411499640314,0
620581043,1995,0,18.4411499640314,0
620581043,2000,0,18.4411499640314,0
620581043,2005,0,18.4411499640314,0
620581043,2010,0,18.4411499640314,0
620581043,2015,0,18.4411499640314,0
620581043,2020,0,18.4411499640314,0
620581043,2025,0,18.4411499640314,0
620581048,1985,0,0.427847895044395,0
620581048,1990,0,0.427847895044395,0
620581048,1995,0,0.427847895044395,0
620581048,2000,0,0.427847895044395,0
620581048,2005,0,0.427847895044395,0
620581048,2010,0,0.427847895044395,0
620581048,2015,0,0.427847895044395,0
620581048,2020,0,0.427847895044395,0
620581048,2025,0,0.427847895044395,0
620581058,1985,0,37.9824919778033,0
620581058,1990,0,37.9824919778033,0
620581058,1995,0,37.9824919778033,0
620581058,2000,0,37.9824919778033,0
620581058,2005,0,37.9824919778033,0
620581058,2010,0,37.9824919778033,0
620581058,2015,0,37.9824919778033,0
620581058,2020,0,37.9824919778033,0
620581058,2025,0,37.9824919778033,0
620581079,1985,0,30.3907233803403,0
620581079,1990,0,30.3907233803403,0
620581079,1995,0,30.3907233803403,0
620581079,2000,0,30.3907233803403,0
620581079,2005,0,30.3907233803403,0
620581079,2010,0,30.3907233803403,0
620581079,2015,0,30.3907233803403,0
620581079,2020,0,30.3907233803403,0
620581079,2025,0,30.3907233803403,0
620582375,1985,0.00127765885554254,0.0528177650703027,0.0241899454443391
620582375,1990,0.00130195787642151,0.0528177650703027,0.0246499993835133
620582375,1995,0.00139210326597095,0.0528177650703027,0.0263567241839558
620582375,2000,0.00145706278271973,0.0528177650703027,0.0275866042567367
620582375,2005,0.0017176439287141,0.0528177650703027,0.0325201932801935
620582375,2010,0.00215390464290977,0.0528177650703027,0.040779927739139
620582375,2015,0.00245452672243118,0.0528177650703027,0.0464716127076581
620582375,2020,0.00264463876374066,0.0528177650703027,0.0500710084991391
620582375,2025,0.00277492380701005,0.0528177650703027,0.0525376983164
620582419,1985,51.7963333129883,44.0050034325302,1.17705554534052
620582419,1990,58.2888145446777,44.0050034325302,1.3245951595947
620582419,1995,68.2065277099609,44.0050034325302,1.54997210293455
620582419,2000,78.4919586181641,44.0050034325302,1.78370531747623
620582419,2005,91.5120620727539,44.0050034325302,2.07958311406708
620582419,2010,107.519134521484,44.0050034325302,2.44333885091808
620582419,2015,123.873695373535,44.0050034325302,2.81499115352785
620582419,2020,141.881591796875,44.0050034325302,3.22421499215225
620582419,2025,158.277893066406,44.0050034325302,3.59681583275144
620582420,1985,0,9.60326189511235,0
620582420,1990,0,9.60326189511235,0
620582420,1995,0,9.60326189511235,0
620582420,2000,0,9.60326189511235,0
620582420,2005,0,9.60326189511235,0
620582420,2010,0,9.60326189511235,0
620582420,2015,0,9.60326189511235,0
620582420,2020,0,9.60326189511235,0
620582420,2025,0,9.60326189511235,0
620582434,1985,0,5.39951973275122,0
620582434,1990,0,5.39951973275122,0
620582434,1995,0,5.39951973275122,0
620582434,2000,0,5.39951973275122,0
620582434,2005,0,5.39951973275122,0
620582434,2010,0,5.39951973275122,0
620582434,2015,0,5.39951973275122,0
620582434,2020,0,5.39951973275122,0
620582434,2025,0,5.39951973275122,0
620582438,1985,0.563172876834869,43.4054153555975,0.0129747146115546
620582438,1990,0.640877246856689,43.4054153555975,0.0147649145067804
620582438,1995,0.731298208236694,43.4054153555975,0.0168480868630229
620582438,2000,0.815159678459167,43.4054153555975,0.0187801377266177
620582438,2005,0.939744472503662,43.4054153555975,0.0216503969563437
620582438,2010,1.07784867286682,43.4054153555975,0.0248321243797941
620582438,2015,1.22607934474945,43.4054153555975,0.028247151529477
620582438,2020,1.39536738395691,43.4054153555975,0.0321473109409369
620582438,2025,1.55662047863007,43.4054153555975,0.0358623564796582
620583771,1985,9.8196382522583,33.3203053460705,0.294704329695356
620583771,1990,10.8593120574951,33.3203053460705,0.325906738990186
620583771,1995,11.5520896911621,33.3203053460705,0.346698194124576
620583771,2000,12.0947132110596,33.3203053460705,0.362983264572211
620583771,2005,13.3366584777832,33.3203053460705,0.400256190309973
620583771,2010,14.9087018966675,33.3203053460705,0.447435932588945
620583771,2015,16.3561859130859,33.3203053460705,0.490877431740427
620583771,2020,16.9872722625732,33.3203053460705,0.509817424724667
620583771,2025,17.5594387054443,33.3203053460705,0.526989129393291
620583793,1985,19.8966598510742,36.7942227086447,0.540754998648187
620583793,1990,25.164134979248,36.7942227086447,0.683915384719782
620583793,1995,26.531078338623,36.7942227086447,0.721066417103294
620583793,2000,27.3765563964844,36.7942227086447,0.744044971768146
620583793,2005,29.5405406951904,36.7942227086447,0.802858126100595
620583793,2010,31.8009452819824,36.7942227086447,0.864291808358026
620583793,2015,33.6764793395996,36.7942227086447,0.915265410177763
620583793,2020,35.2287330627441,36.7942227086447,0.957452840944709
620583793,2025,36.009464263916,36.7942227086447,0.978671693897633
620583812,1985,0,12.6177365930979,0
620583812,1990,0,12.6177365930979,0
620583812,1995,0,12.6177365930979,0
620583812,2000,0,12.6177365930979,0
620583812,2005,0,12.6177365930979,0
620583812,2010,0,12.6177365930979,0
620583812,2015,0,12.6177365930979,0
620583812,2020,0,12.6177365930979,0
620583812,2025,0,12.6177365930979,0
620585131,1985,5207.564453125,26.1642973187262,199.033224156105
620585131,1990,5737.04150390625,26.1642973187262,219.269848298206
620585131,1995,6193.595703125,26.1642973187262,236.719359502621
620585131,2000,6545.45849609375,26.1642973187262,250.167562933519
620585131,2005,7058.578125,26.1642973187262,269.779006063658
620585131,2010,7602.95947265625,26.1642973187262,290.585272749316
620585131,2015,8106.13916015625,26.1642973187262,309.816811107499
620585131,2020,8630.763671875,26.1642973187262,329.867971103425
620585131,2025,8975.0390625,26.1642973187262,343.026183855372
620585147,1985,0,91.8816231159232,0
620585147,1990,0,91.8816231159232,0
620585147,1995,0,91.8816231159232,0
620585147,2000,0,91.8816231159232,0
620585147,2005,0,91.8816231159232,0
620585147,2010,0,91.8816231159232,0
620585147,2015,0,91.8816231159232,0
620585147,2020,0,91.8816231159232,0
620585147,2025,0,91.8816231159232,0
620585169,1985,127.916549682617,39.7798282721205,3.21561342114357
620585169,1990,146.860534667969,39.7798282721205,3.69183430514946
620585169,1995,167.514923095703,39.7798282721205,4.21105194194881
620585169,2000,187.333114624023,39.7798282721205,4.70924895257315
620585169,2005,211.758285522461,39.7798282721205,5.32325791036334
620585169,2010,241.441909790039,39.7798282721205,6.06945580907026
620585169,2015,271.545471191406,39.7798282721205,6.82621024238351
620585169,2020,309.636962890625,39.7798282721205,7.78376821469671
620585169,2025,344.681396484375,39.7798282721205,8.66472811613275
620585184,1985,0,16.9692798311847,0
620585184,1990,0,16.9692798311847,0
620585184,1995,0,16.9692798311847,0
620585184,2000,0,16.9692798311847,0
620585184,2005,0,16.9692798311847,0
620585184,2010,0,16.9692798311847,0
620585184,2015,0,16.9692798311847,0
620585184,2020,0,16.9692798311847,0
620585184,2025,0,16.9692798311847,0
620585213,1985,0,22.7802135535426,0
620585213,1990,0,22.7802135535426,0
620585213,1995,0,22.7802135535426,0
620585213,2000,0,22.7802135535426,0
620585213,2005,0,22.7802135535426,0
620585213,2010,0,22.7802135535426,0
620585213,2015,0,22.7802135535426,0
620585213,2020,0,22.7802135535426,0
620585213,2025,0,22.7802135535426,0
620585218,1985,0,28.8792943815317,0
620585218,1990,0,28.8792943815317,0
620585218,1995,0,28.8792943815317,0
620585218,2000,0,28.8792943815317,0
620585218,2005,0,28.8792943815317,0
620585218,2010,0,28.8792943815317,0
620585218,2015,0,28.8792943815317,0
620585218,2020,0,28.8792943815317,0
620585218,2025,0,28.8792943815317,0
620586541,1985,0,0.713295493648712,0
620586541,1990,0,0.713295493648712,0
620586541,1995,0,0.713295493648712,0
620586541,2000,0,0.713295493648712,0
620586541,2005,0,0.713295493648712,0
620586541,2010,0,0.713295493648712,0
620586541,2015,0,0.713295493648712,0
620586541,2020,0,0.713295493648712,0
620586541,2025,0,0.713295493648712,0
620586544,1985,946.43115234375,24.3182682084803,38.9185259505325
620586544,1990,1055.15954589844,24.3182682084803,43.3895841945884
620586544,1995,1140.75927734375,24.3182682084803,46.9095606465079
620586544,2000,1205.72045898438,24.3182682084803,49.5808520840278
620586544,2005,1269.96081542969,24.3182682084803,52.2225022169476
620586544,2010,1339.02905273438,24.3182682084803,55.0626813247922
620586544,2015,1396.60888671875,24.3182682084803,57.4304417874511
620586544,2020,1460.759765625,24.3182682084803,60.0684124832378
620586544,2025,1493.00378417969,24.3182682084803,61.3943300312416
620586549,1985,0,37.4162696165245,0
620586549,1990,0,37.4162696165245,0
620586549,1995,0,37.4162696165245,0
620586549,2000,0,37.4162696165245,0
620586549,2005,0,37.4162696165245,0
620586549,2010,0,37.4162696165245,0
620586549,2015,0,37.4162696165245,0
620586549,2020,0,37.4162696165245,0
620586549,2025,0,37.4162696165245,0
620586596,1985,0,19.8539561304364,0
620586596,1990,0,19.8539561304364,0
620586596,1995,0,19.8539561304364,0
620586596,2000,0,19.8539561304364,0
620586596,2005,0,19.8539561304364,0
620586596,2010,0,19.8539561304364,0
620586596,2015,0,19.8539561304364,0
620586596,2020,0,19.8539561304364,0
620586596,2025,0,19.8539561304364,0
620587912,1985,788.94970703125,48.9908229217819,16.1040305097728
620587912,1990,1055.17651367188,48.9908229217819,21.5382484053505
620587912,1995,1026.26635742188,48.9908229217819,20.9481346957653
620587912,2000,1025.84423828125,48.9908229217819,20.9395184057043
620587912,2005,1071.09680175781,48.9908229217819,21.8632131056037
620587912,2010,1144.74096679688,48.9908229217819,23.366436783978
620587912,2015,1244.037109375,48.9908229217819,25.3932682731461
620587912,2020,1431.08532714844,48.9908229217819,29.2112939077037
620587912,2025,1590.96862792969,48.9908229217819,32.4748296322723
620587920,1985,0,37.8633177703896,0
620587920,1990,0,37.8633177703896,0
620587920,1995,0,37.8633177703896,0
620587920,2000,0,37.8633177703896,0
620587920,2005,0,37.8633177703896,0
620587920,2010,0,37.8633177703896,0
620587920,2015,0,37.8633177703896,0
620587920,2020,0,37.8633177703896,0
620587920,2025,0,37.8633177703896,0
620587925,1985,0,43.5560082781768,0
620587925,1990,0,43.5560082781768,0
620587925,1995,0,43.5560082781768,0
620587925,2000,0,43.5560082781768,0
620587925,2005,0,43.5560082781768,0
620587925,2010,0,43.5560082781768,0
620587925,2015,0,43.5560082781768,0
620587925,2020,0,43.5560082781768,0
620587925,2025,0,43.5560082781768,0
620589288,1985,27.1128196716309,35.6020302136033,0.761552628009153
620589288,1990,30.7905673980713,35.6020302136033,0.864854257280711
620589288,1995,38.1637077331543,35.6020302136033,1.07195313031818
620589288,2000,46.7829551696777,35.6020302136033,1.31405301576881
620589288,2005,54.3523750305176,35.6020302136033,1.52666504422408
620589288,2010,63.6871109008789,35.6020302136033,1.78886177329698
620589288,2015,73.5642166137695,35.6020302136033,2.06629274152071
620589288,2020,81.7262268066406,35.6020302136033,2.29554961658938
620589288,2025,92.8233642578125,35.6020302136033,2.60724918497332
620589296,1985,0,2.54908195229734,0
620589296,1990,0,2.54908195229734,0
620589296,1995,0,2.54908195229734,0
620589296,2000,0,2.54908195229734,0
620589296,2005,0,2.54908195229734,0
620589296,2010,0,2.54908195229734,0
620589296,2015,0,2.54908195229734,0
620589296,2020,0,2.54908195229734,0
620589296,2025,0,2.54908195229734,0
620589301,1985,46.451488494873,40.3786106263155,1.15039838603559
620589301,1990,54.4656219482422,40.3786106263155,1.34887310641506
620589301,1995,62.1507263183594,40.3786106263155,1.53919922836212
620589301,2000,68.6643524169922,40.3786106263155,1.70051300309581
620589301,2005,76.8696823120117,40.3786106263155,1.90372281561155
620589301,2010,84.6838073730469,40.3786106263155,2.09724421072222
620589301,2015,94.9853134155273,40.3786106263155,2.35236705627567
620589301,2020,108.744262695312,40.3786106263155,2.69311551359922
620589301,2025,120.663497924805,40.3786106263155,2.9883023723002
620590660,1985,146.1318359375,8.09214686253176,18.0584755096474
620590660,1990,162.160873413086,8.09214686253176,20.039289470131
620590660,1995,177.40251159668,8.09214686253176,21.9227993028758
620590660,2000,190.312118530273,8.09214686253176,23.5181246414911
620590660,2005,201.065963745117,8.09214686253176,24.8470482754203
620590660,2010,212.941452026367,8.09214686253176,26.3145807464677
620590660,2015,223.372161865234,8.09214686253176,27.6035724091331
620590660,2020,235.636734008789,8.09214686253176,29.1191865411926
620590660,2025,241.169342041016,8.09214686253176,29.8028874337016
620592058,1985,21.298755645752,20.025133117247,1.0636012016024
620592058,1990,24.585485458374,20.025133117247,1.22773143701099
620592058,1995,27.6549510955811,20.025133117247,1.38101209783034
620592058,2000,31.0019378662109,20.025133117247,1.54815139977821
620592058,2005,34.9456596374512,20.025133117247,1.74509000428834
620592058,2010,39.6111221313477,20.025133117247,1.97807035286232
620592058,2015,44.6741104125977,20.025133117247,2.23090204449734
620592058,2020,50.1190719604492,20.025133117247,2.50280842913765
620592058,2025,54.3662376403809,20.025133117247,2.71490018678363
620592062,1985,0,49.7746167816277,0
620592062,1990,0,49.7746167816277,0
620592062,1995,0,49.7746167816277,0
620592062,2000,0,49.7746167816277,0
620592062,2005,0,49.7746167816277,0
620592062,2010,0,49.7746167816277,0
620592062,2015,0,49.7746167816277,0
620592062,2020,0,49.7746167816277,0
620592062,2025,0,49.7746167816277,0
620593430,1985,2113.6015625,25.9010009781306,81.6030841543386
620593430,1990,2177.65502929688,25.9010009781306,84.0760954040181
620593430,1995,2344.86962890625,25.9010009781306,90.5320080442501
620593430,2000,2457.05297851562,25.9010009781306,94.8632441113078
620593430,2005,2597.88842773438,25.9010009781306,100.300696097726
620593430,2010,2743.2236328125,25.9010009781306,105.911877117364
620593430,2015,2865.81420898438,25.9010009781306,110.644921074831
620593430,2020,3007.16137695312,25.9010009781306,116.10212977839
620593430,2025,3091.14331054688,25.9010009781306,119.344550164562
620593433,1985,0,27.2403041612272,0
620593433,1990,0,27.2403041612272,0
620593433,1995,0,27.2403041612272,0
620593433,2000,0,27.2403041612272,0
620593433,2005,0,27.2403041612272,0
620593433,2010,0,27.2403041612272,0
620593433,2015,0,27.2403041612272,0
620593433,2020,0,27.2403041612272,0
620593433,2025,0,27.2403041612272,0
620593438,1985,0,19.2887966460277,0
620593438,1990,0,19.2887966460277,0
620593438,1995,0,19.2887966460277,0
620593438,2000,0,19.2887966460277,0
620593438,2005,0,19.2887966460277,0
620593438,2010,0,19.2887966460277,0
620593438,2015,0,19.2887966460277,0
620593438,2020,0,19.2887966460277,0
620593438,2025,0,19.2887966460277,0
620593453,1985,53.4390106201172,23.2955583891863,2.29395705942483
620593453,1990,63.6501007080078,23.2955583891863,2.732284826345
620593453,1995,68.8520278930664,23.2955583891863,2.95558607107813
620593453,2000,73.3593826293945,23.2955583891863,3.14907165579888
620593453,2005,78.3541946411133,23.2955583891863,3.36348214247935
620593453,2010,83.8688888549805,23.2955583891863,3.6002094242099
620593453,2015,89.8839416503906,23.2955583891863,3.85841541759799
620593453,2020,99.4664154052734,23.2955583891863,4.26975879880369
620593453,2025,107.999656677246,23.2955583891863,4.63606215712687
620593473,1985,0.853921234607697,8.76222956932432,0.0974547890866942
620593473,1990,0.97471809387207,8.76222956932432,0.111240876098985
620593473,1995,1.13751363754272,8.76222956932432,0.129820113538801
620593473,2000,1.30530118942261,8.76222956932432,0.148969069926259
620593473,2005,1.51850497722626,8.76222956932432,0.173301208923171
620593473,2010,1.77179646492004,8.76222956932432,0.20220840493873
620593473,2015,2.0387659072876,8.76222956932432,0.232676614000746
620593473,2020,2.33488988876343,8.76222956932432,0.26647211994281
620593473,2025,2.60471725463867,8.76222956932432,0.297266492966302
620594806,1985,42.7260398864746,39.2326636702868,1.08904254489439
620594806,1990,49.9101676940918,39.2326636702868,1.27215852875908
620594806,1995,55.9809951782227,39.2326636702868,1.42689763939277
620594806,2000,61.7221946716309,39.2326636702868,1.57323487363354
620594806,2005,69.3909912109375,39.2326636702868,1.76870456194621
620594806,2010,78.2775039672852,39.2326636702868,1.99521257656969
620594806,2015,87.0730209350586,39.2326636702868,2.21940120270254
620594806,2020,97.5898056030273,39.2326636702868,2.48746316138962
620594806,2025,105.823745727539,39.2326636702868,2.69733777489306
620594814,1985,0,16.1052997235929,0
620594814,1990,0,16.1052997235929,0
620594814,1995,0,16.1052997235929,0
620594814,2000,0,16.1052997235929,0
620594814,2005,0,16.1052997235929,0
620594814,2010,0,16.1052997235929,0
620594814,2015,0,16.1052997235929,0
620594814,2020,0,16.1052997235929,0
620594814,2025,0,16.1052997235929,0
620594817,1985,0,18.3615163066167,0
620594817,1990,0,18.3615163066167,0
620594817,1995,0,18.3615163066167,0
620594817,2000,0,18.3615163066167,0
620594817,2005,0,18.3615163066167,0
620594817,2010,0,18.3615163066167,0
620594817,2015,0,18.3615163066167,0
620594817,2020,0,18.3615163066167,0
620594817,2025,0,18.3615163066167,0
620596193,1985,3.43956279754639,44.6048548687337,0.0771118481983312
620596193,1990,3.90397524833679,44.6048548687337,0.0875235500670428
620596193,1995,4.45478487014771,44.6048548687337,0.099872197393256
620596193,2000,4.90070533752441,44.6048548687337,0.10986932592756
620596193,2005,5.55711603164673,44.6048548687337,0.124585452592562
620596193,2010,6.27214241027832,44.6048548687337,0.14061568922792
620596193,2015,7.14684295654297,44.6048548687337,0.160225674482637
620596193,2020,7.75690793991089,44.6048548687337,0.173902772752842
620596193,2025,8.76483345031738,44.6048548687337,0.196499539705065
620596207,1985,7.27614736557007,9.74910097089595,0.746340343308741
620596207,1990,8.26772499084473,9.74910097089595,0.848049991022394
620596207,1995,8.56811809539795,9.74910097089595,0.878862381359718
620596207,2000,8.65858364105225,9.74910097089595,0.888141754496211
620596207,2005,9.24918651580811,9.74910097089595,0.948721994306937
620596207,2010,9.85861206054688,9.74910097089595,1.01123294239929
620596207,2015,10.3606367111206,9.74910097089595,1.06272739835707
620596207,2020,10.9000434875488,9.74910097089595,1.11805627206948
620596207,2025,11.1417379379272,9.74910097089595,1.14284773244105
620597569,1985,0,24.5591560152354,0
620597569,1990,0,24.5591560152354,0
620597569,1995,0,24.5591560152354,0
620597569,2000,0,24.5591560152354,0
620597569,2005,0,24.5591560152354,0
620597569,2010,0,24.5591560152354,0
620597569,2015,0,24.5591560152354,0
620597569,2020,0,24.5591560152354,0
620597569,2025,0,24.5591560152354,0
620597576,1985,0,0.0160755686503011,0
620597576,1990,0,0.0160755686503011,0
620597576,1995,0,0.0160755686503011,0
620597576,2000,0,0.0160755686503011,0
620597576,2005,0,0.0160755686503011,0
620597576,2010,0,0.0160755686503011,0
620597576,2015,0,0.0160755686503011,0
620597576,2020,0,0.0160755686503011,0
620597576,2025,0,0.0160755686503011,0
620597587,1985,0,47.5219532728617,0
620597587,1990,0,47.5219532728617,0
620597587,1995,0,47.5219532728617,0
620597587,2000,0,47.5219532728617,0
620597587,2005,0,47.5219532728617,0
620597587,2010,0,47.5219532728617,0
620597587,2015,0,47.5219532728617,0
620597587,2020,0,47.5219532728617,0
620597587,2025,0,47.5219532728617,0
620598903,1985,0,0.219974001896185,0
620598903,1990,0,0.219974001896185,0
620598903,1995,0,0.219974001896185,0
620598903,2000,0,0.219974001896185,0
620598903,2005,0,0.219974001896185,0
620598903,2010,0,0.219974001896185,0
620598903,2015,0,0.219974001896185,0
620598903,2020,0,0.219974001896185,0
620598903,2025,0,0.219974001896185,0
620598926,1985,402.886810302734,34.4099203922288,11.7084493573465
620598926,1990,443.420684814453,34.4099203922288,12.8864199556415
620598926,1995,473.798400878906,34.4099203922288,13.7692385067508
620598926,2000,493.733337402344,34.4099203922288,14.3485754042561
620598926,2005,504.015899658203,34.4099203922288,14.6474009213933
620598926,2010,520.212463378906,34.4099203922288,15.1180955215576
620598926,2015,531.310485839844,34.4099203922288,15.4406194429859
620598926,2020,556.794799804688,34.4099203922288,16.181228943803
620598926,2025,570.382446289062,34.4099203922288,16.5761047915089
620598940,1985,0,52.596671816813,0
620598940,1990,0,52.596671816813,0
620598940,1995,0,52.596671816813,0
620598940,2000,0,52.596671816813,0
620598940,2005,0,52.596671816813,0
620598940,2010,0,52.596671816813,0
620598940,2015,0,52.596671816813,0
620598940,2020,0,52.596671816813,0
620598940,2025,0,52.596671816813,0
620598943,1985,0,4.45046030433742,0
620598943,1990,0,4.45046030433742,0
620598943,1995,0,4.45046030433742,0
620598943,2000,0,4.45046030433742,0
620598943,2005,0,4.45046030433742,0
620598943,2010,0,4.45046030433742,0
620598943,2015,0,4.45046030433742,0
620598943,2020,0,4.45046030433742,0
620598943,2025,0,4.45046030433742,0
620598945,1985,0,39.6569798426857,0
620598945,1990,0,39.6569798426857,0
620598945,1995,0,39.6569798426857,0
620598945,2000,0,39.6569798426857,0
620598945,2005,0,39.6569798426857,0
620598945,2010,0,39.6569798426857,0
620598945,2015,0,39.6569798426857,0
620598945,2020,0,39.6569798426857,0
620598945,2025,0,39.6569798426857,0
620598959,1985,44.4778099060059,17.0152114935776,2.61400276586594
620598959,1990,50.0627212524414,17.0152114935776,2.94223326412002
620598959,1995,53.5563888549805,17.0152114935776,3.14755939855319
620598959,2000,55.7425003051758,17.0152114935776,3.27603922679514
620598959,2005,59.5312843322754,17.0152114935776,3.498709631364
620598959,2010,63.3178329467773,17.0152114935776,3.72124865862976
620598959,2015,66.5962982177734,17.0152114935776,3.91392714941628
620598959,2020,70.3874282836914,17.0152114935776,4.13673543289539
620598959,2025,71.947868347168,17.0152114935776,4.2284439646445
620598963,1985,0,12.8252440719576,0
620598963,1990,0,12.8252440719576,0
620598963,1995,0,12.8252440719576,0
620598963,2000,0,12.8252440719576,0
620598963,2005,0,12.8252440719576,0
620598963,2010,0,12.8252440719576,0
620598963,2015,0,12.8252440719576,0
620598963,2020,0,12.8252440719576,0
620598963,2025,0,12.8252440719576,0
620600273,1985,114.540840148926,30.9266988586185,3.70362322446859
620600273,1990,129.270050048828,30.9266988586185,4.17988517428861
620600273,1995,129.423385620117,30.9266988586185,4.18484320656972
620600273,2000,126.213661193848,30.9266988586185,4.08105830405093
620600273,2005,136.086959838867,30.9266988586185,4.40030668843736
620600273,2010,145.315673828125,30.9266988586185,4.69871273660457
620600273,2015,154.464096069336,30.9266988586185,4.99452258954209
620600273,2020,162.423477172852,30.9266988586185,5.25188536660091
620600273,2025,168.663146972656,30.9266988586185,5.45364210204588
620600319,1985,0,9.59545717340177,0
620600319,1990,0,9.59545717340177,0
620600319,1995,0,9.59545717340177,0
620600319,2000,0,9.59545717340177,0
620600319,2005,0,9.59545717340177,0
620600319,2010,0,9.59545717340177,0
620600319,2015,0,9.59545717340177,0
620600319,2020,0,9.59545717340177,0
620600319,2025,0,9.59545717340177,0
620600328,1985,0,39.290782422963,0
620600328,1990,0,39.290782422963,0
620600328,1995,0,39.290782422963,0
620600328,2000,0,39.290782422963,0
620600328,2005,0,39.290782422963,0
620600328,2010,0,39.290782422963,0
620600328,2015,0,39.290782422963,0
620600328,2020,0,39.290782422963,0
620600328,2025,0,39.290782422963,0
620600335,1985,384.859771728516,39.7055786937334,9.69283874936338
620600335,1990,454.127075195312,39.7055786937334,11.4373619560665
620600335,1995,471.831024169922,39.7055786937334,11.8832425994685
620600335,2000,477.821563720703,39.7055786937334,12.0341166012552
620600335,2005,513.031066894531,39.7055786937334,12.9208812406883
620600335,2010,551.828369140625,39.7055786937334,13.8980059552115
620600335,2015,585.115783691406,39.7055786937334,14.7363620665162
620600335,2020,618.002990722656,39.7055786937334,15.5646388002448
620600335,2025,631.706665039062,39.7055786937334,15.9097710150932
620601649,1985,438.439849853516,20.2914835004743,21.6070870246262
620601649,1990,507.782104492188,20.2914835004743,25.0243953075347
620601649,1995,513.099060058594,20.2914835004743,25.2864242304708
620601649,2000,503.824035644531,20.2914835004743,24.8293347124055
620601649,2005,538.043640136719,20.2914835004743,26.5157370147008
620601649,2010,573.559753417969,20.2914835004743,28.2660335507042
620601649,2015,606.561706542969,20.2914835004743,29.8924278517532
620601649,2020,640.363708496094,20.2914835004743,31.5582499663528
620601649,2025,663.862915039062,20.2914835004743,32.7163322003314
620601684,1985,615.891723632812,41.1708997226622,14.9593943241857
620601684,1990,697.664978027344,41.1708997226622,16.9455849332173
620601684,1995,768.642822265625,41.1708997226622,18.6695658206015
620601684,2000,825.13427734375,41.1708997226622,20.041686795821
620601684,2005,865.443908691406,41.1708997226622,21.0207674479125
620601684,2010,909.619873046875,41.1708997226622,22.093757463993
620601684,2015,934.653930664062,41.1708997226622,22.7018096995726
620601684,2020,932.7939453125,41.1708997226622,22.6566325146169
620601684,2025,952.740356445312,41.1708997226622,23.1411109026817
620601695,1985,0,12.4204203346608,0
620601695,1990,0,12.4204203346608,0
620601695,1995,0,12.4204203346608,0
620601695,2000,0,12.4204203346608,0
620601695,2005,0,12.4204203346608,0
620601695,2010,0,12.4204203346608,0
620601695,2015,0,12.4204203346608,0
620601695,2020,0,12.4204203346608,0
620601695,2025,0,12.4204203346608,0
620601704,1985,0,68.3527138267814,0
620601704,1990,0,68.3527138267814,0
620601704,1995,0,68.3527138267814,0
620601704,2000,0,68.3527138267814,0
620601704,2005,0,68.3527138267814,0
620601704,2010,0,68.3527138267814,0
620601704,2015,0,68.3527138267814,0
620601704,2020,0,68.3527138267814,0
620601704,2025,0,68.3527138267814,0
620601711,1985,32.6524696350098,44.595985649212,0.732184055575117
620601711,1990,37.4124412536621,44.595985649212,0.838919483649156
620601711,1995,43.7846946716309,44.595985649212,0.981807981912033
620601711,2000,50.4307403564453,44.595985649212,1.13083587283234
620601711,2005,57.7861938476562,44.595985649212,1.29577120017477
620601711,2010,66.427604675293,44.595985649212,1.48954224709386
620601711,2015,75.345832824707,44.595985649212,1.6895205191196
620601711,2020,87.5570449829102,44.595985649212,1.96333915952942
620601711,2025,97.7046203613281,44.595985649212,2.19088375195615
620601719,1985,0,21.6950799623649,0
620601719,1990,0,21.6950799623649,0
620601719,1995,0,21.6950799623649,0
620601719,2000,0,21.6950799623649,0
620601719,2005,0,21.6950799623649,0
620601719,2010,0,21.6950799623649,0
620601719,2015,0,21.6950799623649,0
620601719,2020,0,21.6950799623649,0
620601719,2025,0,21.6950799623649,0
620601731,1985,0,19.7858099584475,0
620601731,1990,0,19.7858099584475,0
620601731,1995,0,19.7858099584475,0
620601731,2000,0,19.7858099584475,0
620601731,2005,0,19.7858099584475,0
620601731,2010,0,19.7858099584475,0
620601731,2015,0,19.7858099584475,0
620601731,2020,0,19.7858099584475,0
620601731,2025,0,19.7858099584475,0
620603060,1985,0.647272109985352,43.8216683074452,0.0147705948902767
620603060,1990,0.782713949680328,43.8216683074452,0.0178613453095611
620603060,1995,0.818849146366119,43.8216683074452,0.0186859418637651
620603060,2000,0.839036226272583,43.8216683074452,0.0191466062037176
620603060,2005,0.884976923465729,43.8216683074452,0.0201949619365672
620603060,2010,0.940812468528748,43.8216683074452,0.0214691157335264
620603060,2015,0.983004748821259,43.8216683074452,0.0224319334883526
620603060,2020,1.04565799236298,43.8216683074452,0.0238616655355707
620603060,2025,1.06884407997131,43.8216683074452,0.0243907665146952
620603087,1985,0,49.1608440575014,0
620603087,1990,0,49.1608440575014,0
620603087,1995,0,49.1608440575014,0
620603087,2000,0,49.1608440575014,0
620603087,2005,0,49.1608440575014,0
620603087,2010,0,49.1608440575014,0
620603087,2015,0,49.1608440575014,0
620603087,2020,0,49.1608440575014,0
620603087,2025,0,49.1608440575014,0
620603095,1985,0,5.81703827435178,0
620603095,1990,0,5.81703827435178,0
620603095,1995,0,5.81703827435178,0
620603095,2000,0,5.81703827435178,0
620603095,2005,0,5.81703827435178,0
620603095,2010,0,5.81703827435178,0
620603095,2015,0,5.81703827435178,0
620603095,2020,0,5.81703827435178,0
620603095,2025,0,5.81703827435178,0
620604397,1985,4273.373046875,63.0576377151091,67.7693171155866
620604397,1990,4838.94140625,63.0576377151091,76.7383869994
620604397,1995,5229.3212890625,63.0576377151091,82.9292291710686
620604397,2000,5512.60693359375,63.0576377151091,87.4217165967968
620604397,2005,5885.34423828125,63.0576377151091,93.3327738167248
620604397,2010,6302.64794921875,63.0576377151091,99.9505877098309
620604397,2015,6644.0341796875,63.0576377151091,105.364463694388
620604397,2020,7017.013671875,63.0576377151091,111.279361646522
620604397,2025,7300.08447265625,63.0576377151091,115.7684419711
620604400,1985,2204.875,29.2710203174023,75.3262092025249
620604400,1990,2471.40502929688,29.2710203174023,84.4318032818135
620604400,1995,2676.59497070312,29.2710203174023,91.4418063217232
620604400,2000,2848.65454101562,29.2710203174023,97.3199604976543
620604400,2005,3063.60961914062,29.2710203174023,104.663574618178
620604400,2010,3300.81982421875,29.2710203174023,112.767501386221
620604400,2015,3505.61865234375,29.2710203174023,119.764142634262
620604400,2020,3750.11694335938,29.2710203174023,128.117055801087
620604400,2025,3885.16943359375,29.2710203174023,132.730919232219
620604436,1985,6.72310018539429,13.4431754578317,0.500112507382142
620604436,1990,7.05662870407104,13.4431754578317,0.524922755505657
620604436,1995,7.37454748153687,13.4431754578317,0.548571838898421
620604436,2000,7.51519441604614,13.4431754578317,0.559034168647107
620604436,2005,8.22907161712646,13.4431754578317,0.612137485145475
620604436,2010,8.88066291809082,13.4431754578317,0.660607528775289
620604436,2015,9.48464965820312,13.4431754578317,0.705536403058518
620604436,2020,9.99844551086426,13.4431754578317,0.743756230975873
620604436,2025,10.2201919555664,13.4431754578317,0.760251325114733
620604445,1985,5.96725654602051,46.5974964688612,0.12805959543359
620604445,1990,6.91855764389038,46.5974964688612,0.148474878870664
620604445,1995,7.95401096343994,46.5974964688612,0.170696100996653
620604445,2000,8.8452672958374,46.5974964688612,0.189822800925544
620604445,2005,10.6548871994019,46.5974964688612,0.228657932438967
620604445,2010,12.6695375442505,46.5974964688612,0.271893095216326
620604445,2015,15.0380077362061,46.5974964688612,0.322721366506357
620604445,2020,16.858772277832,46.5974964688612,0.361795666192022
620604445,2025,18.4027805328369,46.5974964688612,0.394930670688168
620604463,1985,0,4.92778379630214,0
620604463,1990,0,4.92778379630214,0
620604463,1995,0,4.92778379630214,0
620604463,2000,0,4.92778379630214,0
620604463,2005,0,4.92778379630214,0
620604463,2010,0,4.92778379630214,0
620604463,2015,0,4.92778379630214,0
620604463,2020,0,4.92778379630214,0
620604463,2025,0,4.92778379630214,0
620605819,1985,0,7.3584776258189,0
620605819,1990,0,7.3584776258189,0
620605819,1995,0,7.3584776258189,0
620605819,2000,0,7.3584776258189,0
620605819,2005,0,7.3584776258189,0
620605819,2010,0,7.3584776258189,0
620605819,2015,0,7.3584776258189,0
620605819,2020,0,7.3584776258189,0
620605819,2025,0,7.3584776258189,0
620605821,1985,0,31.9153856552764,0
620605821,1990,0,31.9153856552764,0
620605821,1995,0,31.9153856552764,0
620605821,2000,0,31.9153856552764,0
620605821,2005,0,31.9153856552764,0
620605821,2010,0,31.9153856552764,0
620605821,2015,0,31.9153856552764,0
620605821,2020,0,31.9153856552764,0
620605821,2025,0,31.9153856552764,0
620605839,1985,0,17.5672276946181,0
620605839,1990,0,17.5672276946181,0
620605839,1995,0,17.5672276946181,0
620605839,2000,0,17.5672276946181,0
620605839,2005,0,17.5672276946181,0
620605839,2010,0,17.5672276946181,0
620605839,2015,0,17.5672276946181,0
620605839,2020,0,17.5672276946181,0
620605839,2025,0,17.5672276946181,0
620607169,1985,0,36.6760714771846,0
620607169,1990,0,36.6760714771846,0
620607169,1995,0,36.6760714771846,0
620607169,2000,0,36.6760714771846,0
620607169,2005,0,36.6760714771846,0
620607169,2010,0,36.6760714771846,0
620607169,2015,0,36.6760714771846,0
620607169,2020,0,36.6760714771846,0
620607169,2025,0,36.6760714771846,0
620607195,1985,0,7.54789972815852,0
620607195,1990,0,7.54789972815852,0
620607195,1995,0,7.54789972815852,0
620607195,2000,0,7.54789972815852,0
620607195,2005,0,7.54789972815852,0
620607195,2010,0,7.54789972815852,0
620607195,2015,0,7.54789972815852,0
620607195,2020,0,7.54789972815852,0
620607195,2025,0,7.54789972815852,0
620607209,1985,0,37.2145686702087,0
620607209,1990,0,37.2145686702087,0
620607209,1995,0,37.2145686702087,0
620607209,2000,0,37.2145686702087,0
620607209,2005,0,37.2145686702087,0
620607209,2010,0,37.2145686702087,0
620607209,2015,0,37.2145686702087,0
620607209,2020,0,37.2145686702087,0
620607209,2025,0,37.2145686702087,0
620608556,1985,9.13043308258057,7.66431799681096,1.19129100415453
620608556,1990,9.40945339202881,7.66431799681096,1.22769611020106
620608556,1995,9.76272487640381,7.66431799681096,1.27378911997988
620608556,2000,10.3307323455811,7.66431799681096,1.34789975440471
620608556,2005,10.9097814559937,7.66431799681096,1.42345104424596
620608556,2010,12.4889106750488,7.66431799681096,1.6294875395626
620608556,2015,13.7738637924194,7.66431799681096,1.7971414805793
620608556,2020,14.2617816925049,7.66431799681096,1.86080244823337
620608556,2025,14.2809820175171,7.66431799681096,1.863307605903
620608563,1985,0,17.6998128314396,0
620608563,1990,0,17.6998128314396,0
620608563,1995,0,17.6998128314396,0
620608563,2000,0,17.6998128314396,0
620608563,2005,0,17.6998128314396,0
620608563,2010,0,17.6998128314396,0
620608563,2015,0,17.6998128314396,0
620608563,2020,0,17.6998128314396,0
620608563,2025,0,17.6998128314396,0
620608571,1985,0,45.8755779451328,0
620608571,1990,0,45.8755779451328,0
620608571,1995,0,45.8755779451328,0
620608571,2000,0,45.8755779451328,0
620608571,2005,0,45.8755779451328,0
620608571,2010,0,45.8755779451328,0
620608571,2015,0,45.8755779451328,0
620608571,2020,0,45.8755779451328,0
620608571,2025,0,45.8755779451328,0
620608580,1985,0,36.0579070136974,0
620608580,1990,0,36.0579070136974,0
620608580,1995,0,36.0579070136974,0
620608580,2000,0,36.0579070136974,0
620608580,2005,0,36.0579070136974,0
620608580,2010,0,36.0579070136974,0
620608580,2015,0,36.0579070136974,0
620608580,2020,0,36.0579070136974,0
620608580,2025,0,36.0579070136974,0
620608585,1985,0,0.206172580717003,0
620608585,1990,0,0.206172580717003,0
620608585,1995,0,0.206172580717003,0
620608585,2000,0,0.206172580717003,0
620608585,2005,0,0.206172580717003,0
620608585,2010,0,0.206172580717003,0
620608585,2015,0,0.206172580717003,0
620608585,2020,0,0.206172580717003,0
620608585,2025,0,0.206172580717003,0
620609932,1985,59.7941398620605,7.69036340001868,7.77520342691677
620609932,1990,65.8944931030273,7.69036340001868,8.56844984761933
620609932,1995,70.3090972900391,7.69036340001868,9.14249348605143
620609932,2000,73.2770233154297,7.69036340001868,9.52842141572292
620609932,2005,77.9898147583008,7.69036340001868,10.1412391978917
620609932,2010,83.1278533935547,7.69036340001868,10.8093530916046
620609932,2015,87.2162704467773,7.69036340001868,11.3409816819015
620609932,2020,91.9943618774414,7.69036340001868,11.962290608688
620609932,2025,94.305290222168,7.69036340001868,12.2627872464309
620609939,1985,0,49.9290853608387,0
620609939,1990,0,49.9290853608387,0
620609939,1995,0,49.9290853608387,0
620609939,2000,0,49.9290853608387,0
620609939,2005,0,49.9290853608387,0
620609939,2010,0,49.9290853608387,0
620609939,2015,0,49.9290853608387,0
620609939,2020,0,49.9290853608387,0
620609939,2025,0,49.9290853608387,0
620609956,1985,0,21.3361396371545,0
620609956,1990,0,21.3361396371545,0
620609956,1995,0,21.3361396371545,0
620609956,2000,0,21.3361396371545,0
620609956,2005,0,21.3361396371545,0
620609956,2010,0,21.3361396371545,0
620609956,2015,0,21.3361396371545,0
620609956,2020,0,21.3361396371545,0
620609956,2025,0,21.3361396371545,0
620609961,1985,0,0.243344775318779,0
620609961,1990,0,0.243344775318779,0
620609961,1995,0,0.243344775318779,0
620609961,2000,0,0.243344775318779,0
620609961,2005,0,0.243344775318779,0
620609961,2010,0,0.243344775318779,0
620609961,2015,0,0.243344775318779,0
620609961,2020,0,0.243344775318779,0
620609961,2025,0,0.243344775318779,0
620609964,1985,0,0.00408469074178727,0
620609964,1990,0,0.00408469074178727,0
620609964,1995,0,0.00408469074178727,0
620609964,2000,0,0.00408469074178727,0
620609964,2005,0,0.00408469074178727,0
620609964,2010,0,0.00408469074178727,0
620609964,2015,0,0.00408469074178727,0
620609964,2020,0,0.00408469074178727,0
620609964,2025,0,0.00408469074178727,0
620611308,1985,177.050857543945,2.39387930822615,73.9598094755824
620611308,1990,197.555145263672,2.39387930822615,82.5251066688315
620611308,1995,212.092880249023,2.39387930822615,88.5979838332713
620611308,2000,223.711730957031,2.39387930822615,93.4515496200183
620611308,2005,233.381362915039,2.39387930822615,97.4908643527117
620611308,2010,242.782089233398,2.39387930822615,101.417848593753
620611308,2015,252.249359130859,2.39387930822615,105.372630217425
620611308,2020,262.681732177734,2.39387930822615,109.730566313462
620611308,2025,269.154418945312,2.39387930822615,112.434414726093
620611330,1985,0,39.855845321219,0
620611330,1990,0,39.855845321219,0
620611330,1995,0,39.855845321219,0
620611330,2000,0,39.855845321219,0
620611330,2005,0,39.855845321219,0
620611330,2010,0,39.855845321219,0
620611330,2015,0,39.855845321219,0
620611330,2020,0,39.855845321219,0
620611330,2025,0,39.855845321219,0
620611332,1985,0,21.6143576640934,0
620611332,1990,0,21.6143576640934,0
620611332,1995,0,21.6143576640934,0
620611332,2000,0,21.6143576640934,0
620611332,2005,0,21.6143576640934,0
620611332,2010,0,21.6143576640934,0
620611332,2015,0,21.6143576640934,0
620611332,2020,0,21.6143576640934,0
620611332,2025,0,21.6143576640934,0
620612649,1985,4961.52880859375,43.3362149407752,114.48920528418
620612649,1990,5674.11767578125,43.3362149407752,130.932470303087
620612649,1995,6052.2470703125,43.3362149407752,139.657953021133
620612649,2000,6331.85888671875,43.3362149407752,146.110104340494
620612649,2005,6705.70068359375,43.3362149407752,154.736649076482
620612649,2010,7109.11474609375,43.3362149407752,164.045585333406
620612649,2015,7462.048828125,43.3362149407752,172.189676424738
620612649,2020,7818.57763671875,43.3362149407752,180.416717228394
620612649,2025,8130.869140625,43.3362149407752,187.622965035985
620612675,1985,5609.35205078125,25.4827563872746,220.123442124275
620612675,1990,6143.92236328125,25.4827563872746,241.10116935189
620612675,1995,6545.64990234375,25.4827563872746,256.865850886227
620612675,2000,6828.32568359375,25.4827563872746,267.958676833077
620612675,2005,7242.349609375,25.4827563872746,284.205895912878
620612675,2010,7697.87646484375,25.4827563872746,302.08178220029
620612675,2015,8079.88525390625,25.4827563872746,317.072656156659
620612675,2020,8527.400390625,25.4827563872746,334.634144793039
620612675,2025,8745.0615234375,25.4827563872746,343.175651430099
620612684,1985,0,29.4757212104327,0
620612684,1990,0,29.4757212104327,0
620612684,1995,0,29.4757212104327,0
620612684,2000,0,29.4757212104327,0
620612684,2005,0,29.4757212104327,0
620612684,2010,0,29.4757212104327,0
620612684,2015,0,29.4757212104327,0
620612684,2020,0,29.4757212104327,0
620612684,2025,0,29.4757212104327,0
620612716,1985,11.177622795105,38.1736150635769,0.292810172064894
620612716,1990,12.4799880981445,38.1736150635769,0.32692706932156
620612716,1995,13.4754333496094,38.1736150635769,0.353003856909189
620612716,2000,15.3231506347656,38.1736150635769,0.401406851545116
620612716,2005,15.8186321258545,38.1736150635769,0.414386536342159
620612716,2010,17.9511222839355,38.1736150635769,0.470249470846252
620612716,2015,20.0208053588867,38.1736150635769,0.524467104452715
620612716,2020,21.2537136077881,38.1736150635769,0.556764497477924
620612716,2025,24.1722030639648,38.1736150635769,0.633217551539377
620614036,1985,0,0.0392127729192896,0
620614036,1990,0,0.0392127729192896,0
620614036,1995,0,0.0392127729192896,0
620614036,2000,0,0.0392127729192896,0
620614036,2005,0,0.0392127729192896,0
620614036,2010,0,0.0392127729192896,0
620614036,2015,0,0.0392127729192896,0
620614036,2020,0,0.0392127729192896,0
620614036,2025,0,0.0392127729192896,0
620614054,1985,0.0338215865194798,0.0263735514406502,1.28240546577848
620614054,1990,0.0406639352440834,0.0263735514406502,1.54184525870896
620614054,1995,0.0424155481159687,0.0263735514406502,1.6082607688016
620614054,2000,0.0427324175834656,0.0263735514406502,1.6202754369137
620614054,2005,0.0485644899308681,0.0263735514406502,1.8414088083721
620614054,2010,0.0541797839105129,0.0263735514406502,2.05432264336627
620614054,2015,0.0605517104268074,0.0263735514406502,2.29592554355336
620614054,2020,0.0681938529014587,0.0263735514406502,2.58569093566784
620614054,2025,0.0770480632781982,0.0263735514406502,2.92141403297859
620614063,1985,0,69.1864500349213,0
620614063,1990,0,69.1864500349213,0
620614063,1995,0,69.1864500349213,0
620614063,2000,0,69.1864500349213,0
620614063,2005,0,69.1864500349213,0
620614063,2010,0,69.1864500349213,0
620614063,2015,0,69.1864500349213,0
620614063,2020,0,69.1864500349213,0
620614063,2025,0,69.1864500349213,0
620614074,1985,0,29.1128997500581,0
620614074,1990,0,29.1128997500581,0
620614074,1995,0,29.1128997500581,0
620614074,2000,0,29.1128997500581,0
620614074,2005,0,29.1128997500581,0
620614074,2010,0,29.1128997500581,0
620614074,2015,0,29.1128997500581,0
620614074,2020,0,29.1128997500581,0
620614074,2025,0,29.1128997500581,0
620614109,1985,15.5841073989868,34.8568249520513,0.44708912588637
620614109,1990,17.9597759246826,34.8568249520513,0.515244172393438
620614109,1995,21.0276718139648,34.8568249520513,0.603258381762834
620614109,2000,24.2048301696777,34.8568249520513,0.694407198675544
620614109,2005,28.2571487426758,34.8568249520513,0.810663299986331
620614109,2010,33.0752105712891,34.8568249520513,0.948887645870988
620614109,2015,37.8817367553711,34.8568249520513,1.08678104811557
620614109,2020,44.4430770874023,34.8568249520513,1.27501793833884
620614109,2025,49.5790634155273,34.8568249520513,1.42236315222995
620615404,1985,143.759536743164,15.7772175921205,9.11184344791955
620615404,1990,173.725616455078,15.7772175921205,11.011169456257
620615404,1995,181.77375793457,15.7772175921205,11.5212810416808
620615404,2000,186.251098632812,15.7772175921205,11.8050662320732
620615404,2005,201.563598632812,15.7772175921205,12.7756112543873
620615404,2010,218.596832275391,15.7772175921205,13.8552207319853
620615404,2015,234.025543212891,15.7772175921205,14.8331314977724
620615404,2020,253.084655761719,15.7772175921205,16.0411463101146
620615404,2025,262.5029296875,15.7772175921205,16.6381003592547
620615448,1985,2.66081023216248,82.7535190835933,0.0321534390516331
620615448,1990,2.9176721572876,82.7535190835933,0.0352573786540765
620615448,1995,2.95293617248535,82.7535190835933,0.035683511773106
620615448,2000,2.93051099777222,82.7535190835933,0.0354125242071212
620615448,2005,3.36525583267212,82.7535190835933,0.0406660148104724
620615448,2010,3.85113573074341,82.7535190835933,0.0465374255184627
620615448,2015,4.33867263793945,82.7535190835933,0.0524288596543762
620615448,2020,4.82244825363159,82.7535190835933,0.0582748420494385
620615448,2025,5.22893857955933,82.7535190835933,0.0631869029554782
620615450,1985,0,43.9892964939242,0
620615450,1990,0,43.9892964939242,0
620615450,1995,0,43.9892964939242,0
620615450,2000,0,43.9892964939242,0
620615450,2005,0,43.9892964939242,0
620615450,2010,0,43.9892964939242,0
620615450,2015,0,43.9892964939242,0
620615450,2020,0,43.9892964939242,0
620615450,2025,0,43.9892964939242,0
620615459,1985,0,11.2063762861165,0
620615459,1990,0,11.2063762861165,0
620615459,1995,0,11.2063762861165,0
620615459,2000,0,11.2063762861165,0
620615459,2005,0,11.2063762861165,0
620615459,2010,0,11.2063762861165,0
620615459,2015,0,11.2063762861165,0
620615459,2020,0,11.2063762861165,0
620615459,2025,0,11.2063762861165,0
620616780,1985,209.147064208984,8.15582983110198,25.6438729767766
620616780,1990,252.449096679688,8.15582983110198,30.9532079393052
620616780,1995,268.224487304688,8.15582983110198,32.8874550915497
620616780,2000,279.279693603516,8.15582983110198,34.2429525121395
620616780,2005,298.209350585938,8.15582983110198,36.5639495626462
620616780,2010,318.329345703125,8.15582983110198,39.0308959720061
620616780,2015,338.020812988281,8.15582983110198,41.4452998638165
620616780,2020,366.370025634766,8.15582983110198,44.921244462167
620616780,2025,379.969329833984,8.15582983110198,46.5886780012237
620616814,1985,0,0.485275812110655,0
620616814,1990,0,0.485275812110655,0
620616814,1995,0,0.485275812110655,0
620616814,2000,0,0.485275812110655,0
620616814,2005,0,0.485275812110655,0
620616814,2010,0,0.485275812110655,0
620616814,2015,0,0.485275812110655,0
620616814,2020,0,0.485275812110655,0
620616814,2025,0,0.485275812110655,0
620616824,1985,0,16.4210544871604,0
620616824,1990,0,16.4210544871604,0
620616824,1995,0,16.4210544871604,0
620616824,2000,0,16.4210544871604,0
620616824,2005,0,16.4210544871604,0
620616824,2010,0,16.4210544871604,0
620616824,2015,0,16.4210544871604,0
620616824,2020,0,16.4210544871604,0
620616824,2025,0,16.4210544871604,0
620616832,1985,0,32.3115954374384,0
620616832,1990,0,32.3115954374384,0
620616832,1995,0,32.3115954374384,0
620616832,2000,0,32.3115954374384,0
620616832,2005,0,32.3115954374384,0
620616832,2010,0,32.3115954374384,0
620616832,2015,0,32.3115954374384,0
620616832,2020,0,32.3115954374384,0
620616832,2025,0,32.3115954374384,0
620616839,1985,0,46.9953424714859,0
620616839,1990,0,46.9953424714859,0
620616839,1995,0,46.9953424714859,0
620616839,2000,0,46.9953424714859,0
620616839,2005,0,46.9953424714859,0
620616839,2010,0,46.9953424714859,0
620616839,2015,0,46.9953424714859,0
620616839,2020,0,46.9953424714859,0
620616839,2025,0,46.9953424714859,0
620616848,1985,25.7507209777832,53.1166034798202,0.484796076759055
620616848,1990,28.8474159240723,53.1166034798202,0.543096019590783
620616848,1995,32.0695266723633,53.1166034798202,0.603757103643628
620616848,2000,34.1803016662598,53.1166034798202,0.643495619580521
620616848,2005,38.797290802002,53.1166034798202,0.730417388542956
620616848,2010,42.3371429443359,53.1166034798202,0.797060432533501
620616848,2015,47.3231735229492,53.1166034798202,0.890929962058436
620616848,2020,51.5591201782227,53.1166034798202,0.970678032864258
620616848,2025,56.9565467834473,53.1166034798202,1.07229271173346
620618147,1985,0.00163868418894708,0.0651141658669122,0.0251663239040244
620618147,1990,0.00215390184894204,0.0651141658669122,0.0330788518944469
620618147,1995,0.00224462454207242,0.0651141658669122,0.034472138469227
620618147,2000,0.00227718031965196,0.0651141658669122,0.03497211842207
620618147,2005,0.00280886515974998,0.0651141658669122,0.0431375434569962
620618147,2010,0.00336543773300946,0.0651141658669122,0.0516851853694651
620618147,2015,0.00404611602425575,0.0651141658669122,0.0621387983764649
620618147,2020,0.00526702823117375,0.0651141658669122,0.0808891300541131
620618147,2025,0.00598869426175952,0.0651141658669122,0.0919722180577403
620618156,1985,1590.783203125,13.3557837003374,119.108188543425
620618156,1990,1840.29516601562,13.3557837003374,137.790129527864
620618156,1995,1968.46618652344,13.3557837003374,147.386797412248
620618156,2000,2066.58349609375,13.3557837003374,154.733225878878
620618156,2005,2216.53466796875,13.3557837003374,165.960659269493
620618156,2010,2388.87451171875,13.3557837003374,178.864420487612
620618156,2015,2537.51538085938,13.3557837003374,189.993746364376
620618156,2020,2714.64038085938,13.3557837003374,203.255791031625
620618156,2025,2817.05078125,13.3557837003374,210.923660075359
620618159,1985,31.7321224212646,57.0589968209476,0.556128291579341
620618159,1990,35.2029762268066,57.0589968209476,0.616957503428852
620618159,1995,34.8561058044434,57.0589968209476,0.61087834954096
620618159,2000,33.6791381835938,57.0589968209476,0.590251144605287
620618159,2005,36.8251914978027,57.0589968209476,0.645387993997879
620618159,2010,40.2971458435059,57.0589968209476,0.706236493606069
620618159,2015,43.3712997436523,57.0589968209476,0.760113254001862
620618159,2020,45.7368049621582,57.0589968209476,0.80157043604677
620618159,2025,47.4099311828613,57.0589968209476,0.830893177663722
620618184,1985,269.659606933594,31.6838953111468,8.51093605396191
620618184,1990,294.520538330078,31.6838953111468,9.29559119665637
620618184,1995,319.218048095703,31.6838953111468,10.0750884624782
620618184,2000,327.838012695312,31.6838953111468,10.3471498524986
620618184,2005,361.327331542969,31.6838953111468,11.4041322253659
620618184,2010,388.173858642578,31.6838953111468,12.2514562944542
620618184,2015,407.13427734375,31.6838953111468,12.8498807784065
620618184,2020,432.883178710938,31.6838953111468,13.6625618302256
620618184,2025,451.218139648438,31.6838953111468,14.2412457564741
620618200,1985,0,46.4508672926819,0
620618200,1990,0,46.4508672926819,0
620618200,1995,0,46.4508672926819,0
620618200,2000,0,46.4508672926819,0
620618200,2005,0,46.4508672926819,0
620618200,2010,0,46.4508672926819,0
620618200,2015,0,46.4508672926819,0
620618200,2020,0,46.4508672926819,0
620618200,2025,0,46.4508672926819,0
620618222,1985,0,0.0243302399621494,0
620618222,1990,0,0.0243302399621494,0
620618222,1995,0,0.0243302399621494,0
620618222,2000,0,0.0243302399621494,0
620618222,2005,0,0.0243302399621494,0
620618222,2010,0,0.0243302399621494,0
620618222,2015,0,0.0243302399621494,0
620618222,2020,0,0.0243302399621494,0
620618222,2025,0,0.0243302399621494,0
620618224,1985,0,4.59461088474242,0
620618224,1990,0,4.59461088474242,0
620618224,1995,0,4.59461088474242,0
620618224,2000,0,4.59461088474242,0
620618224,2005,0,4.59461088474242,0
620618224,2010,0,4.59461088474242,0
620618224,2015,0,4.59461088474242,0
620618224,2020,0,4.59461088474242,0
620618224,2025,0,4.59461088474242,0
620619523,1985,0.00277974549680948,0.216530668652111,0.0128376525787927
620619523,1990,0.00365694263018668,0.216530668652111,0.0168887975682655
620619523,1995,0.00382756209000945,0.216530668652111,0.0176767665930918
620619523,2000,0.00387023622170091,0.216530668652111,0.0178738478285449
620619523,2005,0.00478390185162425,0.216530668652111,0.0220934146714815
620619523,2010,0.00576142175123096,0.216530668652111,0.0266078786302902
620619523,2015,0.00697043724358082,0.216530668652111,0.0321914548501205
620619523,2020,0.00909348577260971,0.216530668652111,0.0419962947014207
620619523,2025,0.0103316185995936,0.216530668652111,0.0477143430254351
620619524,1985,51.8839302062988,1.77212970538625,29.2777272727847
620619524,1990,55.6536407470703,1.77212970538625,31.4049477179438
620619524,1995,60.385913848877,1.77212970538625,34.0753352676944
620619524,2000,63.2443695068359,1.77212970538625,35.6883411607004
620619524,2005,67.9182968139648,1.77212970538625,38.3258045997043
620619524,2010,73.4800415039062,1.77212970538625,41.4642569788032
620619524,2015,77.35546875,1.77212970538625,43.651132597622
620619524,2020,83.215202331543,1.77212970538625,46.9577379571128
620619524,2025,85.1055297851562,1.77212970538625,48.0244360931848
620620900,1985,2549.47021484375,24.465679516482,104.20598426977
620620900,1990,2919.08642578125,24.465679516482,119.31352341204
620620900,1995,3044.30688476562,24.465679516482,124.431732325879
620620900,2000,3113.46630859375,24.465679516482,127.258525825791
620620900,2005,3272.71240234375,24.465679516482,133.767484370871
620620900,2010,3458.1962890625,24.465679516482,141.348875543505
620620900,2015,3608.33569335938,24.465679516482,147.485611054805
620620900,2020,3814.73779296875,24.465679516482,155.922004553311
620620900,2025,3943.38110351562,24.465679516482,161.180117677052
620620921,1985,9.05191135406494,52.5740209145067,0.172174606328565
620620921,1990,9.5078125,52.5740209145067,0.180846211391385
620620921,1995,10.0978469848633,52.5740209145067,0.192069140027998
620620921,2000,10.5092134475708,52.5740209145067,0.199893659734727
620620921,2005,12.1233949661255,52.5740209145067,0.230596685496815
620620921,2010,13.1270046234131,52.5740209145067,0.249686145268584
620620921,2015,14.1678714752197,52.5740209145067,0.269484266730498
620620921,2020,15.2541093826294,52.5740209145067,0.290145382021186
620620921,2025,15.4064626693726,52.5740209145067,0.293043263600206
620620944,1985,11.1465578079224,9.66499609163027,1.15329149667997
620620944,1990,13.0624761581421,9.66499609163027,1.35152420490413
620620944,1995,14.8921422958374,9.66499609163027,1.54083272819259
620620944,2000,16.8542709350586,9.66499609163027,1.74384663741914
620620944,2005,19.0863857269287,9.66499609163027,1.9747949762191
620620944,2010,21.7733345031738,9.66499609163027,2.25280323931317
620620944,2015,24.5313835144043,9.66499609163027,2.53816797046075
620620944,2020,28.1748542785645,9.66499609163027,2.91514388743141
620620944,2025,31.4516315460205,9.66499609163027,3.25417943761582
620620945,1985,0,29.712605748549,0
620620945,1990,0,29.712605748549,0
620620945,1995,0,29.712605748549,0
620620945,2000,0,29.712605748549,0
620620945,2005,0,29.712605748549,0
620620945,2010,0,29.712605748549,0
620620945,2015,0,29.712605748549,0
620620945,2020,0,29.712605748549,0
620620945,2025,0,29.712605748549,0
620620951,1985,180.761825561523,36.8948144153946,4.89938297361647
620620951,1990,204.684875488281,36.8948144153946,5.54779523170268
620620951,1995,246.173904418945,36.8948144153946,6.67231718927492
620620951,2000,288.211486816406,36.8948144153946,7.8117071838732
620620951,2005,364.520446777344,36.8948144153946,9.87999133626881
620620951,2010,458.011291503906,36.8948144153946,12.4139746672041
620620951,2015,560.318969726562,36.8948144153946,15.1869301582058
620620951,2020,691.840026855469,36.8948144153946,18.7516874069651
620620951,2025,772.157470703125,36.8948144153946,20.9286178271421
620620974,1985,12.0886030197144,1.64728855241968,7.33848541711624
620620974,1990,14.474871635437,1.64728855241968,8.78708931363303
620620974,1995,15.3613433837891,1.64728855241968,9.32522924488547
620620974,2000,16.3373241424561,1.64728855241968,9.91770635354587
620620974,2005,17.5035610198975,1.64728855241968,10.6256799964928
620620974,2010,19.6837406158447,1.64728855241968,11.9491758665666
620620974,2015,20.9043598175049,1.64728855241968,12.6901627445894
620620974,2020,23.6915760040283,1.64728855241968,14.382165146008
620620974,2025,26.103422164917,1.64728855241968,15.8462961006886
620620986,1985,0,37.8262816355779,0
620620986,1990,0,37.8262816355779,0
620620986,1995,0,37.8262816355779,0
620620986,2000,0,37.8262816355779,0
620620986,2005,0,37.8262816355779,0
620620986,2010,0,37.8262816355779,0
620620986,2015,0,37.8262816355779,0
620620986,2020,0,37.8262816355779,0
620620986,2025,0,37.8262816355779,0
620622272,1985,751.89111328125,24.7956614277844,30.3234949174911
620622272,1990,817.132446289062,24.7956614277844,32.9546541304777
620622272,1995,938.292114257812,24.7956614277844,37.8409794387022
620622272,2000,1062.30395507812,24.7956614277844,42.8423318398668
620622272,2005,1207.65698242188,24.7956614277844,48.7043665255347
620622272,2010,1365.56164550781,24.7956614277844,55.0726041120102
620622272,2015,1500.23852539062,24.7956614277844,60.5040736565936
620622272,2020,1585.89880371094,24.7956614277844,63.9587215017334
620622272,2025,1623.30358886719,24.7956614277844,65.4672428721025
620622324,1985,0,40.7598357424964,0
620622324,1990,0,40.7598357424964,0
620622324,1995,0,40.7598357424964,0
620622324,2000,0,40.7598357424964,0
620622324,2005,0,40.7598357424964,0
620622324,2010,0,40.7598357424964,0
620622324,2015,0,40.7598357424964,0
620622324,2020,0,40.7598357424964,0
620622324,2025,0,40.7598357424964,0
620622327,1985,0,24.4450881358508,0
620622327,1990,0,24.4450881358508,0
620622327,1995,0,24.4450881358508,0
620622327,2000,0,24.4450881358508,0
620622327,2005,0,24.4450881358508,0
620622327,2010,0,24.4450881358508,0
620622327,2015,0,24.4450881358508,0
620622327,2020,0,24.4450881358508,0
620622327,2025,0,24.4450881358508,0
620622341,1985,0.0693474337458611,46.2782675577921,0.00149848811127729
620622341,1990,0.0790937393903732,46.2782675577921,0.00170909032607155
620622341,1995,0.0923038274049759,46.2782675577921,0.00199453938697483
620622341,2000,0.110843792557716,46.2782675577921,0.00239515864372613
620622341,2005,0.126366153359413,46.2782675577921,0.00273057225406305
620622341,2010,0.143939018249512,46.2782675577921,0.00311029400721972
620622341,2015,0.177912667393684,46.2782675577921,0.00384441070901169
620622341,2020,0.197890564799309,46.2782675577921,0.00427610140228745
620622341,2025,0.210873916745186,46.2782675577921,0.0045566510561755
620622350,1985,0,37.6604803324949,0
620622350,1990,0,37.6604803324949,0
620622350,1995,0,37.6604803324949,0
620622350,2000,0,37.6604803324949,0
620622350,2005,0,37.6604803324949,0
620622350,2010,0,37.6604803324949,0
620622350,2015,0,37.6604803324949,0
620622350,2020,0,37.6604803324949,0
620622350,2025,0,37.6604803324949,0
620622362,1985,0,53.2767179385678,0
620622362,1990,0,53.2767179385678,0
620622362,1995,0,53.2767179385678,0
620622362,2000,0,53.2767179385678,0
620622362,2005,0,53.2767179385678,0
620622362,2010,0,53.2767179385678,0
620622362,2015,0,53.2767179385678,0
620622362,2020,0,53.2767179385678,0
620622362,2025,0,53.2767179385678,0
620623703,1985,0,70.5533791190625,0
620623703,1990,0,70.5533791190625,0
620623703,1995,0,70.5533791190625,0
620623703,2000,0,70.5533791190625,0
620623703,2005,0,70.5533791190625,0
620623703,2010,0,70.5533791190625,0
620623703,2015,0,70.5533791190625,0
620623703,2020,0,70.5533791190625,0
620623703,2025,0,70.5533791190625,0
620623710,1985,0,74.2173354261649,0
620623710,1990,0,74.2173354261649,0
620623710,1995,0,74.2173354261649,0
620623710,2000,0,74.2173354261649,0
620623710,2005,0,74.2173354261649,0
620623710,2010,0,74.2173354261649,0
620623710,2015,0,74.2173354261649,0
620623710,2020,0,74.2173354261649,0
620623710,2025,0,74.2173354261649,0
620623717,1985,0,44.8067140588687,0
620623717,1990,0,44.8067140588687,0
620623717,1995,0,44.8067140588687,0
620623717,2000,0,44.8067140588687,0
620623717,2005,0,44.8067140588687,0
620623717,2010,0,44.8067140588687,0
620623717,2015,0,44.8067140588687,0
620623717,2020,0,44.8067140588687,0
620623717,2025,0,44.8067140588687,0
620625069,1985,1080.30358886719,27.3119522469422,39.5542427395733
620625069,1990,1183.66125488281,27.3119522469422,43.3385810058793
620625069,1995,1269.54870605469,27.3119522469422,46.483264710483
620625069,2000,1330.61926269531,27.3119522469422,48.7193024747722
620625069,2005,1403.62805175781,27.3119522469422,51.3924467598232
620625069,2010,1487.32397460938,27.3119522469422,54.4568898320292
620625069,2015,1556.29638671875,27.3119522469422,56.982246184653
620625069,2020,1633.05981445312,27.3119522469422,59.7928628348403
620625069,2025,1671.43701171875,27.3119522469422,61.1980057890545
620625079,1985,0,1.01678211769745,0
620625079,1990,0,1.01678211769745,0
620625079,1995,0,1.01678211769745,0
620625079,2000,0,1.01678211769745,0
620625079,2005,0,1.01678211769745,0
620625079,2010,0,1.01678211769745,0
620625079,2015,0,1.01678211769745,0
620625079,2020,0,1.01678211769745,0
620625079,2025,0,1.01678211769745,0
620625091,1985,0,8.43567511746293,0
620625091,1990,0,8.43567511746293,0
620625091,1995,0,8.43567511746293,0
620625091,2000,0,8.43567511746293,0
620625091,2005,0,8.43567511746293,0
620625091,2010,0,8.43567511746293,0
620625091,2015,0,8.43567511746293,0
620625091,2020,0,8.43567511746293,0
620625091,2025,0,8.43567511746293,0
620625115,1985,0,49.9736020073207,0
620625115,1990,0,49.9736020073207,0
620625115,1995,0,49.9736020073207,0
620625115,2000,0,49.9736020073207,0
620625115,2005,0,49.9736020073207,0
620625115,2010,0,49.9736020073207,0
620625115,2015,0,49.9736020073207,0
620625115,2020,0,49.9736020073207,0
620625115,2025,0,49.9736020073207,0
620625127,1985,0,38.1927468230909,0
620625127,1990,0,38.1927468230909,0
620625127,1995,0,38.1927468230909,0
620625127,2000,0,38.1927468230909,0
620625127,2005,0,38.1927468230909,0
620625127,2010,0,38.1927468230909,0
620625127,2015,0,38.1927468230909,0
620625127,2020,0,38.1927468230909,0
620625127,2025,0,38.1927468230909,0
620626402,1985,1421.99072265625,38.7960285635976,36.6529971057529
620626402,1990,1645.70007324219,38.7960285635976,42.4192922361737
620626402,1995,1790.85083007812,38.7960285635976,46.1606740788537
620626402,2000,1905.36828613281,38.7960285635976,49.1124570394977
620626402,2005,2028.14086914062,38.7960285635976,52.2770227838123
620626402,2010,2162.00170898438,38.7960285635976,55.7273975979332
620626402,2015,2277.30322265625,38.7960285635976,58.6993902977237
620626402,2020,2409.82592773438,38.7960285635976,62.1152735719842
620626402,2025,2479.81176757812,38.7960285635976,63.9192169763722
620626445,1985,0,37.8050438568646,0
620626445,1990,0,37.8050438568646,0
620626445,1995,0,37.8050438568646,0
620626445,2000,0,37.8050438568646,0
620626445,2005,0,37.8050438568646,0
620626445,2010,0,37.8050438568646,0
620626445,2015,0,37.8050438568646,0
620626445,2020,0,37.8050438568646,0
620626445,2025,0,37.8050438568646,0
620626459,1985,0,48.3733888402428,0
620626459,1990,0,48.3733888402428,0
620626459,1995,0,48.3733888402428,0
620626459,2000,0,48.3733888402428,0
620626459,2005,0,48.3733888402428,0
620626459,2010,0,48.3733888402428,0
620626459,2015,0,48.3733888402428,0
620626459,2020,0,48.3733888402428,0
620626459,2025,0,48.3733888402428,0
620626465,1985,0,52.7206770499864,0
620626465,1990,0,52.7206770499864,0
620626465,1995,0,52.7206770499864,0
620626465,2000,0,52.7206770499864,0
620626465,2005,0,52.7206770499864,0
620626465,2010,0,52.7206770499864,0
620626465,2015,0,52.7206770499864,0
620626465,2020,0,52.7206770499864,0
620626465,2025,0,52.7206770499864,0
620626467,1985,0,1.75135377398999,0
620626467,1990,0,1.75135377398999,0
620626467,1995,0,1.75135377398999,0
620626467,2000,0,1.75135377398999,0
620626467,2005,0,1.75135377398999,0
620626467,2010,0,1.75135377398999,0
620626467,2015,0,1.75135377398999,0
620626467,2020,0,1.75135377398999,0
620626467,2025,0,1.75135377398999,0
620626503,1985,0,16.7187692867892,0
620626503,1990,0,16.7187692867892,0
620626503,1995,0,16.7187692867892,0
620626503,2000,0,16.7187692867892,0
620626503,2005,0,16.7187692867892,0
620626503,2010,0,16.7187692867892,0
620626503,2015,0,16.7187692867892,0
620626503,2020,0,16.7187692867892,0
620626503,2025,0,16.7187692867892,0
620627778,1985,414.172729492188,4.21878306073051,98.1735072721352
620627778,1990,474.784912109375,4.21878306073051,112.540726857655
620627778,1995,509.922973632812,4.21878306073051,120.869683577547
620627778,2000,536.439147949219,4.21878306073051,127.154949715838
620627778,2005,569.353637695312,4.21878306073051,134.956841700394
620627778,2010,606.347412109375,4.21878306073051,143.725667658384
620627778,2015,636.450805664062,4.21878306073051,150.861230952666
620627778,2020,670.370178222656,4.21878306073051,158.901315515043
620627778,2025,693.226257324219,4.21878306073051,164.319010327159
620627818,1985,7665.779296875,21.0677641303283,363.862973282469
620627818,1990,9037.29296875,21.0677641303283,428.963078988543
620627818,1995,11069.5380859375,21.0677641303283,525.425385316625
620627818,2000,13062.2177734375,21.0677641303283,620.009683639551
620627818,2005,15178.9013671875,21.0677641303283,720.479936707503
620627818,2010,17710.814453125,21.0677641303283,840.659423732073
620627818,2015,20390.33984375,21.0677641303283,967.84545894915
620627818,2020,23526.625,21.0677641303283,1116.71199916901
620627818,2025,26249.34765625,21.0677641303283,1245.94843068622
620627821,1985,0,0.392024154278595,0
620627821,1990,0,0.392024154278595,0
620627821,1995,0,0.392024154278595,0
620627821,2000,0,0.392024154278595,0
620627821,2005,0,0.392024154278595,0
620627821,2010,0,0.392024154278595,0
620627821,2015,0,0.392024154278595,0
620627821,2020,0,0.392024154278595,0
620627821,2025,0,0.392024154278595,0
620627839,1985,0,22.4438480509535,0
620627839,1990,0,22.4438480509535,0
620627839,1995,0,22.4438480509535,0
620627839,2000,0,22.4438480509535,0
620627839,2005,0,22.4438480509535,0
620627839,2010,0,22.4438480509535,0
620627839,2015,0,22.4438480509535,0
620627839,2020,0,22.4438480509535,0
620627839,2025,0,22.4438480509535,0
620627841,1985,0,12.7816365931841,0
620627841,1990,0,12.7816365931841,0
620627841,1995,0,12.7816365931841,0
620627841,2000,0,12.7816365931841,0
620627841,2005,0,12.7816365931841,0
620627841,2010,0,12.7816365931841,0
620627841,2015,0,12.7816365931841,0
620627841,2020,0,12.7816365931841,0
620627841,2025,0,12.7816365931841,0
620627843,1985,0,34.6007641107909,0
620627843,1990,0,34.6007641107909,0
620627843,1995,0,34.6007641107909,0
620627843,2000,0,34.6007641107909,0
620627843,2005,0,34.6007641107909,0
620627843,2010,0,34.6007641107909,0
620627843,2015,0,34.6007641107909,0
620627843,2020,0,34.6007641107909,0
620627843,2025,0,34.6007641107909,0
620627878,1985,3.3088116645813,16.2253761899789,0.203928194073237
620627878,1990,3.57117748260498,16.2253761899789,0.220098285598494
620627878,1995,4.03647613525391,16.2253761899789,0.248775503753614
620627878,2000,4.62164640426636,16.2253761899789,0.284840631745769
620627878,2005,5.08981704711914,16.2253761899789,0.313694855978914
620627878,2010,5.56660556793213,16.2253761899789,0.343080215999563
620627878,2015,6.2152853012085,16.2253761899789,0.383059549956516
620627878,2020,7.01594400405884,16.2253761899789,0.432405629423373
620627878,2025,7.82593441009521,16.2253761899789,0.48232683904911
620629197,1985,35.782413482666,25.8350838809736,1.38503182910191
620629197,1990,42.4034309387207,25.8350838809736,1.64131191267194
620629197,1995,47.9905662536621,25.8350838809736,1.85757346385103
620629197,2000,53.6544494628906,25.8350838809736,2.07680569995768
620629197,2005,65.0447692871094,25.8350838809736,2.51769143025744
620629197,2010,63.0781402587891,25.8350838809736,2.4415690132612
620629197,2015,72.8457183837891,25.8350838809736,2.81964319215688
620629197,2020,80.5054779052734,25.8350838809736,3.11612992147327
620629197,2025,91.2381744384766,25.8350838809736,3.53156099120195
620629250,1985,18.8683738708496,69.0686598364388,0.273182857688736
620629250,1990,21.2075386047363,69.0686598364388,0.307050095585433
620629250,1995,24.1069278717041,69.0686598364388,0.349028458475836
620629250,2000,26.8691425323486,69.0686598364388,0.389020759863842
620629250,2005,30.3478393554688,69.0686598364388,0.43938653837117
620629250,2010,34.3624114990234,69.0686598364388,0.49751090553077
620629250,2015,38.3519821166992,69.0686598364388,0.555273291931831
620629250,2020,43.0871810913086,69.0686598364388,0.623831144159205
620629250,2025,46.6591949462891,69.0686598364388,0.675547999002478
620629254,1985,2.78249526023865,28.0668479074122,0.0991381458088071
620629254,1990,3.32031059265137,28.0668479074122,0.118300088545907
620629254,1995,3.76896572113037,28.0668479074122,0.134285322440324
620629254,2000,4.0763988494873,28.0668479074122,0.145238926114349
620629254,2005,4.87131071090698,28.0668479074122,0.173561018571683
620629254,2010,5.65805959701538,28.0668479074122,0.201592270556365
620629254,2015,6.13878440856934,28.0668479074122,0.218720122360022
620629254,2020,6.6124005317688,28.0668479074122,0.235594697116754
620629254,2025,6.95978164672852,28.0668479074122,0.247971616538047
620629260,1985,124.997055053711,18.062565099628,6.92022724149435
620629260,1990,153.764312744141,18.062565099628,8.51287244619023
620629260,1995,174.577697753906,18.062565099628,9.66516642519957
620629260,2000,194.600524902344,18.062565099628,10.773692652676
620629260,2005,220.074584960938,18.062565099628,12.1840161542432
620629260,2010,249.280548095703,18.062565099628,13.8009494620914
620629260,2015,278.436309814453,18.062565099628,15.415103462807
620629260,2020,309.801727294922,18.062565099628,17.1515909056185
620629260,2025,335.915344238281,18.062565099628,18.5973222731914
620630561,1985,5194.7607421875,33.1560456399802,156.676124728323
620630561,1990,5795.72119140625,33.1560456399802,174.8013395306
620630561,1995,6216.50634765625,33.1560456399802,187.49239324729
620630561,2000,6506.67041015625,33.1560456399802,196.243860947953
620630561,2005,6862.74755859375,33.1560456399802,206.983294483059
620630561,2010,7281.30859375,33.1560456399802,219.607267791008
620630561,2015,7627.92236328125,33.1560456399802,230.061281918474
620630561,2020,7998.43017578125,33.1560456399802,241.235950228534
620630561,2025,8196.1923828125,33.1560456399802,247.200539889756
620630626,1985,0,1.38881131920432,0
620630626,1990,0,1.38881131920432,0
620630626,1995,0,1.38881131920432,0
620630626,2000,0,1.38881131920432,0
620630626,2005,0,1.38881131920432,0
620630626,2010,0,1.38881131920432,0
620630626,2015,0,1.38881131920432,0
620630626,2020,0,1.38881131920432,0
620630626,2025,0,1.38881131920432,0
620633306,1985,12.8801441192627,38.0745053170703,0.33828789138563
620633306,1990,13.3452882766724,38.0745053170703,0.350504574269259
620633306,1995,14.2178630828857,38.0745053170703,0.373422135481069
620633306,2000,14.8292875289917,38.0745053170703,0.389480766867459
620633306,2005,16.9782447814941,38.0745053170703,0.445921611853013
620633306,2010,19.3000869750977,38.0745053170703,0.506903157752772
620633306,2015,21.3138084411621,38.0745053170703,0.559792130289511
620633306,2020,22.374719619751,38.0745053170703,0.587656213348607
620633306,2025,22.9570903778076,38.0745053170703,0.60295177013147
620633324,1985,259.369201660156,2.14177087514546,121.100349561221
620633324,1990,290.361694335938,2.14177087514546,135.570848266492
620633324,1995,303.349945068359,2.14177087514546,141.635106065096
620633324,2000,313.390014648438,2.14177087514546,146.322848202497
620633324,2005,328.837677001953,2.14177087514546,153.535413529993
620633324,2010,348.483520507812,2.14177087514546,162.708123708212
620633324,2015,361.715179443359,2.14177087514546,168.886029612665
620633324,2020,378.815246582031,2.14177087514546,176.870108272578
620633324,2025,388.156524658203,2.14177087514546,181.231582314724
620633354,1985,0,30.8718580062557,0
620633354,1990,0,30.8718580062557,0
620633354,1995,0,30.8718580062557,0
620633354,2000,0,30.8718580062557,0
620633354,2005,0,30.8718580062557,0
620633354,2010,0,30.8718580062557,0
620633354,2015,0,30.8718580062557,0
620633354,2020,0,30.8718580062557,0
620633354,2025,0,30.8718580062557,0
620633365,1985,0,27.3334531749323,0
620633365,1990,0,27.3334531749323,0
620633365,1995,0,27.3334531749323,0
620633365,2000,0,27.3334531749323,0
620633365,2005,0,27.3334531749323,0
620633365,2010,0,27.3334531749323,0
620633365,2015,0,27.3334531749323,0
620633365,2020,0,27.3334531749323,0
620633365,2025,0,27.3334531749323,0
620634700,1985,0,41.2100153587382,0
620634700,1990,0,41.2100153587382,0
620634700,1995,0,41.2100153587382,0
620634700,2000,0,41.2100153587382,0
620634700,2005,0,41.2100153587382,0
620634700,2010,0,41.2100153587382,0
620634700,2015,0,41.2100153587382,0
620634700,2020,0,41.2100153587382,0
620634700,2025,0,41.2100153587382,0
620634717,1985,0,16.2095878648363,0
620634717,1990,0,16.2095878648363,0
620634717,1995,0,16.2095878648363,0
620634717,2000,0,16.2095878648363,0
620634717,2005,0,16.2095878648363,0
620634717,2010,0,16.2095878648363,0
620634717,2015,0,16.2095878648363,0
620634717,2020,0,16.2095878648363,0
620634717,2025,0,16.2095878648363,0
620634722,1985,0,51.0585765066604,0
620634722,1990,0,51.0585765066604,0
620634722,1995,0,51.0585765066604,0
620634722,2000,0,51.0585765066604,0
620634722,2005,0,51.0585765066604,0
620634722,2010,0,51.0585765066604,0
620634722,2015,0,51.0585765066604,0
620634722,2020,0,51.0585765066604,0
620634722,2025,0,51.0585765066604,0
620636052,1985,224.632629394531,31.9040177234342,7.04088843423422
620636052,1990,247.856246948242,31.9040177234342,7.76880984385194
620636052,1995,268.676940917969,31.9040177234342,8.42141398136887
620636052,2000,283.856903076172,31.9040177234342,8.89721493815724
620636052,2005,317.456359863281,31.9040177234342,9.9503568050648
620636052,2010,354.53125,31.9040177234342,11.1124327059156
620636052,2015,381.716156005859,31.9040177234342,11.9645167989448
620636052,2020,409.985260009766,31.9040177234342,12.850584009945
620636052,2025,428.044403076172,31.9040177234342,13.4166300553978
620636082,1985,3190.7802734375,1.29242502789166,2468.83200539889
620636082,1990,3452.57495117188,1.29242502789166,2671.39282872297
620636082,1995,3681.7412109375,1.29242502789166,2848.70776368632
620636082,2000,3799.28149414062,1.29242502789166,2939.65329682481
620636082,2005,4667.125,1.29242502789166,3611.13789912711
620636082,2010,5556.24169921875,1.29242502789166,4299.08240656919
620636082,2015,6298.18701171875,1.29242502789166,4873.15463241453
620636082,2020,6877.47119140625,1.29242502789166,5321.36955179944
620636082,2025,6937.7578125,1.29242502789166,5368.01567810674
620636093,1985,0,51.8462609628658,0
620636093,1990,0,51.8462609628658,0
620636093,1995,0,51.8462609628658,0
620636093,2000,0,51.8462609628658,0
620636093,2005,0,51.8462609628658,0
620636093,2010,0,51.8462609628658,0
620636093,2015,0,51.8462609628658,0
620636093,2020,0,51.8462609628658,0
620636093,2025,0,51.8462609628658,0
620636098,1985,0,14.9052376080952,0
620636098,1990,0,14.9052376080952,0
620636098,1995,0,14.9052376080952,0
620636098,2000,0,14.9052376080952,0
620636098,2005,0,14.9052376080952,0
620636098,2010,0,14.9052376080952,0
620636098,2015,0,14.9052376080952,0
620636098,2020,0,14.9052376080952,0
620636098,2025,0,14.9052376080952,0
620636115,1985,0,46.7718086492543,0
620636115,1990,0,46.7718086492543,0
620636115,1995,0,46.7718086492543,0
620636115,2000,0,46.7718086492543,0
620636115,2005,0,46.7718086492543,0
620636115,2010,0,46.7718086492543,0
620636115,2015,0,46.7718086492543,0
620636115,2020,0,46.7718086492543,0
620636115,2025,0,46.7718086492543,0
620637428,1985,674.508850097656,26.058326473918,25.8845805302492
620637428,1990,738.504211425781,26.058326473918,28.3404313076266
620637428,1995,804.036010742188,26.058326473918,30.8552435839252
620637428,2000,856.849365234375,26.058326473918,32.8819798190802
620637428,2005,928.783630371094,26.058326473918,35.6424896011921
620637428,2010,1005.91247558594,26.058326473918,38.6023437304296
620637428,2015,1080.36608886719,26.058326473918,41.4595346308418
620637428,2020,1150.94445800781,26.058326473918,44.1680112941942
620637428,2025,1193.73522949219,26.058326473918,45.8101263980634
620637432,1985,3406.28393554688,6.46744457105503,526.681581592776
620637432,1990,3633.40380859375,6.46744457105503,561.798987014903
620637432,1995,3914.59619140625,6.46744457105503,605.277115002419
620637432,2000,4106.02490234375,6.46744457105503,634.87593240771
620637432,2005,4375.06982421875,6.46744457105503,676.475812997195
620637432,2010,4682.27001953125,6.46744457105503,723.97528391456
620637432,2015,4929.1455078125,6.46744457105503,762.147313928724
620637432,2020,5206.93505859375,6.46744457105503,805.099294070075
620637432,2025,5338.63330078125,6.46744457105503,825.462552037049
620637435,1985,0,49.6664324173217,0
620637435,1990,0,49.6664324173217,0
620637435,1995,0,49.6664324173217,0
620637435,2000,0,49.6664324173217,0
620637435,2005,0,49.6664324173217,0
620637435,2010,0,49.6664324173217,0
620637435,2015,0,49.6664324173217,0
620637435,2020,0,49.6664324173217,0
620637435,2025,0,49.6664324173217,0
620637458,1985,0,8.73150342054697,0
620637458,1990,0,8.73150342054697,0
620637458,1995,0,8.73150342054697,0
620637458,2000,0,8.73150342054697,0
620637458,2005,0,8.73150342054697,0
620637458,2010,0,8.73150342054697,0
620637458,2015,0,8.73150342054697,0
620637458,2020,0,8.73150342054697,0
620637458,2025,0,8.73150342054697,0
620637462,1985,0,4.63985960248601,0
620637462,1990,0,4.63985960248601,0
620637462,1995,0,4.63985960248601,0
620637462,2000,0,4.63985960248601,0
620637462,2005,0,4.63985960248601,0
620637462,2010,0,4.63985960248601,0
620637462,2015,0,4.63985960248601,0
620637462,2020,0,4.63985960248601,0
620637462,2025,0,4.63985960248601,0
620637491,1985,0,52.0195911121126,0
620637491,1990,0,52.0195911121126,0
620637491,1995,0,52.0195911121126,0
620637491,2000,0,52.0195911121126,0
620637491,2005,0,52.0195911121126,0
620637491,2010,0,52.0195911121126,0
620637491,2015,0,52.0195911121126,0
620637491,2020,0,52.0195911121126,0
620637491,2025,0,52.0195911121126,0
620638811,1985,0,12.5091430645359,0
620638811,1990,0,12.5091430645359,0
620638811,1995,0,12.5091430645359,0
620638811,2000,0,12.5091430645359,0
620638811,2005,0,12.5091430645359,0
620638811,2010,0,12.5091430645359,0
620638811,2015,0,12.5091430645359,0
620638811,2020,0,12.5091430645359,0
620638811,2025,0,12.5091430645359,0
620638830,1985,3701.83862304688,36.4754948087151,101.488373014816
620638830,1990,4126.02490234375,36.4754948087151,113.117722569124
620638830,1995,4399.0009765625,36.4754948087151,120.601543574166
620638830,2000,4585.78662109375,36.4754948087151,125.722396505998
620638830,2005,4806.9580078125,36.4754948087151,131.785957476963
620638830,2010,5065.52587890625,36.4754948087151,138.874767990699
620638830,2015,5243.15478515625,36.4754948087151,143.744582839861
620638830,2020,5416.81884765625,36.4754948087151,148.505698855167
620638830,2025,5527.50341796875,36.4754948087151,151.540190118218
620638834,1985,0,14.8176329254879,0
620638834,1990,0,14.8176329254879,0
620638834,1995,0,14.8176329254879,0
620638834,2000,0,14.8176329254879,0
620638834,2005,0,14.8176329254879,0
620638834,2010,0,14.8176329254879,0
620638834,2015,0,14.8176329254879,0
620638834,2020,0,14.8176329254879,0
620638834,2025,0,14.8176329254879,0
620638838,1985,46.9405136108398,20.9924098045758,2.23607075356389
620638838,1990,52.8932228088379,20.9924098045758,2.51963558739733
620638838,1995,61.8462829589844,20.9924098045758,2.94612593478922
620638838,2000,71.120361328125,20.9924098045758,3.38790839118539
620638838,2005,82.8502502441406,20.9924098045758,3.94667648999884
620638838,2010,97.2157211303711,20.9924098045758,4.6309938704217
620638838,2015,111.940742492676,20.9924098045758,5.33243889266469
620638838,2020,128.29704284668,20.9924098045758,6.11159195352189
620638838,2025,143.123458862305,20.9924098045758,6.81786703835723
620640183,1985,3735.60571289062,47.4586118704625,78.7129156471517
620640183,1990,4256.60693359375,47.4586118704625,89.6909278596705
620640183,1995,4580.8642578125,47.4586118704625,96.5233511320537
620640183,2000,4830.76708984375,47.4586118704625,101.789051543042
620640183,2005,5111.30615234375,47.4586118704625,107.700287701102
620640183,2010,5421.10205078125,47.4586118704625,114.227994396003
620640183,2015,5674.4873046875,47.4586118704625,119.567072888181
620640183,2020,5933.0869140625,47.4586118704625,125.016023019316
620640183,2025,6088.3505859375,47.4586118704625,128.287582505691
620640198,1985,510.847686767578,11.0561782366323,46.2047260666431
620640198,1990,602.725769042969,11.0561782366323,54.5148383232429
620640198,1995,589.765930175781,11.0561782366323,53.342657612168
620640198,2000,579.206359863281,11.0561782366323,52.3875743920446
620640198,2005,592.794738769531,11.0561782366323,53.6166047690358
620640198,2010,609.843688964844,11.0561782366323,55.1586340155276
620640198,2015,624.570617675781,11.0561782366323,56.490642996908
620640198,2020,646.08203125,11.0561782366323,58.4362894141253
620640198,2025,662.924682617188,11.0561782366323,59.9596595160456
620640206,1985,0,47.3193969994718,0
620640206,1990,0,47.3193969994718,0
620640206,1995,0,47.3193969994718,0
620640206,2000,0,47.3193969994718,0
620640206,2005,0,47.3193969994718,0
620640206,2010,0,47.3193969994718,0
620640206,2015,0,47.3193969994718,0
620640206,2020,0,47.3193969994718,0
620640206,2025,0,47.3193969994718,0
620640210,1985,0,0.827131781043167,0
620640210,1990,0,0.827131781043167,0
620640210,1995,0,0.827131781043167,0
620640210,2000,0,0.827131781043167,0
620640210,2005,0,0.827131781043167,0
620640210,2010,0,0.827131781043167,0
620640210,2015,0,0.827131781043167,0
620640210,2020,0,0.827131781043167,0
620640210,2025,0,0.827131781043167,0
620640211,1985,832.057861328125,24.1667501339263,34.4298615542868
620640211,1990,909.729187011719,24.1667501339263,37.6438363441596
620640211,1995,972.480773925781,24.1667501339263,40.240444765495
620640211,2000,1017.99255371094,24.1667501339263,42.1236843212045
620640211,2005,1074.49768066406,24.1667501339263,44.4618194299794
620640211,2010,1133.0029296875,24.1667501339263,46.8827179247798
620640211,2015,1180.48193359375,24.1667501339263,48.8473595767658
620640211,2020,1235.35632324219,24.1667501339263,51.1180161335778
620640211,2025,1265.01867675781,24.1667501339263,52.345419626031
620640214,1985,19.7857704162598,19.227732842001,1.02902253629402
620640214,1990,22.6101818084717,19.227732842001,1.17591512188489
620640214,1995,25.8002395629883,19.227732842001,1.34182432089083
620640214,2000,28.7588768005371,19.227732842001,1.49569775266049
620640214,2005,32.5697860717773,19.227732842001,1.69389632877736
620640214,2010,37.2222709655762,19.227732842001,1.93586374802691
620640214,2015,41.9280548095703,19.227732842001,2.18060315036117
620640214,2020,47.1768341064453,19.227732842001,2.45358277515654
620640214,2025,52.6287422180176,19.227732842001,2.73712676634739
620641582,1985,0,25.6845479421271,0
620641582,1990,0,25.6845479421271,0
620641582,1995,0,25.6845479421271,0
620641582,2000,0,25.6845479421271,0
620641582,2005,0,25.6845479421271,0
620641582,2010,0,25.6845479421271,0
620641582,2015,0,25.6845479421271,0
620641582,2020,0,25.6845479421271,0
620641582,2025,0,25.6845479421271,0
620641605,1985,20.5355167388916,27.9369970735572,0.735065285822319
620641605,1990,24.0521774291992,27.9369970735572,0.860943549726215
620641605,1995,26.6111030578613,27.9369970735572,0.952539852003248
620641605,2000,29.7051277160645,27.9369970735572,1.06328993190828
620641605,2005,33.4182090759277,27.9369970735572,1.19619903985882
620641605,2010,37.1815719604492,27.9369970735572,1.33090796632692
620641605,2015,40.5625877380371,27.9369970735572,1.45193084393563
620641605,2020,46.6542892456055,27.9369970735572,1.6699822505177
620641605,2025,48.618091583252,27.9369970735572,1.74027621706235
620641609,1985,1120.98449707031,55.9698509923747,20.028363077526
620641609,1990,1293.6298828125,55.9698509923747,23.1129770738311
620641609,1995,1491.67504882812,55.9698509923747,26.6514028960225
620641609,2000,1687.33227539062,55.9698509923747,30.1471639726271
620641609,2005,1918.19567871094,55.9698509923747,34.2719454259807
620641609,2010,2185.39282226562,55.9698509923747,39.0458931642209
620641609,2015,2459.28735351562,55.9698509923747,43.9395015336145
620641609,2020,2752.32006835938,55.9698509923747,49.1750472720456
620641609,2025,2982.84228515625,55.9698509923747,53.2937328270291
620642943,1985,16634.904296875,42.9249058768243,387.535020917923
620642943,1990,18716.97265625,42.9249058768243,436.039923068428
620642943,1995,19431.228515625,42.9249058768243,452.679583535585
620642943,2000,19994.11328125,42.9249058768243,465.792827563195
620642943,2005,21388.423828125,42.9249058768243,498.275380952504
620642943,2010,22800.869140625,42.9249058768243,531.180410879724
620642943,2015,24021.51953125,42.9249058768243,559.617290721178
620642943,2020,25517.806640625,42.9249058768243,594.475540933041
620642943,2025,26405.546875,42.9249058768243,615.156779860446
620642961,1985,2.60606455802917,21.5515063737892,0.120922617325657
620642961,1990,2.99201440811157,21.5515063737892,0.138830871319066
620642961,1995,3.50202298164368,21.5515063737892,0.16249550824451
620642961,2000,4.03115844726562,21.5515063737892,0.187047641930417
620642961,2005,4.70117664337158,21.5515063737892,0.218136800362554
620642961,2010,5.48856449127197,21.5515063737892,0.254671965665802
620642961,2015,6.29904270172119,21.5515063737892,0.292278534617053
620642961,2020,7.11707639694214,21.5515063737892,0.330235681604042
620642961,2025,7.93954801559448,21.5515063737892,0.368398750318933
620642985,1985,0,8.81326898038371,0
620642985,1990,0,8.81326898038371,0
620642985,1995,0,8.81326898038371,0
620642985,2000,0,8.81326898038371,0
620642985,2005,0,8.81326898038371,0
620642985,2010,0,8.81326898038371,0
620642985,2015,0,8.81326898038371,0
620642985,2020,0,8.81326898038371,0
620642985,2025,0,8.81326898038371,0
620643008,1985,0,38.2157353098964,0
620643008,1990,0,38.2157353098964,0
620643008,1995,0,38.2157353098964,0
620643008,2000,0,38.2157353098964,0
620643008,2005,0,38.2157353098964,0
620643008,2010,0,38.2157353098964,0
620643008,2015,0,38.2157353098964,0
620643008,2020,0,38.2157353098964,0
620643008,2025,0,38.2157353098964,0
620644310,1985,5421.87841796875,53.3325806957372,101.661654981607
620644310,1990,6093.88427734375,53.3325806957372,114.26194265958
620644310,1995,6542.2294921875,53.3325806957372,122.66853407134
620644310,2000,6871.82177734375,53.3325806957372,128.84847662909
620644310,2005,7264.83544921875,53.3325806957372,136.217586969299
620644310,2010,7710.9560546875,53.3325806957372,144.582466366639
620644310,2015,8093.1142578125,53.3325806957372,151.748033795398
620644310,2020,8562.0048828125,53.3325806957372,160.539857083962
620644310,2025,8820.732421875,53.3325806957372,165.391066901438
620644316,1985,1331.91149902344,53.1599329587666,25.0548002018086
620644316,1990,1519.87390136719,53.1599329587666,28.5905910104528
620644316,1995,1651.45629882812,53.1599329587666,31.0658085311935
620644316,2000,1751.89697265625,53.1599329587666,32.955214108624
620644316,2005,1881.84716796875,53.1599329587666,35.3997280137355
620644316,2010,2021.82836914062,53.1599329587666,38.0329367741839
620644316,2015,2139.03100585938,53.1599329587666,40.2376543160525
620644316,2020,2257.953125,53.1599329587666,42.4747173167313
620644316,2025,2314.07104492188,53.1599329587666,43.5303604825232
620644335,1985,0,18.7188924881432,0
620644335,1990,0,18.7188924881432,0
620644335,1995,0,18.7188924881432,0
620644335,2000,0,18.7188924881432,0
620644335,2005,0,18.7188924881432,0
620644335,2010,0,18.7188924881432,0
620644335,2015,0,18.7188924881432,0
620644335,2020,0,18.7188924881432,0
620644335,2025,0,18.7188924881432,0
620645672,1985,36.4668731689453,6.52810812239877,5.58613192140964
620645672,1990,37.827953338623,6.52810812239877,5.79462726863094
620645672,1995,40.0874710083008,6.52810812239877,6.14074862987571
620645672,2000,41.8670692443848,6.52810812239877,6.41335413865673
620645672,2005,47.2784423828125,6.52810812239877,7.24228850018494
620645672,2010,53.160400390625,6.52810812239877,8.14330881074486
620645672,2015,58.3594245910645,6.52810812239877,8.93971476833017
620645672,2020,61.4797592163086,6.52810812239877,9.41769928800102
620645672,2025,63.7533416748047,6.52810812239877,9.765975146162
620645686,1985,0,45.4263497154599,0
620645686,1990,0,45.4263497154599,0
620645686,1995,0,45.4263497154599,0
620645686,2000,0,45.4263497154599,0
620645686,2005,0,45.4263497154599,0
620645686,2010,0,45.4263497154599,0
620645686,2015,0,45.4263497154599,0
620645686,2020,0,45.4263497154599,0
620645686,2025,0,45.4263497154599,0
620645692,1985,366.468597412109,3.66120156709822,100.095171133275
620645692,1990,411.500732421875,3.66120156709822,112.394995162209
620645692,1995,442.010894775391,3.66120156709822,120.728369272965
620645692,2000,467.641448974609,3.66120156709822,127.728954662622
620645692,2005,495.971923828125,3.66120156709822,135.466981191429
620645692,2010,530.804748535156,3.66120156709822,144.981022980349
620645692,2015,558.944274902344,3.66120156709822,152.666894913778
620645692,2020,591.453735351562,3.66120156709822,161.546346059372
620645692,2025,605.846862792969,3.66120156709822,165.477603920384
620645698,1985,0,20.0789428818238,0
620645698,1990,0,20.0789428818238,0
620645698,1995,0,20.0789428818238,0
620645698,2000,0,20.0789428818238,0
620645698,2005,0,20.0789428818238,0
620645698,2010,0,20.0789428818238,0
620645698,2015,0,20.0789428818238,0
620645698,2020,0,20.0789428818238,0
620645698,2025,0,20.0789428818238,0
620645704,1985,17.2097949981689,17.0574733967955,1.00892990408545
620645704,1990,19.4614505767822,17.0574733967955,1.14093395452332
620645704,1995,22.8860721588135,17.0574733967955,1.34170352351908
620645704,2000,24.5524997711182,17.0574733967955,1.43939839154202
620645704,2005,25.3378658294678,17.0574733967955,1.48544073556802
620645704,2010,27.8969020843506,17.0574733967955,1.63546507946432
620645704,2015,30.0371589660645,17.0574733967955,1.76093834457965
620645704,2020,29.6051349639893,17.0574733967955,1.73561079506365
620645704,2025,30.5798835754395,17.0574733967955,1.79275575368533
620645711,1985,0,0.617231178516128,0
620645711,1990,0,0.617231178516128,0
620645711,1995,0,0.617231178516128,0
620645711,2000,0,0.617231178516128,0
620645711,2005,0,0.617231178516128,0
620645711,2010,0,0.617231178516128,0
620645711,2015,0,0.617231178516128,0
620645711,2020,0,0.617231178516128,0
620645711,2025,0,0.617231178516128,0
620645734,1985,81.9295349121094,10.3137049467502,7.94375399869519
620645734,1990,85.2135925292969,10.3137049467502,8.2621708657806
620645734,1995,90.9111557006836,10.3137049467502,8.81459729263723
620645734,2000,94.614631652832,10.3137049467502,9.17368027700313
620645734,2005,101.739624023438,10.3137049467502,9.86450790949717
620645734,2010,109.968437194824,10.3137049467502,10.6623602054347
620645734,2015,115.932060241699,10.3137049467502,11.2405833636174
620645734,2020,120.176605224609,10.3137049467502,11.6521275181986
620645734,2025,122.83024597168,10.3137049467502,11.9094201943777
620645752,1985,0,33.0013377146923,0
620645752,1990,0,33.0013377146923,0
620645752,1995,0,33.0013377146923,0
620645752,2000,0,33.0013377146923,0
620645752,2005,0,33.0013377146923,0
620645752,2010,0,33.0013377146923,0
620645752,2015,0,33.0013377146923,0
620645752,2020,0,33.0013377146923,0
620645752,2025,0,33.0013377146923,0
620645763,1985,0,2.00841458273579,0
620645763,1990,0,2.00841458273579,0
620645763,1995,0,2.00841458273579,0
620645763,2000,0,2.00841458273579,0
620645763,2005,0,2.00841458273579,0
620645763,2010,0,2.00841458273579,0
620645763,2015,0,2.00841458273579,0
620645763,2020,0,2.00841458273579,0
620645763,2025,0,2.00841458273579,0
620647048,1985,209.904449462891,10.0288281032013,20.930107416627
620647048,1990,227.585693359375,10.0288281032013,22.6931492909653
620647048,1995,244.021453857422,10.0288281032013,24.3320008426038
620647048,2000,256.112060546875,10.0288281032013,25.5375860381057
620647048,2005,281.814239501953,10.0288281032013,28.1004157815803
620647048,2010,310.416717529297,10.0288281032013,30.9524417344644
620647048,2015,336.282684326172,10.0288281032013,33.5316031809168
620647048,2020,356.932861328125,10.0288281032013,35.59068493897
620647048,2025,369.33984375,10.0288281032013,36.8278167647628
620647068,1985,19168.275390625,35.3439271006026,542.335755052476
620647068,1990,20997.732421875,35.3439271006026,594.097321503274
620647068,1995,23485.462890625,35.3439271006026,664.483684107207
620647068,2000,25661.087890625,35.3439271006026,726.039520667398
620647068,2005,28114.685546875,35.3439271006026,795.460149825728
620647068,2010,30493.560546875,35.3439271006026,862.766620700592
620647068,2015,32377.716796875,35.3439271006026,916.075814232962
620647068,2020,33592.35546875,35.3439271006026,950.442076601534
620647068,2025,34685.83984375,35.3439271006026,981.380471531093
620647080,1985,464.059600830078,8.9321552440368,51.9538216870882
620647080,1990,592.067993164062,8.9321552440368,66.2850092713439
620647080,1995,586.406127929688,8.9321552440368,65.6511347942791
620647080,2000,598.489074707031,8.9321552440368,67.0038818578068
620647080,2005,709.534790039062,8.9321552440368,79.4360118754939
620647080,2010,850.239929199219,8.9321552440368,95.188664546202
620647080,2015,986.7109375,8.9321552440368,110.467284831255
620647080,2020,1139.51525878906,8.9321552440368,127.574502195292
620647080,2025,1268.60766601562,8.9321552440368,142.027050734766
620647101,1985,0,8.97521939413226,0
620647101,1990,0,8.97521939413226,0
620647101,1995,0,8.97521939413226,0
620647101,2000,0,8.97521939413226,0
620647101,2005,0,8.97521939413226,0
620647101,2010,0,8.97521939413226,0
620647101,2015,0,8.97521939413226,0
620647101,2020,0,8.97521939413226,0
620647101,2025,0,8.97521939413226,0
620647139,1985,0,4.91780434554709,0
620647139,1990,0,4.91780434554709,0
620647139,1995,0,4.91780434554709,0
620647139,2000,0,4.91780434554709,0
620647139,2005,0,4.91780434554709,0
620647139,2010,0,4.91780434554709,0
620647139,2015,0,4.91780434554709,0
620647139,2020,0,4.91780434554709,0
620647139,2025,0,4.91780434554709,0
620648502,1985,0,3.71553144203711,0
620648502,1990,0,3.71553144203711,0
620648502,1995,0,3.71553144203711,0
620648502,2000,0,3.71553144203711,0
620648502,2005,0,3.71553144203711,0
620648502,2010,0,3.71553144203711,0
620648502,2015,0,3.71553144203711,0
620648502,2020,0,3.71553144203711,0
620648502,2025,0,3.71553144203711,0
620649809,1985,1965.5341796875,16.9133375069965,116.212082853217
620649809,1990,2191.80419921875,16.9133375069965,129.590283308192
620649809,1995,2388.1513671875,16.9133375069965,141.199297075435
620649809,2000,2550.27270507812,16.9133375069965,150.784710825002
620649809,2005,2737.89770507812,16.9133375069965,161.878026968098
620649809,2010,2947.67578125,16.9133375069965,174.281142325141
620649809,2015,3134.25830078125,16.9133375069965,185.312821877096
620649809,2020,3331.08911132812,16.9133375069965,196.950430980885
620649809,2025,3459.80712890625,16.9133375069965,204.560875550141
620649813,1985,1080.1611328125,34.2871573199332,31.5033737773454
620649813,1990,1196.77099609375,34.2871573199332,34.9043516476647
620649813,1995,1287.19091796875,34.2871573199332,37.5414883758948
620649813,2000,1357.30688476562,34.2871573199332,39.5864513380507
620649813,2005,1442.41174316406,34.2871573199332,42.0685719059451
620649813,2010,1537.71557617188,34.2871573199332,44.8481500470704
620649813,2015,1616.40979003906,34.2871573199332,47.1433013520588
620649813,2020,1699.91320800781,34.2871573199332,49.5787152065694
620649813,2025,1742.29077148438,34.2871573199332,50.8146754549253
620649831,1985,32.8071708679199,18.0730064342229,1.8152580749264
620649831,1990,40.1776008605957,18.0730064342229,2.22307234863347
620649831,1995,42.6604270935059,18.0730064342229,2.3604499477588
620649831,2000,45.222526550293,18.0730064342229,2.50221382451677
620649831,2005,48.8561477661133,18.0730064342229,2.7032662188179
620649831,2010,49.7294731140137,18.0730064342229,2.75158830352909
620649831,2015,53.209228515625,18.0730064342229,2.94412712734216
620649831,2020,56.2690391540527,18.0730064342229,3.11342992981523
620649831,2025,57.713451385498,18.0730064342229,3.19335090127631
620649844,1985,2081.8095703125,70.6264106137325,29.4763609281839
620649844,1990,2398.55444335938,70.6264106137325,33.961154510279
620649844,1995,2781.134765625,70.6264106137325,39.3781128257457
620649844,2000,3148.1396484375,70.6264106137325,44.5745383501817
620649844,2005,3565.4013671875,70.6264106137325,50.4825508786971
620649844,2010,4050.47778320312,70.6264106137325,57.3507523319549
620649844,2015,4530.25732421875,70.6264106137325,64.1439552831798
620649844,2020,5063.76123046875,70.6264106137325,71.6978420178154
620649844,2025,5489.3466796875,70.6264106137325,77.7237103228939
620649849,1985,0,33.6282771926912,0
620649849,1990,0,33.6282771926912,0
620649849,1995,0,33.6282771926912,0
620649849,2000,0,33.6282771926912,0
620649849,2005,0,33.6282771926912,0
620649849,2010,0,33.6282771926912,0
620649849,2015,0,33.6282771926912,0
620649849,2020,0,33.6282771926912,0
620649849,2025,0,33.6282771926912,0
620649859,1985,0,0.416358347874771,0
620649859,1990,0,0.416358347874771,0
620649859,1995,0,0.416358347874771,0
620649859,2000,0,0.416358347874771,0
620649859,2005,0,0.416358347874771,0
620649859,2010,0,0.416358347874771,0
620649859,2015,0,0.416358347874771,0
620649859,2020,0,0.416358347874771,0
620649859,2025,0,0.416358347874771,0
620649860,1985,0,1.45114845601159,0
620649860,1990,0,1.45114845601159,0
620649860,1995,0,1.45114845601159,0
620649860,2000,0,1.45114845601159,0
620649860,2005,0,1.45114845601159,0
620649860,2010,0,1.45114845601159,0
620649860,2015,0,1.45114845601159,0
620649860,2020,0,1.45114845601159,0
620649860,2025,0,1.45114845601159,0
620651185,1985,2694.08740234375,4.61242726083489,584.093200822877
620651185,1990,3020.78662109375,4.61242726083489,654.923416731987
620651185,1995,3147.56176757812,4.61242726083489,682.408976788587
620651185,2000,3215.91430664062,4.61242726083489,697.228189146231
620651185,2005,3407.67114257812,4.61242726083489,738.802142532065
620651185,2010,3626.111328125,4.61242726083489,786.161195194358
620651185,2015,3812.22314453125,4.61242726083489,826.511276806824
620651185,2020,4013.04052734375,4.61242726083489,870.049607376865
620651185,2025,4165.51025390625,4.61242726083489,903.105895951246
620651189,1985,0.317827343940735,29.509339947275,0.0107703982708052
620651189,1990,0.333087205886841,29.509339947275,0.0112875180021639
620651189,1995,0.382763206958771,29.509339947275,0.0129709172635736
620651189,2000,0.443536967039108,29.509339947275,0.0150303926767452
620651189,2005,0.428522348403931,29.509339947275,0.0145215836467227
620651189,2010,0.470488220453262,29.509339947275,0.0159437053249545
620651189,2015,0.493462830781937,29.509339947275,0.0167222591784031
620651189,2020,0.523889422416687,29.509339947275,0.0177533426146682
620651189,2025,0.520346760749817,29.509339947275,0.0176332903982106
620651207,1985,84.1952133178711,7.96692683170791,10.5680916991454
620651207,1990,106.688049316406,7.96692683170791,13.3913680356388
620651207,1995,119.604652404785,7.96692683170791,15.0126460216461
620651207,2000,128.157852172852,7.96692683170791,16.0862343636433
620651207,2005,132.541748046875,7.96692683170791,16.6364962107304
620651207,2010,148.114791870117,7.96692683170791,18.5912077516049
620651207,2015,150.827789306641,7.96692683170791,18.9317402422167
620651207,2020,162.06037902832,7.96692683170791,20.3416427000847
620651207,2025,166.597198486328,7.96692683170791,20.9110993492849
620651216,1985,215.902130126953,44.9885251643421,4.79904885386367
620651216,1990,254.734741210938,44.9885251643421,5.66221587127822
620651216,1995,294.988677978516,44.9885251643421,6.55697596000154
620651216,2000,337.966918945312,44.9885251643421,7.51229158348104
620651216,2005,380.353637695312,44.9885251643421,8.45445891604334
620651216,2010,419.875213623047,44.9885251643421,9.33294016839297
620651216,2015,467.088134765625,44.9885251643421,10.3823837980765
620651216,2020,534.115600585938,44.9885251643421,11.8722629522711
620651216,2025,603.5703125,44.9885251643421,13.4160946662548
620651220,1985,8.34027671813965,6.63274446348009,1.25743977686178
620651220,1990,9.11201763153076,6.63274446348009,1.37379295730471
620651220,1995,8.7520055770874,6.63274446348009,1.31951496477453
620651220,2000,8.50085639953613,6.63274446348009,1.28164991827167
620651220,2005,9.3139762878418,6.63274446348009,1.40424168896067
620651220,2010,10.0476455688477,6.63274446348009,1.51485491777499
620651220,2015,11.0017642974854,6.63274446348009,1.65870468221128
620651220,2020,12.054594039917,6.63274446348009,1.81743682517691
620651220,2025,13.0588989257812,6.63274446348009,1.96885301366328
620651225,1985,0,56.3592082004018,0
620651225,1990,0,56.3592082004018,0
620651225,1995,0,56.3592082004018,0
620651225,2000,0,56.3592082004018,0
620651225,2005,0,56.3592082004018,0
620651225,2010,0,56.3592082004018,0
620651225,2015,0,56.3592082004018,0
620651225,2020,0,56.3592082004018,0
620651225,2025,0,56.3592082004018,0
620651227,1985,6514.5166015625,75.9567956880113,85.7660798162227
620651227,1990,7270.24462890625,75.9567956880113,95.7155256886877
620651227,1995,7748.8896484375,75.9567956880113,102.017068759268
620651227,2000,8065.62744140625,75.9567956880113,106.187041835406
620651227,2005,8554.9287109375,75.9567956880113,112.628878475554
620651227,2010,9091.15625,75.9567956880113,119.688517237371
620651227,2015,9496.6083984375,75.9567956880113,125.026448422658
620651227,2020,9817.9912109375,75.9567956880113,129.257574941213
620651227,2025,10033.359375,75.9567956880113,132.092978437525
620651235,1985,0,6.66790205079313,0
620651235,1990,0,6.66790205079313,0
620651235,1995,0,6.66790205079313,0
620651235,2000,0,6.66790205079313,0
620651235,2005,0,6.66790205079313,0
620651235,2010,0,6.66790205079313,0
620651235,2015,0,6.66790205079313,0
620651235,2020,0,6.66790205079313,0
620651235,2025,0,6.66790205079313,0
620651236,1985,0,49.8583694099107,0
620651236,1990,0,49.8583694099107,0
620651236,1995,0,49.8583694099107,0
620651236,2000,0,49.8583694099107,0
620651236,2005,0,49.8583694099107,0
620651236,2010,0,49.8583694099107,0
620651236,2015,0,49.8583694099107,0
620651236,2020,0,49.8583694099107,0
620651236,2025,0,49.8583694099107,0
620651256,1985,0,56.6132563554611,0
620651256,1990,0,56.6132563554611,0
620651256,1995,0,56.6132563554611,0
620651256,2000,0,56.6132563554611,0
620651256,2005,0,56.6132563554611,0
620651256,2010,0,56.6132563554611,0
620651256,2015,0,56.6132563554611,0
620651256,2020,0,56.6132563554611,0
620651256,2025,0,56.6132563554611,0
620652565,1985,0,0.0193940399656397,0
620652565,1990,0,0.0193940399656397,0
620652565,1995,0,0.0193940399656397,0
620652565,2000,0,0.0193940399656397,0
620652565,2005,0,0.0193940399656397,0
620652565,2010,0,0.0193940399656397,0
620652565,2015,0,0.0193940399656397,0
620652565,2020,0,0.0193940399656397,0
620652565,2025,0,0.0193940399656397,0
620652596,1985,0,0.0879001005511566,0
620652596,1990,0,0.0879001005511566,0
620652596,1995,0,0.0879001005511566,0
620652596,2000,0,0.0879001005511566,0
620652596,2005,0,0.0879001005511566,0
620652596,2010,0,0.0879001005511566,0
620652596,2015,0,0.0879001005511566,0
620652596,2020,0,0.0879001005511566,0
620652596,2025,0,0.0879001005511566,0
620652602,1985,0,19.8845356710564,0
620652602,1990,0,19.8845356710564,0
620652602,1995,0,19.8845356710564,0
620652602,2000,0,19.8845356710564,0
620652602,2005,0,19.8845356710564,0
620652602,2010,0,19.8845356710564,0
620652602,2015,0,19.8845356710564,0
620652602,2020,0,19.8845356710564,0
620652602,2025,0,19.8845356710564,0
620652607,1985,1.85155022144318,10.7803579236357,0.171752202900767
620652607,1990,1.88462245464325,10.7803579236357,0.174820026198875
620652607,1995,1.97788369655609,10.7803579236357,0.183471060104564
620652607,2000,2.05602097511292,10.7803579236357,0.190719175529889
620652607,2005,2.18710732460022,10.7803579236357,0.202878915532575
620652607,2010,2.38758563995361,10.7803579236357,0.221475544399029
620652607,2015,2.51397085189819,10.7803579236357,0.233199200778516
620652607,2020,2.6262149810791,10.7803579236357,0.243611111957718
620652607,2025,2.68376636505127,10.7803579236357,0.248949653069232
620652622,1985,0,29.2187553186477,0
620652622,1990,0,29.2187553186477,0
620652622,1995,0,29.2187553186477,0
620652622,2000,0,29.2187553186477,0
620652622,2005,0,29.2187553186477,0
620652622,2010,0,29.2187553186477,0
620652622,2015,0,29.2187553186477,0
620652622,2020,0,29.2187553186477,0
620652622,2025,0,29.2187553186477,0
620652628,1985,0.917878210544586,7.50008226799985,0.122382418985035
620652628,1990,1.04450023174286,7.50008226799985,0.139265169956784
620652628,1995,1.2189507484436,7.50008226799985,0.162524983711769
620652628,2000,1.39875054359436,7.50008226799985,0.186498026769963
620652628,2005,1.62252593040466,7.50008226799985,0.216334417733976
620652628,2010,1.88664031028748,7.50008226799985,0.251549282110823
620652628,2015,2.16010499000549,7.50008226799985,0.288010839457306
620652628,2020,2.48001527786255,7.50008226799985,0.330665076627743
620652628,2025,2.76661372184753,7.50008226799985,0.368877783334681
620653963,1985,926.273742675781,30.2276217419672,30.6432887966759
620653963,1990,1037.19848632812,30.2276217419672,34.3129371930742
620653963,1995,1115.23767089844,30.2276217419672,36.8946548431256
620653963,2000,1177.20068359375,30.2276217419672,38.9445353538799
620653963,2005,1250.9697265625,30.2276217419672,41.3849867925828
620653963,2010,1328.53063964844,30.2276217419672,43.9508821100517
620653963,2015,1395.91674804688,30.2276217419672,46.1801712342067
620653963,2020,1458.96728515625,30.2276217419672,48.2660295808406
620653963,2025,1491.03979492188,30.2276217419672,49.3270627656345
620653975,1985,0,15.837061770722,0
620653975,1990,0,15.837061770722,0
620653975,1995,0,15.837061770722,0
620653975,2000,0,15.837061770722,0
620653975,2005,0,15.837061770722,0
620653975,2010,0,15.837061770722,0
620653975,2015,0,15.837061770722,0
620653975,2020,0,15.837061770722,0
620653975,2025,0,15.837061770722,0
620653983,1985,303.069152832031,15.3332409493953,19.7654986204325
620653983,1990,331.390380859375,15.3332409493953,21.6125463594469
620653983,1995,349.907775878906,15.3332409493953,22.8202098325929
620653983,2000,363.085998535156,15.3332409493953,23.6796643145085
620653983,2005,384.418487548828,15.3332409493953,25.0709219803911
620653983,2010,408.601623535156,15.3332409493953,26.6480925254925
620653983,2015,428.327972412109,15.3332409493953,27.9346012904729
620653983,2020,448.5498046875,15.3332409493953,29.2534243848291
620653983,2025,458.912353515625,15.3332409493953,29.9292468585204
620653984,1985,0,12.811637512209,0
620653984,1990,0,12.811637512209,0
620653984,1995,0,12.811637512209,0
620653984,2000,0,12.811637512209,0
620653984,2005,0,12.811637512209,0
620653984,2010,0,12.811637512209,0
620653984,2015,0,12.811637512209,0
620653984,2020,0,12.811637512209,0
620653984,2025,0,12.811637512209,0
620653998,1985,0,1.77571613731453,0
620653998,1990,0,1.77571613731453,0
620653998,1995,0,1.77571613731453,0
620653998,2000,0,1.77571613731453,0
620653998,2005,0,1.77571613731453,0
620653998,2010,0,1.77571613731453,0
620653998,2015,0,1.77571613731453,0
620653998,2020,0,1.77571613731453,0
620653998,2025,0,1.77571613731453,0
620654004,1985,0,30.8521275622814,0
620654004,1990,0,30.8521275622814,0
620654004,1995,0,30.8521275622814,0
620654004,2000,0,30.8521275622814,0
620654004,2005,0,30.8521275622814,0
620654004,2010,0,30.8521275622814,0
620654004,2015,0,30.8521275622814,0
620654004,2020,0,30.8521275622814,0
620654004,2025,0,30.8521275622814,0
620655299,1985,0.786339819431305,37.2117163236327,0.0211315117150861
620655299,1990,1.03921699523926,37.2117163236327,0.0279271449400807
620655299,1995,1.07209396362305,37.2117163236327,0.0288106561465474
620655299,2000,1.09608328342438,37.2117163236327,0.0294553272923955
620655299,2005,1.34556078910828,37.2117163236327,0.036159600309909
620655299,2010,1.59280669689178,37.2117163236327,0.0428039030244948
620655299,2015,1.88902711868286,37.2117163236327,0.0507643104191666
620655299,2020,2.45570230484009,37.2117163236327,0.0659927180859567
620655299,2025,2.79359936714172,37.2117163236327,0.0750731125338484
620655311,1985,4431.11328125,65.0207760243966,68.1491909537867
620655311,1990,5151.60205078125,65.0207760243966,79.230091760952
620655311,1995,5333.91552734375,65.0207760243966,82.0340182550636
620655311,2000,5413.61669921875,65.0207760243966,83.2597983325744
620655311,2005,5689.4296875,65.0207760243966,87.5017192253328
620655311,2010,5996.18798828125,65.0207760243966,92.2195697269348
620655311,2015,6233.162109375,65.0207760243966,95.8641605113455
620655311,2020,6577.64697265625,65.0207760243966,101.162234209389
620655311,2025,6825.0341796875,65.0207760243966,104.966975126945
620655327,1985,0,17.1112746789359,0
620655327,1990,0,17.1112746789359,0
620655327,1995,0,17.1112746789359,0
620655327,2000,0,17.1112746789359,0
620655327,2005,0,17.1112746789359,0
620655327,2010,0,17.1112746789359,0
620655327,2015,0,17.1112746789359,0
620655327,2020,0,17.1112746789359,0
620655327,2025,0,17.1112746789359,0
620655351,1985,0,1.75598661507572,0
620655351,1990,0,1.75598661507572,0
620655351,1995,0,1.75598661507572,0
620655351,2000,0,1.75598661507572,0
620655351,2005,0,1.75598661507572,0
620655351,2010,0,1.75598661507572,0
620655351,2015,0,1.75598661507572,0
620655351,2020,0,1.75598661507572,0
620655351,2025,0,1.75598661507572,0
620655356,1985,631.534362792969,20.5335631976537,30.7561993363691
620655356,1990,681.308959960938,20.5335631976537,33.1802597241763
620655356,1995,735.156677246094,20.5335631976537,35.8026841308331
620655356,2000,776.455749511719,20.5335631976537,37.8139800694914
620655356,2005,823.894653320312,20.5335631976537,40.1242904307254
620655356,2010,875.996643066406,20.5335631976537,42.6616965908042
620655356,2015,919.445739746094,20.5335631976537,44.7777003384954
620655356,2020,965.741760253906,20.5335631976537,47.0323514218058
620655356,2025,987.146179199219,20.5335631976537,48.0747627529165
620655359,1985,0,91.0156545830499,0
620655359,1990,0,91.0156545830499,0
620655359,1995,0,91.0156545830499,0
620655359,2000,0,91.0156545830499,0
620655359,2005,0,91.0156545830499,0
620655359,2010,0,91.0156545830499,0
620655359,2015,0,91.0156545830499,0
620655359,2020,0,91.0156545830499,0
620655359,2025,0,91.0156545830499,0
620655374,1985,0,5.80858237151673,0
620655374,1990,0,5.80858237151673,0
620655374,1995,0,5.80858237151673,0
620655374,2000,0,5.80858237151673,0
620655374,2005,0,5.80858237151673,0
620655374,2010,0,5.80858237151673,0
620655374,2015,0,5.80858237151673,0
620655374,2020,0,5.80858237151673,0
620655374,2025,0,5.80858237151673,0
620655380,1985,0,17.0711053028537,0
620655380,1990,0,17.0711053028537,0
620655380,1995,0,17.0711053028537,0
620655380,2000,0,17.0711053028537,0
620655380,2005,0,17.0711053028537,0
620655380,2010,0,17.0711053028537,0
620655380,2015,0,17.0711053028537,0
620655380,2020,0,17.0711053028537,0
620655380,2025,0,17.0711053028537,0
620656675,1985,0,1.21449466570963,0
620656675,1990,0,1.21449466570963,0
620656675,1995,0,1.21449466570963,0
620656675,2000,0,1.21449466570963,0
620656675,2005,0,1.21449466570963,0
620656675,2010,0,1.21449466570963,0
620656675,2015,0,1.21449466570963,0
620656675,2020,0.000680098484735936,1.21449466570963,0.000559984744221625
620656675,2025,0.000723441189620644,1.21449466570963,0.000595672595398298
620656687,1985,497.851593017578,23.4668018528602,21.2151445322277
620656687,1990,542.478942871094,23.4668018528602,23.1168672353611
620656687,1995,572.398864746094,23.4668018528602,24.3918565612437
620656687,2000,596.265014648438,23.4668018528602,25.4088741357725
620656687,2005,639.978759765625,23.4668018528602,27.2716650431692
620656687,2010,688.249633789062,23.4668018528602,29.3286506659269
620656687,2015,734.742004394531,23.4668018528602,31.3098482273578
620656687,2020,822.685485839844,23.4668018528602,35.0574181773122
620656687,2025,851.608459472656,23.4668018528602,36.2899241580659
620656703,1985,0,9.62935617985173,0
620656703,1990,0,9.62935617985173,0
620656703,1995,0,9.62935617985173,0
620656703,2000,0,9.62935617985173,0
620656703,2005,0,9.62935617985173,0
620656703,2010,0,9.62935617985173,0
620656703,2015,0,9.62935617985173,0
620656703,2020,0,9.62935617985173,0
620656703,2025,0,9.62935617985173,0
620656721,1985,0,1.2919346156908,0
620656721,1990,0,1.2919346156908,0
620656721,1995,0,1.2919346156908,0
620656721,2000,0,1.2919346156908,0
620656721,2005,0,1.2919346156908,0
620656721,2010,0,1.2919346156908,0
620656721,2015,0,1.2919346156908,0
620656721,2020,0,1.2919346156908,0
620656721,2025,0,1.2919346156908,0
620656731,1985,0,5.53293083934765,0
620656731,1990,0,5.53293083934765,0
620656731,1995,0,5.53293083934765,0
620656731,2000,0,5.53293083934765,0
620656731,2005,0,5.53293083934765,0
620656731,2010,0,5.53293083934765,0
620656731,2015,0,5.53293083934765,0
620656731,2020,0,5.53293083934765,0
620656731,2025,0,5.53293083934765,0
620656756,1985,0,16.4475957217669,0
620656756,1990,0,16.4475957217669,0
620656756,1995,0,16.4475957217669,0
620656756,2000,0,16.4475957217669,0
620656756,2005,0,16.4475957217669,0
620656756,2010,0,16.4475957217669,0
620656756,2015,0,16.4475957217669,0
620656756,2020,0,16.4475957217669,0
620656756,2025,0,16.4475957217669,0
620656779,1985,0,32.0374591843334,0
620656779,1990,0,32.0374591843334,0
620656779,1995,0,32.0374591843334,0
620656779,2000,0,32.0374591843334,0
620656779,2005,0,32.0374591843334,0
620656779,2010,0,32.0374591843334,0
620656779,2015,0,32.0374591843334,0
620656779,2020,0,32.0374591843334,0
620656779,2025,0,32.0374591843334,0
620658052,1985,0.0276668835431337,11.6149673403562,0.00238200269810534
620658052,1990,0.0264784898608923,11.6149673403562,0.00227968698361233
620658052,1995,0.0263075493276119,11.6149673403562,0.00226496972025108
620658052,2000,0.0272811725735664,11.6149673403562,0.00234879460046161
620658052,2005,0.0316692516207695,11.6149673403562,0.00272658981233075
620658052,2010,0.0400315523147583,11.6149673403562,0.00344654884871427
620658052,2015,0.0380140282213688,11.6149673403562,0.00327284848139772
620658052,2020,0.0387861914932728,11.6149673403562,0.00333932850232909
620658052,2025,0.0396720170974731,11.6149673403562,0.00341559437361764
620658107,1985,27.1247653961182,27.7060382683854,0.979019993164072
620658107,1990,30.4553985595703,27.7060382683854,1.09923325249724
620658107,1995,34.7940483093262,27.7060382683854,1.25582907134827
620658107,2000,38.5788612365723,27.7060382683854,1.39243513860997
620658107,2005,43.5413360595703,27.7060382683854,1.57154681004156
620658107,2010,49.3164520263672,27.7060382683854,1.77998931311089
620658107,2015,55.1951179504395,27.7060382683854,1.99216926706627
620658107,2020,61.3862457275391,27.7060382683854,2.21562697390717
620658107,2025,66.3816909790039,27.7060382683854,2.39592865410679
620659428,1985,1.78452003002167,12.7085858705624,0.140418457899021
620659428,1990,1.74533796310425,12.7085858705624,0.137335340129941
620659428,1995,1.85455787181854,12.7085858705624,0.145929522820816
620659428,2000,1.91829073429108,12.7085858705624,0.150944468080789
620659428,2005,2.14310431480408,12.7085858705624,0.168634365509405
620659428,2010,2.39137196540833,12.7085858705624,0.188169792435175
620659428,2015,2.61778163909912,12.7085858705624,0.205985281585328
620659428,2020,2.787273645401,12.7085858705624,0.219322092464852
620659428,2025,2.83406901359558,12.7085858705624,0.223004277774153
620659478,1985,0,28.4754707205872,0
620659478,1990,0,28.4754707205872,0
620659478,1995,0,28.4754707205872,0
620659478,2000,0,28.4754707205872,0
620659478,2005,0,28.4754707205872,0
620659478,2010,0,28.4754707205872,0
620659478,2015,0,28.4754707205872,0
620659478,2020,0,28.4754707205872,0
620659478,2025,0,28.4754707205872,0
620659483,1985,0,64.5634414427507,0
620659483,1990,0,64.5634414427507,0
620659483,1995,0,64.5634414427507,0
620659483,2000,0,64.5634414427507,0
620659483,2005,0,64.5634414427507,0
620659483,2010,0,64.5634414427507,0
620659483,2015,0,64.5634414427507,0
620659483,2020,0,64.5634414427507,0
620659483,2025,0,64.5634414427507,0
620659501,1985,0,16.1691951361626,0
620659501,1990,0,16.1691951361626,0
620659501,1995,0,16.1691951361626,0
620659501,2000,0,16.1691951361626,0
620659501,2005,0,16.1691951361626,0
620659501,2010,0,16.1691951361626,0
620659501,2015,0,16.1691951361626,0
620659501,2020,0,16.1691951361626,0
620659501,2025,0,16.1691951361626,0
620659504,1985,0,1.08845738460369,0
620659504,1990,0,1.08845738460369,0
620659504,1995,0,1.08845738460369,0
620659504,2000,0,1.08845738460369,0
620659504,2005,0,1.08845738460369,0
620659504,2010,0,1.08845738460369,0
620659504,2015,0,1.08845738460369,0
620659504,2020,0,1.08845738460369,0
620659504,2025,0,1.08845738460369,0
620659506,1985,0,2.71158434534938,0
620659506,1990,0,2.71158434534938,0
620659506,1995,0,2.71158434534938,0
620659506,2000,0,2.71158434534938,0
620659506,2005,0,2.71158434534938,0
620659506,2010,0,2.71158434534938,0
620659506,2015,0,2.71158434534938,0
620659506,2020,0,2.71158434534938,0
620659506,2025,0,2.71158434534938,0
620660804,1985,30.1185131072998,21.4507333746582,1.40407847980068
620660804,1990,32.5897369384766,21.4507333746582,1.51928311117688
620660804,1995,34.6811294555664,21.4507333746582,1.6167805943893
620660804,2000,35.8240585327148,21.4507333746582,1.67006217955407
620660804,2005,39.3075561523438,21.4507333746582,1.83245744869411
620660804,2010,42.8168830871582,21.4507333746582,1.99605684054336
620660804,2015,45.6791343688965,21.4507333746582,2.12949056664242
620660804,2020,48.9025764465332,21.4507333746582,2.27976244878912
620660804,2025,51.0741424560547,21.4507333746582,2.38099749616922
620660854,1985,0,53.1154986751937,0
620660854,1990,0,53.1154986751937,0
620660854,1995,0,53.1154986751937,0
620660854,2000,0,53.1154986751937,0
620660854,2005,0,53.1154986751937,0
620660854,2010,0,53.1154986751937,0
620660854,2015,0,53.1154986751937,0
620660854,2020,0,53.1154986751937,0
620660854,2025,0,53.1154986751937,0
620660862,1985,0,47.8367548976004,0
620660862,1990,0,47.8367548976004,0
620660862,1995,0,47.8367548976004,0
620660862,2000,0,47.8367548976004,0
620660862,2005,0,47.8367548976004,0
620660862,2010,0,47.8367548976004,0
620660862,2015,0,47.8367548976004,0
620660862,2020,0,47.8367548976004,0
620660862,2025,0,47.8367548976004,0
620660872,1985,0,24.8174093291018,0
620660872,1990,0,24.8174093291018,0
620660872,1995,0,24.8174093291018,0
620660872,2000,0,24.8174093291018,0
620660872,2005,0,24.8174093291018,0
620660872,2010,0,24.8174093291018,0
620660872,2015,0,24.8174093291018,0
620660872,2020,0,24.8174093291018,0
620660872,2025,0,24.8174093291018,0
620660879,1985,3.27531909942627,7.28593471936036,0.449540000780272
620660879,1990,3.36016964912415,7.28593471936036,0.461185802309678
620660879,1995,3.54331660270691,7.28593471936036,0.486322858931404
620660879,2000,3.62404465675354,7.28593471936036,0.497402844843454
620660879,2005,3.93028473854065,7.28593471936036,0.539434525551952
620660879,2010,4.3691668510437,7.28593471936036,0.599671424372475
620660879,2015,4.64042472839355,7.28593471936036,0.636901771307792
620660879,2020,4.81707763671875,7.28593471936036,0.661147515351557
620660879,2025,4.91674184799194,7.28593471936036,0.674826503032899
620662226,1985,0,9.31738984385056,0
620662226,1990,0,9.31738984385056,0
620662226,1995,0,9.31738984385056,0
620662226,2000,0,9.31738984385056,0
620662226,2005,0,9.31738984385056,0
620662226,2010,0,9.31738984385056,0
620662226,2015,0,9.31738984385056,0
620662226,2020,0,9.31738984385056,0
620662226,2025,0,9.31738984385056,0
620662238,1985,0,34.3350574148191,0
620662238,1990,0,34.3350574148191,0
620662238,1995,0,34.3350574148191,0
620662238,2000,0,34.3350574148191,0
620662238,2005,0,34.3350574148191,0
620662238,2010,0,34.3350574148191,0
620662238,2015,0,34.3350574148191,0
620662238,2020,0,34.3350574148191,0
620662238,2025,0,34.3350574148191,0
620662248,1985,0,12.9346796644432,0
620662248,1990,0,12.9346796644432,0
620662248,1995,0,12.9346796644432,0
620662248,2000,0,12.9346796644432,0
620662248,2005,0,12.9346796644432,0
620662248,2010,0,12.9346796644432,0
620662248,2015,0,12.9346796644432,0
620662248,2020,0,12.9346796644432,0
620662248,2025,0,12.9346796644432,0
620662249,1985,0,13.6442140783069,0
620662249,1990,0,13.6442140783069,0
620662249,1995,0,13.6442140783069,0
620662249,2000,0,13.6442140783069,0
620662249,2005,0,13.6442140783069,0
620662249,2010,0,13.6442140783069,0
620662249,2015,0,13.6442140783069,0
620662249,2020,0,13.6442140783069,0
620662249,2025,0,13.6442140783069,0
620663596,1985,644.967041015625,14.1064384216936,45.7214657403362
620663596,1990,712.916625976562,14.1064384216936,50.5383857118891
620663596,1995,761.207824707031,14.1064384216936,53.9617302363443
620663596,2000,795.322448730469,14.1064384216936,56.3801028264783
620663596,2005,845.124389648438,14.1064384216936,59.910543284176
620663596,2010,898.925170898438,14.1064384216936,63.7244599966513
620663596,2015,942.585510253906,14.1064384216936,66.8195246791955
620663596,2020,990.537902832031,14.1064384216936,70.2188513656808
620663596,2025,1011.07757568359,14.1064384216936,71.6749008827563
620663602,1985,0,23.1370243987766,0
620663602,1990,0,23.1370243987766,0
620663602,1995,0,23.1370243987766,0
620663602,2000,0,23.1370243987766,0
620663602,2005,0,23.1370243987766,0
620663602,2010,0,23.1370243987766,0
620663602,2015,0,23.1370243987766,0
620663602,2020,0,23.1370243987766,0
620663602,2025,0,23.1370243987766,0
620663609,1985,0,0.919155547794854,0
620663609,1990,0,0.919155547794854,0
620663609,1995,0,0.919155547794854,0
620663609,2000,0,0.919155547794854,0
620663609,2005,0,0.919155547794854,0
620663609,2010,0,0.919155547794854,0
620663609,2015,0,0.919155547794854,0
620663609,2020,0,0.919155547794854,0
620663609,2025,0,0.919155547794854,0
620663613,1985,0,63.8433994033125,0
620663613,1990,0,63.8433994033125,0
620663613,1995,0,63.8433994033125,0
620663613,2000,0,63.8433994033125,0
620663613,2005,0,63.8433994033125,0
620663613,2010,0,63.8433994033125,0
620663613,2015,0,63.8433994033125,0
620663613,2020,0,63.8433994033125,0
620663613,2025,0,63.8433994033125,0
620663625,1985,3.2210533618927,9.65672389925395,0.333555499307747
620663625,1990,3.61226654052734,9.65672389925395,0.374067497239557
620663625,1995,4.18129348754883,9.65672389925395,0.432992962330824
620663625,2000,4.74021196365356,9.65672389925395,0.490871646855284
620663625,2005,5.06549739837646,9.65672389925395,0.524556511216792
620663625,2010,5.82102823257446,9.65672389925395,0.602795346879927
620663625,2015,6.59065294265747,9.65672389925395,0.682493670878034
620663625,2020,7.14836072921753,9.65672389925395,0.74024698270288
620663625,2025,7.87354040145874,9.65672389925395,0.815342810211963
620664945,1985,8.59337520599365,57.3559509670808,0.149825346125388
620664945,1990,8.86480712890625,57.3559509670808,0.154557756944771
620664945,1995,9.56759738922119,57.3559509670808,0.166810892817599
620664945,2000,10.1147794723511,57.3559509670808,0.176351002848099
620664945,2005,11.4893493652344,57.3559509670808,0.200316604842428
620664945,2010,13.0193071365356,57.3559509670808,0.226991391773942
620664945,2015,14.3857011795044,57.3559509670808,0.250814447968285
620664945,2020,15.2724304199219,57.3559509670808,0.266274556735838
620664945,2025,15.8414936065674,57.3559509670808,0.276196163422685
620664972,1985,0,0.453713085802479,0
620664972,1990,0,0.453713085802479,0
620664972,1995,0,0.453713085802479,0
620664972,2000,0,0.453713085802479,0
620664972,2005,0,0.453713085802479,0
620664972,2010,0,0.453713085802479,0
620664972,2015,0,0.453713085802479,0
620664972,2020,0,0.453713085802479,0
620664972,2025,0,0.453713085802479,0
620664978,1985,0,6.39390342607412,0
620664978,1990,0,6.39390342607412,0
620664978,1995,0,6.39390342607412,0
620664978,2000,0,6.39390342607412,0
620664978,2005,0,6.39390342607412,0
620664978,2010,0,6.39390342607412,0
620664978,2015,0,6.39390342607412,0
620664978,2020,0,6.39390342607412,0
620664978,2025,0,6.39390342607412,0
620664985,1985,0,32.6721068043486,0
620664985,1990,0,32.6721068043486,0
620664985,1995,0,32.6721068043486,0
620664985,2000,0,32.6721068043486,0
620664985,2005,0,32.6721068043486,0
620664985,2010,0,32.6721068043486,0
620664985,2015,0,32.6721068043486,0
620664985,2020,0,32.6721068043486,0
620664985,2025,0,32.6721068043486,0
620664989,1985,0,2.33587571783316,0
620664989,1990,0,2.33587571783316,0
620664989,1995,0,2.33587571783316,0
620664989,2000,0,2.33587571783316,0
620664989,2005,0,2.33587571783316,0
620664989,2010,0,2.33587571783316,0
620664989,2015,0,2.33587571783316,0
620664989,2020,0,2.33587571783316,0
620664989,2025,0,2.33587571783316,0
620665001,1985,0,15.8525723202798,0
620665001,1990,0,15.8525723202798,0
620665001,1995,0,15.8525723202798,0
620665001,2000,0,15.8525723202798,0
620665001,2005,0,15.8525723202798,0
620665001,2010,0,15.8525723202798,0
620665001,2015,0,15.8525723202798,0
620665001,2020,0,15.8525723202798,0
620665001,2025,0,15.8525723202798,0
620665022,1985,0,69.2875512653155,0
620665022,1990,0,69.2875512653155,0
620665022,1995,0,69.2875512653155,0
620665022,2000,0,69.2875512653155,0
620665022,2005,0,69.2875512653155,0
620665022,2010,0,69.2875512653155,0
620665022,2015,0,69.2875512653155,0
620665022,2020,0,69.2875512653155,0
620665022,2025,0,69.2875512653155,0
620666361,1985,0,13.4848179834748,0
620666361,1990,0,13.4848179834748,0
620666361,1995,0,13.4848179834748,0
620666361,2000,0,13.4848179834748,0
620666361,2005,0,13.4848179834748,0
620666361,2010,0,13.4848179834748,0
620666361,2015,0,13.4848179834748,0
620666361,2020,0,13.4848179834748,0
620666361,2025,0,13.4848179834748,0
620666365,1985,0,8.13125375649994,0
620666365,1990,0,8.13125375649994,0
620666365,1995,0,8.13125375649994,0
620666365,2000,0,8.13125375649994,0
620666365,2005,0,8.13125375649994,0
620666365,2010,0,8.13125375649994,0
620666365,2015,0,8.13125375649994,0
620666365,2020,0,8.13125375649994,0
620666365,2025,0,8.13125375649994,0
620666377,1985,0,17.312294767647,0
620666377,1990,0,17.312294767647,0
620666377,1995,0,17.312294767647,0
620666377,2000,0,17.312294767647,0
620666377,2005,0,17.312294767647,0
620666377,2010,0,17.312294767647,0
620666377,2015,0,17.312294767647,0
620666377,2020,0,17.312294767647,0
620666377,2025,0,17.312294767647,0
620667716,1985,6057.2333984375,26.132582361904,231.78855095728
620667716,1990,6637.6171875,26.132582361904,253.997752521247
620667716,1995,7134.828125,26.132582361904,273.024227999799
620667716,2000,7495.3359375,26.132582361904,286.819566229577
620667716,2005,7825.4208984375,26.132582361904,299.450731277341
620667716,2010,8135.66357421875,26.132582361904,311.322603390276
620667716,2015,8458.529296875,26.132582361904,323.677514136751
620667716,2020,8955.51953125,26.132582361904,342.695544099971
620667716,2025,9171.703125,26.132582361904,350.968113215266
620667717,1985,2.38991045951843,40.4363897377532,0.0591029633213548
620667717,1990,2.4948947429657,40.4363897377532,0.0616992456336021
620667717,1995,2.71871638298035,40.4363897377532,0.06723439952509
620667717,2000,2.88336586952209,40.4363897377532,0.0713062142348
620667717,2005,3.05449104309082,40.4363897377532,0.0755381739789449
620667717,2010,3.18331122398376,40.4363897377532,0.0787239227989656
620667717,2015,3.32820177078247,40.4363897377532,0.0823070949797261
620667717,2020,3.46696519851685,40.4363897377532,0.0857387422814341
620667717,2025,3.55825734138489,40.4363897377532,0.0879964152205889
620667722,1985,52.9156684875488,13.0084589771244,4.06778916554235
620667722,1990,61.7902374267578,13.0084589771244,4.75000440370508
620667722,1995,72.1759490966797,13.0084589771244,5.54838580216167
620667722,2000,82.8902587890625,13.0084589771244,6.37202753491604
620667722,2005,96.007453918457,13.0084589771244,7.38038641527699
620667722,2010,111.385063171387,13.0084589771244,8.56251023793511
620667722,2015,127.586433410645,13.0084589771244,9.80795908531574
620667722,2020,145.675704956055,13.0084589771244,11.1985366761911
620667722,2025,163.065811157227,13.0084589771244,12.5353672901595
620667725,1985,27.0477027893066,24.5839632811819,1.10021734412574
620667725,1990,29.9702415466309,24.5839632811819,1.21909723033031
620667725,1995,34.4672546386719,24.5839632811819,1.40202188900336
620667725,2000,38.1553344726562,24.5839632811819,1.55204163121504
620667725,2005,43.6857376098633,24.5839632811819,1.77700141796514
620667725,2010,48.9597511291504,24.5839632811819,1.99153206377538
620667725,2015,51.8490676879883,24.5839632811819,2.10906057314513
620667725,2020,61.283374786377,24.5839632811819,2.49281916367354
620667725,2025,63.7861366271973,24.5839632811819,2.59462381625111
620667737,1985,0,7.06034644610351,0
620667737,1990,0,7.06034644610351,0
620667737,1995,0,7.06034644610351,0
620667737,2000,0,7.06034644610351,0
620667737,2005,0,7.06034644610351,0
620667737,2010,0,7.06034644610351,0
620667737,2015,0,7.06034644610351,0
620667737,2020,0,7.06034644610351,0
620667737,2025,0,7.06034644610351,0
620667753,1985,0,2.84328446846492,0
620667753,1990,0,2.84328446846492,0
620667753,1995,0,2.84328446846492,0
620667753,2000,0,2.84328446846492,0
620667753,2005,0,2.84328446846492,0
620667753,2010,0,2.84328446846492,0
620667753,2015,0,2.84328446846492,0
620667753,2020,0,2.84328446846492,0
620667753,2025,0,2.84328446846492,0
620667768,1985,0,46.0102746260372,0
620667768,1990,0,46.0102746260372,0
620667768,1995,0,46.0102746260372,0
620667768,2000,0,46.0102746260372,0
620667768,2005,0,46.0102746260372,0
620667768,2010,0,46.0102746260372,0
620667768,2015,0,46.0102746260372,0
620667768,2020,0,46.0102746260372,0
620667768,2025,0,46.0102746260372,0
620669076,1985,4.34501361846924,15.8960318161712,0.273339514459767
620669076,1990,4.32852792739868,15.8960318161712,0.272302419714285
620669076,1995,4.99698209762573,15.8960318161712,0.31435405737816
620669076,2000,5.56151962280273,15.8960318161712,0.349868425473642
620669076,2005,5.84132719039917,15.8960318161712,0.367470778742197
620669076,2010,6.11407899856567,15.8960318161712,0.384629262779014
620669076,2015,6.34042263031006,15.8960318161712,0.398868264962824
620669076,2020,6.57620000839233,15.8960318161712,0.413700732638337
620669076,2025,6.76200008392334,15.8960318161712,0.425389189083296
620669092,1985,0.00141422788146883,0.60391434393992,0.00234176898704285
620669092,1990,0.00165103189647198,0.60391434393992,0.00273388422222379
620669092,1995,0.00184116780292243,0.60391434393992,0.00304872341814354
620669092,2000,0.0021952441893518,0.60391434393992,0.00363502574724436
620669092,2005,0.00264669372700155,0.60391434393992,0.00438256476859714
620669092,2010,0.00322659127414227,0.60391434393992,0.00534279622022566
620669092,2015,0.0036785330157727,0.60391434393992,0.00609115026441342
620669092,2020,0.00465349527075887,0.60391434393992,0.00770555512955628
620669092,2025,0.00498958304524422,0.60391434393992,0.00826207076436092
620669093,1985,40.0262756347656,6.37488343536211,6.27874627679243
620669093,1990,43.2611351013184,6.37488343536211,6.78618449105195
620669093,1995,47.8989715576172,6.37488343536211,7.5137015512969
620669093,2000,51.4567413330078,6.37488343536211,8.07179328920309
620669093,2005,54.1787414550781,6.37488343536211,8.49878150783797
620669093,2010,57.3836669921875,6.37488343536211,9.00152411789596
620669093,2015,59.8425178527832,6.37488343536211,9.3872332662321
620669093,2020,63.0542068481445,6.37488343536211,9.89103683031702
620669093,2025,64.9901123046875,6.37488343536211,10.1947138271079
620669098,1985,5.35806655883789,21.5252483204737,0.248920081156117
620669098,1990,5.99299335479736,21.5252483204737,0.278416920705028
620669098,1995,6.9770679473877,21.5252483204737,0.324134144401552
620669098,2000,7.94905233383179,21.5252483204737,0.369289692526848
620669098,2005,9.32653522491455,21.5252483204737,0.43328351367002
620669098,2010,10.8120536804199,21.5252483204737,0.502296350752714
620669098,2015,12.4130420684814,21.5252483204737,0.576673582746769
620669098,2020,14.0528860092163,21.5252483204737,0.652855929929037
620669098,2025,15.8147802352905,21.5252483204737,0.734708375942326
620669133,1985,2.34168148040771,10.4888193703261,0.223255010667127
620669133,1990,2.65024375915527,10.4888193703261,0.252673219509631
620669133,1995,3.10258150100708,10.4888193703261,0.295798925643108
620669133,2000,3.57136344909668,10.4888193703261,0.340492416067382
620669133,2005,4.09102153778076,10.4888193703261,0.390036418145847
620669133,2010,4.70421648025513,10.4888193703261,0.448498187847893
620669133,2015,5.32779550552368,10.4888193703261,0.5079499720051
620669133,2020,6.2761173248291,10.4888193703261,0.598362609102113
620669133,2025,7.00140571594238,10.4888193703261,0.667511325035309
620669144,1985,0,11.9184274612779,0
620669144,1990,0,11.9184274612779,0
620669144,1995,0,11.9184274612779,0
620669144,2000,0,11.9184274612779,0
620669144,2005,0,11.9184274612779,0
620669144,2010,0,11.9184274612779,0
620669144,2015,0,11.9184274612779,0
620669144,2020,0,11.9184274612779,0
620669144,2025,0,11.9184274612779,0
620669159,1985,0,10.1450685463312,0
620669159,1990,0,10.1450685463312,0
620669159,1995,0,10.1450685463312,0
620669159,2000,0,10.1450685463312,0
620669159,2005,0,10.1450685463312,0
620669159,2010,0,10.1450685463312,0
620669159,2015,0,10.1450685463312,0
620669159,2020,0,10.1450685463312,0
620669159,2025,0,10.1450685463312,0
620670445,1985,6053.8408203125,26.886305000675,225.164477608973
620670445,1990,6507.95361328125,26.886305000675,242.054592965372
620670445,1995,7443.8818359375,26.886305000675,276.865186039904
620670445,2000,8316.8955078125,26.886305000675,309.33575690686
620670445,2005,8831.369140625,26.886305000675,328.470912622738
620670445,2010,9425.833984375,26.886305000675,350.581233982816
620670445,2015,9827.8876953125,26.886305000675,365.535081710401
620670445,2020,10286.513671875,26.886305000675,382.593058868325
620670445,2025,10660.6416015625,26.886305000675,396.508244673072
620670452,1985,0.529056251049042,9.28130204766892,0.0570023740561184
620670452,1990,0.517852663993835,9.28130204766892,0.0557952603346099
620670452,1995,0.604786276817322,9.28130204766892,0.0651617923553322
620670452,2000,0.687663376331329,9.28130204766892,0.0740912614199472
620670452,2005,0.716969907283783,9.28130204766892,0.077248849741277
620670452,2010,0.758667528629303,9.28130204766892,0.0817414975541981
620670452,2015,0.786870121955872,9.28130204766892,0.0847801437680289
620670452,2020,0.815340280532837,9.28130204766892,0.0878476183993621
620670452,2025,0.836269855499268,9.28130204766892,0.0901026441337834
620670474,1985,0.725570797920227,5.59932523187838,0.129581827786921
620670474,1990,0.790677607059479,5.59932523187838,0.1412094447663
620670474,1995,0.952721476554871,5.59932523187838,0.170149337125621
620670474,2000,1.12766945362091,5.59932523187838,0.201393812097358
620670474,2005,1.30384337902069,5.59932523187838,0.23285723279612
620670474,2010,1.51189363002777,5.59932523187838,0.270013540456656
620670474,2015,1.73280298709869,5.59932523187838,0.309466393777844
620670474,2020,1.96863090991974,5.59932523187838,0.351583597736353
620670474,2025,2.19616937637329,5.59932523187838,0.392220363244832
620670495,1985,0,0.186327318860484,0
620670495,1990,0,0.186327318860484,0
620670495,1995,0,0.186327318860484,0
620670495,2000,0,0.186327318860484,0
620670495,2005,0,0.186327318860484,0
620670495,2010,0,0.186327318860484,0
620670495,2015,0,0.186327318860484,0
620670495,2020,0,0.186327318860484,0
620670495,2025,0,0.186327318860484,0
620670520,1985,0,0.611770910154209,0
620670520,1990,0,0.611770910154209,0
620670520,1995,0,0.611770910154209,0
620670520,2000,0,0.611770910154209,0
620670520,2005,0,0.611770910154209,0
620670520,2010,0,0.611770910154209,0
620670520,2015,0,0.611770910154209,0
620670520,2020,0,0.611770910154209,0
620670520,2025,0,0.611770910154209,0
620671821,1985,5545.06689453125,7.09074333426381,782.014893662339
620671821,1990,6019.39013671875,7.09074333426381,848.908196638838
620671821,1995,6565.42041015625,7.09074333426381,925.914266058806
620671821,2000,6997.36962890625,7.09074333426381,986.831605523449
620671821,2005,7805.734375,7.09074333426381,1100.83442694664
620671821,2010,8687.462890625,7.09074333426381,1225.18366285317
620671821,2015,9604.0498046875,7.09074333426381,1354.44894166158
620671821,2020,10397.9921875,7.09074333426381,1466.41779251196
620671821,2025,10786.4169921875,7.09074333426381,1521.19693009695
620671828,1985,13.9135675430298,7.09712688767321,1.96045072368593
620671828,1990,14.6104669570923,7.09712688767321,2.05864530652098
620671828,1995,15.4709196090698,7.09712688767321,2.17988488214024
620671828,2000,16.3290615081787,7.09712688767321,2.30079886785456
620671828,2005,17.6270694732666,7.09712688767321,2.48369090087463
620671828,2010,19.0725975036621,7.09712688767321,2.68736881917509
620671828,2015,19.8273296356201,7.09712688767321,2.79371215273854
620671828,2020,20.6821918487549,7.09712688767321,2.91416402384987
620671828,2025,21.2164669036865,7.09712688767321,2.98944449486126
620671829,1985,0,0.121802001182232,0
620671829,1990,0,0.121802001182232,0
620671829,1995,0,0.121802001182232,0
620671829,2000,0,0.121802001182232,0
620671829,2005,0,0.121802001182232,0
620671829,2010,0,0.121802001182232,0
620671829,2015,0,0.121802001182232,0
620671829,2020,0,0.121802001182232,0
620671829,2025,0,0.121802001182232,0
620671871,1985,181.067962646484,40.2774306735963,4.49551919321364
620671871,1990,221.044906616211,40.2774306735963,5.48805876937716
620671871,1995,224.506530761719,40.2774306735963,5.57400328191472
620671871,2000,223.70947265625,40.2774306735963,5.55421408255074
620671871,2005,245.518310546875,40.2774306735963,6.09567955157138
620671871,2010,270.472076416016,40.2774306735963,6.71522666398187
620671871,2015,296.112518310547,40.2774306735963,7.35182243153017
620671871,2020,332.69140625,40.2774306735963,8.25999575161814
620671871,2025,361.579956054688,40.2774306735963,8.9772348932803
620673197,1985,719.249389648438,10.5906656179272,67.9135207923982
620673197,1990,797.68212890625,10.5906656179272,75.3193574118687
620673197,1995,857.092895507812,10.5906656179272,80.9290866531541
620673197,2000,905.355834960938,10.5906656179272,85.4862071585384
620673197,2005,968.389221191406,10.5906656179272,91.4379941853868
620673197,2010,1034.36267089844,10.5906656179272,97.6673901541686
620673197,2015,1123.17834472656,10.5906656179272,106.05361223239
620673197,2020,1228.45056152344,10.5906656179272,115.993706707536
620673197,2025,1265.38513183594,10.5906656179272,119.481171201739
620673230,1985,0,1.17986676518073,0
620673230,1990,0,1.17986676518073,0
620673230,1995,0,1.17986676518073,0
620673230,2000,0,1.17986676518073,0
620673230,2005,0,1.17986676518073,0
620673230,2010,0,1.17986676518073,0
620673230,2015,0,1.17986676518073,0
620673230,2020,0,1.17986676518073,0
620673230,2025,0,1.17986676518073,0
620673231,1985,0,51.5698079651424,0
620673231,1990,0,51.5698079651424,0
620673231,1995,0,51.5698079651424,0
620673231,2000,0,51.5698079651424,0
620673231,2005,0,51.5698079651424,0
620673231,2010,0,51.5698079651424,0
620673231,2015,0,51.5698079651424,0
620673231,2020,0,51.5698079651424,0
620673231,2025,0,51.5698079651424,0
620673237,1985,0,41.1668417405811,0
620673237,1990,0,41.1668417405811,0
620673237,1995,0,41.1668417405811,0
620673237,2000,0,41.1668417405811,0
620673237,2005,0,41.1668417405811,0
620673237,2010,0,41.1668417405811,0
620673237,2015,0,41.1668417405811,0
620673237,2020,0,41.1668417405811,0
620673237,2025,0,41.1668417405811,0
620673242,1985,0,47.0301737964416,0
620673242,1990,0,47.0301737964416,0
620673242,1995,0,47.0301737964416,0
620673242,2000,0,47.0301737964416,0
620673242,2005,0,47.0301737964416,0
620673242,2010,0,47.0301737964416,0
620673242,2015,0,47.0301737964416,0
620673242,2020,0,47.0301737964416,0
620673242,2025,0,47.0301737964416,0
620673247,1985,11.6426725387573,0.581005642079834,20.0388287058279
620673247,1990,13.7852935791016,0.581005642079834,23.7266087980732
620673247,1995,13.6572570800781,0.581005642079834,23.5062383063769
620673247,2000,13.1178846359253,0.581005642079834,22.5778954382732
620673247,2005,14.409387588501,0.581005642079834,24.8007705001271
620673247,2010,15.4930982589722,0.581005642079834,26.6660031105917
620673247,2015,16.3159885406494,0.581005642079834,28.0823237486005
620673247,2020,18.8156147003174,0.581005642079834,32.3845645163838
620673247,2025,20.1158771514893,0.581005642079834,34.6225160214971
620674600,1985,6.06176567077637,55.4616794374832,0.109296467980369
620674600,1990,6.8816990852356,55.4616794374832,0.124080250634904
620674600,1995,7.78388023376465,55.4616794374832,0.14034699837279
620674600,2000,7.74465227127075,55.4616794374832,0.13963969987603
620674600,2005,7.84446477890015,55.4616794374832,0.141439366035471
620674600,2010,8.15988349914551,55.4616794374832,0.147126512970877
620674600,2015,8.8903636932373,55.4616794374832,0.160297412256666
620674600,2020,11.9557733535767,55.4616794374832,0.215568181036661
620674600,2025,11.6908512115479,55.4616794374832,0.210791511005826
620674601,1985,5620.05615234375,11.8945741244796,472.489060434488
620674601,1990,6538.5927734375,11.8945741244796,549.712222145116
620674601,1995,6956.7802734375,11.8945741244796,584.870059292001
620674601,2000,7421.39453125,11.8945741244796,623.931084340077
620674601,2005,8967.7353515625,11.8945741244796,753.934967129798
620674601,2010,10700.015625,11.8945741244796,899.571141683739
620674601,2015,12480.4189453125,11.8945741244796,1049.25311446226
620674601,2020,14404.4501953125,11.8945741244796,1211.01016686822
620674601,2025,16075.5380859375,11.8945741244796,1351.50177868523
620674612,1985,0,20.9991762724333,0
620674612,1990,0,20.9991762724333,0
620674612,1995,0,20.9991762724333,0
620674612,2000,0,20.9991762724333,0
620674612,2005,0,20.9991762724333,0
620674612,2010,0,20.9991762724333,0
620674612,2015,0,20.9991762724333,0
620674612,2020,0,20.9991762724333,0
620674612,2025,0,20.9991762724333,0
620674623,1985,62.2782707214355,16.8342414573817,3.69949967030601
620674623,1990,72.897331237793,16.8342414573817,4.33030091806292
620674623,1995,69.1340560913086,16.8342414573817,4.10675207827636
620674623,2000,65.5870513916016,16.8342414573817,3.8960502947308
620674623,2005,71.7263336181641,16.8342414573817,4.26074045568073
620674623,2010,78.7646255493164,16.8342414573817,4.6788342527176
620674623,2015,85.3406372070312,16.8342414573817,5.06946733674238
620674623,2020,95.5997772216797,16.8342414573817,5.6788883219778
620674623,2025,104.423980712891,16.8342414573817,6.20307015182446
620675932,1985,14.3747472763062,31.4415772261577,0.457189128042442
620675932,1990,15.8687496185303,31.4415772261577,0.504705902772852
620675932,1995,17.3483581542969,31.4415772261577,0.551764882197575
620675932,2000,18.5375919342041,31.4415772261577,0.589588486635518
620675932,2005,20.3276233673096,31.4415772261577,0.646520472592515
620675932,2010,22.4137496948242,31.4415772261577,0.712869762658635
620675932,2015,24.2342681884766,31.4415772261577,0.77077139019333
620675932,2020,25.9283199310303,31.4415772261577,0.82465074014987
620675932,2025,27.862024307251,31.4415772261577,0.886152246970334
620676002,1985,6.38308238983154,34.0506987356719,0.187458191075079
620676002,1990,7.03558874130249,34.0506987356719,0.206620979966321
620676002,1995,7.41396236419678,34.0506987356719,0.217733046295165
620676002,2000,7.63735246658325,34.0506987356719,0.2242935607833
620676002,2005,8.41676330566406,34.0506987356719,0.247183277236146
620676002,2010,9.26544761657715,34.0506987356719,0.272107415137139
620676002,2015,9.72671413421631,34.0506987356719,0.285653877758065
620676002,2020,10.1358699798584,34.0506987356719,0.297669955572452
620676002,2025,10.3606185913086,34.0506987356719,0.304270366718046
620676004,1985,0.552949666976929,15.2470046153049,0.0362661178984547
620676004,1990,0.591639041900635,15.2470046153049,0.0388036245038419
620676004,1995,0.598789811134338,15.2470046153049,0.03927261952379
620676004,2000,0.594242513179779,15.2470046153049,0.038974377471053
620676004,2005,0.72653865814209,15.2470046153049,0.0476512388153142
620676004,2010,0.855264902114868,15.2470046153049,0.0560939623023631
620676004,2015,1.0024561882019,15.2470046153049,0.0657477460979873
620676004,2020,1.09812378883362,15.2470046153049,0.0720222638177289
620676004,2025,1.19068598747253,15.2470046153049,0.0780931086147458
620676021,1985,19.1463890075684,13.8914739338851,1.37828347795874
620676021,1990,21.6623992919922,13.8914739338851,1.55940250797661
620676021,1995,23.440013885498,13.8914739338851,1.68736694155409
620676021,2000,24.9060173034668,13.8914739338851,1.79289954557768
620676021,2005,26.6114635467529,13.8914739338851,1.91566882487828
620676021,2010,28.4321231842041,13.8914739338851,2.04673192488598
620676021,2015,30.329662322998,13.8914739338851,2.18332931892963
620676021,2020,33.3647727966309,13.8914739338851,2.40181660746921
620676021,2025,36.177131652832,13.8914739338851,2.60426876406442
620677397,1985,7.05038690567017,44.8694331291914,0.157131178487817
620677397,1990,8.21043968200684,44.8694331291914,0.182985143992498
620677397,1995,8.88418769836426,44.8694331291914,0.198000890111186
620677397,2000,9.43982982635498,44.8694331291914,0.210384423604709
620677397,2005,9.95448875427246,44.8694331291914,0.221854569136426
620677397,2010,10.6001386642456,44.8694331291914,0.236244095924388
620677397,2015,11.1739559173584,44.8694331291914,0.249032696383427
620677397,2020,12.3095149993896,44.8694331291914,0.274340773683215
620677397,2025,13.3471002578735,44.8694331291914,0.297465319417867
620677408,1985,0,64.3907634037629,0
620677408,1990,0,64.3907634037629,0
620677408,1995,0,64.3907634037629,0
620677408,2000,0,64.3907634037629,0
620677408,2005,0,64.3907634037629,0
620677408,2010,0,64.3907634037629,0
620677408,2015,0,64.3907634037629,0
620677408,2020,0,64.3907634037629,0
620677408,2025,0,64.3907634037629,0
620678731,1985,0,30.4777464595499,0
620678731,1990,0,30.4777464595499,0
620678731,1995,0,30.4777464595499,0
620678731,2000,0,30.4777464595499,0
620678731,2005,0,30.4777464595499,0
620678731,2010,0,30.4777464595499,0
620678731,2015,0,30.4777464595499,0
620678731,2020,0,30.4777464595499,0
620678731,2025,0,30.4777464595499,0
620678757,1985,166.758087158203,55.4463583690632,3.00755707071372
620678757,1990,197.495483398438,55.4463583690632,3.56191983040372
620678757,1995,221.886184692383,55.4463583690632,4.00181709347725
620678757,2000,245.228164672852,55.4463583690632,4.42280019619248
620678757,2005,275.939056396484,55.4463583690632,4.97668493501003
620678757,2010,310.016815185547,55.4463583690632,5.59129263498256
620678757,2015,346.535369873047,55.4463583690632,6.24992118628298
620678757,2020,382.764678955078,55.4463583690632,6.9033330630537
620678757,2025,415.620056152344,55.4463583690632,7.4958945614766
620678762,1985,0,1.88689384949089,0
620678762,1990,0,1.88689384949089,0
620678762,1995,0,1.88689384949089,0
620678762,2000,0,1.88689384949089,0
620678762,2005,0,1.88689384949089,0
620678762,2010,0,1.88689384949089,0
620678762,2015,0,1.88689384949089,0
620678762,2020,0,1.88689384949089,0
620678762,2025,0,1.88689384949089,0
620678773,1985,0.000472051440738142,51.8471028009726,9.10468310158472e-06
620678773,1990,0.000486472650663927,51.8471028009726,9.3828319111941e-06
620678773,1995,0.000567722367122769,51.8471028009726,1.09499342576982e-05
620678773,2000,0.000651463575195521,51.8471028009726,1.25650912008781e-05
620678773,2005,0.000755686254706234,51.8471028009726,1.45752841312486e-05
620678773,2010,0.000878696620929986,51.8471028009726,1.69478442084425e-05
620678773,2015,0.00100359809584916,51.8471028009726,1.93568790082969e-05
620678773,2020,0.00113129755482078,51.8471028009726,2.18198798718518e-05
620678773,2025,0.00126203394029289,51.8471028009726,2.43414553969874e-05
620680107,1985,0,0.218291800783992,0
620680107,1990,0,0.218291800783992,0
620680107,1995,0,0.218291800783992,0
620680107,2000,0,0.218291800783992,0
620680107,2005,0,0.218291800783992,0
620680107,2010,0,0.218291800783992,0
620680107,2015,0,0.218291800783992,0
620680107,2020,0,0.218291800783992,0
620680107,2025,0,0.218291800783992,0
620680133,1985,190.989471435547,23.3796895880746,8.16903366984673
620680133,1990,222.590118408203,23.3796895880746,9.52066183640609
620680133,1995,249.322570800781,23.3796895880746,10.6640667687887
620680133,2000,273.217498779297,23.3796895880746,11.6861046315456
620680133,2005,307.77294921875,23.3796895880746,13.1641161470226
620680133,2010,348.916625976562,23.3796895880746,14.9239203823534
620680133,2015,386.556610107422,23.3796895880746,16.5338640896496
620680133,2020,430.742218017578,23.3796895880746,18.4237783138613
620680133,2025,467.849975585938,23.3796895880746,20.0109575374591
620680134,1985,0,39.1536975432052,0
620680134,1990,0,39.1536975432052,0
620680134,1995,0,39.1536975432052,0
620680134,2000,0,39.1536975432052,0
620680134,2005,0,39.1536975432052,0
620680134,2010,0,39.1536975432052,0
620680134,2015,0,39.1536975432052,0
620680134,2020,0,39.1536975432052,0
620680134,2025,0,39.1536975432052,0
620680140,1985,0,29.6125867910977,0
620680140,1990,0,29.6125867910977,0
620680140,1995,0,29.6125867910977,0
620680140,2000,0,29.6125867910977,0
620680140,2005,0,29.6125867910977,0
620680140,2010,0,29.6125867910977,0
620680140,2015,0,29.6125867910977,0
620680140,2020,0,29.6125867910977,0
620680140,2025,0,29.6125867910977,0
620680149,1985,0,0.951997789235178,0
620680149,1990,0,0.951997789235178,0
620680149,1995,0,0.951997789235178,0
620680149,2000,0,0.951997789235178,0
620680149,2005,0,0.951997789235178,0
620680149,2010,0,0.951997789235178,0
620680149,2015,0,0.951997789235178,0
620680149,2020,0,0.951997789235178,0
620680149,2025,0,0.951997789235178,0
620681470,1985,3.36217045783997,12.8308995697221,0.262037002126796
620681470,1990,3.54009103775024,12.8308995697221,0.275903573129357
620681470,1995,4.02697467803955,12.8308995697221,0.313849754349435
620681470,2000,3.8512864112854,12.8308995697221,0.300157162820722
620681470,2005,4.33065271377563,12.8308995697221,0.337517466350915
620681470,2010,4.29653549194336,12.8308995697221,0.334858477271709
620681470,2015,4.40000200271606,12.8308995697221,0.342922332047477
620681470,2020,4.96887254714966,12.8308995697221,0.387258314987909
620681470,2025,4.89759063720703,12.8308995697221,0.381702826882396
620681472,1985,507.919708251953,32.3124958579796,15.7189871832981
620681472,1990,551.299377441406,32.3124958579796,17.061491624308
620681472,1995,595.361328125,32.3124958579796,18.4251111626209
620681472,2000,631.688049316406,32.3124958579796,19.5493425234873
620681472,2005,675.607177734375,32.3124958579796,20.9085420298022
620681472,2010,723.34033203125,32.3124958579796,22.3857771683898
620681472,2015,765.190002441406,32.3124958579796,23.6809315443964
620681472,2020,806.093688964844,32.3124958579796,24.9468098195757
620681472,2025,829.247131347656,32.3124958579796,25.6633574513209
620681509,1985,0,44.3905866486602,0
620681509,1990,0,44.3905866486602,0
620681509,1995,0,44.3905866486602,0
620681509,2000,0,44.3905866486602,0
620681509,2005,0,44.3905866486602,0
620681509,2010,0,44.3905866486602,0
620681509,2015,0,44.3905866486602,0
620681509,2020,0,44.3905866486602,0
620681509,2025,0,44.3905866486602,0
620681510,1985,0,20.5480823779224,0
620681510,1990,0,20.5480823779224,0
620681510,1995,0,20.5480823779224,0
620681510,2000,0,20.5480823779224,0
620681510,2005,0,20.5480823779224,0
620681510,2010,0,20.5480823779224,0
620681510,2015,0,20.5480823779224,0
620681510,2020,0,20.5480823779224,0
620681510,2025,0,20.5480823779224,0
620681513,1985,0,26.9418926360944,0
620681513,1990,0,26.9418926360944,0
620681513,1995,0,26.9418926360944,0
620681513,2000,0,26.9418926360944,0
620681513,2005,0,26.9418926360944,0
620681513,2010,0,26.9418926360944,0
620681513,2015,0,26.9418926360944,0
620681513,2020,0,26.9418926360944,0
620681513,2025,0,26.9418926360944,0
620682844,1985,0,14.8679768333222,0
620682844,1990,0,14.8679768333222,0
620682844,1995,0,14.8679768333222,0
620682844,2000,0,14.8679768333222,0
620682844,2005,0,14.8679768333222,0
620682844,2010,0,14.8679768333222,0
620682844,2015,0,14.8679768333222,0
620682844,2020,0,14.8679768333222,0
620682844,2025,0,14.8679768333222,0
620682847,1985,0,0.0557693712492417,0
620682847,1990,0,0.0557693712492417,0
620682847,1995,0,0.0557693712492417,0
620682847,2000,0,0.0557693712492417,0
620682847,2005,0,0.0557693712492417,0
620682847,2010,0,0.0557693712492417,0
620682847,2015,0,0.0557693712492417,0
620682847,2020,0,0.0557693712492417,0
620682847,2025,0,0.0557693712492417,0
620682848,1985,4692.84765625,36.3689614816255,129.034414651102
620682848,1990,5181.6357421875,36.3689614816255,142.474118894085
620682848,1995,5547.1318359375,36.3689614816255,152.52378979092
620682848,2000,5806.93212890625,36.3689614816255,159.667251753671
620682848,2005,6136.32470703125,36.3689614816255,168.724221342737
620682848,2010,6503.9150390625,36.3689614816255,178.831475359791
620682848,2015,6790.0830078125,36.3689614816255,186.699942236267
620682848,2020,7090.14306640625,36.3689614816255,194.950385646518
620682848,2025,7271.763671875,36.3689614816255,199.944220995941
620682885,1985,0,38.2040820271996,0
620682885,1990,0,38.2040820271996,0
620682885,1995,0,38.2040820271996,0
620682885,2000,0,38.2040820271996,0
620682885,2005,0,38.2040820271996,0
620682885,2010,0,38.2040820271996,0
620682885,2015,0,38.2040820271996,0
620682885,2020,0,38.2040820271996,0
620682885,2025,0,38.2040820271996,0
620684243,1985,12.5619678497314,31.0051224536412,0.405157820889566
620684243,1990,14.4670362472534,31.0051224536412,0.466601487186012
620684243,1995,15.0747117996216,31.0051224536412,0.486200685778979
620684243,2000,15.1360111236572,31.0051224536412,0.488177756636457
620684243,2005,16.7439270019531,31.0051224536412,0.540037441457894
620684243,2010,17.8066577911377,31.0051224536412,0.574313416041564
620684243,2015,18.5325775146484,31.0051224536412,0.597726312558781
620684243,2020,19.7517929077148,31.0051224536412,0.637049343612419
620684243,2025,20.0709438323975,31.0051224536412,0.64734283383036
620684256,1985,0,9.12127875195451,0
620684256,1990,0,9.12127875195451,0
620684256,1995,0,9.12127875195451,0
620684256,2000,0,9.12127875195451,0
620684256,2005,0,9.12127875195451,0
620684256,2010,0,9.12127875195451,0
620684256,2015,0,9.12127875195451,0
620684256,2020,0,9.12127875195451,0
620684256,2025,0,9.12127875195451,0
620684261,1985,0,17.5482818390574,0
620684261,1990,0,17.5482818390574,0
620684261,1995,0,17.5482818390574,0
620684261,2000,0,17.5482818390574,0
620684261,2005,0,17.5482818390574,0
620684261,2010,0,17.5482818390574,0
620684261,2015,0,17.5482818390574,0
620684261,2020,0,17.5482818390574,0
620684261,2025,0,17.5482818390574,0
620685603,1985,9.47512054443359,22.0428292857864,0.429850470717173
620685603,1990,11.4848585128784,22.0428292857864,0.521024699868453
620685603,1995,11.230580329895,22.0428292857864,0.509489058064641
620685603,2000,11.6085939407349,22.0428292857864,0.526638109392802
620685603,2005,11.5549001693726,22.0428292857864,0.524202225565633
620685603,2010,12.0784225463867,22.0428292857864,0.547952460629683
620685603,2015,12.5859622955322,22.0428292857864,0.570977624167686
620685603,2020,12.0861253738403,22.0428292857864,0.548301908849499
620685603,2025,12.8102207183838,22.0428292857864,0.581151382714923
620685632,1985,0,14.5870303448176,0
620685632,1990,0,14.5870303448176,0
620685632,1995,0,14.5870303448176,0
620685632,2000,0,14.5870303448176,0
620685632,2005,0,14.5870303448176,0
620685632,2010,0,14.5870303448176,0
620685632,2015,0,14.5870303448176,0
620685632,2020,0,14.5870303448176,0
620685632,2025,0,14.5870303448176,0
620685633,1985,0,29.9868319091567,0
620685633,1990,0,29.9868319091567,0
620685633,1995,0,29.9868319091567,0
620685633,2000,0,29.9868319091567,0
620685633,2005,0,29.9868319091567,0
620685633,2010,0,29.9868319091567,0
620685633,2015,0,29.9868319091567,0
620685633,2020,0,29.9868319091567,0
620685633,2025,0,29.9868319091567,0
620685658,1985,0,19.621717601838,0
620685658,1990,0,19.621717601838,0
620685658,1995,0,19.621717601838,0
620685658,2000,0,19.621717601838,0
620685658,2005,0,19.621717601838,0
620685658,2010,0,19.621717601838,0
620685658,2015,0,19.621717601838,0
620685658,2020,0,19.621717601838,0
620685658,2025,0,19.621717601838,0
620687008,1985,0,4.94214759977058,0
620687008,1990,0,4.94214759977058,0
620687008,1995,0,4.94214759977058,0
620687008,2000,0,4.94214759977058,0
620687008,2005,0,4.94214759977058,0
620687008,2010,0,4.94214759977058,0
620687008,2015,0,4.94214759977058,0
620687008,2020,0,4.94214759977058,0
620687008,2025,0,4.94214759977058,0
620688346,1985,651.57275390625,10.0648092133507,64.737715350029
620688346,1990,765.038940429688,10.0648092133507,76.0112709751994
620688346,1995,828.481079101562,10.0648092133507,82.3146332473546
620688346,2000,876.107299804688,10.0648092133507,87.046587891855
620688346,2005,948.270385742188,10.0648092133507,94.2164293074058
620688346,2010,1030.18200683594,10.0648092133507,102.354846972104
620688346,2015,1097.7294921875,10.0648092133507,109.066100401723
620688346,2020,1150.69201660156,10.0648092133507,114.328249270259
620688346,2025,1181.759765625,10.0648092133507,117.415019060413
620688374,1985,189.381378173828,33.0792947625468,5.72507302629228
620688374,1990,232.066040039062,33.0792947625468,7.01544702524352
620688374,1995,230.960418701172,33.0792947625468,6.98202366039167
620688374,2000,229.981582641602,33.0792947625468,6.95243306402023
620688374,2005,256.131744384766,33.0792947625468,7.74296266662748
620688374,2010,285.876495361328,33.0792947625468,8.64215810564997
620688374,2015,314.824798583984,33.0792947625468,9.51727661801415
620688374,2020,347.329193115234,33.0792947625468,10.4998971594911
620688374,2025,376.882232666016,33.0792947625468,11.3932970872381
620688404,1985,0,26.8078771233742,0
620688404,1990,0,26.8078771233742,0
620688404,1995,0,26.8078771233742,0
620688404,2000,0,26.8078771233742,0
620688404,2005,0,26.8078771233742,0
620688404,2010,0,26.8078771233742,0
620688404,2015,0,26.8078771233742,0
620688404,2020,0,26.8078771233742,0
620688404,2025,0,26.8078771233742,0
620689697,1985,1806.27233886719,7.24365056613918,249.359397223094
620689697,1990,2008.96899414062,7.24365056613918,277.342063341881
620689697,1995,2187.21240234375,7.24365056613918,301.948911308338
620689697,2000,2328.7939453125,7.24365056613918,321.494517722675
620689697,2005,2483.44262695312,7.24365056613918,342.844067956854
620689697,2010,2658.30004882812,7.24365056613918,366.983473948134
620689697,2015,2797.80737304688,7.24365056613918,386.242730443869
620689697,2020,2940.86157226562,7.24365056613918,405.991639907761
620689697,2025,3033.27514648438,7.24365056613918,418.749512940833
620689714,1985,1.62289643287659,12.1258723064812,0.133837499839839
620689714,1990,1.71804821491241,12.1258723064812,0.141684504956739
620689714,1995,1.77876532077789,12.1258723064812,0.146691741082178
620689714,2000,1.80710506439209,12.1258723064812,0.149028871384882
620689714,2005,2.05538177490234,12.1258723064812,0.169503828091918
620689714,2010,2.32098865509033,12.1258723064812,0.19140797432361
620689714,2015,2.5474693775177,12.1258723064812,0.21008545308168
620689714,2020,2.69467282295227,12.1258723064812,0.222225070068731
620689714,2025,2.79507851600647,12.1258723064812,0.230505356263113
620689750,1985,0,20.0163350837487,0
620689750,1990,0,20.0163350837487,0
620689750,1995,0,20.0163350837487,0
620689750,2000,0,20.0163350837487,0
620689750,2005,0,20.0163350837487,0
620689750,2010,0,20.0163350837487,0
620689750,2015,0,20.0163350837487,0
620689750,2020,0,20.0163350837487,0
620689750,2025,0,20.0163350837487,0
620689758,1985,0,13.9078390558018,0
620689758,1990,0,13.9078390558018,0
620689758,1995,0,13.9078390558018,0
620689758,2000,0,13.9078390558018,0
620689758,2005,0,13.9078390558018,0
620689758,2010,0,13.9078390558018,0
620689758,2015,0,13.9078390558018,0
620689758,2020,0,13.9078390558018,0
620689758,2025,0,13.9078390558018,0
620689768,1985,0,29.6502914416738,0
620689768,1990,0,29.6502914416738,0
620689768,1995,0,29.6502914416738,0
620689768,2000,0,29.6502914416738,0
620689768,2005,0,29.6502914416738,0
620689768,2010,0,29.6502914416738,0
620689768,2015,0,29.6502914416738,0
620689768,2020,0,29.6502914416738,0
620689768,2025,0,29.6502914416738,0
620689778,1985,1.09781801700592,17.3414352679801,0.0633060643505657
620689778,1990,1.12202560901642,17.3414352679801,0.0647020037083186
620689778,1995,1.17046630382538,17.3414352679801,0.0674953535124379
620689778,2000,1.19602489471436,17.3414352679801,0.0689691986984918
620689778,2005,1.36346042156219,17.3414352679801,0.0786244275916272
620689778,2010,1.54937243461609,17.3414352679801,0.0893451095986793
620689778,2015,1.69692015647888,17.3414352679801,0.0978535011811933
620689778,2020,1.76186096668243,17.3414352679801,0.101598335977161
620689778,2025,1.80092799663544,17.3414352679801,0.103851150081028
620691073,1985,17.0195140838623,62.5380729558189,0.272146442630013
620691073,1990,18.955738067627,62.5380729558189,0.303107166110132
620691073,1995,20.1840000152588,62.5380729558189,0.322747393088337
620691073,2000,21.1169471740723,62.5380729558189,0.337665460030895
620691073,2005,23.5988826751709,62.5380729558189,0.377352252152744
620691073,2010,26.3470039367676,62.5380729558189,0.421295423595493
620691073,2015,28.922966003418,62.5380729558189,0.462485724877565
620691073,2020,31.065450668335,62.5380729558189,0.496744610123847
620691073,2025,31.6964645385742,62.5380729558189,0.506834685503769
620691090,1985,87.1678695678711,8.36962589060479,10.4147868384082
620691090,1990,96.0234527587891,8.36962589060479,11.4728488481879
620691090,1995,103.550628662109,8.36962589060479,12.3721932157504
620691090,2000,110.132476806641,8.36962589060479,13.1585901503995
620691090,2005,123.201553344727,8.36962589060479,14.7200788846518
620691090,2010,136.368392944336,8.36962589060479,16.2932483156045
620691090,2015,149.9765625,8.36962589060479,17.9191476967153
620691090,2020,160.939422607422,8.36962589060479,19.2289864219716
620691090,2025,166.552612304688,8.36962589060479,19.899648381136
620691099,1985,0,6.63228173863972,0
620691099,1990,0,6.63228173863972,0
620691099,1995,0,6.63228173863972,0
620691099,2000,0,6.63228173863972,0
620691099,2005,0,6.63228173863972,0
620691099,2010,0,6.63228173863972,0
620691099,2015,0,6.63228173863972,0
620691099,2020,0,6.63228173863972,0
620691099,2025,0,6.63228173863972,0
620691101,1985,0,43.1716574073006,0
620691101,1990,0,43.1716574073006,0
620691101,1995,0,43.1716574073006,0
620691101,2000,0,43.1716574073006,0
620691101,2005,0,43.1716574073006,0
620691101,2010,0,43.1716574073006,0
620691101,2015,0,43.1716574073006,0
620691101,2020,0,43.1716574073006,0
620691101,2025,0,43.1716574073006,0
620691120,1985,5687.17578125,20.2933056705493,280.248860071306
620691120,1990,6566.25830078125,20.2933056705493,323.567702935188
620691120,1995,6854.97900390625,20.2933056705493,337.79508943457
620691120,2000,7015.818359375,20.2933056705493,345.720824062525
620691120,2005,6917.02001953125,20.2933056705493,340.852305278661
620691120,2010,6921.9326171875,20.2933056705493,341.094384993815
620691120,2015,6911.47265625,20.2933056705493,340.57894600584
620691120,2020,7035.84521484375,20.2933056705493,346.707694106956
620691120,2025,7247.53076171875,20.2933056705493,357.138993487727
620691126,1985,0,6.86321037910756,0
620691126,1990,0,6.86321037910756,0
620691126,1995,0,6.86321037910756,0
620691126,2000,0,6.86321037910756,0
620691126,2005,0,6.86321037910756,0
620691126,2010,0,6.86321037910756,0
620691126,2015,0,6.86321037910756,0
620691126,2020,0,6.86321037910756,0
620691126,2025,0,6.86321037910756,0
620691154,1985,3.78985857963562,18.1360932531395,0.20896774882758
620691154,1990,3.87543082237244,18.1360932531395,0.213686088193308
620691154,1995,4.04154634475708,18.1360932531395,0.222845476605467
620691154,2000,4.129798412323,18.1360932531395,0.227711577939096
620691154,2005,4.70927906036377,18.1360932531395,0.259663368214571
620691154,2010,5.34599161148071,18.1360932531395,0.29477084931482
620691154,2015,5.85565137863159,18.1360932531395,0.322872809314538
620691154,2020,6.08091163635254,18.1360932531395,0.335293359571796
620691154,2025,6.21574783325195,18.1360932531395,0.342728047683365
620692449,1985,701.24169921875,17.2667206450465,40.6123266620359
620692449,1990,788.510620117188,17.2667206450465,45.6664954699081
620692449,1995,848.194580078125,17.2667206450465,49.1230846617915
620692449,2000,892.826965332031,17.2667206450465,51.7079637579105
620692449,2005,959.772399902344,17.2667206450465,55.5851003576456
620692449,2010,1039.27990722656,17.2667206450465,60.1897678540777
620692449,2015,1104.01586914062,17.2667206450465,63.9389431169921
620692449,2020,1174.58435058594,17.2667206450465,68.0259080303648
620692449,2025,1224.42358398438,17.2667206450465,70.9123410956229
620692475,1985,0,32.6986276940326,0
620692475,1990,0,32.6986276940326,0
620692475,1995,0,32.6986276940326,0
620692475,2000,0,32.6986276940326,0
620692475,2005,0,32.6986276940326,0
620692475,2010,0,32.6986276940326,0
620692475,2015,0,32.6986276940326,0
620692475,2020,0,32.6986276940326,0
620692475,2025,0,32.6986276940326,0
620692501,1985,0,22.4485333982349,0
620692501,1990,0,22.4485333982349,0
620692501,1995,0,22.4485333982349,0
620692501,2000,0,22.4485333982349,0
620692501,2005,0,22.4485333982349,0
620692501,2010,0,22.4485333982349,0
620692501,2015,0,22.4485333982349,0
620692501,2020,0,22.4485333982349,0
620692501,2025,0,22.4485333982349,0
620692502,1985,0,12.5999298985495,0
620692502,1990,0,12.5999298985495,0
620692502,1995,0,12.5999298985495,0
620692502,2000,0,12.5999298985495,0
620692502,2005,0,12.5999298985495,0
620692502,2010,0,12.5999298985495,0
620692502,2015,0,12.5999298985495,0
620692502,2020,0,12.5999298985495,0
620692502,2025,0,12.5999298985495,0
620693831,1985,1179.73510742188,33.4568086112211,35.261435755298
620693831,1990,1312.81567382812,33.4568086112211,39.2391183834497
620693831,1995,1412.30224609375,33.4568086112211,42.2127006345751
620693831,2000,1488.03771972656,33.4568086112211,44.4763795919103
620693831,2005,1617.376953125,33.4568086112211,48.3422364613266
620693831,2010,1759.44226074219,33.4568086112211,52.5884665566125
620693831,2015,1884.57006835938,33.4568086112211,56.3284469316451
620693831,2020,2007.44958496094,33.4568086112211,60.0012275016469
620693831,2025,2083.47680664062,33.4568086112211,62.273626598738
620693854,1985,1798.57727050781,29.604238900328,60.754045275857
620693854,1990,1992.21008300781,29.604238900328,67.29475767694
620693854,1995,2135.4306640625,29.604238900328,72.1325980124705
620693854,2000,2235.54931640625,29.604238900328,75.5145006069209
620693854,2005,2367.474609375,29.604238900328,79.9707980112527
620693854,2010,2513.6611328125,29.604238900328,84.9088247556552
620693854,2015,2633.099609375,29.604238900328,88.9433306574832
620693854,2020,2772.5634765625,29.604238900328,93.6542731565304
620693854,2025,2842.75122070312,29.604238900328,96.0251412061004
620693877,1985,0,0.0940505547529812,0
620693877,1990,0,0.0940505547529812,0
620693877,1995,0,0.0940505547529812,0
620693877,2000,0,0.0940505547529812,0
620693877,2005,0,0.0940505547529812,0
620693877,2010,0,0.0940505547529812,0
620693877,2015,0,0.0940505547529812,0
620693877,2020,0,0.0940505547529812,0
620693877,2025,0,0.0940505547529812,0
620693879,1985,3.99954676628113,10.3523525061121,0.386341825582133
620693879,1990,4.44635105133057,10.3523525061121,0.429501511729377
620693879,1995,5.19061613082886,10.3523525061121,0.501394840232137
620693879,2000,5.95557832717896,10.3523525061121,0.575287435745906
620693879,2005,6.92553949356079,10.3523525061121,0.66898219409278
620693879,2010,8.06898784637451,10.3523525061121,0.77943519036958
620693879,2015,9.24425983428955,10.3523525061121,0.892962235282429
620693879,2020,10.7367219924927,10.3523525061121,1.03712870926233
620693879,2025,11.9774932861328,10.3523525061121,1.15698275141435
620693881,1985,59.0028991699219,34.4865507101713,1.71089592768464
620693881,1990,72.6965713500977,34.4865507101713,2.10796875457472
620693881,1995,74.3843307495117,34.4865507101713,2.15690839523632
620693881,2000,76.2075881958008,34.4865507101713,2.2097770471816
620693881,2005,85.2905120849609,34.4865507101713,2.4731528763706
620693881,2010,95.7453079223633,34.4865507101713,2.77630861743806
620693881,2015,105.991828918457,34.4865507101713,3.07342505225367
620693881,2020,116.858459472656,34.4865507101713,3.38852268685109
620693881,2025,126.708625793457,34.4865507101713,3.67414609997764
620693891,1985,0,10.5612191626826,0
620693891,1990,0,10.5612191626826,0
620693891,1995,0,10.5612191626826,0
620693891,2000,0,10.5612191626826,0
620693891,2005,0,10.5612191626826,0
620693891,2010,0,10.5612191626826,0
620693891,2015,0,10.5612191626826,0
620693891,2020,0,10.5612191626826,0
620693891,2025,0,10.5612191626826,0
620693903,1985,0,0.0025268621823662,0
620693903,1990,0,0.0025268621823662,0
620693903,1995,0,0.0025268621823662,0
620693903,2000,0,0.0025268621823662,0
620693903,2005,0,0.0025268621823662,0
620693903,2010,0,0.0025268621823662,0
620693903,2015,0,0.0025268621823662,0
620693903,2020,0,0.0025268621823662,0
620693903,2025,0,0.0025268621823662,0
620695255,1985,2.38105463981628,10.3504809872209,0.230042897789584
620695255,1990,2.69484901428223,10.3504809872209,0.260359785947088
620695255,1995,3.07506370544434,10.3504809872209,0.297093797789778
620695255,2000,3.42769575119019,10.3504809872209,0.331162943579353
620695255,2005,3.88190817832947,10.3504809872209,0.375046162890617
620695255,2010,4.48473215103149,10.3504809872209,0.43328731839308
620695255,2015,5.02178287506104,10.3504809872209,0.485173865954745
620695255,2020,5.81695032119751,10.3504809872209,0.561998068338984
620695255,2025,6.48917579650879,10.3504809872209,0.62694437142782
620695267,1985,0,11.2052249001273,0
620695267,1990,0,11.2052249001273,0
620695267,1995,0,11.2052249001273,0
620695267,2000,0,11.2052249001273,0
620695267,2005,0,11.2052249001273,0
620695267,2010,0,11.2052249001273,0
620695267,2015,0,11.2052249001273,0
620695267,2020,0,11.2052249001273,0
620695267,2025,0,11.2052249001273,0
620695279,1985,0,17.2882301594289,0
620695279,1990,0,17.2882301594289,0
620695279,1995,0,17.2882301594289,0
620695279,2000,0,17.2882301594289,0
620695279,2005,0,17.2882301594289,0
620695279,2010,0,17.2882301594289,0
620695279,2015,0,17.2882301594289,0
620695279,2020,0,17.2882301594289,0
620695279,2025,0,17.2882301594289,0
620695281,1985,0,28.1723490802113,0
620695281,1990,0,28.1723490802113,0
620695281,1995,0,28.1723490802113,0
620695281,2000,0,28.1723490802113,0
620695281,2005,0,28.1723490802113,0
620695281,2010,0,28.1723490802113,0
620695281,2015,0,28.1723490802113,0
620695281,2020,0,28.1723490802113,0
620695281,2025,0,28.1723490802113,0
620696631,1985,0,0.168850743165017,0
620696631,1990,0,0.168850743165017,0
620696631,1995,0,0.168850743165017,0
620696631,2000,0,0.168850743165017,0
620696631,2005,0,0.168850743165017,0
620696631,2010,0,0.168850743165017,0
620696631,2015,0,0.168850743165017,0
620696631,2020,0,0.168850743165017,0
620696631,2025,0,0.168850743165017,0
620696636,1985,0,17.7419956599157,0
620696636,1990,0,17.7419956599157,0
620696636,1995,0,17.7419956599157,0
620696636,2000,0,17.7419956599157,0
620696636,2005,0,17.7419956599157,0
620696636,2010,0,17.7419956599157,0
620696636,2015,0,17.7419956599157,0
620696636,2020,0,17.7419956599157,0
620696636,2025,0,17.7419956599157,0
620696663,1985,0,42.1641859865591,0
620696663,1990,0,42.1641859865591,0
620696663,1995,0,42.1641859865591,0
620696663,2000,0,42.1641859865591,0
620696663,2005,0,42.1641859865591,0
620696663,2010,0,42.1641859865591,0
620696663,2015,0,42.1641859865591,0
620696663,2020,0,42.1641859865591,0
620696663,2025,0,42.1641859865591,0
620696679,1985,75.6463394165039,76.3014233336152,0.991414525594797
620696679,1990,85.3421630859375,76.3014233336152,1.11848717045281
620696679,1995,96.6129608154297,76.3014233336152,1.26620129211752
620696679,2000,107.966217041016,76.3014233336152,1.41499610785701
620696679,2005,122.407859802246,76.3014233336152,1.60426705629118
620696679,2010,137.746566772461,76.3014233336152,1.80529485236713
620696679,2015,153.44123840332,76.3014233336152,2.01098789117503
620696679,2020,171.603439331055,76.3014233336152,2.24902016022358
620696679,2025,186.096984863281,76.3014233336152,2.43897134198406
620697998,1985,670.135498046875,18.2362489889948,36.747441782095
620697998,1990,752.159484863281,18.2362489889948,41.2452958564667
620697998,1995,818.111511230469,18.2362489889948,44.8618305071499
620697998,2000,866.763977050781,18.2362489889948,47.5297292537438
620697998,2005,927.317260742188,18.2362489889948,50.8502193242593
620697998,2010,994.663818359375,18.2362489889948,54.5432242650138
620697998,2015,1050.54516601562,18.2362489889948,57.6075248067521
620697998,2020,1106.92211914062,18.2362489889948,60.6990022898146
620697998,2025,1129.34118652344,18.2362489889948,61.9283706427222
620698035,1985,0,41.7420010820746,0
620698035,1990,0,41.7420010820746,0
620698035,1995,0,41.7420010820746,0
620698035,2000,0,41.7420010820746,0
620698035,2005,0,41.7420010820746,0
620698035,2010,0,41.7420010820746,0
620698035,2015,0,41.7420010820746,0
620698035,2020,0,41.7420010820746,0
620698035,2025,0,41.7420010820746,0
620699374,1985,0.83806711435318,19.0659123650705,0.0439563079020836
620699374,1990,0.893952608108521,19.0659123650705,0.0468874812278209
620699374,1995,1.02175009250641,19.0659123650705,0.0535904116699024
620699374,2000,1.14511609077454,19.0659123650705,0.0600609123155541
620699374,2005,1.29383528232574,19.0659123650705,0.0678611785028501
620699374,2010,1.46290171146393,19.0659123650705,0.0767286497206409
620699374,2015,1.63790059089661,19.0659123650705,0.0859072757460748
620699374,2020,1.8193176984787,19.0659123650705,0.095422535446652
620699374,2025,1.97267043590546,19.0659123650705,0.103465829388761
620699405,1985,1.27180898189545,13.7903899622857,0.0922242942638769
620699405,1990,2.16771984100342,13.7903899622857,0.157190612225743
620699405,1995,0.79857325553894,13.7903899622857,0.0579079531269892
620699405,2000,0.867243945598602,13.7903899622857,0.0628875577826562
620699405,2005,1.92006492614746,13.7903899622857,0.139232097960863
620699405,2010,2.12761759757996,13.7903899622857,0.154282627496294
620699405,2015,2.33740663528442,13.7903899622857,0.169495325489477
620699405,2020,3.89654183387756,13.7903899622857,0.28255486933538
620699405,2025,1.40832877159119,13.7903899622857,0.102123926549048
620700750,1985,0,0.572704199379953,0
620700750,1990,0,0.572704199379953,0
620700750,1995,0,0.572704199379953,0
620700750,2000,0,0.572704199379953,0
620700750,2005,0,0.572704199379953,0
620700750,2010,0,0.572704199379953,0
620700750,2015,0,0.572704199379953,0
620700750,2020,0,0.572704199379953,0
620700750,2025,0,0.572704199379953,0
620700751,1985,0,6.55715797467743,0
620700751,1990,0,6.55715797467743,0
620700751,1995,0,6.55715797467743,0
620700751,2000,0,6.55715797467743,0
620700751,2005,0,6.55715797467743,0
620700751,2010,0,6.55715797467743,0
620700751,2015,0,6.55715797467743,0
620700751,2020,0,6.55715797467743,0
620700751,2025,0,6.55715797467743,0
620700766,1985,0,16.5342332660693,0
620700766,1990,0,16.5342332660693,0
620700766,1995,0,16.5342332660693,0
620700766,2000,0,16.5342332660693,0
620700766,2005,0,16.5342332660693,0
620700766,2010,0,16.5342332660693,0
620700766,2015,0,16.5342332660693,0
620700766,2020,0,16.5342332660693,0
620700766,2025,0,16.5342332660693,0
620702120,1985,376.15576171875,43.563434900354,8.63466718313559
620702120,1990,432.659759521484,43.563434900354,9.93171820613183
620702120,1995,539.999084472656,43.563434900354,12.3956957413445
620702120,2000,654.345458984375,43.563434900354,15.0205203166626
620702120,2005,776.558837890625,43.563434900354,17.8259322219864
620702120,2010,922.119812011719,43.563434900354,21.1672888999904
620702120,2015,1074.93322753906,43.563434900354,24.6751255955331
620702120,2020,1237.93469238281,43.563434900354,28.4168292792898
620702120,2025,1382.26037597656,43.563434900354,31.7298298249051
620702132,1985,0,59.7992054706336,0
620702132,1990,0,59.7992054706336,0
620702132,1995,0,59.7992054706336,0
620702132,2000,0,59.7992054706336,0
620702132,2005,0,59.7992054706336,0
620702132,2010,0,59.7992054706336,0
620702132,2015,0,59.7992054706336,0
620702132,2020,0,59.7992054706336,0
620702132,2025,0,59.7992054706336,0
620702141,1985,0,13.6569305053725,0
620702141,1990,0,13.6569305053725,0
620702141,1995,0,13.6569305053725,0
620702141,2000,0,13.6569305053725,0
620702141,2005,0,13.6569305053725,0
620702141,2010,0,13.6569305053725,0
620702141,2015,0,13.6569305053725,0
620702141,2020,0,13.6569305053725,0
620702141,2025,0,13.6569305053725,0
620702181,1985,43.3447723388672,17.1256398419366,2.53098703107876
620702181,1990,48.964916229248,17.1256398419366,2.8591583544426
620702181,1995,55.6497802734375,17.1256398419366,3.24950079454342
620702181,2000,62.2190132141113,17.1256398419366,3.6330913056896
620702181,2005,70.4700012207031,17.1256398419366,4.11488282313043
620702181,2010,80.2688446044922,17.1256398419366,4.68705667906976
620702181,2015,89.7099838256836,17.1256398419366,5.2383434811005
620702181,2020,100.711166381836,17.1256398419366,5.88072430060209
620702181,2025,108.978965759277,17.1256398419366,6.36349746725456
620703490,1985,0,11.9193489386603,0
620703490,1990,0,11.9193489386603,0
620703490,1995,0,11.9193489386603,0
620703490,2000,0,11.9193489386603,0
620703490,2005,0,11.9193489386603,0
620703490,2010,0,11.9193489386603,0
620703490,2015,0,11.9193489386603,0
620703490,2020,0,11.9193489386603,0
620703490,2025,0,11.9193489386603,0
620703544,1985,1.42085289955139,44.1113769710798,0.0322105768877478
620703544,1990,1.59695434570312,44.1113769710798,0.0362027770466136
620703544,1995,1.72800028324127,44.1113769710798,0.0391735738463612
620703544,2000,1.8360743522644,44.1113769710798,0.0416236009469432
620703544,2005,1.9632066488266,44.1113769710798,0.0445056759419166
620703544,2010,2.09981036186218,44.1113769710798,0.0476024668928122
620703544,2015,2.24135303497314,44.1113769710798,0.0508112235182007
620703544,2020,2.46517300605774,44.1113769710798,0.0558851973193662
620703544,2025,2.67296552658081,44.1113769710798,0.0605958306024601
620704850,1985,325.502502441406,18.8121594010896,17.3027718669316
620704850,1990,376.036041259766,18.8121594010896,19.988988677078
620704850,1995,385.208984375,18.8121594010896,20.4765958102975
620704850,2000,386.136077880859,18.8121594010896,20.5258774204568
620704850,2005,422.711029052734,18.8121594010896,22.4700960713873
620704850,2010,463.484954833984,18.8121594010896,24.6375200715735
620704850,2015,496.875030517578,18.8121594010896,26.412439950344
620704850,2020,529.844909667969,18.8121594010896,28.165023396372
620704850,2025,549.991577148438,18.8121594010896,29.235961987255
620704912,1985,1.42964243888855,34.8692822360152,0.0410000535489063
620704912,1990,1.64496433734894,34.8692822360152,0.0471751705760641
620704912,1995,1.93894326686859,34.8692822360152,0.0556060561770305
620704912,2000,2.20147109031677,34.8692822360152,0.0631349700695289
620704912,2005,2.50436854362488,34.8692822360152,0.0718216258847511
620704912,2010,2.89978790283203,34.8692822360152,0.0831616745995691
620704912,2015,3.30687832832336,34.8692822360152,0.0948364324203902
620704912,2020,3.880375623703,34.8692822360152,0.111283495812687
620704912,2025,4.29960012435913,34.8692822360152,0.123306241156815
620704920,1985,0,6.39984768221276,0
620704920,1990,0,6.39984768221276,0
620704920,1995,0,6.39984768221276,0
620704920,2000,0,6.39984768221276,0
620704920,2005,0,6.39984768221276,0
620704920,2010,0,6.39984768221276,0
620704920,2015,0,6.39984768221276,0
620704920,2020,0,6.39984768221276,0
620704920,2025,0,6.39984768221276,0
620706226,1985,251.391845703125,16.2726723542205,15.448713046688
620706226,1990,287.769744873047,16.2726723542205,17.6842339481143
620706226,1995,309.321624755859,16.2726723542205,19.0086556173814
620706226,2000,326.19921875,16.2726723542205,20.0458296983653
620706226,2005,360.089965820312,16.2726723542205,22.1285083348292
620706226,2010,399.376037597656,16.2726723542205,24.5427443571722
620706226,2015,438.599670410156,16.2726723542205,26.9531433352065
620706226,2020,465.570526123047,16.2726723542205,28.6105758162271
620706226,2025,481.036804199219,16.2726723542205,29.5610206933502
620706244,1985,150.641418457031,26.2729787446818,5.7337015311796
620706244,1990,168.117752075195,26.2729787446818,6.39888433317542
620706244,1995,178.914886474609,26.2729787446818,6.80984399269251
620706244,2000,186.509246826172,26.2729787446818,7.09889992446803
620706244,2005,196.363067626953,26.2729787446818,7.4739552578027
620706244,2010,209.049987792969,26.2729787446818,7.95684379089618
620706244,2015,218.062362670898,26.2729787446818,8.29987207731589
620706244,2020,228.351516723633,26.2729787446818,8.69149702980885
620706244,2025,233.30696105957,26.2729787446818,8.8801107528318
620706283,1985,0,11.382455445482,0
620706283,1990,0,11.382455445482,0
620706283,1995,0,11.382455445482,0
620706283,2000,0,11.382455445482,0
620706283,2005,0,11.382455445482,0
620706283,2010,0,11.382455445482,0
620706283,2015,0,11.382455445482,0
620706283,2020,0,11.382455445482,0
620706283,2025,0,11.382455445482,0
620707602,1985,210.185241699219,8.36325568020203,25.1319880362836
620707602,1990,232.185516357422,8.36325568020203,27.7625753935832
620707602,1995,249.159927368164,8.36325568020203,29.7922169183455
620707602,2000,263.941772460938,8.36325568020203,31.5596918895778
620707602,2005,288.110046386719,8.36325568020203,34.4495083498103
620707602,2010,317.154876708984,8.36325568020203,37.9224178760636
620707602,2015,339.967559814453,8.36325568020203,40.6501454474534
620707602,2020,363.448608398438,8.36325568020203,43.4577899201161
620707602,2025,376.716186523438,8.36325568020203,45.0442029908545
620707627,1985,173.195236206055,3.22245670969315,53.7463344922784
620707627,1990,233.807983398438,3.22245670969315,72.5558182659656
620707627,1995,219.542907714844,3.22245670969315,68.1290479572491
620707627,2000,214.051300048828,3.22245670969315,66.4248799386387
620707627,2005,220.950744628906,3.22245670969315,68.565931068767
620707627,2010,233.571090698242,3.22245670969315,72.4823051914586
620707627,2015,252.579406738281,3.22245670969315,78.3810084953267
620707627,2020,294.212738037109,3.22245670969315,91.3007573234785
620707627,2025,328.560546875,3.22245670969315,101.959646466837
620707659,1985,0,10.8473918408998,0
620707659,1990,0,10.8473918408998,0
620707659,1995,0,10.8473918408998,0
620707659,2000,0,10.8473918408998,0
620707659,2005,0,10.8473918408998,0
620707659,2010,0,10.8473918408998,0
620707659,2015,0,10.8473918408998,0
620707659,2020,0,10.8473918408998,0
620707659,2025,0,10.8473918408998,0
620707681,1985,0,17.2073719623765,0
620707681,1990,0,17.2073719623765,0
620707681,1995,0,17.2073719623765,0
620707681,2000,0,17.2073719623765,0
620707681,2005,0,17.2073719623765,0
620707681,2010,0,17.2073719623765,0
620707681,2015,0,17.2073719623765,0
620707681,2020,0,17.2073719623765,0
620707681,2025,0,17.2073719623765,0
620708988,1985,182.579391479492,1.33648987545402,136.611129521252
620708988,1990,208.212936401367,1.33648987545402,155.790881940377
620708988,1995,224.584121704102,1.33648987545402,168.040271631543
620708988,2000,234.473587036133,1.33648987545402,175.43985281331
620708988,2005,247.808319091797,1.33648987545402,185.417281225279
620708988,2010,264.400909423828,1.33648987545402,197.832332500093
620708988,2015,273.570587158203,1.33648987545402,204.693347987591
620708988,2020,291.843170166016,1.33648987545402,218.365417895046
620708988,2025,298.731994628906,1.33648987545402,223.519833644398
620708990,1985,0,5.54287357234074,0
620708990,1990,0,5.54287357234074,0
620708990,1995,0,5.54287357234074,0
620708990,2000,0,5.54287357234074,0
620708990,2005,0,5.54287357234074,0
620708990,2010,0,5.54287357234074,0
620708990,2015,0,5.54287357234074,0
620708990,2020,0,5.54287357234074,0
620708990,2025,0,5.54287357234074,0
620709003,1985,629.972717285156,36.9308830133553,17.0581547442919
620709003,1990,787.387084960938,36.9308830133553,21.3205593994651
620709003,1995,872.374633789062,36.9308830133553,23.6218189928896
620709003,2000,968.459594726562,36.9308830133553,26.2235699692406
620709003,2005,1107.72998046875,36.9308830133553,29.9946789809537
620709003,2010,1277.47607421875,36.9308830133553,34.5909972896336
620709003,2015,1463.40844726562,36.9308830133553,39.6256013357821
620709003,2020,1682.537109375,36.9308830133553,45.5590815081931
620709003,2025,1876.71447753906,36.9308830133553,50.816940306041
620709012,1985,0,39.5397886835017,0
620709012,1990,0,39.5397886835017,0
620709012,1995,0,39.5397886835017,0
620709012,2000,0,39.5397886835017,0
620709012,2005,0,39.5397886835017,0
620709012,2010,0,39.5397886835017,0
620709012,2015,0,39.5397886835017,0
620709012,2020,0,39.5397886835017,0
620709012,2025,0,39.5397886835017,0
620709035,1985,0.000965967192314565,6.68838043690604,0.000144424678205268
620709035,1990,0.000995477545075119,6.68838043690604,0.00014883686035294
620709035,1995,0.00116174027789384,6.68838043690604,0.000173695304693411
620709035,2000,0.00133310141973197,6.68838043690604,0.000199316027595561
620709035,2005,0.00154637405648828,6.68838043690604,0.000231203064938634
620709035,2010,0.00179809250403196,6.68838043690604,0.000268838251800122
620709035,2015,0.00205368036404252,6.68838043690604,0.00030705196622944
620709035,2020,0.00231499411165714,6.68838043690604,0.000346121775442551
620709035,2025,0.00258252234198153,6.68838043690604,0.000386120730772332
620709060,1985,7.93059253692627,38.4416276299061,0.206302204820187
620709060,1990,8.74045658111572,38.4416276299061,0.227369576160089
620709060,1995,10.0352468490601,38.4416276299061,0.261051559670512
620709060,2000,10.9322519302368,38.4416276299061,0.284385771473733
620709060,2005,12.5525207519531,38.4416276299061,0.326534580502198
620709060,2010,14.2480087280273,38.4416276299061,0.370640100497278
620709060,2015,16.1031684875488,38.4416276299061,0.418899237112977
620709060,2020,17.6926422119141,38.4416276299061,0.460246958902173
620709060,2025,19.4727725982666,38.4416276299061,0.506554321417897
620709070,1985,0.589798390865326,1.79592693510034,0.328408900906859
620709070,1990,0.686906695365906,1.79592693510034,0.382480312500869
620709070,1995,0.790955126285553,1.79592693510034,0.440416094233456
620709070,2000,0.87339586019516,1.79592693510034,0.486320374802087
620709070,2005,0.951359450817108,1.79592693510034,0.529731712478579
620709070,2010,1.11416780948639,1.79592693510034,0.620385934255248
620709070,2015,1.26792073249817,1.79592693510034,0.705997948868298
620709070,2020,1.45552909374237,1.79592693510034,0.810461197109363
620709070,2025,1.6388555765152,1.79592693510034,0.912540228939566
620710350,1985,1116.92053222656,16.4366330088357,67.9531222499249
620710350,1990,1364.37951660156,16.4366330088357,83.0084553124795
620710350,1995,1434.87377929688,16.4366330088357,87.2973058731398
620710350,2000,1479.43933105469,16.4366330088357,90.0086611570265
620710350,2005,1574.03088378906,16.4366330088357,95.7635838765108
620710350,2010,1683.53295898438,16.4366330088357,102.425658471499
620710350,2015,1785.80346679688,16.4366330088357,108.647766597751
620710350,2020,1934.36010742188,16.4366330088357,117.685909661793
620710350,2025,2008.18774414062,16.4366330088357,122.177561734274
620710364,1985,1348.62939453125,5.14169366340984,262.292832443245
620710364,1990,1425.72534179688,5.14169366340984,277.287103263824
620710364,1995,1525.90063476562,5.14169366340984,296.770040118199
620710364,2000,1588.6416015625,5.14169366340984,308.972433124099
620710364,2005,1672.970703125,5.14169366340984,325.373468868919
620710364,2010,1765.23315429688,5.14169366340984,343.317449434788
620710364,2015,1845.5546875,5.14169366340984,358.939059445264
620710364,2020,1931.10815429688,5.14169366340984,375.578220079376
620710364,2025,1986.36108398438,5.14169366340984,386.324276399437
620710405,1985,759.993408203125,44.1112570144405,17.2290127201392
620710405,1990,833.368713378906,44.1112570144405,18.8924272347553
620710405,1995,888.982604980469,44.1112570144405,20.1531913880723
620710405,2000,931.337585449219,44.1112570144405,21.1133766862352
620710405,2005,995.709167480469,44.1112570144405,22.5726772455046
620710405,2010,1063.82983398438,44.1112570144405,24.1169693630837
620710405,2015,1114.85888671875,44.1112570144405,25.2737954475834
620710405,2020,1137.89904785156,44.1112570144405,25.7961147531809
620710405,2025,1165.61401367188,44.1112570144405,26.4244116482623
620710406,1985,1.49259090423584,2.04151040879318,0.731120888635669
620710406,1990,1.77381432056427,2.04151040879318,0.86887351292656
620710406,1995,1.98525369167328,2.04151040879318,0.972443580558005
620710406,2000,2.18659734725952,2.04151040879318,1.07106842945371
620710406,2005,2.45145416259766,2.04151040879318,1.20080414581222
620710406,2010,2.74717831611633,2.04151040879318,1.34565971561237
620710406,2015,3.02889657020569,2.04151040879318,1.48365472796986
620710406,2020,3.38565540313721,2.04151040879318,1.6584071227629
620710406,2025,3.67665576934814,2.04151040879318,1.80094882372976
620710407,1985,0,35.9517530175412,0
620710407,1990,0,35.9517530175412,0
620710407,1995,0,35.9517530175412,0
620710407,2000,0,35.9517530175412,0
620710407,2005,0,35.9517530175412,0
620710407,2010,0,35.9517530175412,0
620710407,2015,0,35.9517530175412,0
620710407,2020,0,35.9517530175412,0
620710407,2025,0,35.9517530175412,0
620710411,1985,0,27.4675506463188,0
620710411,1990,0,27.4675506463188,0
620710411,1995,0,27.4675506463188,0
620710411,2000,0,27.4675506463188,0
620710411,2005,0,27.4675506463188,0
620710411,2010,0,27.4675506463188,0
620710411,2015,0,27.4675506463188,0
620710411,2020,0,27.4675506463188,0
620710411,2025,0,27.4675506463188,0
620710413,1985,0,51.2111147018301,0
620710413,1990,0,51.2111147018301,0
620710413,1995,0,51.2111147018301,0
620710413,2000,0,51.2111147018301,0
620710413,2005,0,51.2111147018301,0
620710413,2010,0,51.2111147018301,0
620710413,2015,0,51.2111147018301,0
620710413,2020,0,51.2111147018301,0
620710413,2025,0,51.2111147018301,0
620711718,1985,632.220947265625,19.0818865424849,33.1319938339438
620711718,1990,698.227416992188,19.0818865424849,36.5911103934938
620711718,1995,758.934631347656,19.0818865424849,39.7725156607511
620711718,2000,807.527465820312,19.0818865424849,42.3190581299387
620711718,2005,859.802185058594,19.0818865424849,45.0585524206051
620711718,2010,920.14697265625,19.0818865424849,48.2209644527331
620711718,2015,972.89599609375,19.0818865424849,50.9853149963786
620711718,2020,1035.98315429688,19.0818865424849,54.2914429341307
620711718,2025,1074.59191894531,19.0818865424849,56.3147630373331
620711731,1985,831.07470703125,16.7514888883116,49.6119904667777
620711731,1990,912.538024902344,16.7514888883116,54.4750398598341
620711731,1995,993.569152832031,16.7514888883116,59.3122891616694
620711731,2000,1057.39636230469,16.7514888883116,63.1225301437227
620711731,2005,1133.41711425781,16.7514888883116,67.6606791082705
620711731,2010,1220.49499511719,16.7514888883116,72.8588964989726
620711731,2015,1292.63293457031,16.7514888883116,77.1652563654953
620711731,2020,1374.50866699219,16.7514888883116,82.0529253343714
620711731,2025,1425.68273925781,16.7514888883116,85.1078222815515
620711740,1985,480.458801269531,6.06836124453848,79.1743902362345
620711740,1990,531.337280273438,6.06836124453848,87.5586107784273
620711740,1995,566.271911621094,6.06836124453848,93.3154584577076
620711740,2000,590.358093261719,6.06836124453848,97.28459949431
620711740,2005,622.354858398438,6.06836124453848,102.557318742116
620711740,2010,656.381591796875,6.06836124453848,108.16455470373
620711740,2015,684.576782226562,6.06836124453848,112.810815744149
620711740,2020,723.416076660156,6.06836124453848,119.211109475599
620711740,2025,741.539672851562,6.06836124453848,122.197681214009
620711762,1985,239.090774536133,19.4401945449382,12.2987850756044
620711762,1990,263.710052490234,19.4401945449382,13.5651961651227
620711762,1995,280.374237060547,19.4401945449382,14.4223987271542
620711762,2000,291.502868652344,19.4401945449382,14.9948534711678
620711762,2005,315.101348876953,19.4401945449382,16.2087549149038
620711762,2010,341.581695556641,19.4401945449382,17.5708990343196
620711762,2015,363.497192382812,19.4401945449382,18.6982281243404
620711762,2020,382.640075683594,19.4401945449382,19.6829344891111
620711762,2025,391.212615966797,19.4401945449382,20.123904370528
620711771,1985,0,4.39220296063711,0
620711771,1990,0,4.39220296063711,0
620711771,1995,0,4.39220296063711,0
620711771,2000,0,4.39220296063711,0
620711771,2005,0,4.39220296063711,0
620711771,2010,0,4.39220296063711,0
620711771,2015,0,4.39220296063711,0
620711771,2020,0,4.39220296063711,0
620711771,2025,0,4.39220296063711,0
620711780,1985,1466.15747070312,51.5414754525277,28.4461680196472
620711780,1990,1686.84362792969,51.5414754525277,32.7278878440986
620711780,1995,1820.04833984375,51.5414754525277,35.3123057472444
620711780,2000,1921.35510253906,51.5414754525277,37.2778444091832
620711780,2005,2033.59338378906,51.5414754525277,39.4554747595867
620711780,2010,2161.1953125,51.5414754525277,41.9311883007806
620711780,2015,2247.33154296875,51.5414754525277,43.6023905648308
620711780,2020,2287.61499023438,51.5414754525277,44.3839639853032
620711780,2025,2337.01123046875,51.5414754525277,45.3423424523665
620711784,1985,0,0.325381788962977,0
620711784,1990,0,0.325381788962977,0
620711784,1995,0,0.325381788962977,0
620711784,2000,0,0.325381788962977,0
620711784,2005,0,0.325381788962977,0
620711784,2010,0,0.325381788962977,0
620711784,2015,0,0.325381788962977,0
620711784,2020,0,0.325381788962977,0
620711784,2025,0,0.325381788962977,0
620711785,1985,0,0.29012632033469,0
620711785,1990,0,0.29012632033469,0
620711785,1995,0,0.29012632033469,0
620711785,2000,0,0.29012632033469,0
620711785,2005,0,0.29012632033469,0
620711785,2010,0,0.29012632033469,0
620711785,2015,0,0.29012632033469,0
620711785,2020,0,0.29012632033469,0
620711785,2025,0,0.29012632033469,0
620713107,1985,25.8855133056641,0.338440588581946,76.4846598752337
620713107,1990,28.6009483337402,0.338440588581946,84.5080327202395
620713107,1995,29.564058303833,0.338440588581946,87.353761047708
620713107,2000,31.3529605865479,0.338440588581946,92.6394813279211
620713107,2005,33.5215950012207,0.338440588581946,99.0472069017341
620713107,2010,35.3678779602051,0.338440588581946,104.502471492545
620713107,2015,36.9481811523438,0.338440588581946,109.171838127204
620713107,2020,39.3352584838867,0.338440588581946,116.22500317914
620713107,2025,41.0337753295898,0.338440588581946,121.243659046688
620713120,1985,0,12.2455058352178,0
620713120,1990,0,12.2455058352178,0
620713120,1995,0,12.2455058352178,0
620713120,2000,0,12.2455058352178,0
620713120,2005,0,12.2455058352178,0
620713120,2010,0,12.2455058352178,0
620713120,2015,0,12.2455058352178,0
620713120,2020,0,12.2455058352178,0
620713120,2025,0,12.2455058352178,0
620713136,1985,0,26.2438419981067,0
620713136,1990,0,26.2438419981067,0
620713136,1995,0,26.2438419981067,0
620713136,2000,0,26.2438419981067,0
620713136,2005,0,26.2438419981067,0
620713136,2010,0,26.2438419981067,0
620713136,2015,0,26.2438419981067,0
620713136,2020,0,26.2438419981067,0
620713136,2025,0,26.2438419981067,0
620713158,1985,0,7.69377239902134,0
620713158,1990,0,7.69377239902134,0
620713158,1995,0,7.69377239902134,0
620713158,2000,0,7.69377239902134,0
620713158,2005,0,7.69377239902134,0
620713158,2010,0,7.69377239902134,0
620713158,2015,0,7.69377239902134,0
620713158,2020,0,7.69377239902134,0
620713158,2025,0,7.69377239902134,0
620713160,1985,0,0.188615885208488,0
620713160,1990,0,0.188615885208488,0
620713160,1995,0,0.188615885208488,0
620713160,2000,0,0.188615885208488,0
620713160,2005,0,0.188615885208488,0
620713160,2010,0,0.188615885208488,0
620713160,2015,0,0.188615885208488,0
620713160,2020,0,0.188615885208488,0
620713160,2025,0,0.188615885208488,0
620714483,1985,1137.91906738281,14.6143414894638,77.8631776329571
620714483,1990,1288.36157226562,14.6143414894638,88.1573468906876
620714483,1995,1384.60473632812,14.6143414894638,94.7428755052945
620714483,2000,1453.44006347656,14.6143414894638,99.4529972167698
620714483,2005,1538.92041015625,14.6143414894638,105.302069974603
620714483,2010,1628.02514648438,14.6143414894638,111.399144987689
620714483,2015,1706.03942871094,14.6143414894638,116.737345294751
620714483,2020,1812.09008789062,14.6143414894638,123.993960945627
620714483,2025,1873.91003417969,14.6143414894638,128.224048653214
620714518,1985,4.2001838684082,0.118455885988034,35.4577894831878
620714518,1990,4.97731924057007,0.118455885988034,42.0183361852771
620714518,1995,5.57973289489746,0.118455885988034,47.1038889149089
620714518,2000,5.95198488235474,0.118455885988034,50.2464257703158
620714518,2005,6.46530294418335,0.118455885988034,54.5798369600347
620714518,2010,6.65949201583862,0.118455885988034,56.2191735791951
620714518,2015,6.98765277862549,0.118455885988034,58.9894940242257
620714518,2020,6.61532974243164,0.118455885988034,55.8463573781374
620714518,2025,7.02517509460449,0.118455885988034,59.306255961938
620714522,1985,0,46.7037432485016,0
620714522,1990,0,46.7037432485016,0
620714522,1995,0,46.7037432485016,0
620714522,2000,0,46.7037432485016,0
620714522,2005,0,46.7037432485016,0
620714522,2010,0,46.7037432485016,0
620714522,2015,0,46.7037432485016,0
620714522,2020,0,46.7037432485016,0
620714522,2025,0,46.7037432485016,0
620715894,1985,649.769470214844,10.0279304959258,64.7959686675968
620715894,1990,729.568054199219,10.0279304959258,72.7536010042784
620715894,1995,788.903381347656,10.0279304959258,78.6706072273017
620715894,2000,833.597106933594,10.0279304959258,83.1275313757185
620715894,2005,875.989318847656,10.0279304959258,87.3549451906912
620715894,2010,920.245422363281,10.0279304959258,91.7682290216478
620715894,2015,947.744323730469,10.0279304959258,94.5104599713297
620715894,2020,943.288757324219,10.0279304959258,94.066144326336
620715894,2025,964.844421386719,10.0279304959258,96.2157068977217
620715898,1985,0,23.9765732386616,0
620715898,1990,0,23.9765732386616,0
620715898,1995,0,23.9765732386616,0
620715898,2000,0,23.9765732386616,0
620715898,2005,0,23.9765732386616,0
620715898,2010,0,23.9765732386616,0
620715898,2015,0,23.9765732386616,0
620715898,2020,0,23.9765732386616,0
620715898,2025,0,23.9765732386616,0
620715900,1985,0,37.2033759733076,0
620715900,1990,0,37.2033759733076,0
620715900,1995,0,37.2033759733076,0
620715900,2000,0,37.2033759733076,0
620715900,2005,0,37.2033759733076,0
620715900,2010,0,37.2033759733076,0
620715900,2015,0,37.2033759733076,0
620715900,2020,0,37.2033759733076,0
620715900,2025,0,37.2033759733076,0
620715911,1985,293.783935546875,82.6147066868051,3.55607309314332
620715911,1990,323.255065917969,82.6147066868051,3.91280292434419
620715911,1995,359.982971191406,82.6147066868051,4.35737153381314
620715911,2000,391.319030761719,82.6147066868051,4.73667518115414
620715911,2005,438.420074462891,82.6147066868051,5.3068042246395
620715911,2010,492.510223388672,82.6147066868051,5.96153207026194
620715911,2015,542.220520019531,82.6147066868051,6.56324450893599
620715911,2020,602.324401855469,82.6147066868051,7.29076487723789
620715911,2025,656.9521484375,82.6147066868051,7.9520000104585
620717261,1985,396.634368896484,24.1752201849923,16.4066496959027
620717261,1990,438.885131835938,24.1752201849923,18.1543385531765
620717261,1995,467.513427734375,24.1752201849923,19.3385385596034
620717261,2000,491.717559814453,24.1752201849923,20.3397344905965
620717261,2005,522.406005859375,24.1752201849923,21.609151927546
620717261,2010,555.378356933594,24.1752201849923,22.9730423418591
620717261,2015,584.158020019531,24.1752201849923,24.1635036020135
620717261,2020,613.157165527344,24.1752201849923,25.3630436800731
620717261,2025,629.244689941406,24.1752201849923,26.0284988151642
620717262,1985,0,22.6000189791447,0
620717262,1990,0,22.6000189791447,0
620717262,1995,0,22.6000189791447,0
620717262,2000,0,22.6000189791447,0
620717262,2005,0,22.6000189791447,0
620717262,2010,0,22.6000189791447,0
620717262,2015,0,22.6000189791447,0
620717262,2020,0,22.6000189791447,0
620717262,2025,0,22.6000189791447,0
620717270,1985,0,28.5910488617349,0
620717270,1990,0,28.5910488617349,0
620717270,1995,0,28.5910488617349,0
620717270,2000,0,28.5910488617349,0
620717270,2005,0,28.5910488617349,0
620717270,2010,0,28.5910488617349,0
620717270,2015,0,28.5910488617349,0
620717270,2020,0,28.5910488617349,0
620717270,2025,0,28.5910488617349,0
620717272,1985,0,12.4436797686742,0
620717272,1990,0,12.4436797686742,0
620717272,1995,0,12.4436797686742,0
620717272,2000,0,12.4436797686742,0
620717272,2005,0,12.4436797686742,0
620717272,2010,0,12.4436797686742,0
620717272,2015,0,12.4436797686742,0
620717272,2020,0,12.4436797686742,0
620717272,2025,0,12.4436797686742,0
620717274,1985,0,22.0338588886775,0
620717274,1990,0,22.0338588886775,0
620717274,1995,0,22.0338588886775,0
620717274,2000,0,22.0338588886775,0
620717274,2005,0,22.0338588886775,0
620717274,2010,0,22.0338588886775,0
620717274,2015,0,22.0338588886775,0
620717274,2020,0,22.0338588886775,0
620717274,2025,0,22.0338588886775,0
620717276,1985,0,53.312157693027,0
620717276,1990,0,53.312157693027,0
620717276,1995,0,53.312157693027,0
620717276,2000,0,53.312157693027,0
620717276,2005,0,53.312157693027,0
620717276,2010,0,53.312157693027,0
620717276,2015,0,53.312157693027,0
620717276,2020,0,53.312157693027,0
620717276,2025,0,53.312157693027,0
620718610,1985,0,0.071765380072694,0
620718610,1990,0,0.071765380072694,0
620718610,1995,0,0.071765380072694,0
620718610,2000,0,0.071765380072694,0
620718610,2005,0,0.071765380072694,0
620718610,2010,0,0.071765380072694,0
620718610,2015,0,0.071765380072694,0
620718610,2020,0,0.071765380072694,0
620718610,2025,0,0.071765380072694,0
620718637,1985,455.717895507812,4.19179877679654,108.716548616411
620718637,1990,502.553466796875,4.19179877679654,119.889692601356
620718637,1995,537.740905761719,4.19179877679654,128.284045679471
620718637,2000,563.031433105469,4.19179877679654,134.31738093491
620718637,2005,589.931884765625,4.19179877679654,140.734781457345
620718637,2010,621.184448242188,4.19179877679654,148.19042642999
620718637,2015,645.773376464844,4.19179877679654,154.056387448626
620718637,2020,670.212768554688,4.19179877679654,159.886674967466
620718637,2025,684.146118164062,4.19179877679654,163.210629754251
620718648,1985,0,9.18891650050156,0
620718648,1990,0,9.18891650050156,0
620718648,1995,0,9.18891650050156,0
620718648,2000,0,9.18891650050156,0
620718648,2005,0,9.18891650050156,0
620718648,2010,0,9.18891650050156,0
620718648,2015,0,9.18891650050156,0
620718648,2020,0,9.18891650050156,0
620718648,2025,0,9.18891650050156,0
620718672,1985,0,37.1544426021574,0
620718672,1990,0,37.1544426021574,0
620718672,1995,0,37.1544426021574,0
620718672,2000,0,37.1544426021574,0
620718672,2005,0,37.1544426021574,0
620718672,2010,0,37.1544426021574,0
620718672,2015,0,37.1544426021574,0
620718672,2020,0,37.1544426021574,0
620718672,2025,0,37.1544426021574,0
620718677,1985,0,1.71306226931249,0
620718677,1990,0,1.71306226931249,0
620718677,1995,0,1.71306226931249,0
620718677,2000,0,1.71306226931249,0
620718677,2005,0,1.71306226931249,0
620718677,2010,0,1.71306226931249,0
620718677,2015,0,1.71306226931249,0
620718677,2020,0,1.71306226931249,0
620718677,2025,0,1.71306226931249,0
620720003,1985,194.412445068359,8.44251220649437,23.0277955557835
620720003,1990,213.135177612305,8.44251220649437,25.2454686945375
620720003,1995,229.708389282227,8.44251220649437,27.2085350502099
620720003,2000,240.34504699707,8.44251220649437,28.4684275389245
620720003,2005,253.868423461914,8.44251220649437,30.070246539487
620720003,2010,266.529052734375,8.44251220649437,31.5698747263106
620720003,2015,278.439758300781,8.44251220649437,32.9806758332659
620720003,2020,295.757904052734,8.44251220649437,35.0319782570434
620720003,2025,304.291839599609,8.44251220649437,36.0428071830958
620720005,1985,1138.02575683594,49.7470258499899,22.8762571709836
620720005,1990,1297.31665039062,49.7470258499899,26.0782755998847
620720005,1995,1389.26159667969,49.7470258499899,27.9265257157071
620720005,2000,1456.17333984375,49.7470258499899,29.2715657863604
620720005,2005,1476.86242675781,49.7470258499899,29.6874516923128
620720005,2010,1512.12634277344,49.7470258499899,30.3963165020798
620720005,2015,1539.77062988281,49.7470258499899,30.9520137852246
620720005,2020,1588.56298828125,49.7470258499899,31.9328233424747
620720005,2025,1629.94323730469,49.7470258499899,32.764636869342
620720015,1985,2434.52124023438,9.13733902243686,266.436566954162
620720015,1990,2584.46508789062,9.13733902243686,282.846579463062
620720015,1995,2772.22485351562,9.13733902243686,303.395205837103
620720015,2000,2920.95483398438,9.13733902243686,319.672371443363
620720015,2005,3087.5205078125,9.13733902243686,337.901494103595
620720015,2010,3266.47265625,9.13733902243686,357.486205582296
620720015,2015,3418.12573242188,9.13733902243686,374.083277858972
620720015,2020,3631.23876953125,9.13733902243686,397.406592949511
620720015,2025,3722.29370117188,9.13733902243686,407.371740506917
620720031,1985,0.496383607387543,16.151258647133,0.0307334318787382
620720031,1990,0.56124085187912,16.151258647133,0.0347490473740105
620720031,1995,0.64042603969574,16.151258647133,0.0396517728857882
620720031,2000,0.713866710662842,16.151258647133,0.0441988284788914
620720031,2005,0.808462917804718,16.151258647133,0.0500557223104237
620720031,2010,0.918442904949188,16.151258647133,0.0568650979477826
620720031,2015,1.02842724323273,16.151258647133,0.0636747429845218
620720031,2020,1.19498145580292,16.151258647133,0.0739868936477616
620720031,2025,1.33307731151581,16.151258647133,0.0825370542717699
620720048,1985,0,17.8925433972462,0
620720048,1990,0,17.8925433972462,0
620720048,1995,0,17.8925433972462,0
620720048,2000,0,17.8925433972462,0
620720048,2005,0,17.8925433972462,0
620720048,2010,0,17.8925433972462,0
620720048,2015,0,17.8925433972462,0
620720048,2020,0,17.8925433972462,0
620720048,2025,0,17.8925433972462,0
620720053,1985,0,13.7560427297125,0
620720053,1990,0,13.7560427297125,0
620720053,1995,0,13.7560427297125,0
620720053,2000,0,13.7560427297125,0
620720053,2005,0,13.7560427297125,0
620720053,2010,0,13.7560427297125,0
620720053,2015,0,13.7560427297125,0
620720053,2020,0,13.7560427297125,0
620720053,2025,0,13.7560427297125,0
620720058,1985,0,0.633610447623878,0
620720058,1990,0,0.633610447623878,0
620720058,1995,0,0.633610447623878,0
620720058,2000,0,0.633610447623878,0
620720058,2005,0,0.633610447623878,0
620720058,2010,0,0.633610447623878,0
620720058,2015,0,0.633610447623878,0
620720058,2020,0,0.633610447623878,0
620720058,2025,0,0.633610447623878,0
620721374,1985,7934.76513671875,7.91422226601905,1002.59569039246
620721374,1990,9078.994140625,7.91422226601905,1147.1745214444
620721374,1995,9574.564453125,7.91422226601905,1209.79221094597
620721374,2000,9997.1611328125,7.91422226601905,1263.18933140618
620721374,2005,10610.779296875,7.91422226601905,1340.72293400629
620721374,2010,11275.009765625,7.91422226601905,1424.6516444245
620721374,2015,11846.9482421875,7.91422226601905,1496.9188182968
620721374,2020,12507.80859375,7.91422226601905,1580.4216982197
620721374,2025,12930.677734375,7.91422226601905,1633.85324542816
620721391,1985,0,38.3113384440948,0
620721391,1990,0,38.3113384440948,0
620721391,1995,0,38.3113384440948,0
620721391,2000,0,38.3113384440948,0
620721391,2005,0,38.3113384440948,0
620721391,2010,0,38.3113384440948,0
620721391,2015,0,38.3113384440948,0
620721391,2020,0,38.3113384440948,0
620721391,2025,0,38.3113384440948,0
620721403,1985,0,3.55211530507514,0
620721403,1990,0,3.55211530507514,0
620721403,1995,0,3.55211530507514,0
620721403,2000,0,3.55211530507514,0
620721403,2005,0,3.55211530507514,0
620721403,2010,0,3.55211530507514,0
620721403,2015,0,3.55211530507514,0
620721403,2020,0,3.55211530507514,0
620721403,2025,0,3.55211530507514,0
620721405,1985,0,46.3672963702717,0
620721405,1990,0,46.3672963702717,0
620721405,1995,0,46.3672963702717,0
620721405,2000,0,46.3672963702717,0
620721405,2005,0,46.3672963702717,0
620721405,2010,0,46.3672963702717,0
620721405,2015,0,46.3672963702717,0
620721405,2020,0,46.3672963702717,0
620721405,2025,0,46.3672963702717,0
620721406,1985,0,24.670797890707,0
620721406,1990,0,24.670797890707,0
620721406,1995,0,24.670797890707,0
620721406,2000,0,24.670797890707,0
620721406,2005,0,24.670797890707,0
620721406,2010,0,24.670797890707,0
620721406,2015,0,24.670797890707,0
620721406,2020,0,24.670797890707,0
620721406,2025,0,24.670797890707,0
620721452,1985,0,3.80227263979483,0
620721452,1990,0,3.80227263979483,0
620721452,1995,0,3.80227263979483,0
620721452,2000,0,3.80227263979483,0
620721452,2005,0,3.80227263979483,0
620721452,2010,0,3.80227263979483,0
620721452,2015,0,3.80227263979483,0
620721452,2020,0,3.80227263979483,0
620721452,2025,0,3.80227263979483,0
620722751,1985,489.683990478516,36.890193544967,13.2740965395483
620722751,1990,545.199829101562,36.890193544967,14.7789907482322
620722751,1995,587.616027832031,36.890193544967,15.9287867957581
620722751,2000,621.902709960938,36.890193544967,16.8582121750832
620722751,2005,661.1904296875,36.890193544967,17.9232030561603
620722751,2010,701.303527832031,36.890193544967,19.0105678620846
620722751,2015,736.791137695312,36.890193544967,19.97254735997
620722751,2020,775.850158691406,36.890193544967,21.0313387959239
620722751,2025,794.923095703125,36.890193544967,21.5483579595254
620722767,1985,0,17.8702467008043,0
620722767,1990,0,17.8702467008043,0
620722767,1995,0,17.8702467008043,0
620722767,2000,0,17.8702467008043,0
620722767,2005,0,17.8702467008043,0
620722767,2010,0,17.8702467008043,0
620722767,2015,0,17.8702467008043,0
620722767,2020,0,17.8702467008043,0
620722767,2025,0,17.8702467008043,0
620722782,1985,0,15.1513402649946,0
620722782,1990,0,15.1513402649946,0
620722782,1995,0,15.1513402649946,0
620722782,2000,0,15.1513402649946,0
620722782,2005,0,15.1513402649946,0
620722782,2010,0,15.1513402649946,0
620722782,2015,0,15.1513402649946,0
620722782,2020,0,15.1513402649946,0
620722782,2025,0,15.1513402649946,0
620722799,1985,0,42.1678124305104,0
620722799,1990,0,42.1678124305104,0
620722799,1995,0,42.1678124305104,0
620722799,2000,0,42.1678124305104,0
620722799,2005,0,42.1678124305104,0
620722799,2010,0,42.1678124305104,0
620722799,2015,0,42.1678124305104,0
620722799,2020,0,42.1678124305104,0
620722799,2025,0,42.1678124305104,0
620722811,1985,0,18.8320404758421,0
620722811,1990,0,18.8320404758421,0
620722811,1995,0,18.8320404758421,0
620722811,2000,0,18.8320404758421,0
620722811,2005,0,18.8320404758421,0
620722811,2010,0,18.8320404758421,0
620722811,2015,0,18.8320404758421,0
620722811,2020,0,18.8320404758421,0
620722811,2025,0,18.8320404758421,0
620724148,1985,1132.44738769531,8.80972593622738,128.54513249254
620724148,1990,1261.0986328125,8.80972593622738,143.148452283471
620724148,1995,1329.81774902344,8.80972593622738,150.948821637567
620724148,2000,1371.787109375,8.80972593622738,155.71280188569
620724148,2005,1436.11328125,8.80972593622738,163.01452413456
620724148,2010,1503.93481445312,8.80972593622738,170.713008025442
620724148,2015,1532.93957519531,8.80972593622738,174.005364785703
620724148,2020,1509.20947265625,8.80972593622738,171.311739273304
620724148,2025,1546.74951171875,8.80972593622738,175.572943235181
620724158,1985,0,17.4331216221785,0
620724158,1990,0,17.4331216221785,0
620724158,1995,0,17.4331216221785,0
620724158,2000,0,17.4331216221785,0
620724158,2005,0,17.4331216221785,0
620724158,2010,0,17.4331216221785,0
620724158,2015,0,17.4331216221785,0
620724158,2020,0,17.4331216221785,0
620724158,2025,0,17.4331216221785,0
620724162,1985,0,6.51792496666125,0
620724162,1990,0,6.51792496666125,0
620724162,1995,0,6.51792496666125,0
620724162,2000,0,6.51792496666125,0
620724162,2005,0,6.51792496666125,0
620724162,2010,0,6.51792496666125,0
620724162,2015,0,6.51792496666125,0
620724162,2020,0,6.51792496666125,0
620724162,2025,0,6.51792496666125,0
620724190,1985,0,24.1350148348418,0
620724190,1990,0,24.1350148348418,0
620724190,1995,0,24.1350148348418,0
620724190,2000,0,24.1350148348418,0
620724190,2005,0,24.1350148348418,0
620724190,2010,0,24.1350148348418,0
620724190,2015,0,24.1350148348418,0
620724190,2020,0,24.1350148348418,0
620724190,2025,0,24.1350148348418,0
620725494,1985,77.0376129150391,0.394752674606666,195.154125280594
620725494,1990,84.2827911376953,0.394752674606666,213.507840628756
620725494,1995,89.8418960571289,0.394752674606666,227.590341589573
620725494,2000,93.8268508911133,0.394752674606666,237.685155609402
620725494,2005,101.201271057129,0.394752674606666,256.366270749062
620725494,2010,109.608604431152,0.394752674606666,277.663994399448
620725494,2015,114.338821411133,0.394752674606666,289.646730133141
620725494,2020,119.820495605469,0.394752674606666,303.533081124424
620725494,2025,123.075355529785,0.394752674606666,311.77839555468
620725524,1985,0,0.159360283513493,0
620725524,1990,0,0.159360283513493,0
620725524,1995,0,0.159360283513493,0
620725524,2000,0,0.159360283513493,0
620725524,2005,0,0.159360283513493,0
620725524,2010,0,0.159360283513493,0
620725524,2015,0,0.159360283513493,0
620725524,2020,0,0.159360283513493,0
620725524,2025,0,0.159360283513493,0
620725527,1985,0,11.2893243000572,0
620725527,1990,0,11.2893243000572,0
620725527,1995,0,11.2893243000572,0
620725527,2000,0,11.2893243000572,0
620725527,2005,0,11.2893243000572,0
620725527,2010,0,11.2893243000572,0
620725527,2015,0,11.2893243000572,0
620725527,2020,0,11.2893243000572,0
620725527,2025,0,11.2893243000572,0
620725531,1985,0,0.537310822998534,0
620725531,1990,0,0.537310822998534,0
620725531,1995,0,0.537310822998534,0
620725531,2000,0,0.537310822998534,0
620725531,2005,0,0.537310822998534,0
620725531,2010,0,0.537310822998534,0
620725531,2015,0,0.537310822998534,0
620725531,2020,0,0.537310822998534,0
620725531,2025,0,0.537310822998534,0
620725532,1985,3807.92309570312,29.0044791850527,131.287415002629
620725532,1990,4195.3671875,29.0044791850527,144.645492881736
620725532,1995,4483.24658203125,29.0044791850527,154.570835539832
620725532,2000,4689.1455078125,29.0044791850527,161.669702044815
620725532,2005,4937.25146484375,29.0044791850527,170.223758659598
620725532,2010,5213.6748046875,29.0044791850527,179.754125954944
620725532,2015,5436.04541015625,29.0044791850527,187.420893699677
620725532,2020,5691.427734375,29.0044791850527,196.225820779711
620725532,2025,5820.98046875,29.0044791850527,200.692466553573
620725538,1985,0,28.125518626542,0
620725538,1990,0,28.125518626542,0
620725538,1995,0,28.125518626542,0
620725538,2000,0,28.125518626542,0
620725538,2005,0,28.125518626542,0
620725538,2010,0,28.125518626542,0
620725538,2015,0,28.125518626542,0
620725538,2020,0,28.125518626542,0
620725538,2025,0,28.125518626542,0
620726870,1985,769.388610839844,6.69887398991554,114.853423425799
620726870,1990,849.242736816406,6.69887398991554,126.773953069554
620726870,1995,920.358215332031,6.69887398991554,137.38998773787
620726870,2000,976.11328125,6.69887398991554,145.713038149312
620726870,2005,1049.72351074219,6.69887398991554,156.701486297912
620726870,2010,1136.69897460938,6.69887398991554,169.68508085397
620726870,2015,1205.38562011719,6.69887398991554,179.93854219855
620726870,2020,1278.69641113281,6.69887398991554,190.882290524909
620726870,2025,1325.13696289062,6.69887398991554,197.814881259967
620726884,1985,0,0.604681816108247,0
620726884,1990,0,0.604681816108247,0
620726884,1995,0,0.604681816108247,0
620726884,2000,0,0.604681816108247,0
620726884,2005,0,0.604681816108247,0
620726884,2010,0,0.604681816108247,0
620726884,2015,0,0.604681816108247,0
620726884,2020,0,0.604681816108247,0
620726884,2025,0,0.604681816108247,0
620726898,1985,0,0.841787045911036,0
620726898,1990,0,0.841787045911036,0
620726898,1995,0,0.841787045911036,0
620726898,2000,0,0.841787045911036,0
620726898,2005,0,0.841787045911036,0
620726898,2010,0,0.841787045911036,0
620726898,2015,0,0.841787045911036,0
620726898,2020,0,0.841787045911036,0
620726898,2025,0,0.841787045911036,0
620726903,1985,0,0.946279369577068,0
620726903,1990,0,0.946279369577068,0
620726903,1995,0,0.946279369577068,0
620726903,2000,0,0.946279369577068,0
620726903,2005,0,0.946279369577068,0
620726903,2010,0,0.946279369577068,0
620726903,2015,0,0.946279369577068,0
620726903,2020,0,0.946279369577068,0
620726903,2025,0,0.946279369577068,0
620726914,1985,0,13.8600600538823,0
620726914,1990,0,13.8600600538823,0
620726914,1995,0,13.8600600538823,0
620726914,2000,0,13.8600600538823,0
620726914,2005,0,13.8600600538823,0
620726914,2010,0,13.8600600538823,0
620726914,2015,0,13.8600600538823,0
620726914,2020,0,13.8600600538823,0
620726914,2025,0,13.8600600538823,0
620728290,1985,0,16.008826911947,0
620728290,1990,0,16.008826911947,0
620728290,1995,0,16.008826911947,0
620728290,2000,0,16.008826911947,0
620728290,2005,0,16.008826911947,0
620728290,2010,0,16.008826911947,0
620728290,2015,0,16.008826911947,0
620728290,2020,0,16.008826911947,0
620728290,2025,0,16.008826911947,0
620729666,1985,0,13.4274033360294,0
620729666,1990,0,13.4274033360294,0
620729666,1995,0,13.4274033360294,0
620729666,2000,0,13.4274033360294,0
620729666,2005,0,13.4274033360294,0
620729666,2010,0,13.4274033360294,0
620729666,2015,0,13.4274033360294,0
620729666,2020,0,13.4274033360294,0
620729666,2025,0,13.4274033360294,0
620731050,1985,0,39.7703059789689,0
620731050,1990,0,39.7703059789689,0
620731050,1995,0,39.7703059789689,0
620731050,2000,0,39.7703059789689,0
620731050,2005,0,39.7703059789689,0
620731050,2010,0,39.7703059789689,0
620731050,2015,0,39.7703059789689,0
620731050,2020,0,39.7703059789689,0
620731050,2025,0,39.7703059789689,0
620732363,1985,5284.73583984375,26.8069720101307,197.140349825657
620732363,1990,5984.546875,26.8069720101307,223.245910531722
620732363,1995,6452.98388671875,26.8069720101307,240.720357535349
620732363,2000,6827.41064453125,26.8069720101307,254.687871571287
620732363,2005,7249.013671875,26.8069720101307,270.415236347302
620732363,2010,7710.06005859375,26.8069720101307,287.613985484076
620732363,2015,8142.09619140625,26.8069720101307,303.730543991662
620732363,2020,8621.7470703125,26.8069720101307,321.623310049872
620732363,2025,8941.2958984375,26.8069720101307,333.543672707924
620732450,1985,0,12.4715601146272,0
620732450,1990,0,12.4715601146272,0
620732450,1995,0,12.4715601146272,0
620732450,2000,0,12.4715601146272,0
620732450,2005,0,12.4715601146272,0
620732450,2010,0,12.4715601146272,0
620732450,2015,0,12.4715601146272,0
620732450,2020,0,12.4715601146272,0
620732450,2025,0,12.4715601146272,0
620733734,1985,2649.79223632812,21.2667995842838,124.597602277981
620733734,1990,2960.09814453125,21.2667995842838,139.188697989083
620733734,1995,3238.8203125,21.2667995842838,152.294674131104
620733734,2000,3459.62231445312,21.2667995842838,162.677148516967
620733734,2005,3715.51879882812,21.2667995842838,174.709823361193
620733734,2010,4023.74658203125,21.2667995842838,189.203202206542
620733734,2015,4268.8916015625,21.2667995842838,200.73032543727
620733734,2020,4545.71484375,21.2667995842838,213.747010956424
620733734,2025,4705.20556640625,21.2667995842838,221.246527845374
620733826,1985,0.00111694331280887,13.5386739731699,8.25002001689647e-05
620733826,1990,0.00123960943892598,13.5386739731699,9.156062413369e-05
620733826,1995,0.00144664675462991,13.5386739731699,0.000106852913180182
620733826,2000,0.00166003254707903,13.5386739731699,0.000122614116446616
620733826,2005,0.00192560849245638,13.5386739731699,0.000142230213702791
620733826,2010,0.00223905849270523,13.5386739731699,0.000165382407253653
620733826,2015,0.0025573275052011,13.5386739731699,0.00018889054498757
620733826,2020,0.00288272579200566,13.5386739731699,0.000212925268583796
620733826,2025,0.00321586290374398,13.5386739731699,0.000237531600961584
620735123,1985,560.129760742188,19.133549431712,29.2747439643282
620735123,1990,667.097900390625,19.133549431712,34.8653501417241
620735123,1995,668.062316894531,19.133549431712,34.9157546161969
620735123,2000,657.857238769531,19.133549431712,34.382394187625
620735123,2005,703.066528320312,19.133549431712,36.7452223556099
620735123,2010,756.434753417969,19.133549431712,39.5344709102562
620735123,2015,801.014221191406,19.133549431712,41.8643819355233
620735123,2020,849.957275390625,19.133549431712,44.4223523933255
620735123,2025,881.5966796875,19.133549431712,46.0759611191815
620735135,1985,50.7714881896973,2.61337523951827,19.4275538475891
620735135,1990,55.6043281555176,2.61337523951827,21.2768252008721
620735135,1995,59.919994354248,2.61337523951827,22.9282016023436
620735135,2000,61.5635070800781,2.61337523951827,23.5570866935382
620735135,2005,64.5558395385742,2.61337523951827,24.7020935081921
620735135,2010,65.9161911010742,2.61337523951827,25.2226278508802
620735135,2015,67.8120727539062,2.61337523951827,25.9480811360278
620735135,2020,72.1960906982422,2.61337523951827,27.6256121227927
620735135,2025,73.1669921875,2.61337523951827,27.9971245924053
620735158,1985,0,68.3540742570284,0
620735158,1990,0,68.3540742570284,0
620735158,1995,0,68.3540742570284,0
620735158,2000,0,68.3540742570284,0
620735158,2005,0,68.3540742570284,0
620735158,2010,0,68.3540742570284,0
620735158,2015,0,68.3540742570284,0
620735158,2020,0,68.3540742570284,0
620735158,2025,0,68.3540742570284,0
620735168,1985,0,14.0911789148476,0
620735168,1990,0,14.0911789148476,0
620735168,1995,0,14.0911789148476,0
620735168,2000,0,14.0911789148476,0
620735168,2005,0,14.0911789148476,0
620735168,2010,0,14.0911789148476,0
620735168,2015,0,14.0911789148476,0
620735168,2020,0,14.0911789148476,0
620735168,2025,0,14.0911789148476,0
620735172,1985,0,37.4753757280918,0
620735172,1990,0,37.4753757280918,0
620735172,1995,0,37.4753757280918,0
620735172,2000,0,37.4753757280918,0
620735172,2005,0,37.4753757280918,0
620735172,2010,0,37.4753757280918,0
620735172,2015,0,37.4753757280918,0
620735172,2020,0,37.4753757280918,0
620735172,2025,0,37.4753757280918,0
620735204,1985,19.3631553649902,21.6166891660887,0.895750279620355
620735204,1990,23.3696670532227,21.6166891660887,1.08109372687303
620735204,1995,26.4756755828857,21.6166891660887,1.2247793998176
620735204,2000,29.5738410949707,21.6166891660887,1.36810225042995
620735204,2005,33.3865432739258,21.6166891660887,1.54447996256065
620735204,2010,37.7683868408203,21.6166891660887,1.74718647016814
620735204,2015,42.0780601501465,21.6166891660887,1.94655434173318
620735204,2020,46.8654861450195,21.6166891660887,2.16802331684262
620735204,2025,50.8956871032715,21.6166891660887,2.35446264283221
620736498,1985,0,0.0513458983675471,0
620736498,1990,0,0.0513458983675471,0
620736498,1995,0,0.0513458983675471,0
620736498,2000,0,0.0513458983675471,0
620736498,2005,0,0.0513458983675471,0
620736498,2010,0,0.0513458983675471,0
620736498,2015,0,0.0513458983675471,0
620736498,2020,0,0.0513458983675471,0
620736498,2025,0,0.0513458983675471,0
620736499,1985,7.8931713104248,0.929138493869443,8.4951504673467
620736499,1990,9.03053379058838,0.929138493869443,9.71925482602737
620736499,1995,9.27006149291992,0.929138493869443,9.97705030421708
620736499,2000,9.13062953948975,0.929138493869443,9.82698445897424
620736499,2005,9.72235679626465,0.929138493869443,10.4638402782942
620736499,2010,10.2222576141357,0.929138493869443,11.0018664403459
620736499,2015,10.601203918457,0.929138493869443,11.4097133940795
620736499,2020,11.2316818237305,0.929138493869443,12.0882752117562
620736499,2025,11.6505851745605,0.929138493869443,12.5391265687864
620736534,1985,0,2.98697523516303,0
620736534,1990,0,2.98697523516303,0
620736534,1995,0,2.98697523516303,0
620736534,2000,0,2.98697523516303,0
620736534,2005,0,2.98697523516303,0
620736534,2010,0,2.98697523516303,0
620736534,2015,0,2.98697523516303,0
620736534,2020,0,2.98697523516303,0
620736534,2025,0,2.98697523516303,0
620736542,1985,762.948303222656,6.33802565771797,120.376335538118
620736542,1990,854.288513183594,6.33802565771797,134.787796597716
620736542,1995,915.338012695312,6.33802565771797,144.420054781678
620736542,2000,957.170043945312,6.33802565771797,151.020222327397
620736542,2005,1016.61907958984,6.33802565771797,160.399962778927
620736542,2010,1079.90539550781,6.33802565771797,170.385141024601
620736542,2015,1132.66149902344,6.33802565771797,178.7088850996
620736542,2020,1185.7763671875,6.33802565771797,187.089234286004
620736542,2025,1210.19250488281,6.33802565771797,190.941559759881
620737861,1985,397.959655761719,2.24046196330461,177.623928582452
620737861,1990,438.860748291016,2.24046196330461,195.879579961139
620737861,1995,469.106750488281,2.24046196330461,209.379475381213
620737861,2000,490.885375976562,2.24046196330461,219.100071331951
620737861,2005,550.009094238281,2.24046196330461,245.489146098707
620737861,2010,618.474365234375,2.24046196330461,276.047697021442
620737861,2015,676.060852050781,2.24046196330461,301.750649251645
620737861,2020,748.889343261719,2.24046196330461,334.256664709064
620737861,2025,777.041137695312,2.24046196330461,346.821838719905
620737932,1985,0,23.3222090739593,0
620737932,1990,0,23.3222090739593,0
620737932,1995,0,23.3222090739593,0
620737932,2000,0,23.3222090739593,0
620737932,2005,0,23.3222090739593,0
620737932,2010,0,23.3222090739593,0
620737932,2015,0,23.3222090739593,0
620737932,2020,0,23.3222090739593,0
620737932,2025,0,23.3222090739593,0
620739265,1985,0,8.85314753319622,0
620739265,1990,0,8.85314753319622,0
620739265,1995,0,8.85314753319622,0
620739265,2000,0,8.85314753319622,0
620739265,2005,0,8.85314753319622,0
620739265,2010,0,8.85314753319622,0
620739265,2015,0,8.85314753319622,0
620739265,2020,0,8.85314753319622,0
620739265,2025,0,8.85314753319622,0
620739293,1985,1997.04040527344,39.9312409584797,50.0119795262549
620739293,1990,2181.87817382812,39.9312409584797,54.6408807103398
620739293,1995,2340.57202148438,39.9312409584797,58.6150584179963
620739293,2000,2462.91064453125,39.9312409584797,61.6787904761631
620739293,2005,2613.28588867188,39.9312409584797,65.4446449933564
620739293,2010,2779.92260742188,39.9312409584797,69.6177364062495
620739293,2015,2908.90087890625,39.9312409584797,72.8477455015964
620739293,2020,3014.87548828125,39.9312409584797,75.5016727733581
620739293,2025,3081.7421875,39.9312409584797,77.1762187582495
620740625,1985,5196.4970703125,5.82622637352741,891.914720980255
620740625,1990,5529.921875,5.82622637352741,949.142982175611
620740625,1995,6103.92236328125,5.82622637352741,1047.66309647967
620740625,2000,6550.97265625,5.82622637352741,1124.39377330335
620740625,2005,7085.64404296875,5.82622637352741,1216.16353170961
620740625,2010,7664.9775390625,5.82622637352741,1315.59899112225
620740625,2015,8224.341796875,5.82622637352741,1411.60697672921
620740625,2020,8760.5205078125,5.82622637352741,1503.63544877309
620740625,2025,9085.8369140625,5.82622637352741,1559.47200324137
620740634,1985,0,13.0124163203676,0
620740634,1990,0,13.0124163203676,0
620740634,1995,0,13.0124163203676,0
620740634,2000,0,13.0124163203676,0
620740634,2005,0,13.0124163203676,0
620740634,2010,0,13.0124163203676,0
620740634,2015,0,13.0124163203676,0
620740634,2020,0,13.0124163203676,0
620740634,2025,0,13.0124163203676,0
620740653,1985,0,1.59083172053227,0
620740653,1990,0,1.59083172053227,0
620740653,1995,0,1.59083172053227,0
620740653,2000,0,1.59083172053227,0
620740653,2005,0,1.59083172053227,0
620740653,2010,0,1.59083172053227,0
620740653,2015,0,1.59083172053227,0
620740653,2020,0,1.59083172053227,0
620740653,2025,0,1.59083172053227,0
620740655,1985,0,34.7869982755287,0
620740655,1990,0,34.7869982755287,0
620740655,1995,0,34.7869982755287,0
620740655,2000,0,34.7869982755287,0
620740655,2005,0,34.7869982755287,0
620740655,2010,0,34.7869982755287,0
620740655,2015,0,34.7869982755287,0
620740655,2020,0,34.7869982755287,0
620740655,2025,0,34.7869982755287,0
620740669,1985,71.3525543212891,0.286707980094591,248.868393191387
620740669,1990,78.63134765625,0.286707980094591,274.255873974306
620740669,1995,85.6554260253906,0.286707980094591,298.754942213785
620740669,2000,89.646240234375,0.286707980094591,312.674381106514
620740669,2005,93.0172424316406,0.286707980094591,324.431996629296
620740669,2010,98.5769271850586,0.286707980094591,343.823451138458
620740669,2015,100.877685546875,0.286707980094591,351.848195901605
620740669,2020,105.688400268555,0.286707980094591,368.627340730753
620740669,2025,108.871788024902,0.286707980094591,379.730581579848
620741986,1985,4598.26025390625,40.6935549334256,112.997261149314
620741986,1990,5105.23876953125,40.6935549334256,125.455708597673
620741986,1995,5451.6123046875,40.6935549334256,133.967462749477
620741986,2000,5695.5947265625,40.6935549334256,139.963066286061
620741986,2005,6103.47900390625,40.6935549334256,149.986380248457
620741986,2010,6550.7626953125,40.6935549334256,160.977892101821
620741986,2015,6964.9482421875,40.6935549334256,171.156052932267
620741986,2020,7521.2685546875,40.6935549334256,184.827021551502
620741986,2025,7763.697265625,40.6935549334256,190.784444326045
620742010,1985,0,13.5120622196304,0
620742010,1990,0,13.5120622196304,0
620742010,1995,0,13.5120622196304,0
620742010,2000,0,13.5120622196304,0
620742010,2005,0,13.5120622196304,0
620742010,2010,0,13.5120622196304,0
620742010,2015,0,13.5120622196304,0
620742010,2020,0,13.5120622196304,0
620742010,2025,0,13.5120622196304,0
620742022,1985,44.5087471008301,18.5321162849836,2.40170881816099
620742022,1990,49.5432662963867,18.5321162849836,2.67337337703471
620742022,1995,52.8673324584961,18.5321162849836,2.85274124366109
620742022,2000,57.9893188476562,18.5321162849836,3.12912556536483
620742022,2005,59.9413909912109,18.5321162849836,3.2344601161272
620742022,2010,64.7157592773438,18.5321162849836,3.49208683358965
620742022,2015,68.6269607543945,18.5321162849836,3.70313674375129
620742022,2020,71.7386703491211,18.5321162849836,3.8710457697295
620742022,2025,72.0801086425781,18.5321162849836,3.88946990911037
620742045,1985,1715.4208984375,14.2788968366829,120.136794743873
620742045,1990,1866.60241699219,14.2788968366829,130.724553748217
620742045,1995,2000.15905761719,14.2788968366829,140.077982248511
620742045,2000,2103.87744140625,14.2788968366829,147.341735532491
620742045,2005,2238.42504882812,14.2788968366829,156.764564828114
620742045,2010,2390.65771484375,14.2788968366829,167.425939285596
620742045,2015,2512.49633789062,14.2788968366829,175.958714922287
620742045,2020,2634.73583984375,14.2788968366829,184.51956548037
620742045,2025,2696.177734375,14.2788968366829,188.822551574744
620744774,1985,11.4733066558838,0.597349134554383,19.2070365422774
620744774,1990,13.730975151062,0.597349134554383,22.9865155179394
620744774,1995,16.1278686523438,0.597349134554383,26.9990659053603
620744774,2000,18.6862564086914,0.597349134554383,31.2819678271254
620744774,2005,21.6569805145264,0.597349134554383,36.2551467169736
620744774,2010,24.717752456665,0.597349134554383,41.3790713451092
620744774,2015,29.0121612548828,0.597349134554383,48.5681816154729
620744774,2020,33.1733627319336,0.597349134554383,55.534294456927
620744774,2025,36.7003593444824,0.597349134554383,61.4387084897353
620746150,1985,2.03814935684204,1.72567988606571,1.18107035568961
620746150,1990,2.25888419151306,1.72567988606571,1.30898216393017
620746150,1995,2.59091949462891,1.72567988606571,1.5013905623805
620746150,2000,2.92528867721558,1.72567988606571,1.69515140139044
620746150,2005,3.39660429954529,1.72567988606571,1.96827020293377
620746150,2010,3.95581555366516,1.72567988606571,2.29232291898808
620746150,2015,4.53239011764526,1.72567988606571,2.62643735622279
620746150,2020,5.14655351638794,1.72567988606571,2.98233383719926
620746150,2025,5.74509763717651,1.72567988606571,3.32917923165603
620746160,1985,0,15.3816764118758,0
620746160,1990,0,15.3816764118758,0
620746160,1995,0,15.3816764118758,0
620746160,2000,0,15.3816764118758,0
620746160,2005,0,15.3816764118758,0
620746160,2010,0,15.3816764118758,0
620746160,2015,0,15.3816764118758,0
620746160,2020,0,15.3816764118758,0
620746160,2025,0,15.3816764118758,0
620746164,1985,0,0.0369854937221326,0
620746164,1990,0,0.0369854937221326,0
620746164,1995,0,0.0369854937221326,0
620746164,2000,0,0.0369854937221326,0
620746164,2005,0,0.0369854937221326,0
620746164,2010,0,0.0369854937221326,0
620746164,2015,0,0.0369854937221326,0
620746164,2020,0,0.0369854937221326,0
620746164,2025,0,0.0369854937221326,0
620746186,1985,0,8.8695194769575,0
620746186,1990,0,8.8695194769575,0
620746186,1995,0,8.8695194769575,0
620746186,2000,0,8.8695194769575,0
620746186,2005,0,8.8695194769575,0
620746186,2010,0,8.8695194769575,0
620746186,2015,0,8.8695194769575,0
620746186,2020,0,8.8695194769575,0
620746186,2025,0,8.8695194769575,0
620747492,1985,217.604888916016,25.1334718868249,8.65797172375876
620747492,1990,237.577713012695,25.1334718868249,9.45264204175607
620747492,1995,254.012008666992,25.1334718868249,10.1065228795607
620747492,2000,265.763244628906,25.1334718868249,10.5740761095653
620747492,2005,285.63525390625,25.1334718868249,11.3647352499669
620747492,2010,308.257385253906,25.1334718868249,12.2648150896931
620747492,2015,328.746032714844,25.1334718868249,13.0800087705819
620747492,2020,353.675750732422,25.1334718868249,14.0719018973984
620747492,2025,382.36181640625,25.1334718868249,15.2132510036023
620747540,1985,0,25.7292626186272,0
620747540,1990,0,25.7292626186272,0
620747540,1995,0,25.7292626186272,0
620747540,2000,0,25.7292626186272,0
620747540,2005,0,25.7292626186272,0
620747540,2010,0,25.7292626186272,0
620747540,2015,0,25.7292626186272,0
620747540,2020,0,25.7292626186272,0
620747540,2025,0,25.7292626186272,0
620747547,1985,18.1635150909424,8.09929822679186,2.24260356667185
620747547,1990,20.2164936065674,8.09929822679186,2.49607966523479
620747547,1995,22.6437015533447,8.09929822679186,2.79576093129169
620747547,2000,24.7921600341797,8.09929822679186,3.06102570123534
620747547,2005,28.0674285888672,8.09929822679186,3.46541487952898
620747547,2010,31.6087398529053,8.09929822679186,3.90265168262924
620747547,2015,35.2719955444336,8.09929822679186,4.35494465776758
620747547,2020,39.5441398620605,8.09929822679186,4.88241558154404
620747547,2025,42.8770141601562,8.09929822679186,5.29391719622354
620747550,1985,0,6.70416909514782,0
620747550,1990,0,6.70416909514782,0
620747550,1995,0,6.70416909514782,0
620747550,2000,0,6.70416909514782,0
620747550,2005,0,6.70416909514782,0
620747550,2010,0,6.70416909514782,0
620747550,2015,0,6.70416909514782,0
620747550,2020,0,6.70416909514782,0
620747550,2025,0,6.70416909514782,0
620747562,1985,0,12.3048245188496,0
620747562,1990,0,12.3048245188496,0
620747562,1995,0,12.3048245188496,0
620747562,2000,0,12.3048245188496,0
620747562,2005,0,12.3048245188496,0
620747562,2010,0,12.3048245188496,0
620747562,2015,0,12.3048245188496,0
620747562,2020,0,12.3048245188496,0
620747562,2025,0,12.3048245188496,0
620748893,1985,0.5937180519104,1.21183742997981,0.489932095859005
620748893,1990,0.69342577457428,1.21183742997981,0.572210230035418
620748893,1995,0.693489551544189,1.21183742997981,0.57226285835695
620748893,2000,0.715847671031952,1.21183742997981,0.590712626398968
620748893,2005,0.828336000442505,1.21183742997981,0.683537230283688
620748893,2010,0.939829647541046,1.21183742997981,0.775541029093895
620748893,2015,1.01667153835297,1.21183742997981,0.838950434440617
620748893,2020,1.0715000629425,1.21183742997981,0.884194559793678
620748893,2025,1.07693731784821,1.21183742997981,0.888681345538356
620748916,1985,0.647677779197693,16.3526026027981,0.0396070151601964
620748916,1990,0.728733718395233,16.3526026027981,0.04456377593806
620748916,1995,0.854817390441895,16.3526026027981,0.052274088180656
620748916,2000,0.986525118350983,16.3526026027981,0.0603283246290211
620748916,2005,1.14634549617767,16.3526026027981,0.070101715550864
620748916,2010,1.33976578712463,16.3526026027981,0.0819298199599972
620748916,2015,1.54346096515656,16.3526026027981,0.0943862578114904
620748916,2020,1.78470134735107,16.3526026027981,0.109138672950182
620748916,2025,1.990558385849,16.3526026027981,0.121727313639261
620748923,1985,16.1206932067871,11.9546881907501,1.34848295075237
620748923,1990,18.5160007476807,11.9546881907501,1.54884848958314
620748923,1995,20.8870830535889,11.9546881907501,1.74718760709713
620748923,2000,23.0482311248779,11.9546881907501,1.92796589564849
620748923,2005,25.9749069213867,11.9546881907501,2.17277995937065
620748923,2010,29.5443344116211,11.9546881907501,2.47135968251192
620748923,2015,33.1228332519531,11.9546881907501,2.77069821675332
620748923,2020,36.8677444458008,11.9546881907501,3.08395700979698
620748923,2025,40.0246047973633,11.9546881907501,3.34802582541068
620748926,1985,0,7.47724439209695,0
620748926,1990,0,7.47724439209695,0
620748926,1995,0,7.47724439209695,0
620748926,2000,0,7.47724439209695,0
620748926,2005,0,7.47724439209695,0
620748926,2010,0,7.47724439209695,0
620748926,2015,0,7.47724439209695,0
620748926,2020,0,7.47724439209695,0
620748926,2025,0,7.47724439209695,0
620748938,1985,0,25.7076158775512,0
620748938,1990,0,25.7076158775512,0
620748938,1995,0,25.7076158775512,0
620748938,2000,0,25.7076158775512,0
620748938,2005,0,25.7076158775512,0
620748938,2010,0,25.7076158775512,0
620748938,2015,0,25.7076158775512,0
620748938,2020,0,25.7076158775512,0
620748938,2025,0,25.7076158775512,0
620750269,1985,157.258529663086,7.68381936143155,20.4661929524834
620750269,1990,171.315826416016,7.68381936143155,22.295660316525
620750269,1995,184.873886108398,7.68381936143155,24.0601551666299
620750269,2000,195.882186889648,7.68381936143155,25.4928151841865
620750269,2005,208.765167236328,7.68381936143155,27.1694527703517
620750269,2010,221.687469482422,7.68381936143155,28.8512078505083
620750269,2015,233.116394042969,7.68381936143155,30.3386093656863
620750269,2020,247.578186035156,7.68381936143155,32.2207192009041
620750269,2025,254.321929931641,7.68381936143155,33.0983743850348
620750302,1985,2691.01635742188,69.0943026595461,38.947007985326
620750302,1990,2956.80102539062,69.0943026595461,42.7937023977202
620750302,1995,3172.33642578125,69.0943026595461,45.9131405003471
620750302,2000,3332.380859375,69.0943026595461,48.2294593201831
620750302,2005,3522.28515625,69.0943026595461,50.9779391450788
620750302,2010,3732.31689453125,69.0943026595461,54.0177228927513
620750302,2015,3898.97290039062,69.0943026595461,56.4297308216908
620750302,2020,4058.59912109375,69.0943026595461,58.7399968575124
620750302,2025,4148.96728515625,69.0943026595461,60.0478928863323
620750311,1985,110.00952911377,14.536157343684,7.56799245583078
620750311,1990,135.571258544922,14.536157343684,9.32648535232237
620750311,1995,151.529113769531,14.536157343684,10.4242895964091
620750311,2000,166.628372192383,14.536157343684,11.4630275562326
620750311,2005,187.32746887207,14.536157343684,12.8870006318049
620750311,2010,210.971786499023,14.536157343684,14.5135871544959
620750311,2015,234.870712280273,14.536157343684,16.1576891834021
620750311,2020,262.38623046875,14.536157343684,18.0505909687857
620750311,2025,284.252166748047,14.536157343684,19.5548355749985
620750314,1985,56.3633308410645,38.6299963796995,1.45905607360305
620750314,1990,62.3724594116211,38.6299963796995,1.61461209570287
620750314,1995,64.6386566162109,38.6299963796995,1.67327627941946
620750314,2000,65.3211364746094,38.6299963796995,1.69094337551987
620750314,2005,73.3065490722656,38.6299963796995,1.8976587093544
620750314,2010,81.9794998168945,38.6299963796995,2.12217208127867
620750314,2015,89.2247314453125,38.6299963796995,2.309726632338
620750314,2020,93.8464660644531,38.6299963796995,2.42936771575186
620750314,2025,95.9273910522461,38.6299963796995,2.48323582817256
620751663,1985,1265.51477050781,13.6449514871636,92.7460073198749
620751663,1990,1374.49340820312,13.6449514871636,100.732744231167
620751663,1995,1472.69372558594,13.6449514871636,107.929568454044
620751663,2000,1540.52453613281,13.6449514871636,112.900697197938
620751663,2005,1626.3544921875,13.6449514871636,119.190932537758
620751663,2010,1724.76208496094,13.6449514871636,126.40294738926
620751663,2015,1801.79650878906,13.6449514871636,132.048582985736
620751663,2020,1890.15563964844,13.6449514871636,138.524174411803
620751663,2025,1930.46411132812,13.6449514871636,141.478268584846
620751665,1985,497.835540771484,10.284497581383,48.4064036023177
620751665,1990,544.773681640625,10.284497581383,52.9703738398243
620751665,1995,584.7353515625,10.284497581383,56.8559958262802
620751665,2000,615.505615234375,10.284497581383,59.8479031536324
620751665,2005,650.894165039062,10.284497581383,63.2888636404867
620751665,2010,688.93115234375,10.284497581383,66.9873415684257
620751665,2015,721.401733398438,10.284497581383,70.1445770870053
620751665,2020,756.851867675781,10.284497581383,73.5915256614807
620751665,2025,773.661193847656,10.284497581383,75.2259590442356
620751682,1985,0,11.8597417660887,0
620751682,1990,0,11.8597417660887,0
620751682,1995,0,11.8597417660887,0
620751682,2000,0,11.8597417660887,0
620751682,2005,0,11.8597417660887,0
620751682,2010,0,11.8597417660887,0
620751682,2015,0,11.8597417660887,0
620751682,2020,0,11.8597417660887,0
620751682,2025,0,11.8597417660887,0
620751687,1985,0.921917915344238,5.92573258871996,0.155578724071885
620751687,1990,1.06184840202332,5.92573258871996,0.179192764122468
620751687,1995,1.11661112308502,5.92573258871996,0.188434274811956
620751687,2000,1.46964633464813,5.92573258871996,0.248010910489904
620751687,2005,1.29385483264923,5.92573258871996,0.218345126662005
620751687,2010,1.64406442642212,5.92573258871996,0.277444923780683
620751687,2015,1.70593857765198,5.92573258871996,0.287886527464866
620751687,2020,1.92012119293213,5.92573258871996,0.32403102303118
620751687,2025,2.08206152915955,5.92573258871996,0.351359346373965
620751690,1985,5.22913265228271,8.69047703841484,0.601708356073917
620751690,1990,5.79138469696045,8.69047703841484,0.666405845313275
620751690,1995,6.00180435180664,8.69047703841484,0.690618515563259
620751690,2000,6.0651741027832,8.69047703841484,0.697910376607991
620751690,2005,6.71354293823242,8.69047703841484,0.772517194229534
620751690,2010,7.41862869262695,8.69047703841484,0.853650341613483
620751690,2015,8.01179695129395,8.69047703841484,0.921905312663402
620751690,2020,8.42181015014648,8.69047703841484,0.969084909023894
620751690,2025,8.60855293273926,8.69047703841484,0.990573117526984
620751691,1985,0,40.9276737890344,0
620751691,1990,0,40.9276737890344,0
620751691,1995,0,40.9276737890344,0
620751691,2000,0,40.9276737890344,0
620751691,2005,0,40.9276737890344,0
620751691,2010,0,40.9276737890344,0
620751691,2015,0,40.9276737890344,0
620751691,2020,0,40.9276737890344,0
620751691,2025,0,40.9276737890344,0
620753011,1985,199.932083129883,4.49223878387032,44.5061121523086
620753011,1990,225.826202392578,4.49223878387032,50.2703024610851
620753011,1995,242.69514465332,4.49223878387032,54.0254328253282
620753011,2000,255.082122802734,4.49223878387032,56.782850394913
620753011,2005,272.365509033203,4.49223878387032,60.6302385374414
620753011,2010,292.080902099609,4.49223878387032,65.0190063690169
620753011,2015,306.529327392578,4.49223878387032,68.2353147595786
620753011,2020,326.063110351562,4.49223878387032,72.5836550635539
620753011,2025,339.591217041016,4.49223878387032,75.5950948690306
620753039,1985,108.603561401367,76.5220962483722,1.41924446304851
620753039,1990,122.788269042969,76.5220962483722,1.60461193645856
620753039,1995,143.718338012695,76.5220962483722,1.87812860675197
620753039,2000,165.433349609375,76.5220962483722,2.16190300213965
620753039,2005,194.333114624023,76.5220962483722,2.53956862333286
620753039,2010,227.427505493164,76.5220962483722,2.97205012203259
620753039,2015,263.204345703125,76.5220962483722,3.43958619284066
620753039,2020,302.696197509766,76.5220962483722,3.95567048408197
620753039,2025,337.676727294922,76.5220962483722,4.41280027403987
620753049,1985,0,0.215148351736849,0
620753049,1990,0,0.215148351736849,0
620753049,1995,0,0.215148351736849,0
620753049,2000,0,0.215148351736849,0
620753049,2005,0,0.215148351736849,0
620753049,2010,0,0.215148351736849,0
620753049,2015,0,0.215148351736849,0
620753049,2020,0,0.215148351736849,0
620753049,2025,0,0.215148351736849,0
620753058,1985,0,15.5362353014609,0
620753058,1990,0,15.5362353014609,0
620753058,1995,0,15.5362353014609,0
620753058,2000,0,15.5362353014609,0
620753058,2005,0,15.5362353014609,0
620753058,2010,0,15.5362353014609,0
620753058,2015,0,15.5362353014609,0
620753058,2020,0,15.5362353014609,0
620753058,2025,0,15.5362353014609,0
620753066,1985,0,28.1861177964365,0
620753066,1990,0,28.1861177964365,0
620753066,1995,0,28.1861177964365,0
620753066,2000,0,28.1861177964365,0
620753066,2005,0,28.1861177964365,0
620753066,2010,0,28.1861177964365,0
620753066,2015,0,28.1861177964365,0
620753066,2020,0,28.1861177964365,0
620753066,2025,0,28.1861177964365,0
620753067,1985,0,18.2598385682055,0
620753067,1990,0,18.2598385682055,0
620753067,1995,0,18.2598385682055,0
620753067,2000,0,18.2598385682055,0
620753067,2005,0,18.2598385682055,0
620753067,2010,0,18.2598385682055,0
620753067,2015,0,18.2598385682055,0
620753067,2020,0,18.2598385682055,0
620753067,2025,0,18.2598385682055,0
620754415,1985,0,26.7114431429236,0
620754415,1990,0,26.7114431429236,0
620754415,1995,0,26.7114431429236,0
620754415,2000,0,26.7114431429236,0
620754415,2005,0,26.7114431429236,0
620754415,2010,0,26.7114431429236,0
620754415,2015,0,26.7114431429236,0
620754415,2020,0,26.7114431429236,0
620754415,2025,0,26.7114431429236,0
620754425,1985,0.503568708896637,14.5708856686663,0.0345599245198613
620754425,1990,0.56993305683136,14.5708856686663,0.0391145102495013
620754425,1995,0.650344550609589,14.5708856686663,0.0446331517107508
620754425,2000,0.724922657012939,14.5708856686663,0.0497514477497984
620754425,2005,0.820983946323395,14.5708856686663,0.0563441348036148
620754425,2010,0.948475062847137,14.5708856686663,0.0650938511505013
620754425,2015,1.06205582618713,14.5708856686663,0.0728888998471116
620754425,2020,1.23022556304932,14.5708856686663,0.0844303902332328
620754425,2025,1.37239444255829,14.5708856686663,0.0941874415712099
620754426,1985,98.1066284179688,16.6441603113591,5.89435733510775
620754426,1990,110.004508972168,16.6441603113591,6.60919547242606
620754426,1995,124.055679321289,16.6441603113591,7.45340569909226
620754426,2000,137.663970947266,16.6441603113591,8.27100727053888
620754426,2005,154.943511962891,16.6441603113591,9.30918166278096
620754426,2010,174.851577758789,16.6441603113591,10.5052808004654
620754426,2015,194.526107788086,16.6441603113591,11.6873488448275
620754426,2020,216.962249755859,16.6441603113591,13.0353376618098
620754426,2025,235.42497253418,16.6441603113591,14.1445989542356
620754434,1985,0,18.791486962747,0
620754434,1990,0,18.791486962747,0
620754434,1995,0,18.791486962747,0
620754434,2000,0,18.791486962747,0
620754434,2005,0,18.791486962747,0
620754434,2010,0,18.791486962747,0
620754434,2015,0,18.791486962747,0
620754434,2020,0,18.791486962747,0
620754434,2025,0,18.791486962747,0
620754453,1985,24.9819374084473,2.91848626202315,8.55989549566332
620754453,1990,28.4282150268555,2.91848626202315,9.74073971043758
620754453,1995,33.1762390136719,2.91848626202315,11.3676187019888
620754453,2000,38.0698623657227,2.91848626202315,13.0443863523044
620754453,2005,44.1603660583496,2.91848626202315,15.1312571290765
620754453,2010,51.3487815856934,2.91848626202315,17.5943201288525
620754453,2015,58.7916793823242,2.91848626202315,20.1445797937622
620754453,2020,67.4986953735352,2.91848626202315,23.1279811907505
620754453,2025,75.2990570068359,2.91848626202315,25.8007234732149
620754461,1985,0,9.63747422912667,0
620754461,1990,0,9.63747422912667,0
620754461,1995,0,9.63747422912667,0
620754461,2000,0,9.63747422912667,0
620754461,2005,0,9.63747422912667,0
620754461,2010,0,9.63747422912667,0
620754461,2015,0,9.63747422912667,0
620754461,2020,0,9.63747422912667,0
620754461,2025,0,9.63747422912667,0
620755765,1985,0,9.22560404097371,0
620755765,1990,0,9.22560404097371,0
620755765,1995,0,9.22560404097371,0
620755765,2000,0,9.22560404097371,0
620755765,2005,0,9.22560404097371,0
620755765,2010,0,9.22560404097371,0
620755765,2015,0,9.22560404097371,0
620755765,2020,0,9.22560404097371,0
620755765,2025,0,9.22560404097371,0
620755801,1985,0,4.21645816747375,0
620755801,1990,0,4.21645816747375,0
620755801,1995,0,4.21645816747375,0
620755801,2000,0,4.21645816747375,0
620755801,2005,0,4.21645816747375,0
620755801,2010,0,4.21645816747375,0
620755801,2015,0,4.21645816747375,0
620755801,2020,0,4.21645816747375,0
620755801,2025,0,4.21645816747375,0
620755802,1985,0,0.468438311343464,0
620755802,1990,0,0.468438311343464,0
620755802,1995,0,0.468438311343464,0
620755802,2000,0,0.468438311343464,0
620755802,2005,0,0.468438311343464,0
620755802,2010,0,0.468438311343464,0
620755802,2015,0,0.468438311343464,0
620755802,2020,0,0.468438311343464,0
620755802,2025,0,0.468438311343464,0
620755828,1985,0,0.182270453202953,0
620755828,1990,0,0.182270453202953,0
620755828,1995,0,0.182270453202953,0
620755828,2000,0,0.182270453202953,0
620755828,2005,0,0.182270453202953,0
620755828,2010,0,0.182270453202953,0
620755828,2015,0,0.182270453202953,0
620755828,2020,0,0.182270453202953,0
620755828,2025,0,0.182270453202953,0
620757141,1985,1.88091218471527,17.3349914235333,0.108503785133797
620757141,1990,1.82302212715149,17.3349914235333,0.105164293573092
620757141,1995,2.08132028579712,17.3349914235333,0.120064685060738
620757141,2000,2.01712155342102,17.3349914235333,0.11636126630456
620757141,2005,2.25426530838013,17.3349914235333,0.130041328161249
620757141,2010,2.55813980102539,17.3349914235333,0.14757087203127
620757141,2015,3.15036606788635,17.3349914235333,0.181734503981902
620757141,2020,3.27895331382751,17.3349914235333,0.189152289361743
620757141,2025,3.36092829704285,17.3349914235333,0.193881162956918
620757171,1985,0,11.2997542672352,0
620757171,1990,0,11.2997542672352,0
620757171,1995,0,11.2997542672352,0
620757171,2000,0,11.2997542672352,0
620757171,2005,0,11.2997542672352,0
620757171,2010,0,11.2997542672352,0
620757171,2015,0,11.2997542672352,0
620757171,2020,0,11.2997542672352,0
620757171,2025,0,11.2997542672352,0
620757176,1985,0,11.778544958983,0
620757176,1990,0,11.778544958983,0
620757176,1995,0,11.778544958983,0
620757176,2000,0,11.778544958983,0
620757176,2005,0,11.778544958983,0
620757176,2010,0,11.778544958983,0
620757176,2015,0,11.778544958983,0
620757176,2020,0,11.778544958983,0
620757176,2025,0,11.778544958983,0
620757180,1985,0,11.2953592657198,0
620757180,1990,0,11.2953592657198,0
620757180,1995,0,11.2953592657198,0
620757180,2000,0,11.2953592657198,0
620757180,2005,0,11.2953592657198,0
620757180,2010,0,11.2953592657198,0
620757180,2015,0,11.2953592657198,0
620757180,2020,0,11.2953592657198,0
620757180,2025,0,11.2953592657198,0
620758514,1985,362.585998535156,10.0157915541471,36.2014321658905
620758514,1990,409.142456054688,10.0157915541471,40.8497375212725
620758514,1995,422.169708251953,10.0157915541471,42.1504087789397
620758514,2000,428.715362548828,10.0157915541471,42.8039421778217
620758514,2005,450.696868896484,10.0157915541471,44.9986270640656
620758514,2010,475.091369628906,10.0157915541471,47.4342309402586
620758514,2015,494.100616455078,10.0157915541471,49.3321585002926
620758514,2020,524.034912109375,10.0157915541471,52.3208684282566
620758514,2025,544.768249511719,10.0157915541471,54.390933214475
620758552,1985,0,37.2131689227831,0
620758552,1990,0,37.2131689227831,0
620758552,1995,0,37.2131689227831,0
620758552,2000,0,37.2131689227831,0
620758552,2005,0,37.2131689227831,0
620758552,2010,0,37.2131689227831,0
620758552,2015,0,37.2131689227831,0
620758552,2020,0,37.2131689227831,0
620758552,2025,0,37.2131689227831,0
620758561,1985,108.809638977051,6.89322576629973,15.7850101920366
620758561,1990,125.128311157227,6.89322576629973,18.1523593451655
620758561,1995,136.020172119141,6.89322576629973,19.7324412010599
620758561,2000,143.325302124023,6.89322576629973,20.7921961333003
620758561,2005,154.552886962891,6.89322576629973,22.420981439268
620758561,2010,166.870452880859,6.89322576629973,24.2078902589658
620758561,2015,177.481048583984,6.89322576629973,25.7471689744547
620758561,2020,187.832168579102,6.89322576629973,27.2488055588421
620758561,2025,192.366333007812,6.89322576629973,27.9065766202337
620759880,1985,140.550857543945,8.77260187026571,16.0215702960755
620759880,1990,156.678268432617,8.77260187026571,17.8599542928843
620759880,1995,166.926895141602,8.77260187026571,19.0282082340237
620759880,2000,174.097900390625,8.77260187026571,19.8456402063248
620759880,2005,185.635131835938,8.77260187026571,21.1607838337151
620759880,2010,196.997360229492,8.77260187026571,22.4559786415481
620759880,2015,208.963333129883,8.77260187026571,23.8199950505167
620759880,2020,223.389541625977,8.77260187026571,25.4644568315751
620759880,2025,233.089584350586,8.77260187026571,26.5701769894096
620759890,1985,1135.96154785156,12.7088924036752,89.3832060080283
620759890,1990,1267.32312011719,12.7088924036752,99.7193996032812
620759890,1995,1371.05554199219,12.7088924036752,107.881591758201
620759890,2000,1452.98217773438,12.7088924036752,114.327994256541
620759890,2005,1539.77465820312,12.7088924036752,121.157266053952
620759890,2010,1640.21801757812,12.7088924036752,129.060658118705
620759890,2015,1721.1943359375,12.7088924036752,135.432284833867
620759890,2020,1826.31762695312,12.7088924036752,143.703917614803
620759890,2025,1901.03759765625,12.7088924036752,149.583263220209
620759925,1985,0,20.9950915284986,0
620759925,1990,0,20.9950915284986,0
620759925,1995,0,20.9950915284986,0
620759925,2000,0,20.9950915284986,0
620759925,2005,0,20.9950915284986,0
620759925,2010,0,20.9950915284986,0
620759925,2015,0,20.9950915284986,0
620759925,2020,0,20.9950915284986,0
620759925,2025,0,20.9950915284986,0
620759935,1985,485.298706054688,49.4119846324162,9.82147771770155
620759935,1990,544.704650878906,49.4119846324162,11.0237355356409
620759935,1995,572.361938476562,49.4119846324162,11.5834638647781
620759935,2000,585.115051269531,49.4119846324162,11.8415614272994
620759935,2005,622.653991699219,49.4119846324162,12.6012746974493
620759935,2010,664.584533691406,49.4119846324162,13.4498652226855
620759935,2015,698.120239257812,49.4119846324162,14.1285610050121
620759935,2020,736.24072265625,49.4119846324162,14.9000435447648
620759935,2025,752.976928710938,49.4119846324162,15.238750969273
620759937,1985,278.105346679688,26.5922742210169,10.4581257085522
620759937,1990,314.006652832031,26.5922742210169,11.8081909889399
620759937,1995,331.060150146484,26.5922742210169,12.4494861701161
620759937,2000,340.005310058594,26.5922742210169,12.7858680770475
620759937,2005,364.271392822266,26.5922742210169,13.6983918635424
620759937,2010,392.018829345703,26.5922742210169,14.7418316345382
620759937,2015,414.275177001953,26.5922742210169,15.5787795191483
620759937,2020,438.506439208984,26.5922742210169,16.4899938818477
620759937,2025,447.711822509766,26.5922742210169,16.8361614651191
620759959,1985,0,0.226983890255594,0
620759959,1990,0,0.226983890255594,0
620759959,1995,0,0.226983890255594,0
620759959,2000,0,0.226983890255594,0
620759959,2005,0,0.226983890255594,0
620759959,2010,0,0.226983890255594,0
620759959,2015,0,0.226983890255594,0
620759959,2020,0,0.226983890255594,0
620759959,2025,0,0.226983890255594,0
620761279,1985,88.5691299438477,3.4653455185192,25.5585278496831
620761279,1990,95.8958511352539,3.4653455185192,27.6728108705973
620761279,1995,103.13493347168,3.4653455185192,29.7618038145157
620761279,2000,108.555557250977,3.4653455185192,31.3260414209329
620761279,2005,119.426445007324,3.4653455185192,34.4630699504842
620761279,2010,129.890380859375,3.4653455185192,37.4826637532177
620761279,2015,139.880493164062,3.4653455185192,40.3655255779042
620761279,2020,146.500961303711,3.4653455185192,42.2760040869787
620761279,2025,150.26953125,3.4653455185192,43.3635060189359
620761297,1985,0,3.33247816731163,0
620761297,1990,0,3.33247816731163,0
620761297,1995,0,3.33247816731163,0
620761297,2000,0,3.33247816731163,0
620761297,2005,0,3.33247816731163,0
620761297,2010,0,3.33247816731163,0
620761297,2015,0,3.33247816731163,0
620761297,2020,0,3.33247816731163,0
620761297,2025,0,3.33247816731163,0
620761324,1985,0,59.9022620967796,0
620761324,1990,0,59.9022620967796,0
620761324,1995,0,59.9022620967796,0
620761324,2000,0,59.9022620967796,0
620761324,2005,0,59.9022620967796,0
620761324,2010,0,59.9022620967796,0
620761324,2015,0,59.9022620967796,0
620761324,2020,0,59.9022620967796,0
620761324,2025,0,59.9022620967796,0
620761325,1985,0,20.1168235146658,0
620761325,1990,0,20.1168235146658,0
620761325,1995,0,20.1168235146658,0
620761325,2000,0,20.1168235146658,0
620761325,2005,0,20.1168235146658,0
620761325,2010,0,20.1168235146658,0
620761325,2015,0,20.1168235146658,0
620761325,2020,0,20.1168235146658,0
620761325,2025,0,20.1168235146658,0
620761330,1985,0,69.8948649110361,0
620761330,1990,0,69.8948649110361,0
620761330,1995,0,69.8948649110361,0
620761330,2000,0,69.8948649110361,0
620761330,2005,0,69.8948649110361,0
620761330,2010,0,69.8948649110361,0
620761330,2015,0,69.8948649110361,0
620761330,2020,0,69.8948649110361,0
620761330,2025,0,69.8948649110361,0
620762655,1985,128.748291015625,6.55977276738956,19.6269437343422
620762655,1990,140.824508666992,6.55977276738956,21.4678943403451
620762655,1995,152.799270629883,6.55977276738956,23.2933786044373
620762655,2000,162.195358276367,6.55977276738956,24.7257586547334
620762655,2005,182.502395629883,6.55977276738956,27.8214508492051
620762655,2010,203.778671264648,6.55977276738956,31.06489789977
620762655,2015,222.554534912109,6.55977276738956,33.9271713829005
620762655,2020,233.569625854492,6.55977276738956,35.6063592653134
620762655,2025,239.664337158203,6.55977276738956,36.5354632937349
620762666,1985,375.737060546875,3.5203081182789,106.734140286156
620762666,1990,519.545349121094,3.5203081182789,147.585191882324
620762666,1995,490.797393798828,3.5203081182789,139.41887394754
620762666,2000,481.1015625,3.5203081182789,136.664617509451
620762666,2005,486.634338378906,3.5203081182789,138.23629126442
620762666,2010,506.64697265625,3.5203081182789,143.921201108939
620762666,2015,541.001159667969,3.5203081182789,153.680059100187
620762666,2020,620.565002441406,3.5203081182789,176.281445143729
620762666,2025,692.047119140625,3.5203081182789,196.58708723456
620764003,1985,33.725227355957,0.380945477708184,88.5303260688438
620764003,1990,37.9039192199707,0.380945477708184,99.499590986105
620764003,1995,39.0026817321777,0.380945477708184,102.383894847165
620764003,2000,40.0284805297852,0.380945477708184,105.076665486624
620764003,2005,41.8483963012695,0.380945477708184,109.854030957487
620764003,2010,44.4879341125488,0.380945477708184,116.782943271026
620764003,2015,46.6175003051758,0.380945477708184,122.373155827003
620764003,2020,49.1035957336426,0.380945477708184,128.899274586631
620764003,2025,53.2914581298828,0.380945477708184,139.892612587216
620764031,1985,501.100769042969,8.41783340888903,59.5284730289172
620764031,1990,553.876403808594,8.41783340888903,65.7979763799689
620764031,1995,597.294555664062,8.41783340888903,70.9558536800376
620764031,2000,631.710998535156,8.41783340888903,75.0443692397244
620764031,2005,683.118286132812,8.41783340888903,81.1513192232405
620764031,2010,740.895263671875,8.41783340888903,88.0149591567715
620764031,2015,789.226623535156,8.41783340888903,93.7565030333995
620764031,2020,828.273742675781,8.41783340888903,98.3951216949891
620764031,2025,850.833984375,8.41783340888903,101.075174934745
620764082,1985,0,16.4623495358624,0
620764082,1990,0,16.4623495358624,0
620764082,1995,0,16.4623495358624,0
620764082,2000,0,16.4623495358624,0
620764082,2005,0,16.4623495358624,0
620764082,2010,0,16.4623495358624,0
620764082,2015,0,16.4623495358624,0
620764082,2020,0,16.4623495358624,0
620764082,2025,0,16.4623495358624,0
620764091,1985,0,0.465057136646072,0
620764091,1990,0,0.465057136646072,0
620764091,1995,0,0.465057136646072,0
620764091,2000,0,0.465057136646072,0
620764091,2005,0,0.465057136646072,0
620764091,2010,0,0.465057136646072,0
620764091,2015,0,0.465057136646072,0
620764091,2020,0,0.465057136646072,0
620764091,2025,0,0.465057136646072,0
620764092,1985,94.597282409668,31.990533571522,2.95703984424563
620764092,1990,111.414291381836,31.990533571522,3.48272688646297
620764092,1995,126.805793762207,31.990533571522,3.96385366560718
620764092,2000,141.668426513672,31.990533571522,4.42844837823478
620764092,2005,159.872634887695,31.990533571522,4.99749822960171
620764092,2010,180.821380615234,31.990533571522,5.65234025281159
620764092,2015,201.607528686523,31.990533571522,6.30209959567522
620764092,2020,224.736358642578,31.990533571522,7.02508941090744
620764092,2025,243.679672241211,31.990533571522,7.6172431352672
620764104,1985,0,8.78041983908038,0
620764104,1990,0,8.78041983908038,0
620764104,1995,0,8.78041983908038,0
620764104,2000,0,8.78041983908038,0
620764104,2005,0,8.78041983908038,0
620764104,2010,0,8.78041983908038,0
620764104,2015,0,8.78041983908038,0
620764104,2020,0,8.78041983908038,0
620764104,2025,0,8.78041983908038,0
620765420,1985,0,26.1007091398837,0
620765420,1990,0,26.1007091398837,0
620765420,1995,0,26.1007091398837,0
620765420,2000,0,26.1007091398837,0
620765420,2005,0,26.1007091398837,0
620765420,2010,0,26.1007091398837,0
620765420,2015,0,26.1007091398837,0
620765420,2020,0,26.1007091398837,0
620765420,2025,0,26.1007091398837,0
620765468,1985,0,8.154455812199,0
620765468,1990,0,8.154455812199,0
620765468,1995,0,8.154455812199,0
620765468,2000,0,8.154455812199,0
620765468,2005,0,8.154455812199,0
620765468,2010,0,8.154455812199,0
620765468,2015,0,8.154455812199,0
620765468,2020,0,8.154455812199,0
620765468,2025,0,8.154455812199,0
620765476,1985,39.5439529418945,4.51228741297318,8.76361572806788
620765476,1990,44.7427597045898,4.51228741297318,9.91576014771374
620765476,1995,50.7083396911621,4.51228741297318,11.2378346169554
620765476,2000,56.6598854064941,4.51228741297318,12.5567988518622
620765476,2005,63.8702545166016,4.51228741297318,14.1547398627511
620765476,2010,72.2638854980469,4.51228741297318,16.0149119247773
620765476,2015,80.5809478759766,4.51228741297318,17.8581150758039
620765476,2020,90.1699905395508,4.51228741297318,19.9832107946637
620765476,2025,97.585807800293,4.51228741297318,21.6266826265823
620765481,1985,0,8.43342346448199,0
620765481,1990,0,8.43342346448199,0
620765481,1995,0,8.43342346448199,0
620765481,2000,0,8.43342346448199,0
620765481,2005,0,8.43342346448199,0
620765481,2010,0,8.43342346448199,0
620765481,2015,0,8.43342346448199,0
620765481,2020,0,8.43342346448199,0
620765481,2025,0,8.43342346448199,0
620766787,1985,324.745666503906,0.777579399107864,417.636664341281
620766787,1990,358.340942382812,0.777579399107864,460.841610250922
620766787,1995,383.104949951172,0.777579399107864,492.689171537617
620766787,2000,399.082489013672,0.777579399107864,513.236962645292
620766787,2005,430.556091308594,0.777579399107864,553.71334657603
620766787,2010,467.424102783203,0.777579399107864,601.127168903253
620766787,2015,496.506652832031,0.777579399107864,638.528558500502
620766787,2020,519.920288085938,0.777579399107864,668.639483868084
620766787,2025,534.857543945312,0.777579399107864,687.849426771038
620766796,1985,0,26.3851347321517,0
620766796,1990,0,26.3851347321517,0
620766796,1995,0,26.3851347321517,0
620766796,2000,0,26.3851347321517,0
620766796,2005,0,26.3851347321517,0
620766796,2010,0,26.3851347321517,0
620766796,2015,0,26.3851347321517,0
620766796,2020,0,26.3851347321517,0
620766796,2025,0,26.3851347321517,0
620766802,1985,0,21.7264040895912,0
620766802,1990,0,21.7264040895912,0
620766802,1995,0,21.7264040895912,0
620766802,2000,0,21.7264040895912,0
620766802,2005,0,21.7264040895912,0
620766802,2010,0,21.7264040895912,0
620766802,2015,0,21.7264040895912,0
620766802,2020,0,21.7264040895912,0
620766802,2025,0,21.7264040895912,0
620766809,1985,0,52.964700603192,0
620766809,1990,0,52.964700603192,0
620766809,1995,0,52.964700603192,0
620766809,2000,0,52.964700603192,0
620766809,2005,0,52.964700603192,0
620766809,2010,0,52.964700603192,0
620766809,2015,0,52.964700603192,0
620766809,2020,0,52.964700603192,0
620766809,2025,0,52.964700603192,0
620766811,1985,0,14.1478358260624,0
620766811,1990,0,14.1478358260624,0
620766811,1995,0,14.1478358260624,0
620766811,2000,0,14.1478358260624,0
620766811,2005,0,14.1478358260624,0
620766811,2010,0,14.1478358260624,0
620766811,2015,0,14.1478358260624,0
620766811,2020,0,14.1478358260624,0
620766811,2025,0,14.1478358260624,0
620768163,1985,7360.87353515625,26.3567513789707,279.278482743108
620768163,1990,8141.09375,26.3567513789707,308.880773390591
620768163,1995,8752.86328125,26.3567513789707,332.09188626462
620768163,2000,9217.0888671875,26.3567513789707,349.705042729262
620768163,2005,9719.0673828125,26.3567513789707,368.750580944777
620768163,2010,10282.4775390625,26.3567513789707,390.126893531598
620768163,2015,10752.1826171875,26.3567513789707,407.947947096635
620768163,2020,11294.720703125,26.3567513789707,428.532353654811
620768163,2025,11588.0869140625,26.3567513789707,439.662944322808
620768172,1985,0,26.9956415592116,0
620768172,1990,0,26.9956415592116,0
620768172,1995,0,26.9956415592116,0
620768172,2000,0,26.9956415592116,0
620768172,2005,0,26.9956415592116,0
620768172,2010,0,26.9956415592116,0
620768172,2015,0,26.9956415592116,0
620768172,2020,0,26.9956415592116,0
620768172,2025,0,26.9956415592116,0
620768178,1985,0,15.0121804482156,0
620768178,1990,0,15.0121804482156,0
620768178,1995,0,15.0121804482156,0
620768178,2000,0,15.0121804482156,0
620768178,2005,0,15.0121804482156,0
620768178,2010,0,15.0121804482156,0
620768178,2015,0,15.0121804482156,0
620768178,2020,0,15.0121804482156,0
620768178,2025,0,15.0121804482156,0
620768187,1985,0,20.4277622607604,0
620768187,1990,0,20.4277622607604,0
620768187,1995,0,20.4277622607604,0
620768187,2000,0,20.4277622607604,0
620768187,2005,0,20.4277622607604,0
620768187,2010,0,20.4277622607604,0
620768187,2015,0,20.4277622607604,0
620768187,2020,0,20.4277622607604,0
620768187,2025,0,20.4277622607604,0
620768198,1985,286.046661376953,20.3710723908246,14.041806729124
620768198,1990,334.359497070312,20.3710723908246,16.4134460206873
620768198,1995,377.240783691406,20.3710723908246,18.5184548193604
620768198,2000,417.325378417969,20.3710723908246,20.4861762017957
620768198,2005,467.071960449219,20.3710723908246,22.9281969789472
620768198,2010,524.784545898438,20.3710723908246,25.761262629198
620768198,2015,580.833618164062,20.3710723908246,28.5126677192349
620768198,2020,643.764343261719,20.3710723908246,31.6018877607876
620768198,2025,698.334899902344,20.3710723908246,34.2807136759714
620768205,1985,222.079208374023,26.5247318896537,8.37253357726297
620768205,1990,253.889129638672,26.5247318896537,9.5717887251371
620768205,1995,281.93896484375,26.5247318896537,10.6292861325292
620768205,2000,307.001983642578,26.5247318896537,11.5741785786844
620768205,2005,339.609313964844,26.5247318896537,12.8034965773702
620768205,2010,378.672576904297,26.5247318896537,14.2762075213285
620768205,2015,414.248596191406,26.5247318896537,15.6174470646766
620768205,2020,462.421875,26.5247318896537,17.4336116543509
620768205,2025,504.004486083984,26.5247318896537,19.0013036957624
620768212,1985,0,21.3149621669205,0
620768212,1990,0,21.3149621669205,0
620768212,1995,0,21.3149621669205,0
620768212,2000,0,21.3149621669205,0
620768212,2005,0,21.3149621669205,0
620768212,2010,0,21.3149621669205,0
620768212,2015,0,21.3149621669205,0
620768212,2020,0,21.3149621669205,0
620768212,2025,0,21.3149621669205,0
620768224,1985,107.595489501953,54.1114604602354,1.98840483303941
620768224,1990,125.464019775391,54.1114604602354,2.31862194640985
620768224,1995,142.511611938477,54.1114604602354,2.63366781687963
620768224,2000,158.894729614258,54.1114604602354,2.93643395064201
620768224,2005,180.063507080078,54.1114604602354,3.32764086477393
620768224,2010,204.687271118164,54.1114604602354,3.78269722120292
620768224,2015,229.259826660156,54.1114604602354,4.23680722549766
620768224,2020,255.981246948242,54.1114604602354,4.73062905290376
620768224,2025,277.616271972656,54.1114604602354,5.13045239606251
620769540,1985,405.893127441406,0.99141256813825,409.40889846053
620769540,1990,446.387542724609,0.99141256813825,450.254068861433
620769540,1995,477.30322265625,0.99141256813825,481.437534681012
620769540,2000,499.914642333984,0.99141256813825,504.244810283939
620769540,2005,524.276123046875,0.99141256813825,528.817305626255
620769540,2010,548.035583496094,0.99141256813825,552.782566116987
620769540,2015,574.077697753906,0.99141256813825,579.050252340409
620769540,2020,594.94873046875,0.99141256813825,600.102066071232
620769540,2025,609.240112304688,0.99141256813825,614.517237207074
620769549,1985,11.0907964706421,0.132309478984794,83.824655313749
620769549,1990,13.3131847381592,0.132309478984794,100.621549115836
620769549,1995,13.8948698043823,0.132309478984794,105.017946642955
620769549,2000,14.3340673446655,0.132309478984794,108.337418109801
620769549,2005,14.9973287582397,0.132309478984794,113.350372726986
620769549,2010,16.2377891540527,0.132309478984794,122.725818880436
620769549,2015,16.6505393981934,0.132309478984794,125.845400692016
620769549,2020,17.5593147277832,0.132309478984794,132.713958686219
620769549,2025,17.6532802581787,0.132309478984794,133.424153685977
620769554,1985,0,11.0404776984709,0
620769554,1990,0,11.0404776984709,0
620769554,1995,0,11.0404776984709,0
620769554,2000,0,11.0404776984709,0
620769554,2005,0,11.0404776984709,0
620769554,2010,0,11.0404776984709,0
620769554,2015,0,11.0404776984709,0
620769554,2020,0,11.0404776984709,0
620769554,2025,0,11.0404776984709,0
620769565,1985,0,12.0607073637607,0
620769565,1990,0,12.0607073637607,0
620769565,1995,0,12.0607073637607,0
620769565,2000,0,12.0607073637607,0
620769565,2005,0,12.0607073637607,0
620769565,2010,0,12.0607073637607,0
620769565,2015,0,12.0607073637607,0
620769565,2020,0,12.0607073637607,0
620769565,2025,0,12.0607073637607,0
620769571,1985,0,7.83417260130316,0
620769571,1990,0,7.83417260130316,0
620769571,1995,0,7.83417260130316,0
620769571,2000,0,7.83417260130316,0
620769571,2005,0,7.83417260130316,0
620769571,2010,0,7.83417260130316,0
620769571,2015,0,7.83417260130316,0
620769571,2020,0,7.83417260130316,0
620769571,2025,0,7.83417260130316,0
620769574,1985,437.702453613281,40.2245146132213,10.881485030261
620769574,1990,506.387634277344,40.2245146132213,12.5890303250769
620769574,1995,571.315124511719,40.2245146132213,14.203157701347
620769574,2000,634.319763183594,40.2245146132213,15.769482100229
620769574,2005,717.519958496094,40.2245146132213,17.8378773590037
620769574,2010,812.41796875,40.2245146132213,20.1970856966654
620769574,2015,903.555297851562,40.2245146132213,22.4628017650355
620769574,2020,1001.56384277344,40.2245146132213,24.8993394302945
620769574,2025,1085.85388183594,40.2245146132213,26.9948287077411
620770877,1985,6.09968376159668,12.537634626469,0.486509931364506
620770877,1990,6.75109577178955,12.537634626469,0.538466463007056
620770877,1995,7.2552695274353,12.537634626469,0.578679291875219
620770877,2000,7.62983560562134,12.537634626469,0.60855463035376
620770877,2005,8.61067199707031,12.537634626469,0.686786004984687
620770877,2010,9.69073390960693,12.537634626469,0.772931593424187
620770877,2015,10.6635961532593,12.537634626469,0.850526951132129
620770877,2020,11.4476108551025,12.537634626469,0.913059855081019
620770877,2025,12.1006469726562,12.537634626469,0.965145925301557
620770916,1985,4617.0498046875,14.7989491555984,311.984976510368
620770916,1990,4987.77880859375,14.7989491555984,337.036012229753
620770916,1995,5330.8388671875,14.7989491555984,360.21739186602
620770916,2000,5589.5927734375,14.7989491555984,377.702005369954
620770916,2005,6271.85595703125,14.7989491555984,423.804142516337
620770916,2010,7056.0087890625,14.7989491555984,476.791204218256
620770916,2015,7637.990234375,14.7989491555984,516.117067101725
620770916,2020,8079.28076171875,14.7989491555984,545.93611186659
620770916,2025,8298.2509765625,14.7989491555984,560.732447237532
620770925,1985,1988.78588867188,26.9435516216373,73.8130561479044
620770925,1990,2103.02172851562,26.9435516216373,78.052877291306
620770925,1995,2263.62084960938,26.9435516216373,84.01345455109
620770925,2000,2373.55126953125,26.9435516216373,88.0934816189987
620770925,2005,2513.40795898438,26.9435516216373,93.2842111641271
620770925,2010,2662.8994140625,26.9435516216373,98.8325314886858
620770925,2015,2788.1181640625,26.9435516216373,103.479979299517
620770925,2020,2944.63647460938,26.9435516216373,109.289098778078
620770925,2025,3010.52197265625,26.9435516216373,111.734414784375
620770941,1985,0,2.73547924791297,0
620770941,1990,0,2.73547924791297,0
620770941,1995,0,2.73547924791297,0
620770941,2000,0,2.73547924791297,0
620770941,2005,0,2.73547924791297,0
620770941,2010,0,2.73547924791297,0
620770941,2015,0,2.73547924791297,0
620770941,2020,0,2.73547924791297,0
620770941,2025,0,2.73547924791297,0
620770947,1985,0,8.63259508875969,0
620770947,1990,0,8.63259508875969,0
620770947,1995,0,8.63259508875969,0
620770947,2000,0,8.63259508875969,0
620770947,2005,0,8.63259508875969,0
620770947,2010,0,8.63259508875969,0
620770947,2015,0,8.63259508875969,0
620770947,2020,0,8.63259508875969,0
620770947,2025,0,8.63259508875969,0
620770957,1985,0,0.848311181081993,0
620770957,1990,0,0.848311181081993,0
620770957,1995,0,0.848311181081993,0
620770957,2000,0,0.848311181081993,0
620770957,2005,0,0.848311181081993,0
620770957,2010,0,0.848311181081993,0
620770957,2015,0,0.848311181081993,0
620770957,2020,0,0.848311181081993,0
620770957,2025,0,0.848311181081993,0
620772301,1985,0,18.1932381357936,0
620772301,1990,0,18.1932381357936,0
620772301,1995,0,18.1932381357936,0
620772301,2000,0,18.1932381357936,0
620772301,2005,0,18.1932381357936,0
620772301,2010,0,18.1932381357936,0
620772301,2015,0,18.1932381357936,0
620772301,2020,0,18.1932381357936,0
620772301,2025,0,18.1932381357936,0
620772317,1985,0,24.4720134015822,0
620772317,1990,0,24.4720134015822,0
620772317,1995,0,24.4720134015822,0
620772317,2000,0,24.4720134015822,0
620772317,2005,0,24.4720134015822,0
620772317,2010,0,24.4720134015822,0
620772317,2015,0,24.4720134015822,0
620772317,2020,0,24.4720134015822,0
620772317,2025,0,24.4720134015822,0
620773686,1985,0,21.5854405133362,0
620773686,1990,0,21.5854405133362,0
620773686,1995,0,21.5854405133362,0
620773686,2000,0,21.5854405133362,0
620773686,2005,0,21.5854405133362,0
620773686,2010,0,21.5854405133362,0
620773686,2015,0,21.5854405133362,0
620773686,2020,0,21.5854405133362,0
620773686,2025,0,21.5854405133362,0
620773693,1985,0,35.9268707386713,0
620773693,1990,0,35.9268707386713,0
620773693,1995,0,35.9268707386713,0
620773693,2000,0,35.9268707386713,0
620773693,2005,0,35.9268707386713,0
620773693,2010,0,35.9268707386713,0
620773693,2015,0,35.9268707386713,0
620773693,2020,0,35.9268707386713,0
620773693,2025,0,35.9268707386713,0
620775055,1985,1640.52746582031,24.425432579825,67.1647251469913
620775055,1990,1839.8291015625,24.425432579825,75.3243200729295
620775055,1995,1941.7744140625,24.425432579825,79.4980562868873
620775055,2000,2004.34301757812,24.425432579825,82.0596732945347
620775055,2005,2059.70361328125,24.425432579825,84.3261877368973
620775055,2010,2124.8037109375,24.425432579825,86.9914464766758
620775055,2015,2184.03393554688,24.425432579825,89.4163871370225
620775055,2020,2284.087890625,24.425432579825,93.5126894133952
620775055,2025,2340.70483398438,24.425432579825,95.8306399010414
620775062,1985,0,8.19171248049635,0
620775062,1990,0,8.19171248049635,0
620775062,1995,0,8.19171248049635,0
620775062,2000,0,8.19171248049635,0
620775062,2005,0,8.19171248049635,0
620775062,2010,0,8.19171248049635,0
620775062,2015,0,8.19171248049635,0
620775062,2020,0,8.19171248049635,0
620775062,2025,0,8.19171248049635,0
620775069,1985,0,7.28842856606078,0
620775069,1990,0,7.28842856606078,0
620775069,1995,0,7.28842856606078,0
620775069,2000,0,7.28842856606078,0
620775069,2005,0,7.28842856606078,0
620775069,2010,0,7.28842856606078,0
620775069,2015,0,7.28842856606078,0
620775069,2020,0,7.28842856606078,0
620775069,2025,0,7.28842856606078,0
620775083,1985,0,0.149283959655821,0
620775083,1990,0,0.149283959655821,0
620775083,1995,0,0.149283959655821,0
620775083,2000,0,0.149283959655821,0
620775083,2005,0,0.149283959655821,0
620775083,2010,0,0.149283959655821,0
620775083,2015,0,0.149283959655821,0
620775083,2020,0,0.149283959655821,0
620775083,2025,0,0.149283959655821,0
620775101,1985,0,1.83429530867163,0
620775101,1990,0,1.83429530867163,0
620775101,1995,0,1.83429530867163,0
620775101,2000,0,1.83429530867163,0
620775101,2005,0,1.83429530867163,0
620775101,2010,0,1.83429530867163,0
620775101,2015,0,1.83429530867163,0
620775101,2020,0,1.83429530867163,0
620775101,2025,0,1.83429530867163,0
620776414,1985,7160.21826171875,7.74203711957823,924.849384099675
620776414,1990,8828.75390625,7.74203711957823,1140.36574223129
620776414,1995,8790.6748046875,7.74203711957823,1135.44725618241
620776414,2000,8839.431640625,7.74203711957823,1141.74493148214
620776414,2005,8958.5,7.74203711957823,1157.12439266735
620776414,2010,9072.330078125,7.74203711957823,1171.82725140683
620776414,2015,9194.0146484375,7.74203711957823,1187.5446354019
620776414,2020,9448.7568359375,7.74203711957823,1220.44840266179
620776414,2025,9859.5146484375,7.74203711957823,1273.50392359971
620776451,1985,444.643829345703,10.9256515543952,40.6972368770839
620776451,1990,522.794555664062,10.9256515543952,47.8501948429564
620776451,1995,565.393432617188,10.9256515543952,51.7491730174881
620776451,2000,595.509643554688,10.9256515543952,54.5056412049972
620776451,2005,628.114990234375,10.9256515543952,57.4899343171614
620776451,2010,662.6357421875,10.9256515543952,60.6495401110362
620776451,2015,686.774353027344,10.9256515543952,62.858892177562
620776451,2020,696.660095214844,10.9256515543952,63.7637116419466
620776451,2025,713.698669433594,10.9256515543952,65.3232135292181
620777808,1985,0,3.00472413047476,0
620777808,1990,0,3.00472413047476,0
620777808,1995,0,3.00472413047476,0
620777808,2000,0,3.00472413047476,0
620777808,2005,0,3.00472413047476,0
620777808,2010,0,3.00472413047476,0
620777808,2015,0,3.00472413047476,0
620777808,2020,0,3.00472413047476,0
620777808,2025,0,3.00472413047476,0
620777823,1985,2.76535677909851,9.33624547729702,0.296195808670952
620777823,1990,2.99510741233826,9.33624547729702,0.320804269727212
620777823,1995,3.01977872848511,9.33624547729702,0.323446800518293
620777823,2000,2.7720320224762,9.33624547729702,0.296910790233285
620777823,2005,3.19514155387878,9.33624547729702,0.342229814077663
620777823,2010,3.088538646698,9.33624547729702,0.330811636670052
620777823,2015,3.72369241714478,9.33624547729702,0.398842599650972
620777823,2020,3.97462344169617,9.33624547729702,0.425719680503396
620777823,2025,4.22838735580444,9.33624547729702,0.452900190562322
620777827,1985,620.27783203125,9.5626260417301,64.8648006650511
620777827,1990,716.8759765625,9.5626260417301,74.9664342654563
620777827,1995,766.717895507812,9.5626260417301,80.1785923826731
620777827,2000,800.226379394531,9.5626260417301,83.6827013732884
620777827,2005,854.85693359375,9.5626260417301,89.3956252041292
620777827,2010,916.410583496094,9.5626260417301,95.8325233567634
620777827,2015,958.390380859375,9.5626260417301,100.22250966179
620777827,2020,966.993713378906,9.5626260417301,101.122192707219
620777827,2025,988.058776855469,9.5626260417301,103.325046126838
620777831,1985,0,23.8914194179165,0
620777831,1990,0,23.8914194179165,0
620777831,1995,0,23.8914194179165,0
620777831,2000,0,23.8914194179165,0
620777831,2005,0,23.8914194179165,0
620777831,2010,0,23.8914194179165,0
620777831,2015,0,23.8914194179165,0
620777831,2020,0,23.8914194179165,0
620777831,2025,0,23.8914194179165,0
620777833,1985,0,0.86242520972018,0
620777833,1990,0,0.86242520972018,0
620777833,1995,0,0.86242520972018,0
620777833,2000,0,0.86242520972018,0
620777833,2005,0,0.86242520972018,0
620777833,2010,0,0.86242520972018,0
620777833,2015,0,0.86242520972018,0
620777833,2020,0,0.86242520972018,0
620777833,2025,0,0.86242520972018,0
620779173,1985,2050.74658203125,32.2490512708595,63.5909120180637
620779173,1990,2154.60815429688,32.2490512708595,66.8115206304937
620779173,1995,2291.77416992188,32.2490512708595,71.0648555417425
620779173,2000,2406.16235351562,32.2490512708595,74.6118803094792
620779173,2005,2551.197265625,32.2490512708595,79.1092191890397
620779173,2010,2709.70556640625,32.2490512708595,84.0243498528828
620779173,2015,2841.11938476562,32.2490512708595,88.0993168109998
620779173,2020,2980.38525390625,32.2490512708595,92.4177653746779
620779173,2025,3049.39135742188,32.2490512708595,94.5575524628637
620779199,1985,0,19.3820281053979,0
620779199,1990,0,19.3820281053979,0
620779199,1995,0,19.3820281053979,0
620779199,2000,0,19.3820281053979,0
620779199,2005,0,19.3820281053979,0
620779199,2010,0,19.3820281053979,0
620779199,2015,0,19.3820281053979,0
620779199,2020,0,19.3820281053979,0
620779199,2025,0,19.3820281053979,0
620779203,1985,5337.44189453125,23.8166067579965,224.105891690015
620779203,1990,5698.68896484375,23.8166067579965,239.27375644855
620779203,1995,6122.609375,23.8166067579965,257.073118652568
620779203,2000,6360.24609375,23.8166067579965,267.050892613597
620779203,2005,6740.5498046875,23.8166067579965,283.018898249405
620779203,2010,7079.0576171875,23.8166067579965,297.23199820691
620779203,2015,7446.09912109375,23.8166067579965,312.643156800399
620779203,2020,7766.66064453125,23.8166067579965,326.102736777294
620779203,2025,7935.91748046875,23.8166067579965,333.209409766328
620780549,1985,2780.0263671875,17.3683584587858,160.062701019463
620780549,1990,3121.32446289062,17.3683584587858,179.713268257179
620780549,1995,3370.80444335938,17.3683584587858,194.077318899084
620780549,2000,3546.35620117188,17.3683584587858,204.184880775416
620780549,2005,3733.70874023438,17.3683584587858,214.971884020834
620780549,2010,3939.88793945312,17.3683584587858,226.842850393851
620780549,2015,4120.23779296875,17.3683584587858,237.226667260804
620780549,2020,4318.29345703125,17.3683584587858,248.629913257394
620780549,2025,4431.44189453125,17.3683584587858,255.144543742969
620780563,1985,154.027923583984,1.18887357083945,129.557866674777
620780563,1990,172.212921142578,1.18887357083945,144.853856092519
620780563,1995,182.432693481445,1.18887357083945,153.450037040214
620780563,2000,193.812469482422,1.18887357083945,163.021934574231
620780563,2005,197.615386962891,1.18887357083945,166.220691425881
620780563,2010,205.705993652344,1.18887357083945,173.025962304046
620780563,2015,212.528305053711,1.18887357083945,178.764429007911
620780563,2020,217.881607055664,1.18887357083945,183.267264408796
620780563,2025,219.153366088867,1.18887357083945,184.336982051106
620780579,1985,70.9238815307617,16.842039402084,4.21112193348662
620780579,1990,82.6105346679688,16.842039402084,4.90501967699629
620780579,1995,92.6067504882812,16.842039402084,5.49854731231791
620780579,2000,101.717254638672,16.842039402084,6.03948561158726
620780579,2005,114.632621765137,16.842039402084,6.80633853350043
620780579,2010,128.586868286133,16.842039402084,7.6348751606781
620780579,2015,142.140411376953,16.842039402084,8.43961992865099
620780579,2020,158.205642700195,16.842039402084,9.39349676860508
620780579,2025,171.48388671875,16.842039402084,10.1818955902414
620781943,1985,0,0.0753333746724431,0
620781943,1990,0,0.0753333746724431,0
620781943,1995,0,0.0753333746724431,0
620781943,2000,0,0.0753333746724431,0
620781943,2005,0,0.0753333746724431,0
620781943,2010,0,0.0753333746724431,0
620781943,2015,0,0.0753333746724431,0
620781943,2020,0,0.0753333746724431,0
620781943,2025,0,0.0753333746724431,0
620781948,1985,0,33.0992121397807,0
620781948,1990,0,33.0992121397807,0
620781948,1995,0,33.0992121397807,0
620781948,2000,0,33.0992121397807,0
620781948,2005,0,33.0992121397807,0
620781948,2010,0,33.0992121397807,0
620781948,2015,0,33.0992121397807,0
620781948,2020,0,33.0992121397807,0
620781948,2025,0,33.0992121397807,0
620781949,1985,0,14.8955967357454,0
620781949,1990,0,14.8955967357454,0
620781949,1995,0,14.8955967357454,0
620781949,2000,0,14.8955967357454,0
620781949,2005,0,14.8955967357454,0
620781949,2010,0,14.8955967357454,0
620781949,2015,0,14.8955967357454,0
620781949,2020,0,14.8955967357454,0
620781949,2025,0,14.8955967357454,0
620781956,1985,105.538352966309,13.5958763848663,7.76252666461311
620781956,1990,116.85034942627,13.5958763848663,8.59454338348769
620781956,1995,128.141189575195,13.5958763848663,9.42500401944153
620781956,2000,135.448455810547,13.5958763848663,9.96246596955791
620781956,2005,143.215087890625,13.5958763848663,10.5337150645205
620781956,2010,153.501586914062,13.5958763848663,11.290304690099
620781956,2015,159.753173828125,13.5958763848663,11.7501196175884
620781956,2020,161.300003051758,13.5958763848663,11.8638915569505
620781956,2025,162.505981445312,13.5958763848663,11.9525933338287
620783324,1985,0,19.6399050049689,0
620783324,1990,0,19.6399050049689,0
620783324,1995,0,19.6399050049689,0
620783324,2000,0,19.6399050049689,0
620783324,2005,0,19.6399050049689,0
620783324,2010,0,19.6399050049689,0
620783324,2015,0,19.6399050049689,0
620783324,2020,0,19.6399050049689,0
620783324,2025,0,19.6399050049689,0
620783328,1985,47.9120712280273,12.0018605449301,3.99205365273693
620783328,1990,54.6478652954102,12.0018605449301,4.55328280901372
620783328,1995,62.5207290649414,12.0018605449301,5.20925308462711
620783328,2000,69.8473815917969,12.0018605449301,5.81971281288569
620783328,2005,80.0595550537109,12.0018605449301,6.6705953426138
620783328,2010,91.9182510375977,12.0018605449301,7.65866681199079
620783328,2015,104.497200012207,12.0018605449301,8.70675005937721
620783328,2020,118.304145812988,12.0018605449301,9.85715051179821
620783328,2025,131.97575378418,12.0018605449301,10.9962745601081
620783330,1985,0,5.35509705761108,0
620783330,1990,0,5.35509705761108,0
620783330,1995,0,5.35509705761108,0
620783330,2000,0,5.35509705761108,0
620783330,2005,0,5.35509705761108,0
620783330,2010,0,5.35509705761108,0
620783330,2015,0,5.35509705761108,0
620783330,2020,0,5.35509705761108,0
620783330,2025,0,5.35509705761108,0
620783332,1985,45.3837738037109,5.90754572811111,7.68233982307608
620783332,1990,51.4101219177246,5.90754572811111,8.70245010090892
620783332,1995,55.7783317565918,5.90754572811111,9.44187896695748
620783332,2000,59.248966217041,5.90754572811111,10.0293707309119
620783332,2005,63.0037117004395,5.90754572811111,10.6649553977442
620783332,2010,67.5974502563477,5.90754572811111,11.4425606448858
620783332,2015,69.9694061279297,5.90754572811111,11.8440735540953
620783332,2020,70.1036224365234,5.90754572811111,11.8667930242054
620783332,2025,71.857292175293,5.90754572811111,12.1636455276782
620783337,1985,0,0.0117301761246826,0
620783337,1990,0,0.0117301761246826,0
620783337,1995,0,0.0117301761246826,0
620783337,2000,0,0.0117301761246826,0
620783337,2005,0,0.0117301761246826,0
620783337,2010,0,0.0117301761246826,0
620783337,2015,0,0.0117301761246826,0
620783337,2020,0,0.0117301761246826,0
620783337,2025,0,0.0117301761246826,0
620784700,1985,0,23.1256342050815,0
620784700,1990,0,23.1256342050815,0
620784700,1995,0,23.1256342050815,0
620784700,2000,0,23.1256342050815,0
620784700,2005,0,23.1256342050815,0
620784700,2010,0,23.1256342050815,0
620784700,2015,0,23.1256342050815,0
620784700,2020,0,23.1256342050815,0
620784700,2025,0,23.1256342050815,0
620784704,1985,90.9025955200195,12.0822395204063,7.52365448197658
620784704,1990,103.574089050293,12.0822395204063,8.57242474587277
620784704,1995,118.305252075195,12.0822395204063,9.79166584765875
620784704,2000,131.924835205078,12.0822395204063,10.9189058023774
620784704,2005,149.833160400391,12.0822395204063,12.4011082670005
620784704,2010,170.599029541016,12.0822395204063,14.1198185363634
620784704,2015,192.131713867188,12.0822395204063,15.9019951179321
620784704,2020,217.557540893555,12.0822395204063,18.0063919876866
620784704,2025,242.699203491211,12.0822395204063,20.0872696722577
620784706,1985,0,0.179445427510364,0
620784706,1990,0,0.179445427510364,0
620784706,1995,0,0.179445427510364,0
620784706,2000,0,0.179445427510364,0
620784706,2005,0,0.179445427510364,0
620784706,2010,0,0.179445427510364,0
620784706,2015,0,0.179445427510364,0
620784706,2020,0,0.179445427510364,0
620784706,2025,0,0.179445427510364,0
620784713,1985,0,3.40989136219671,0
620784713,1990,0,3.40989136219671,0
620784713,1995,0,3.40989136219671,0
620784713,2000,0,3.40989136219671,0
620784713,2005,0,3.40989136219671,0
620784713,2010,0,3.40989136219671,0
620784713,2015,0,3.40989136219671,0
620784713,2020,0,3.40989136219671,0
620784713,2025,0,3.40989136219671,0
620786046,1985,0,21.6928191803622,0
620786046,1990,0,21.6928191803622,0
620786046,1995,0,21.6928191803622,0
620786046,2000,0,21.6928191803622,0
620786046,2005,0,21.6928191803622,0
620786046,2010,0,21.6928191803622,0
620786046,2015,0,21.6928191803622,0
620786046,2020,0,21.6928191803622,0
620786046,2025,0,21.6928191803622,0
620787438,1985,0,0.206626950128881,0
620787438,1990,0,0.206626950128881,0
620787438,1995,0,0.206626950128881,0
620787438,2000,0,0.206626950128881,0
620787438,2005,0,0.206626950128881,0
620787438,2010,0,0.206626950128881,0
620787438,2015,0,0.206626950128881,0
620787438,2020,0,0.206626950128881,0
620787438,2025,0,0.206626950128881,0
620787491,1985,0,18.7468405980389,0
620787491,1990,0,18.7468405980389,0
620787491,1995,0,18.7468405980389,0
620787491,2000,0,18.7468405980389,0
620787491,2005,0,18.7468405980389,0
620787491,2010,0,18.7468405980389,0
620787491,2015,0,18.7468405980389,0
620787491,2020,0,18.7468405980389,0
620787491,2025,0,18.7468405980389,0
620788814,1985,0,33.2349727874909,0
620788814,1990,0,33.2349727874909,0
620788814,1995,0,33.2349727874909,0
620788814,2000,0,33.2349727874909,0
620788814,2005,0,33.2349727874909,0
620788814,2010,0,33.2349727874909,0
620788814,2015,0,33.2349727874909,0
620788814,2020,0,33.2349727874909,0
620788814,2025,0,33.2349727874909,0
620788821,1985,0,69.188621550146,0
620788821,1990,0,69.188621550146,0
620788821,1995,0,69.188621550146,0
620788821,2000,0,69.188621550146,0
620788821,2005,0,69.188621550146,0
620788821,2010,0,69.188621550146,0
620788821,2015,0,69.188621550146,0
620788821,2020,0,69.188621550146,0
620788821,2025,0,69.188621550146,0
620788833,1985,0,42.8977030285947,0
620788833,1990,0,42.8977030285947,0
620788833,1995,0,42.8977030285947,0
620788833,2000,0,42.8977030285947,0
620788833,2005,0,42.8977030285947,0
620788833,2010,0,42.8977030285947,0
620788833,2015,0,42.8977030285947,0
620788833,2020,0,42.8977030285947,0
620788833,2025,0,42.8977030285947,0
620788871,1985,0,25.5106316202659,0
620788871,1990,0,25.5106316202659,0
620788871,1995,0,25.5106316202659,0
620788871,2000,0,25.5106316202659,0
620788871,2005,0,25.5106316202659,0
620788871,2010,0,25.5106316202659,0
620788871,2015,0,25.5106316202659,0
620788871,2020,0,25.5106316202659,0
620788871,2025,0,25.5106316202659,0
620790209,1985,0,7.98524030336069,0
620790209,1990,0,7.98524030336069,0
620790209,1995,0,7.98524030336069,0
620790209,2000,0,7.98524030336069,0
620790209,2005,0,7.98524030336069,0
620790209,2010,0,7.98524030336069,0
620790209,2015,0,7.98524030336069,0
620790209,2020,0,7.98524030336069,0
620790209,2025,0,7.98524030336069,0
620790225,1985,0,38.608536834549,0
620790225,1990,0,38.608536834549,0
620790225,1995,0,38.608536834549,0
620790225,2000,0,38.608536834549,0
620790225,2005,0,38.608536834549,0
620790225,2010,0,38.608536834549,0
620790225,2015,0,38.608536834549,0
620790225,2020,0,38.608536834549,0
620790225,2025,0,38.608536834549,0
620790247,1985,0,17.7198958487006,0
620790247,1990,0,17.7198958487006,0
620790247,1995,0,17.7198958487006,0
620790247,2000,0,17.7198958487006,0
620790247,2005,0,17.7198958487006,0
620790247,2010,0,17.7198958487006,0
620790247,2015,0,17.7198958487006,0
620790247,2020,0,17.7198958487006,0
620790247,2025,0,17.7198958487006,0
620791525,1985,2379.74462890625,19.8545746542043,119.858756500851
620791525,1990,2690.74365234375,19.8545746542043,135.522603692443
620791525,1995,2824.61352539062,19.8545746542043,142.265124012238
620791525,2000,2928.64770507812,19.8545746542043,147.504933048665
620791525,2005,3140.36865234375,19.8545746542043,158.168518189774
620791525,2010,3372.57153320312,19.8545746542043,169.863701033201
620791525,2015,3586.71459960938,19.8545746542043,180.649279175057
620791525,2020,3868.0595703125,19.8545746542043,194.819563636102
620791525,2025,4137.94677734375,19.8545746542043,208.412763779229
620791553,1985,37.0909156799316,16.16318392757,2.29477780158553
620791553,1990,40.4485931396484,16.16318392757,2.50251394285343
620791553,1995,43.7727966308594,16.16318392757,2.70817908321855
620791553,2000,46.4082145690918,16.16318392757,2.8712297513321
620791553,2005,49.6024398803711,16.16318392757,3.06885327189545
620791553,2010,53.1868743896484,16.16318392757,3.29061864469203
620791553,2015,56.0765609741211,16.16318392757,3.46940065926428
620791553,2020,59.2783966064453,16.16318392757,3.66749502276791
620791553,2025,60.9026565551758,16.16318392757,3.76798635888146
620791557,1985,37.3585510253906,0.961598182410429,38.850480074478
620791557,1990,46.9396705627441,0.961598182410429,48.8142255480152
620791557,1995,47.0595626831055,0.961598182410429,48.9389056093489
620791557,2000,47.9072608947754,0.961598182410429,49.8204569965874
620791557,2005,48.3316688537598,0.961598182410429,50.2618138613857
620791557,2010,50.0016021728516,0.961598182410429,51.9984366521087
620791557,2015,51.7718238830566,0.961598182410429,53.839352891954
620791557,2020,50.1376113891602,0.961598182410429,52.139877452223
620791557,2025,52.4698486328125,0.961598182410429,54.5652535462232
620791565,1985,0,30.0889477115226,0
620791565,1990,0,30.0889477115226,0
620791565,1995,0,30.0889477115226,0
620791565,2000,0,30.0889477115226,0
620791565,2005,0,30.0889477115226,0
620791565,2010,0,30.0889477115226,0
620791565,2015,0,30.0889477115226,0
620791565,2020,0,30.0889477115226,0
620791565,2025,0,30.0889477115226,0
620791571,1985,0,12.6962970045919,0
620791571,1990,0,12.6962970045919,0
620791571,1995,0,12.6962970045919,0
620791571,2000,0,12.6962970045919,0
620791571,2005,0,12.6962970045919,0
620791571,2010,0,12.6962970045919,0
620791571,2015,0,12.6962970045919,0
620791571,2020,0,12.6962970045919,0
620791571,2025,0,12.6962970045919,0
620791585,1985,0,2.44561330069519,0
620791585,1990,0,2.44561330069519,0
620791585,1995,0,2.44561330069519,0
620791585,2000,0,2.44561330069519,0
620791585,2005,0,2.44561330069519,0
620791585,2010,0,2.44561330069519,0
620791585,2015,0,2.44561330069519,0
620791585,2020,0,2.44561330069519,0
620791585,2025,0,2.44561330069519,0
620791601,1985,0,50.8545853877851,0
620791601,1990,0,50.8545853877851,0
620791601,1995,0,50.8545853877851,0
620791601,2000,0,50.8545853877851,0
620791601,2005,0,50.8545853877851,0
620791601,2010,0,50.8545853877851,0
620791601,2015,0,50.8545853877851,0
620791601,2020,0,50.8545853877851,0
620791601,2025,0,50.8545853877851,0
620791607,1985,51.0839805603027,9.45451008055474,5.4031335442085
620791607,1990,60.3216667175293,9.45451008055474,6.38020015882091
620791607,1995,70.6258316040039,9.45451008055474,7.47006783030051
620791607,2000,80.8853759765625,9.45451008055474,8.55521600668879
620791607,2005,94.9075469970703,9.45451008055474,10.0383357983052
620791607,2010,111.09001159668,9.45451008055474,11.7499490349225
620791607,2015,128.238540649414,9.45451008055474,13.5637425479258
620791607,2020,147.334197998047,9.45451008055474,15.583483093542
620791607,2025,164.360610961914,9.45451008055474,17.3843604334356
620792925,1985,0,6.66902203213645,0
620792925,1990,0,6.66902203213645,0
620792925,1995,0,6.66902203213645,0
620792925,2000,0,6.66902203213645,0
620792925,2005,0,6.66902203213645,0
620792925,2010,0,6.66902203213645,0
620792925,2015,0,6.66902203213645,0
620792925,2020,0,6.66902203213645,0
620792925,2025,0,6.66902203213645,0
620792929,1985,15.8688316345215,1.9779059809819,8.0230464881064
620792929,1990,17.0555171966553,1.9779059809819,8.6230171507891
620792929,1995,18.339469909668,1.9779059809819,9.27216464584612
620792929,2000,19.2078514099121,1.9779059809819,9.71120548428528
620792929,2005,21.0615310668945,1.9779059809819,10.648398492854
620792929,2010,22.4664897918701,1.9779059809819,11.3587248372225
620792929,2015,24.1424427032471,1.9779059809819,12.2060618327581
620792929,2020,25.364725112915,1.9779059809819,12.8240297348831
620792929,2025,26.3015289306641,1.9779059809819,13.2976638847146
620792941,1985,0,8.68549826697821,0
620792941,1990,0,8.68549826697821,0
620792941,1995,0,8.68549826697821,0
620792941,2000,0,8.68549826697821,0
620792941,2005,0,8.68549826697821,0
620792941,2010,0,8.68549826697821,0
620792941,2015,0,8.68549826697821,0
620792941,2020,0,8.68549826697821,0
620792941,2025,0,8.68549826697821,0
620792945,1985,172.963073730469,7.07929027671593,24.4322618468339
620792945,1990,190.081741333008,7.07929027671593,26.8503951530557
620792945,1995,203.113342285156,7.07929027671593,28.6912012851351
620792945,2000,212.372436523438,7.07929027671593,29.9991140668351
620792945,2005,224.605270385742,7.07929027671593,31.727088677869
620792945,2010,239.448165893555,7.07929027671593,33.8237530224053
620792945,2015,249.790985107422,7.07929027671593,35.2847496491272
620792945,2020,263.682952880859,7.07929027671593,37.2470887015501
620792945,2025,269.908355712891,7.07929027671593,38.1264710391422
620792977,1985,0,17.580334722743,0
620792977,1990,0,17.580334722743,0
620792977,1995,0,17.580334722743,0
620792977,2000,0,17.580334722743,0
620792977,2005,0,17.580334722743,0
620792977,2010,0,17.580334722743,0
620792977,2015,0,17.580334722743,0
620792977,2020,0,17.580334722743,0
620792977,2025,0,17.580334722743,0
620794301,1985,0,19.2278255238327,0
620794301,1990,0,19.2278255238327,0
620794301,1995,0,19.2278255238327,0
620794301,2000,0,19.2278255238327,0
620794301,2005,0,19.2278255238327,0
620794301,2010,0,19.2278255238327,0
620794301,2015,0,19.2278255238327,0
620794301,2020,0,19.2278255238327,0
620794301,2025,0,19.2278255238327,0
620794320,1985,157.338668823242,9.67030375366192,16.2702923125514
620794320,1990,180.842178344727,9.67030375366192,18.7007753790822
620794320,1995,192.397506713867,9.67030375366192,19.8957045833241
620794320,2000,200.214920043945,9.67030375366192,20.7040983555587
620794320,2005,198.015701293945,9.67030375366192,20.4766785344216
620794320,2010,198.88786315918,9.67030375366192,20.5668682417412
620794320,2015,198.037887573242,9.67030375366192,20.478972803543
620794320,2020,205.760055541992,9.67030375366192,21.2775173131532
620794320,2025,210.861587524414,9.67030375366192,21.805063511533
620794321,1985,2477.828125,22.463611608261,110.304085033627
620794321,1990,2743.26586914062,22.463611608261,122.120428227658
620794321,1995,2904.79125976562,22.463611608261,129.310963456
620794321,2000,3010.7060546875,22.463611608261,134.025912982769
620794321,2005,3157.02563476562,22.463611608261,140.539539670666
620794321,2010,3317.67993164062,22.463611608261,147.691296907063
620794321,2015,3437.7099609375,22.463611608261,153.034606406446
620794321,2020,3550.7744140625,22.463611608261,158.067833257796
620794321,2025,3631.015625,22.463611608261,161.639886244503
620795704,1985,0.83571445941925,19.4642444925489,0.0429358796710126
620795704,1990,0.942715525627136,19.4642444925489,0.0484331937973762
620795704,1995,1.1001660823822,19.4642444925489,0.0565224138446963
620795704,2000,1.26244473457336,19.4642444925489,0.0648596833571751
620795704,2005,1.46709311008453,19.4642444925489,0.0753737506044043
620795704,2010,1.69655907154083,19.4642444925489,0.087162852490385
620795704,2015,1.9483904838562,19.4642444925489,0.100101007496184
620795704,2020,2.27682662010193,19.4642444925489,0.116974826378363
620795704,2025,2.54927325248718,19.4642444925489,0.130972114199607
620795749,1985,0,0.651859428514755,0
620795749,1990,0,0.651859428514755,0
620795749,1995,0,0.651859428514755,0
620795749,2000,0,0.651859428514755,0
620795749,2005,0,0.651859428514755,0
620795749,2010,0,0.651859428514755,0
620795749,2015,0,0.651859428514755,0
620795749,2020,0,0.651859428514755,0
620795749,2025,0,0.651859428514755,0
620797053,1985,0,26.092955077035,0
620797053,1990,0,26.092955077035,0
620797053,1995,0,26.092955077035,0
620797053,2000,0,26.092955077035,0
620797053,2005,0,26.092955077035,0
620797053,2010,0,26.092955077035,0
620797053,2015,0,26.092955077035,0
620797053,2020,0,26.092955077035,0
620797053,2025,0,26.092955077035,0
620797085,1985,16.9758243560791,14.877144480958,1.14106738546549
620797085,1990,18.2459144592285,14.877144480958,1.22643928628793
620797085,1995,20.5469245910645,14.877144480958,1.3811067451394
620797085,2000,22.995418548584,14.877144480958,1.54568765383821
620797085,2005,25.8373718261719,14.877144480958,1.73671579645156
620797085,2010,29.8380718231201,14.877144480958,2.00563164936063
620797085,2015,33.1785774230957,14.877144480958,2.23017108327224
620797085,2020,37.678524017334,14.877144480958,2.53264489469472
620797085,2025,40.1378936767578,14.877144480958,2.69795683762649
620798409,1985,63.2345809936523,9.26142312755148,6.82773911987004
620798409,1990,76.8143157958984,9.26142312755148,8.29400781478024
620798409,1995,80.199836730957,9.26142312755148,8.65955864735014
620798409,2000,81.7352981567383,9.26142312755148,8.82534973632582
620798409,2005,85.9810943603516,9.26142312755148,9.28378859017567
620798409,2010,90.5025329589844,9.26142312755148,9.77198986727554
620798409,2015,95.3405990600586,9.26142312755148,10.2943789250308
620798409,2020,102.822402954102,9.26142312755148,11.1022249537675
620798409,2025,106.51293182373,9.26142312755148,11.5007089468646
620798418,1985,0,4.91632974878899,0
620798418,1990,0,4.91632974878899,0
620798418,1995,0,4.91632974878899,0
620798418,2000,0,4.91632974878899,0
620798418,2005,0,4.91632974878899,0
620798418,2010,0,4.91632974878899,0
620798418,2015,0,4.91632974878899,0
620798418,2020,0,4.91632974878899,0
620798418,2025,0,4.91632974878899,0
620798429,1985,0,30.1267337930772,0
620798429,1990,0,30.1267337930772,0
620798429,1995,0,30.1267337930772,0
620798429,2000,0,30.1267337930772,0
620798429,2005,0,30.1267337930772,0
620798429,2010,0,30.1267337930772,0
620798429,2015,0,30.1267337930772,0
620798429,2020,0,30.1267337930772,0
620798429,2025,0,30.1267337930772,0
620799785,1985,231.609069824219,19.1042443453233,12.1234352763561
620799785,1990,286.134399414062,19.1042443453233,14.9775303457165
620799785,1995,298.564239501953,19.1042443453233,15.6281627320707
620799785,2000,305.199798583984,19.1042443453233,15.9754970187396
620799785,2005,318.912017822266,19.1042443453233,16.6932547583509
620799785,2010,334.685272216797,19.1042443453233,17.5188961241865
620799785,2015,349.706268310547,19.1042443453233,18.3051609888017
620799785,2020,376.756988525391,19.1042443453233,19.7211144139088
620799785,2025,391.243713378906,19.1042443453233,20.4794131768254
620802533,1985,4.01526832580566,47.881115395827,0.0838591225916931
620802533,1990,4.42924642562866,47.881115395827,0.0925050803226418
620802533,1995,4.7732195854187,47.881115395827,0.0996889806337866
620802533,2000,5.0332179069519,47.881115395827,0.105119061353165
620802533,2005,5.67281246185303,47.881115395827,0.118477032436622
620802533,2010,6.39562797546387,47.881115395827,0.133573078291766
620802533,2015,7.04141092300415,47.881115395827,0.147060294330943
620802533,2020,7.5178861618042,47.881115395827,0.157011508601143
620802533,2025,7.79818248748779,47.881115395827,0.162865514368686
620802581,1985,6151.15576171875,34.0729292431831,180.529114999686
620802581,1990,6432.34716796875,34.0729292431831,188.781748761905
620802581,1995,6909.259765625,34.0729292431831,202.778567005868
620802581,2000,7265.97265625,34.0729292431831,213.247666626834
620802581,2005,7749.20166015625,34.0729292431831,227.429863891336
620802581,2010,8280.763671875,34.0729292431831,243.030577523114
620802581,2015,8838.765625,34.0729292431831,259.407272028669
620802581,2020,9826.177734375,34.0729292431831,288.386644548352
620802581,2025,10048.279296875,34.0729292431831,294.905061585961
620802590,1985,509.643890380859,2.45564376761947,207.539830125651
620802590,1990,574.329772949219,2.45564376761947,233.881550949053
620802590,1995,614.653991699219,2.45564376761947,250.302588593732
620802590,2000,641.379211425781,2.45564376761947,261.185771276402
620802590,2005,670.766479492188,2.45564376761947,273.153007100226
620802590,2010,702.764038085938,2.45564376761947,286.183218980172
620802590,2015,728.678588867188,2.45564376761947,296.736276847507
620802590,2020,759.094848632812,2.45564376761947,309.122544011621
620802590,2025,771.827026367188,2.45564376761947,314.307407509439
620802601,1985,0,55.0618501624692,0
620802601,1990,0,55.0618501624692,0
620802601,1995,0,55.0618501624692,0
620802601,2000,0,55.0618501624692,0
620802601,2005,0,55.0618501624692,0
620802601,2010,0,55.0618501624692,0
620802601,2015,0,55.0618501624692,0
620802601,2020,0,55.0618501624692,0
620802601,2025,0,55.0618501624692,0
620803909,1985,0.566868424415588,10.2424249606629,0.0553451381477242
620803909,1990,0.608820855617523,10.2424249606629,0.0594410852855415
620803909,1995,0.650974631309509,10.2424249606629,0.0635566903159793
620803909,2000,0.681350946426392,10.2424249606629,0.0665224250158717
620803909,2005,0.789755344390869,10.2424249606629,0.0771062856134173
620803909,2010,0.91119658946991,10.2424249606629,0.0889629743902888
620803909,2015,1.02546620368958,10.2424249606629,0.100119474404546
620803909,2020,1.10465586185455,10.2424249606629,0.107851008535293
620803909,2025,1.14581620693207,10.2424249606629,0.111869621826149
620803957,1985,1657.36010742188,11.4225019758968,145.096066598995
620803957,1990,1806.56311035156,11.4225019758968,158.158266390646
620803957,1995,1923.03344726562,11.4225019758968,168.354836035355
620803957,2000,1998.00744628906,11.4225019758968,174.918546786436
620803957,2005,2105.23510742188,11.4225019758968,184.305952571883
620803957,2010,2224.4599609375,11.4225019758968,194.743670487556
620803957,2015,2313.9775390625,11.4225019758968,202.580620598302
620803957,2020,2415.0849609375,11.4225019758968,211.43222089466
620803957,2025,2464.75073242188,11.4225019758968,215.780285056888
620803958,1985,228.012069702148,54.9051011961479,4.15283943995618
620803958,1990,281.197998046875,54.9051011961479,5.12152772548944
620803958,1995,329.227661132812,54.9051011961479,5.99630369419865
620803958,2000,378.837432861328,54.9051011961479,6.89985856701976
620803958,2005,441.829833984375,54.9051011961479,8.04715453316337
620803958,2010,515.936645507812,54.9051011961479,9.39687996684742
620803958,2015,595.0361328125,54.9051011961479,10.8375382223
620803958,2020,687.123596191406,54.9051011961479,12.5147496538922
620803958,2025,766.486022949219,54.9051011961479,13.9601968897381
620803959,1985,0,8.01000477784212,0
620803959,1990,0,8.01000477784212,0
620803959,1995,0,8.01000477784212,0
620803959,2000,0,8.01000477784212,0
620803959,2005,0,8.01000477784212,0
620803959,2010,0,8.01000477784212,0
620803959,2015,0,8.01000477784212,0
620803959,2020,0,8.01000477784212,0
620803959,2025,0,8.01000477784212,0
620803966,1985,0,7.70255709787405,0
620803966,1990,0,7.70255709787405,0
620803966,1995,0,7.70255709787405,0
620803966,2000,0,7.70255709787405,0
620803966,2005,0,7.70255709787405,0
620803966,2010,0,7.70255709787405,0
620803966,2015,0,7.70255709787405,0
620803966,2020,0,7.70255709787405,0
620803966,2025,0,7.70255709787405,0
620805285,1985,1.30898141860962,7.80907070299505,0.167623199788367
620805285,1990,1.40377759933472,7.80907070299505,0.179762439440626
620805285,1995,1.49309587478638,7.80907070299505,0.191200199303321
620805285,2000,1.54341292381287,7.80907070299505,0.197643609913906
620805285,2005,1.71785855293274,7.80907070299505,0.219982456078145
620805285,2010,1.89570319652557,7.80907070299505,0.242756567154464
620805285,2015,2.06957364082336,7.80907070299505,0.265021757330179
620805285,2020,2.24117684364319,7.80907070299505,0.286996613154446
620805285,2025,2.27906560897827,7.80907070299505,0.29184850485528
620805333,1985,0,28.6332401130231,0
620805333,1990,0,28.6332401130231,0
620805333,1995,0,28.6332401130231,0
620805333,2000,0,28.6332401130231,0
620805333,2005,0,28.6332401130231,0
620805333,2010,0,28.6332401130231,0
620805333,2015,0,28.6332401130231,0
620805333,2020,0,28.6332401130231,0
620805333,2025,0,28.6332401130231,0
620805335,1985,0,7.18627678289078,0
620805335,1990,0,7.18627678289078,0
620805335,1995,0,7.18627678289078,0
620805335,2000,0,7.18627678289078,0
620805335,2005,0,7.18627678289078,0
620805335,2010,0,7.18627678289078,0
620805335,2015,0,7.18627678289078,0
620805335,2020,0,7.18627678289078,0
620805335,2025,0,7.18627678289078,0
620805348,1985,0,20.9061898558664,0
620805348,1990,0,20.9061898558664,0
620805348,1995,0,20.9061898558664,0
620805348,2000,0,20.9061898558664,0
620805348,2005,0,20.9061898558664,0
620805348,2010,0,20.9061898558664,0
620805348,2015,0,20.9061898558664,0
620805348,2020,0,20.9061898558664,0
620805348,2025,0,20.9061898558664,0
620805352,1985,0,56.2496320730621,0
620805352,1990,0,56.2496320730621,0
620805352,1995,0,56.2496320730621,0
620805352,2000,0,56.2496320730621,0
620805352,2005,0,56.2496320730621,0
620805352,2010,0,56.2496320730621,0
620805352,2015,0,56.2496320730621,0
620805352,2020,0,56.2496320730621,0
620805352,2025,0,56.2496320730621,0
620805356,1985,0,1.41307803710241,0
620805356,1990,0,1.41307803710241,0
620805356,1995,0,1.41307803710241,0
620805356,2000,0,1.41307803710241,0
620805356,2005,0,1.41307803710241,0
620805356,2010,0,1.41307803710241,0
620805356,2015,0,1.41307803710241,0
620805356,2020,0,1.41307803710241,0
620805356,2025,0,1.41307803710241,0
620805358,1985,0,10.538080525786,0
620805358,1990,0,10.538080525786,0
620805358,1995,0,10.538080525786,0
620805358,2000,0,10.538080525786,0
620805358,2005,0,10.538080525786,0
620805358,2010,0,10.538080525786,0
620805358,2015,0,10.538080525786,0
620805358,2020,0,10.538080525786,0
620805358,2025,0,10.538080525786,0
620805386,1985,0.0522882901132107,5.3617546836082,0.00975208550161104
620805386,1990,0.0588336065411568,5.3617546836082,0.0109728269965467
620805386,1995,0.0668816938996315,5.3617546836082,0.012473844449486
620805386,2000,0.0776551440358162,5.3617546836082,0.0144831587079545
620805386,2005,0.0861702859401703,5.3617546836082,0.0160712846866358
620805386,2010,0.082753948867321,5.3617546836082,0.0154341169543459
620805386,2015,0.104236647486687,5.3617546836082,0.0194407714708313
620805386,2020,0.114284984767437,5.3617546836082,0.0213148477525139
620805386,2025,0.125836759805679,5.3617546836082,0.0234693243595019
620806661,1985,19.5050735473633,15.9729256837749,1.22113343125213
620806661,1990,21.5066318511963,15.9729256837749,1.34644286694719
620806661,1995,23.147928237915,15.9729256837749,1.4491977672837
620806661,2000,23.7570476531982,15.9729256837749,1.48733225982077
620806661,2005,25.7605457305908,15.9729256837749,1.61276313685964
620806661,2010,28.8701667785645,15.9729256837749,1.80744388035877
620806661,2015,30.6302452087402,15.9729256837749,1.91763524198037
620806661,2020,33.4464721679688,15.9729256837749,2.0939477732588
620806661,2025,33.439525604248,15.9729256837749,2.09351287711903
620806721,1985,0,42.1175421638833,0
620806721,1990,0,42.1175421638833,0
620806721,1995,0,42.1175421638833,0
620806721,2000,0,42.1175421638833,0
620806721,2005,0,42.1175421638833,0
620806721,2010,0,42.1175421638833,0
620806721,2015,0,42.1175421638833,0
620806721,2020,0,42.1175421638833,0
620806721,2025,0,42.1175421638833,0
620806730,1985,0,35.1148764112358,0
620806730,1990,0,35.1148764112358,0
620806730,1995,0,35.1148764112358,0
620806730,2000,0,35.1148764112358,0
620806730,2005,0,35.1148764112358,0
620806730,2010,0,35.1148764112358,0
620806730,2015,0,35.1148764112358,0
620806730,2020,0,35.1148764112358,0
620806730,2025,0,35.1148764112358,0
620806734,1985,8.26741695404053,14.2932236824981,0.578415138368251
620806734,1990,9.38132190704346,14.2932236824981,0.656347519316497
620806734,1995,10.3584251403809,14.2932236824981,0.724708811005638
620806734,2000,11.0322494506836,14.2932236824981,0.771851731684045
620806734,2005,12.1721744537354,14.2932236824981,0.851604559203814
620806734,2010,13.5927591323853,14.2932236824981,0.950993242275317
620806734,2015,14.8339538574219,14.2932236824981,1.0378312259666
620806734,2020,16.4188690185547,14.2932236824981,1.14871699927703
620806734,2025,17.8428497314453,14.2932236824981,1.24834327985041
620808110,1985,0,14.1099420311787,0
620808110,1990,0,14.1099420311787,0
620808110,1995,0,14.1099420311787,0
620808110,2000,0,14.1099420311787,0
620808110,2005,0,14.1099420311787,0
620808110,2010,0,14.1099420311787,0
620808110,2015,0,14.1099420311787,0
620808110,2020,0,14.1099420311787,0
620808110,2025,0,14.1099420311787,0
620809515,1985,59.6953659057617,18.4752317347985,3.23110241661133
620809515,1990,67.532356262207,18.4752317347985,3.65529143188004
620809515,1995,76.5947418212891,18.4752317347985,4.14580682509228
620809515,2000,85.7529830932617,18.4752317347985,4.64151055446542
620809515,2005,97.201904296875,18.4752317347985,5.26120081697233
620809515,2010,110.27140045166,18.4752317347985,5.96860716198551
620809515,2015,124.733512878418,18.4752317347985,6.75139097949607
620809515,2020,139.037689208984,18.4752317347985,7.52562626573738
620809515,2025,150.035827636719,18.4752317347985,8.12091722530999
620810832,1985,1224.41186523438,10.5818760996829,115.708391753998
620810832,1990,1275.78283691406,10.5818760996829,120.563010273036
620810832,1995,1418.50988769531,10.5818760996829,134.050887983636
620810832,2000,1538.62023925781,10.5818760996829,145.40146045595
620810832,2005,1856.03625488281,10.5818760996829,175.397655141552
620810832,2010,2163.69970703125,10.5818760996829,204.472220866022
620810832,2015,2407.00659179688,10.5818760996829,227.46501368212
620810832,2020,2522.46118164062,10.5818760996829,238.375611080554
620810832,2025,2522.2373046875,10.5818760996829,238.354454439613
620810833,1985,13217.1669921875,25.3246071034572,521.910051286961
620810833,1990,15408.6826171875,25.3246071034572,608.44705523917
620810833,1995,16181.63671875,25.3246071034572,638.968914804643
620810833,2000,16668.388671875,25.3246071034572,658.189428320864
620810833,2005,17088.76171875,25.3246071034572,674.788818990882
620810833,2010,17658.00390625,25.3246071034572,697.266647972572
620810833,2015,17910.2421875,25.3246071034572,707.226853089261
620810833,2020,17860.626953125,25.3246071034572,705.267682146458
620810833,2025,18285.88671875,25.3246071034572,722.060036076678
620810865,1985,0,40.3683615629387,0
620810865,1990,0,40.3683615629387,0
620810865,1995,0,40.3683615629387,0
620810865,2000,0,40.3683615629387,0
620810865,2005,0,40.3683615629387,0
620810865,2010,0,40.3683615629387,0
620810865,2015,0,40.3683615629387,0
620810865,2020,0,40.3683615629387,0
620810865,2025,0,40.3683615629387,0
620812201,1985,0,0.0693024524974004,0
620812201,1990,0,0.0693024524974004,0
620812201,1995,0,0.0693024524974004,0
620812201,2000,0,0.0693024524974004,0
620812201,2005,0,0.0693024524974004,0
620812201,2010,0,0.0693024524974004,0
620812201,2015,0,0.0693024524974004,0
620812201,2020,0,0.0693024524974004,0
620812201,2025,0,0.0693024524974004,0
620812208,1985,79.7519454956055,0.063552362552237,1254.90134894754
620812208,1990,80.1149826049805,0.063552362552237,1260.6137582868
620812208,1995,93.3339309692383,0.063552362552237,1468.61465445163
620812208,2000,105.664283752441,0.063552362552237,1662.63344915919
620812208,2005,140.924133300781,0.063552362552237,2217.44916540197
620812208,2010,173.872039794922,0.063552362552237,2735.88632762484
620812208,2015,198.652496337891,0.063552362552237,3125.80820539296
620812208,2020,207.660186767578,0.063552362552237,3267.54472104623
620812208,2025,206.196899414062,0.063552362552237,3244.51981221907
620812209,1985,604.508728027344,5.55739092402025,108.775635238206
620812209,1990,677.399475097656,5.55739092402025,121.891636625703
620812209,1995,717.333740234375,5.55739092402025,129.077430406039
620812209,2000,747.220458984375,5.55739092402025,134.455263126214
620812209,2005,774.940673828125,5.55739092402025,139.443253933903
620812209,2010,809.545776367188,5.55739092402025,145.670115245655
620812209,2015,839.309753417969,5.55739092402025,151.025861756511
620812209,2020,869.66552734375,5.55739092402025,156.488096524732
620812209,2025,891.3466796875,5.55739092402025,160.389415082338
620812211,1985,0,50.6831086082795,0
620812211,1990,0,50.6831086082795,0
620812211,1995,0,50.6831086082795,0
620812211,2000,0,50.6831086082795,0
620812211,2005,0,50.6831086082795,0
620812211,2010,0,50.6831086082795,0
620812211,2015,0,50.6831086082795,0
620812211,2020,0,50.6831086082795,0
620812211,2025,0,50.6831086082795,0
620812222,1985,74.0084533691406,36.519997603502,2.02651857134963
620812222,1990,88.4120025634766,36.519997603502,2.42092027286986
620812222,1995,82.1195678710938,36.519997603502,2.24861920207845
620812222,2000,74.8693008422852,36.519997603502,2.05009051903951
620812222,2005,80.769172668457,36.519997603502,2.2116423321099
620812222,2010,87.1805725097656,36.519997603502,2.38720093731347
620812222,2015,94.6183929443359,36.519997603502,2.59086525611553
620812222,2020,104.563926696777,36.519997603502,2.86319642821528
620812222,2025,113.724060058594,36.519997603502,3.11402156411118
620812237,1985,0.285311609506607,9.65921202481031,0.0295377727265708
620812237,1990,0.322669386863708,9.65921202481031,0.0334053529454485
620812237,1995,0.32534795999527,9.65921202481031,0.0336826605689566
620812237,2000,0.336722731590271,9.65921202481031,0.034860269215064
620812237,2005,0.354292720556259,9.65921202481031,0.0366792570290657
620812237,2010,0.410868346691132,9.65921202481031,0.0425364248797717
620812237,2015,0.401633679866791,9.65921202481031,0.0415803772435235
620812237,2020,0.423862129449844,9.65921202481031,0.0438816466975906
620812237,2025,0.385120630264282,9.65921202481031,0.0398708123680353
620812242,1985,10.3829050064087,13.5345623514515,0.767140062367454
620812242,1990,11.5821533203125,13.5345623514515,0.855746423087732
620812242,1995,12.6406126022339,13.5345623514515,0.933950598031584
620812242,2000,13.4885854721069,13.5345623514515,0.996603002139953
620812242,2005,14.1410036087036,13.5345623514515,1.04480686124196
620812242,2010,15.1913928985596,13.5345623514515,1.12241478550139
620812242,2015,16.1097946166992,13.5345623514515,1.19027081913525
620812242,2020,17.9259185791016,13.5345623514515,1.32445498521636
620812242,2025,19.436918258667,13.5345623514515,1.43609506934537
620813584,1985,3949.07177734375,19.8098307361447,199.349092374542
620813584,1990,4010.22387695312,19.8098307361447,202.436049573918
620813584,1995,4453.9072265625,19.8098307361447,224.833179338376
620813584,2000,4812.1923828125,19.8098307361447,242.919409403749
620813584,2005,5648.82421875,19.8098307361447,285.152573688741
620813584,2010,6458.1572265625,19.8098307361447,326.007693482158
620813584,2015,7084.54052734375,19.8098307361447,357.627514424816
620813584,2020,7465.11181640625,19.8098307361447,376.838748187057
620813584,2025,7610.5888671875,19.8098307361447,384.182427833739
620813585,1985,9.03307819366455,10.2002039521185,0.885578193932921
620813585,1990,10.34592628479,10.2002039521185,1.0142862175458
620813585,1995,12.064603805542,10.2002039521185,1.18278064460037
620813585,2000,13.6850814819336,10.2002039521185,1.34164782843301
620813585,2005,15.9257917404175,10.2002039521185,1.56132091232448
620813585,2010,18.3093585968018,10.2002039521185,1.79499926499009
620813585,2015,20.8518505096436,10.2002039521185,2.0442581940053
620813585,2020,23.7720947265625,10.2002039521185,2.33055092213379
620813585,2025,26.6824378967285,10.2002039521185,2.61587297881301
620813623,1985,0,0.0150106124881901,0
620813623,1990,0,0.0150106124881901,0
620813623,1995,0,0.0150106124881901,0
620813623,2000,0,0.0150106124881901,0
620813623,2005,0,0.0150106124881901,0
620813623,2010,0,0.0150106124881901,0
620813623,2015,0,0.0150106124881901,0
620813623,2020,0,0.0150106124881901,0
620813623,2025,0,0.0150106124881901,0
620813626,1985,0,86.3302383564395,0
620813626,1990,0,86.3302383564395,0
620813626,1995,0,86.3302383564395,0
620813626,2000,0,86.3302383564395,0
620813626,2005,0,86.3302383564395,0
620813626,2010,0,86.3302383564395,0
620813626,2015,0,86.3302383564395,0
620813626,2020,0,86.3302383564395,0
620813626,2025,0,86.3302383564395,0
620813639,1985,0,10.4535465099022,0
620813639,1990,0,10.4535465099022,0
620813639,1995,0,10.4535465099022,0
620813639,2000,0,10.4535465099022,0
620813639,2005,0,10.4535465099022,0
620813639,2010,0,10.4535465099022,0
620813639,2015,0,10.4535465099022,0
620813639,2020,0,10.4535465099022,0
620813639,2025,0,10.4535465099022,0
620814956,1985,371.167144775391,36.2611532931754,10.2359442838032
620814956,1990,406.919677734375,36.2611532931754,11.2219176936923
620814956,1995,444.444091796875,36.2611532931754,12.2567555478309
620814956,2000,472.354797363281,36.2611532931754,13.0264692229792
620814956,2005,494.624389648438,36.2611532931754,13.6406138450519
620814956,2010,519.383422851562,36.2611532931754,14.323411576358
620814956,2015,540.626892089844,36.2611532931754,14.9092580624454
620814956,2020,565.331359863281,36.2611532931754,15.5905510035082
620814956,2025,578.309326171875,36.2611532931754,15.9484537487316
620814960,1985,53.5847816467285,0.19780520022105,270.896728634266
620814960,1990,57.3910598754883,0.19780520022105,290.139287598875
620814960,1995,61.0445671081543,0.19780520022105,308.609516028579
620814960,2000,64.6596374511719,0.19780520022105,326.885427576797
620814960,2005,66.569206237793,0.19780520022105,336.53921213093
620814960,2010,68.9898529052734,0.19780520022105,348.776740086592
620814960,2015,71.7735366821289,0.19780520022105,362.8495944592
620814960,2020,75.3671417236328,0.19780520022105,381.016988630274
620814960,2025,78.0255355834961,0.19780520022105,394.456442481297
620814970,1985,0,29.9356382616651,0
620814970,1990,0,29.9356382616651,0
620814970,1995,0,29.9356382616651,0
620814970,2000,0,29.9356382616651,0
620814970,2005,0,29.9356382616651,0
620814970,2010,0,29.9356382616651,0
620814970,2015,0,29.9356382616651,0
620814970,2020,0,29.9356382616651,0
620814970,2025,0,29.9356382616651,0
620814975,1985,0,3.37119105233086,0
620814975,1990,0,3.37119105233086,0
620814975,1995,0,3.37119105233086,0
620814975,2000,0,3.37119105233086,0
620814975,2005,0,3.37119105233086,0
620814975,2010,0,3.37119105233086,0
620814975,2015,0,3.37119105233086,0
620814975,2020,0,3.37119105233086,0
620814975,2025,0,3.37119105233086,0
620814977,1985,0,23.9580196452914,0
620814977,1990,0,23.9580196452914,0
620814977,1995,0,23.9580196452914,0
620814977,2000,0,23.9580196452914,0
620814977,2005,0,23.9580196452914,0
620814977,2010,0,23.9580196452914,0
620814977,2015,0,23.9580196452914,0
620814977,2020,0,23.9580196452914,0
620814977,2025,0,23.9580196452914,0
620814984,1985,0,12.0386422536266,0
620814984,1990,0,12.0386422536266,0
620814984,1995,0,12.0386422536266,0
620814984,2000,0,12.0386422536266,0
620814984,2005,0,12.0386422536266,0
620814984,2010,0,12.0386422536266,0
620814984,2015,0,12.0386422536266,0
620814984,2020,0,12.0386422536266,0
620814984,2025,0,12.0386422536266,0
620814988,1985,14.6549253463745,21.9566620150118,0.667447781286376
620814988,1990,17.2550773620605,21.9566620150118,0.785869789782399
620814988,1995,20.1963195800781,21.9566620150118,0.919826500324587
620814988,2000,23.2478675842285,21.9566620150118,1.05880700665401
620814988,2005,27.5795993804932,21.9566620150118,1.25609254091705
620814988,2010,33.0179023742676,21.9566620150118,1.50377604536123
620814988,2015,38.5202217102051,21.9566620150118,1.75437512696004
620814988,2020,45.2928581237793,21.9566620150118,2.0628298642486
620814988,2025,50.527042388916,21.9566620150118,2.30121693153406
620816331,1985,5.01767587661743,17.5653043360146,0.285658351294806
620816331,1990,5.7530369758606,17.5653043360146,0.327522761109525
620816331,1995,6.56249761581421,17.5653043360146,0.373605688252094
620816331,2000,7.34369850158691,17.5653043360146,0.418079775966646
620816331,2005,8.38904571533203,17.5653043360146,0.477591822769149
620816331,2010,9.58242321014404,17.5653043360146,0.545531294353778
620816331,2015,10.6645383834839,17.5653043360146,0.60713655621771
620816331,2020,11.2236709594727,17.5653043360146,0.638968203725369
620816331,2025,12.5361204147339,17.5653043360146,0.713686490989558
620816332,1985,11.3409614562988,3.01672579804895,3.75936104754152
620816332,1990,15.9404277801514,3.01672579804895,5.28401613115144
620816332,1995,14.9994812011719,3.01672579804895,4.97210625204077
620816332,2000,14.3745708465576,3.01672579804895,4.7649577087365
620816332,2005,14.4911346435547,3.01672579804895,4.80359688405448
620816332,2010,15.1751537322998,3.01672579804895,5.03033909880515
620816332,2015,16.1818752288818,3.01672579804895,5.36405239062409
620816332,2020,18.1301021575928,3.01672579804895,6.00986081311013
620816332,2025,20.2587299346924,3.01672579804895,6.71546944962469
620816336,1985,62.2776679992676,0.503348298321682,123.726787607945
620816336,1990,75.3513717651367,0.503348298321682,149.700261263188
620816336,1995,77.6221542358398,0.503348298321682,154.211615485055
620816336,2000,80.1608123779297,0.503348298321682,159.255157204684
620816336,2005,74.6271286010742,0.503348298321682,148.26141033933
620816336,2010,70.3944244384766,0.503348298321682,139.852314338189
620816336,2015,68.8664093017578,0.503348298321682,136.816612932595
620816336,2020,70.4098510742188,0.503348298321682,139.882962372152
620816336,2025,73.2970504760742,0.503348298321682,145.61894958316
620816346,1985,0,0.83654637329178,0
620816346,1990,0,0.83654637329178,0
620816346,1995,0,0.83654637329178,0
620816346,2000,0,0.83654637329178,0
620816346,2005,0,0.83654637329178,0
620816346,2010,0,0.83654637329178,0
620816346,2015,0,0.83654637329178,0
620816346,2020,0,0.83654637329178,0
620816346,2025,0,0.83654637329178,0
620816353,1985,0,21.2030324185562,0
620816353,1990,0,21.2030324185562,0
620816353,1995,0,21.2030324185562,0
620816353,2000,0,21.2030324185562,0
620816353,2005,0,21.2030324185562,0
620816353,2010,0,21.2030324185562,0
620816353,2015,0,21.2030324185562,0
620816353,2020,0,21.2030324185562,0
620816353,2025,0,21.2030324185562,0
620816360,1985,0,11.579688051511,0
620816360,1990,0,11.579688051511,0
620816360,1995,0,11.579688051511,0
620816360,2000,0,11.579688051511,0
620816360,2005,0,11.579688051511,0
620816360,2010,0,11.579688051511,0
620816360,2015,0,11.579688051511,0
620816360,2020,0,11.579688051511,0
620816360,2025,0,11.579688051511,0
620816364,1985,0,23.6386850273567,0
620816364,1990,0,23.6386850273567,0
620816364,1995,0,23.6386850273567,0
620816364,2000,0,23.6386850273567,0
620816364,2005,0,23.6386850273567,0
620816364,2010,0,23.6386850273567,0
620816364,2015,0,23.6386850273567,0
620816364,2020,0,23.6386850273567,0
620816364,2025,0,23.6386850273567,0
620817663,1985,232.931594848633,16.5308381638077,14.0907310652045
620817663,1990,263.158447265625,16.5308381638077,15.9192440611862
620817663,1995,282.74267578125,16.5308381638077,17.1039528050236
620817663,2000,298.317291259766,16.5308381638077,18.0461080257198
620817663,2005,313.600982666016,16.5308381638077,18.97066437639
620817663,2010,332.459655761719,16.5308381638077,20.1114820959048
620817663,2015,345.7548828125,16.5308381638077,20.9157502714829
620817663,2020,360.915679931641,16.5308381638077,21.8328723779913
620817663,2025,375.156005859375,16.5308381638077,22.6943124203305
620817707,1985,0.719541966915131,14.1042302665934,0.0510160393948902
620817707,1990,1.0036780834198,14.1042302665934,0.0711614930023558
620817707,1995,1.07276916503906,14.1042302665934,0.0760601000382115
620817707,2000,1.23293042182922,14.1042302665934,0.0874156475415383
620817707,2005,1.25023710727692,14.1042302665934,0.0886427039012664
620817707,2010,1.49229896068573,14.1042302665934,0.10580506220324
620817707,2015,1.5557279586792,14.1042302665934,0.110302223465822
620817707,2020,2.09751892089844,14.1042302665934,0.148715589667202
620817707,2025,2.0679943561554,14.1042302665934,0.146622276938682
620817712,1985,189.483016967773,3.50447909190821,54.0688107985255
620817712,1990,214.534225463867,3.50447909190821,61.2171509195827
620817712,1995,228.33659362793,3.50447909190821,65.15564443091
620817712,2000,235.78173828125,3.50447909190821,67.2801098530353
620817712,2005,231.029891967773,3.50447909190821,65.924174722919
620817712,2010,228.958938598633,3.50447909190821,65.3332300162085
620817712,2015,228.536254882812,3.50447909190821,65.2126175928683
620817712,2020,238.830444335938,3.50447909190821,68.1500554211875
620817712,2025,245.205673217773,3.50447909190821,69.9692213270582
620817722,1985,0,13.6443223096436,0
620817722,1990,0,13.6443223096436,0
620817722,1995,0,13.6443223096436,0
620817722,2000,0,13.6443223096436,0
620817722,2005,0,13.6443223096436,0
620817722,2010,0,13.6443223096436,0
620817722,2015,0,13.6443223096436,0
620817722,2020,0,13.6443223096436,0
620817722,2025,0,13.6443223096436,0
620817729,1985,0,18.7202157051071,0
620817729,1990,0,18.7202157051071,0
620817729,1995,0,18.7202157051071,0
620817729,2000,0,18.7202157051071,0
620817729,2005,0,18.7202157051071,0
620817729,2010,0,18.7202157051071,0
620817729,2015,0,18.7202157051071,0
620817729,2020,0,18.7202157051071,0
620817729,2025,0,18.7202157051071,0
620817740,1985,0,16.0362025297921,0
620817740,1990,0,16.0362025297921,0
620817740,1995,0,16.0362025297921,0
620817740,2000,0,16.0362025297921,0
620817740,2005,0,16.0362025297921,0
620817740,2010,0,16.0362025297921,0
620817740,2015,0,16.0362025297921,0
620817740,2020,0,16.0362025297921,0
620817740,2025,0,16.0362025297921,0
620817743,1985,9.58323001861572,3.37225706479382,2.84178514107484
620817743,1990,9.7799711227417,3.37225706479382,2.90012621660551
620817743,1995,10.3164434432983,3.37225706479382,3.05921026928861
620817743,2000,10.5626554489136,3.37225706479382,3.1322213123036
620817743,2005,11.4743299484253,3.37225706479382,3.40256680554299
620817743,2010,12.6801147460938,3.37225706479382,3.76012697207264
620817743,2015,13.443247795105,3.37225706479382,3.98642438485836
620817743,2020,13.975489616394,3.37225706479382,4.14425393671716
620817743,2025,14.2653350830078,3.37225706479382,4.2302039283829
620819088,1985,1450.18688964844,58.723651494982,24.6951075542766
620819088,1990,1673.77880859375,58.723651494982,28.5026350709267
620819088,1995,1833.85778808594,58.723651494982,31.2286062157195
620819088,2000,2015.03833007812,58.723651494982,34.3139140496111
620819088,2005,2367.80493164062,58.723651494982,40.3211461031669
620819088,2010,2798.44482421875,58.723651494982,47.6544757176396
620819088,2015,3251.20654296875,58.723651494982,55.3645160033444
620819088,2020,3760.64331054688,58.723651494982,64.0396708108015
620819088,2025,4208.494140625,58.723651494982,71.6660839965754
620819093,1985,0,4.2521327542896,0
620819093,1990,0,4.2521327542896,0
620819093,1995,0,4.2521327542896,0
620819093,2000,0,4.2521327542896,0
620819093,2005,0,4.2521327542896,0
620819093,2010,0,4.2521327542896,0
620819093,2015,0,4.2521327542896,0
620819093,2020,0,4.2521327542896,0
620819093,2025,0,4.2521327542896,0
620819098,1985,0,12.3314136900314,0
620819098,1990,0,12.3314136900314,0
620819098,1995,0,12.3314136900314,0
620819098,2000,0,12.3314136900314,0
620819098,2005,0,12.3314136900314,0
620819098,2010,0,12.3314136900314,0
620819098,2015,0,12.3314136900314,0
620819098,2020,0,12.3314136900314,0
620819098,2025,0,12.3314136900314,0
620819119,1985,0,10.2299452280769,0
620819119,1990,0,10.2299452280769,0
620819119,1995,0,10.2299452280769,0
620819119,2000,0,10.2299452280769,0
620819119,2005,0,10.2299452280769,0
620819119,2010,0,10.2299452280769,0
620819119,2015,0,10.2299452280769,0
620819119,2020,0,10.2299452280769,0
620819119,2025,0,10.2299452280769,0
620820448,1985,399.467132568359,23.8344973245809,16.7600401690193
620820448,1990,439.399353027344,23.8344973245809,18.4354361261978
620820448,1995,464.084777832031,23.8344973245809,19.4711376334928
620820448,2000,480.945465087891,23.8344973245809,20.1785445079173
620820448,2005,483.897155761719,23.8344973245809,20.3023856208064
620820448,2010,491.466613769531,23.8344973245809,20.6199697470722
620820448,2015,493.917114257812,23.8344973245809,20.722782928106
620820448,2020,521.276245117188,23.8344973245809,21.8706624275892
620820448,2025,534.338684082031,23.8344973245809,22.4187100237671
620820464,1985,0,11.8157956925837,0
620820464,1990,0,11.8157956925837,0
620820464,1995,0,11.8157956925837,0
620820464,2000,0,11.8157956925837,0
620820464,2005,0,11.8157956925837,0
620820464,2010,0,11.8157956925837,0
620820464,2015,0,11.8157956925837,0
620820464,2020,0,11.8157956925837,0
620820464,2025,0,11.8157956925837,0
620820469,1985,0,10.8670149334464,0
620820469,1990,0,10.8670149334464,0
620820469,1995,0,10.8670149334464,0
620820469,2000,0,10.8670149334464,0
620820469,2005,0,10.8670149334464,0
620820469,2010,0,10.8670149334464,0
620820469,2015,0,10.8670149334464,0
620820469,2020,0,10.8670149334464,0
620820469,2025,0,10.8670149334464,0
620820495,1985,0,5.85812853760616,0
620820495,1990,0,5.85812853760616,0
620820495,1995,0,5.85812853760616,0
620820495,2000,0,5.85812853760616,0
620820495,2005,0,5.85812853760616,0
620820495,2010,0,5.85812853760616,0
620820495,2015,0,5.85812853760616,0
620820495,2020,0,5.85812853760616,0
620820495,2025,0,5.85812853760616,0
620821826,1985,123.57975769043,26.9583535294629,4.58409886031686
620821826,1990,136.880783081055,26.9583535294629,5.07749046808282
620821826,1995,145.52197265625,26.9583535294629,5.39802894480216
620821826,2000,154.038177490234,26.9583535294629,5.71393120584629
620821826,2005,161.431793212891,26.9583535294629,5.98819186180867
620821826,2010,169.782531738281,26.9583535294629,6.29795627365467
620821826,2015,174.963775634766,26.9583535294629,6.49015064824145
620821826,2020,185.646118164062,26.9583535294629,6.88640417009033
620821826,2025,190.384185791016,26.9583535294629,7.06215925178606
620821845,1985,0,3.66756702075644,0
620821845,1990,0,3.66756702075644,0
620821845,1995,0,3.66756702075644,0
620821845,2000,0,3.66756702075644,0
620821845,2005,0,3.66756702075644,0
620821845,2010,0,3.66756702075644,0
620821845,2015,0,3.66756702075644,0
620821845,2020,0,3.66756702075644,0
620821845,2025,0,3.66756702075644,0
620823223,1985,0,84.3066732149157,0
620823223,1990,0,84.3066732149157,0
620823223,1995,0,84.3066732149157,0
620823223,2000,0,84.3066732149157,0
620823223,2005,0,84.3066732149157,0
620823223,2010,0,84.3066732149157,0
620823223,2015,0,84.3066732149157,0
620823223,2020,0,84.3066732149157,0
620823223,2025,0,84.3066732149157,0
620824563,1985,1352.40698242188,12.3525106596952,109.484380923031
620824563,1990,1588.71118164062,12.3525106596952,128.614435187205
620824563,1995,1621.86254882812,12.3525106596952,131.298210826085
620824563,2000,1616.87524414062,12.3525106596952,130.894462565922
620824563,2005,1687.15893554688,12.3525106596952,136.584293025699
620824563,2010,1765.59912109375,12.3525106596952,142.934434119105
620824563,2015,1828.77026367188,12.3525106596952,148.048466749269
620824563,2020,1920.7880859375,12.3525106596952,155.497788170692
620824563,2025,1987.12072753906,12.3525106596952,160.867760594031
620824593,1985,0,1.4327388413389,0
620824593,1990,0,1.4327388413389,0
620824593,1995,0,1.4327388413389,0
620824593,2000,0,1.4327388413389,0
620824593,2005,0,1.4327388413389,0
620824593,2010,0,1.4327388413389,0
620824593,2015,0,1.4327388413389,0
620824593,2020,0,1.4327388413389,0
620824593,2025,0,1.4327388413389,0
620825931,1985,355.530944824219,8.13885666615172,43.6831559281316
620825931,1990,420.093444824219,8.13885666615172,51.6157811909041
620825931,1995,442.366790771484,8.13885666615172,54.3524488656031
620825931,2000,454.284637451172,8.13885666615172,55.8167634700428
620825931,2005,481.385589599609,8.13885666615172,59.1465864734563
620825931,2010,511.875213623047,8.13885666615172,62.8927667140102
620825931,2015,541.297668457031,8.13885666615172,66.5078266715529
620825931,2020,580.606140136719,8.13885666615172,71.337555623921
620825931,2025,600.408813476562,8.13885666615172,73.7706582269193
620825960,1985,0.159771889448166,67.4651052255351,0.00236821522643521
620825960,1990,0.186680555343628,67.4651052255351,0.00276706831953433
620825960,1995,0.186846867203712,67.4651052255351,0.00276953347332796
620825960,2000,0.179544016718864,67.4651052255351,0.00266128713678947
620825960,2005,0.211176246404648,67.4651052255351,0.00313015514759353
620825960,2010,0.223761931061745,67.4651052255351,0.00331670617445435
620825960,2015,0.241442829370499,67.4651052255351,0.00357878089070428
620825960,2020,0.254292160272598,67.4651052255351,0.00376923980808304
620825960,2025,0.274900197982788,67.4651052255351,0.00407470198206613
620825972,1985,11919.1123046875,40.7815218506333,292.267472222899
620825972,1990,13458.3662109375,40.7815218506333,330.011377707536
620825972,1995,14056.6015625,40.7815218506333,344.6806525265
620825972,2000,14374.3466796875,40.7815218506333,352.472051737919
620825972,2005,14905.736328125,40.7815218506333,365.502209130862
620825972,2010,15494.26953125,40.7815218506333,379.933578447597
620825972,2015,15813.390625,40.7815218506333,387.758717855558
620825972,2020,15823.0009765625,40.7815218506333,387.994372414937
620825972,2025,16230.3369140625,40.7815218506333,397.982620008833
620825979,1985,0,20.8284015042534,0
620825979,1990,0,20.8284015042534,0
620825979,1995,0,20.8284015042534,0
620825979,2000,0,20.8284015042534,0
620825979,2005,0,20.8284015042534,0
620825979,2010,0,20.8284015042534,0
620825979,2015,0,20.8284015042534,0
620825979,2020,0,20.8284015042534,0
620825979,2025,0,20.8284015042534,0
620825994,1985,0,82.1893583134885,0
620825994,1990,0,82.1893583134885,0
620825994,1995,0,82.1893583134885,0
620825994,2000,0,82.1893583134885,0
620825994,2005,0,82.1893583134885,0
620825994,2010,0,82.1893583134885,0
620825994,2015,0,82.1893583134885,0
620825994,2020,0,82.1893583134885,0
620825994,2025,0,82.1893583134885,0
620825995,1985,0,11.3769870081709,0
620825995,1990,0,11.3769870081709,0
620825995,1995,0,11.3769870081709,0
620825995,2000,0,11.3769870081709,0
620825995,2005,0,11.3769870081709,0
620825995,2010,0,11.3769870081709,0
620825995,2015,0,11.3769870081709,0
620825995,2020,0,11.3769870081709,0
620825995,2025,0,11.3769870081709,0
620825997,1985,0.301671892404556,0.262460637864612,1.14939861024102
620825997,1990,0.356170833110809,0.262460637864612,1.35704475920133
620825997,1995,0.376510292291641,0.262460637864612,1.43454003371683
620825997,2000,0.391282230615616,0.262460637864612,1.49082252409009
620825997,2005,0.427314221858978,0.262460637864612,1.62810783870534
620825997,2010,0.466297030448914,0.262460637864612,1.77663604814314
620825997,2015,0.504848003387451,0.262460637864612,1.92351892266555
620825997,2020,0.559213280677795,0.262460637864612,2.1306558012949
620825997,2025,0.606350123882294,0.262460637864612,2.31025165836514
620826014,1985,0,1.17476211793745,0
620826014,1990,0,1.17476211793745,0
620826014,1995,0,1.17476211793745,0
620826014,2000,0,1.17476211793745,0
620826014,2005,0,1.17476211793745,0
620826014,2010,0,1.17476211793745,0
620826014,2015,0,1.17476211793745,0
620826014,2020,0,1.17476211793745,0
620826014,2025,0,1.17476211793745,0
620827307,1985,305.028045654297,6.17854375348468,49.3689221642659
620827307,1990,384.983062744141,6.17854375348468,62.3096765361597
620827307,1995,398.940887451172,6.17854375348468,64.5687565498213
620827307,2000,406.392944335938,6.17854375348468,65.7748752052995
620827307,2005,423.366241455078,6.17854375348468,68.5220107434378
620827307,2010,445.2568359375,6.17854375348468,72.0650130034891
620827307,2015,464.93115234375,6.17854375348468,75.249309690739
620827307,2020,498.683624267578,6.17854375348468,80.7121619857951
620827307,2025,517.575561523438,6.17854375348468,83.7698302664809
620827327,1985,0,9.37438102721943,0
620827327,1990,0,9.37438102721943,0
620827327,1995,0,9.37438102721943,0
620827327,2000,0,9.37438102721943,0
620827327,2005,0,9.37438102721943,0
620827327,2010,0,9.37438102721943,0
620827327,2015,0,9.37438102721943,0
620827327,2020,0,9.37438102721943,0
620827327,2025,0,9.37438102721943,0
620827346,1985,280.125366210938,2.05551004739503,136.280222305867
620827346,1990,319.707336425781,2.05551004739503,155.536742246018
620827346,1995,343.058502197266,2.05551004739503,166.897020343942
620827346,2000,360.561645507812,2.05551004739503,175.412251555158
620827346,2005,381.812225341797,2.05551004739503,185.750600356185
620827346,2010,405.806091308594,2.05551004739503,197.423550336266
620827346,2015,424.845672607422,2.05551004739503,206.686254414486
620827346,2020,438.04931640625,2.05551004739503,213.109790906347
620827346,2025,446.873291015625,2.05551004739503,217.402630350531
620827348,1985,57193.484375,27.148564815798,2106.68537224916
620827348,1990,61099.2734375,27.148564815798,2250.55261123585
620827348,1995,65460.7109375,27.148564815798,2411.20336863655
620827348,2000,68596.09375,27.148564815798,2526.69318674567
620827348,2005,71535.546875,27.148564815798,2634.96606028223
620827348,2010,74967.28125,27.148564815798,2761.37179842287
620827348,2015,79018.6015625,27.148564815798,2910.59958781019
620827348,2020,88478.65625,27.148564815798,3259.05464433661
620827348,2025,90484.640625,27.148564815798,3332.94379422761
620827355,1985,0,35.2507623639998,0
620827355,1990,0,35.2507623639998,0
620827355,1995,0,35.2507623639998,0
620827355,2000,0,35.2507623639998,0
620827355,2005,0,35.2507623639998,0
620827355,2010,0,35.2507623639998,0
620827355,2015,0,35.2507623639998,0
620827355,2020,0,35.2507623639998,0
620827355,2025,0,35.2507623639998,0
620827371,1985,14.3268327713013,16.1917911165022,0.884820750725952
620827371,1990,17.5410194396973,16.1917911165022,1.08332792298809
620827371,1995,20.5348815917969,16.1917911165022,1.26822792142299
620827371,2000,23.6375827789307,16.1917911165022,1.45984978492218
620827371,2005,35.9871215820312,16.1917911165022,2.22255347312097
620827371,2010,51.5470504760742,16.1917911165022,3.18352985813527
620827371,2015,67.8616638183594,16.1917911165022,4.1911153207255
620827371,2020,77.2013473510742,16.1917911165022,4.76793128046179
620827371,2025,86.1229782104492,16.1917911165022,5.31892843668637
620827372,1985,0,34.1179741520527,0
620827372,1990,0,34.1179741520527,0
620827372,1995,0,34.1179741520527,0
620827372,2000,0,34.1179741520527,0
620827372,2005,0,34.1179741520527,0
620827372,2010,0,34.1179741520527,0
620827372,2015,0,34.1179741520527,0
620827372,2020,0,34.1179741520527,0
620827372,2025,0,34.1179741520527,0
620827374,1985,1.14497065544128,11.5857655485876,0.0988256365658004
620827374,1990,1.2541252374649,11.5857655485876,0.108247075448355
620827374,1995,1.28583359718323,11.5857655485876,0.110983913129503
620827374,2000,1.32314848899841,11.5857655485876,0.114204666359723
620827374,2005,1.34803473949432,11.5857655485876,0.116352668612275
620827374,2010,1.49835598468781,11.5857655485876,0.129327317940632
620827374,2015,1.50903284549713,11.5857655485876,0.130248867817034
620827374,2020,1.53941094875336,11.5857655485876,0.132870887322679
620827374,2025,1.62419319152832,11.5857655485876,0.140188681077387
620827378,1985,0,22.812948008435,0
620827378,1990,0,22.812948008435,0
620827378,1995,0,22.812948008435,0
620827378,2000,0,22.812948008435,0
620827378,2005,0,22.812948008435,0
620827378,2010,0,22.812948008435,0
620827378,2015,0,22.812948008435,0
620827378,2020,0,22.812948008435,0
620827378,2025,0,22.812948008435,0
620828683,1985,4235.06982421875,3.19460628703487,1325.69382380751
620828683,1990,4515.63134765625,3.19460628703487,1413.51732950088
620828683,1995,4873.4609375,3.19460628703487,1525.52787405405
620828683,2000,5166.6806640625,3.19460628703487,1617.31374693376
620828683,2005,5657.55078125,3.19460628703487,1770.96965100546
620828683,2010,6194.8134765625,3.19460628703487,1939.14771335166
620828683,2015,6654.4150390625,3.19460628703487,2083.01569619677
620828683,2020,7021.45849609375,3.19460628703487,2197.91043565836
620828683,2025,7254.4365234375,3.19460628703487,2270.83899286095
620828706,1985,333.931945800781,27.1661911666722,12.2921886160638
620828706,1990,369.735961914062,27.1661911666722,13.6101509278805
620828706,1995,397.713592529297,27.1661911666722,14.6400203874446
620828706,2000,418.958587646484,27.1661911666722,15.422058435651
620828706,2005,444.612274169922,27.1661911666722,16.366382443608
620828706,2010,474.082489013672,27.1661911666722,17.4511946155809
620828706,2015,498.427734375,27.1661911666722,18.3473543021547
620828706,2020,526.843444824219,27.1661911666722,19.3933496820326
620828706,2025,540.203186035156,27.1661911666722,19.8851279047865
620828722,1985,4603.77734375,29.6167110328971,155.445259895209
620828722,1990,5006.93115234375,29.6167110328971,169.057635967148
620828722,1995,5319.279296875,29.6167110328971,179.603984080695
620828722,2000,5527.435546875,29.6167110328971,186.632321892034
620828722,2005,5743.97119140625,29.6167110328971,193.943587626123
620828722,2010,6026.744140625,29.6167110328971,203.491337506407
620828722,2015,6256.673828125,29.6167110328971,211.254849371199
620828722,2020,6534.35009765625,29.6167110328971,220.63051128122
620828722,2025,6677.91455078125,29.6167110328971,225.477925059392
620828731,1985,0,19.1364492468784,0
620828731,1990,0,19.1364492468784,0
620828731,1995,0,19.1364492468784,0
620828731,2000,0,19.1364492468784,0
620828731,2005,0,19.1364492468784,0
620828731,2010,0,19.1364492468784,0
620828731,2015,0,19.1364492468784,0
620828731,2020,0,19.1364492468784,0
620828731,2025,0,19.1364492468784,0
620828734,1985,81.4780197143555,8.87911648052441,9.1763656770435
620828734,1990,96.3766174316406,8.87911648052441,10.8543026373215
620828734,1995,90.2549896240234,8.87911648052441,10.1648615402208
620828734,2000,82.5224227905273,8.87911648052441,9.29399033918896
620828734,2005,89.3464584350586,8.87911648052441,10.0625392887944
620828734,2010,97.1192169189453,8.87911648052441,10.9379370269517
620828734,2015,104.806312561035,8.87911648052441,11.8036870887908
620828734,2020,116.63313293457,8.87911648052441,13.1356687560519
620828734,2025,126.046142578125,8.87911648052441,14.1957978425665
620828750,1985,2.17437505722046,27.4478638963926,0.0792183707055699
620828750,1990,2.51441049575806,27.4478638963926,0.0916067824166279
620828750,1995,2.68923687934875,27.4478638963926,0.0979761809334165
620828750,2000,2.73569560050964,27.4478638963926,0.0996687979376488
620828750,2005,2.9078574180603,27.4478638963926,0.105941119098979
620828750,2010,3.15151214599609,27.4478638963926,0.114818120560933
620828750,2015,3.3438675403595,27.4478638963926,0.121826148401988
620828750,2020,3.2683413028717,27.4478638963926,0.119074523074317
620828750,2025,3.3654956817627,27.4478638963926,0.122614120153992
620828752,1985,0.12470293790102,6.67832793386998,0.0186727784463194
620828752,1990,0.138805106282234,6.67832793386998,0.0207844100584319
620828752,1995,0.150195419788361,6.67832793386998,0.0224899737292962
620828752,2000,0.15958908200264,6.67832793386998,0.0238965626700156
620828752,2005,0.168289855122566,6.67832793386998,0.0251993997283456
620828752,2010,0.177296832203865,6.67832793386998,0.0265480871798286
620828752,2015,0.186894446611404,6.67832793386998,0.0279852155303045
620828752,2020,0.21040903031826,6.67832793386998,0.0315062441380191
620828752,2025,0.228144690394402,6.67832793386998,0.0341619478189049
620830059,1985,1640.66247558594,0.404558195606565,4055.44243919233
620830059,1990,1714.25927734375,0.404558195606565,4237.36138820155
620830059,1995,1828.97595214844,0.404558195606565,4520.9217660421
620830059,2000,1918.61682128906,0.404558195606565,4742.4989584315
620830059,2005,2015.37316894531,0.404558195606565,4981.66442017967
620830059,2010,2134.39868164062,0.404558195606565,5275.87552253258
620830059,2015,2217.13452148438,0.404558195606565,5480.38464073176
620830059,2020,2333.09521484375,0.404558195606565,5767.02002377106
620830059,2025,2416.2666015625,0.404558195606565,5972.60574078774
620830083,1985,0,23.4451217520774,0
620830083,1990,0,23.4451217520774,0
620830083,1995,0,23.4451217520774,0
620830083,2000,0,23.4451217520774,0
620830083,2005,0,23.4451217520774,0
620830083,2010,0,23.4451217520774,0
620830083,2015,0,23.4451217520774,0
620830083,2020,0,23.4451217520774,0
620830083,2025,0,23.4451217520774,0
620830098,1985,0,9.00175109715386,0
620830098,1990,0,9.00175109715386,0
620830098,1995,0,9.00175109715386,0
620830098,2000,0,9.00175109715386,0
620830098,2005,0,9.00175109715386,0
620830098,2010,0,9.00175109715386,0
620830098,2015,0,9.00175109715386,0
620830098,2020,0,9.00175109715386,0
620830098,2025,0,9.00175109715386,0
620830107,1985,0,7.21680396296771,0
620830107,1990,0,7.21680396296771,0
620830107,1995,0,7.21680396296771,0
620830107,2000,0,7.21680396296771,0
620830107,2005,0,7.21680396296771,0
620830107,2010,0,7.21680396296771,0
620830107,2015,0,7.21680396296771,0
620830107,2020,0,7.21680396296771,0
620830107,2025,0,7.21680396296771,0
620830128,1985,3.81501507759094,49.5412021780197,0.0770069136368995
620830128,1990,4.58553886413574,49.5412021780197,0.0925601047721494
620830128,1995,4.85379838943481,49.5412021780197,0.0979749819552892
620830128,2000,5.0999755859375,49.5412021780197,0.102944122502547
620830128,2005,5.55959177017212,49.5412021780197,0.112221575693591
620830128,2010,5.75768804550171,49.5412021780197,0.116220192332278
620830128,2015,6.06936931610107,49.5412021780197,0.122511546940093
620830128,2020,6.66693115234375,49.5412021780197,0.134573463283895
620830128,2025,7.22889566421509,49.5412021780197,0.145916839850576
620831442,1985,523.032958984375,25.4067337456632,20.5863911599284
620831442,1990,580.053466796875,25.4067337456632,22.8306980583794
620831442,1995,617.731201171875,25.4067337456632,24.3136802768801
620831442,2000,641.509155273438,25.4067337456632,25.249572089641
620831442,2005,681.965881347656,25.4067337456632,26.8419344326016
620831442,2010,724.95263671875,25.4067337456632,28.5338778284516
620831442,2015,761.645874023438,25.4067337456632,29.9781105925687
620831442,2020,801.037353515625,25.4067337456632,31.5285452090968
620831442,2025,823.939758300781,25.4067337456632,32.4299757123021
620831456,1985,146.39289855957,13.3766895191789,10.9438810215097
620831456,1990,159.209228515625,13.3766895191789,11.9019902710127
620831456,1995,169.47900390625,13.3766895191789,12.6697269652001
620831456,2000,176.553466796875,13.3766895191789,13.1985919643078
620831456,2005,191.236587524414,13.3766895191789,14.2962567270645
620831456,2010,207.602081298828,13.3766895191789,15.519690503482
620831456,2015,221.271759033203,13.3766895191789,16.5415933976754
620831456,2020,233.900985717773,13.3766895191789,17.4857153843944
620831456,2025,239.64469909668,13.3766895191789,17.9150976594835
620831459,1985,113.25611114502,19.0075613230156,5.95847669358204
620831459,1990,128.8388671875,19.0075613230156,6.77829548977931
620831459,1995,137.421966552734,19.0075613230156,7.22985785590154
620831459,2000,136.994277954102,19.0075613230156,7.2073568842427
620831459,2005,145.390701293945,19.0075613230156,7.64909810486299
620831459,2010,149.281158447266,19.0075613230156,7.85377755254203
620831459,2015,153.85334777832,19.0075613230156,8.09432336761818
620831459,2020,161.149291992188,19.0075613230156,8.47816767514819
620831459,2025,157.357284545898,19.0075613230156,8.27866772973976
620831475,1985,2.12015724182129,4.29338213589941,0.493819831245266
620831475,1990,2.46024298667908,4.29338213589941,0.573031449054484
620831475,1995,2.52117872238159,4.29338213589941,0.587224393864357
620831475,2000,2.56542253494263,4.29338213589941,0.597529512570444
620831475,2005,2.80952763557434,4.29338213589941,0.654385644380983
620831475,2010,3.14408588409424,4.29338213589941,0.732309816497522
620831475,2015,3.48265433311462,4.29338213589941,0.811168030908352
620831475,2020,3.84109020233154,4.29338213589941,0.894653697422831
620831475,2025,4.20394515991211,4.29338213589941,0.979168643005366
620831481,1985,0,0.261485500809724,0
620831481,1990,0,0.261485500809724,0
620831481,1995,0,0.261485500809724,0
620831481,2000,0,0.261485500809724,0
620831481,2005,0,0.261485500809724,0
620831481,2010,0,0.261485500809724,0
620831481,2015,0,0.261485500809724,0
620831481,2020,0,0.261485500809724,0
620831481,2025,0,0.261485500809724,0
620831504,1985,0,46.7033685574476,0
620831504,1990,0,46.7033685574476,0
620831504,1995,0,46.7033685574476,0
620831504,2000,0,46.7033685574476,0
620831504,2005,0,46.7033685574476,0
620831504,2010,0,46.7033685574476,0
620831504,2015,0,46.7033685574476,0
620831504,2020,0,46.7033685574476,0
620831504,2025,0,46.7033685574476,0
620832832,1985,322.645446777344,14.4660717802438,22.3035978031008
620832832,1990,351.253967285156,14.4660717802438,24.2812266260742
620832832,1995,377.925537109375,14.4660717802438,26.1249593428332
620832832,2000,397.304382324219,14.4660717802438,27.4645659415858
620832832,2005,426.412994384766,14.4660717802438,29.4767647266285
620832832,2010,461.159362792969,14.4660717802438,31.8786861975046
620832832,2015,488.400848388672,14.4660717802438,33.7618156337146
620832832,2020,516.435729980469,14.4660717802438,35.6997903664325
620832832,2025,529.224365234375,14.4660717802438,36.5838337645423
620832858,1985,0,6.3041620620076,0
620832858,1990,0,6.3041620620076,0
620832858,1995,0,6.3041620620076,0
620832858,2000,0,6.3041620620076,0
620832858,2005,0,6.3041620620076,0
620832858,2010,0,6.3041620620076,0
620832858,2015,0,6.3041620620076,0
620832858,2020,0,6.3041620620076,0
620832858,2025,0,6.3041620620076,0
620834208,1985,37.1305999755859,10.2650490190369,3.6171868158375
620834208,1990,40.2890243530273,10.2650490190369,3.924874034046
620834208,1995,42.8820686340332,10.2650490190369,4.17748308405608
620834208,2000,45.0478897094727,10.2650490190369,4.38847292652277
620834208,2005,48.9922218322754,10.2650490190369,4.77272166371709
620834208,2010,52.199031829834,10.2650490190369,5.08512250969566
620834208,2015,55.854175567627,10.2650490190369,5.4411991081624
620834208,2020,58.7395477294922,10.2650490190369,5.72228614013996
620834208,2025,60.7417182922363,10.2650490190369,5.91733348565492
620834240,1985,0,2.59593273722345,0
620834240,1990,0,2.59593273722345,0
620834240,1995,0,2.59593273722345,0
620834240,2000,0,2.59593273722345,0
620834240,2005,0,2.59593273722345,0
620834240,2010,0,2.59593273722345,0
620834240,2015,0,2.59593273722345,0
620834240,2020,0,2.59593273722345,0
620834240,2025,0,2.59593273722345,0
620835585,1985,1192.41613769531,4.81823643491145,247.479789297062
620835585,1990,1312.955078125,4.81823643491145,272.497021651269
620835585,1995,1411.94470214844,4.81823643491145,293.041805071649
620835585,2000,1482.27526855469,4.81823643491145,307.6385496184
620835585,2005,1566.8134765625,4.81823643491145,325.184016543866
620835585,2010,1662.72338867188,4.81823643491145,345.089621718083
620835585,2015,1736.14660644531,4.81823643491145,360.328230027429
620835585,2020,1834.12768554688,4.81823643491145,380.663695176383
620835585,2025,1877.64538574219,4.81823643491145,389.69556830739
620835598,1985,0,36.942863390634,0
620835598,1990,0,36.942863390634,0
620835598,1995,0,36.942863390634,0
620835598,2000,0,36.942863390634,0
620835598,2005,0,36.942863390634,0
620835598,2010,0,36.942863390634,0
620835598,2015,0,36.942863390634,0
620835598,2020,0,36.942863390634,0
620835598,2025,0,36.942863390634,0
620835612,1985,0,0.0116696424765592,0
620835612,1990,0,0.0116696424765592,0
620835612,1995,0,0.0116696424765592,0
620835612,2000,0,0.0116696424765592,0
620835612,2005,0,0.0116696424765592,0
620835612,2010,0,0.0116696424765592,0
620835612,2015,0,0.0116696424765592,0
620835612,2020,0,0.0116696424765592,0
620835612,2025,0,0.0116696424765592,0
620835616,1985,0,13.3945783524441,0
620835616,1990,0,13.3945783524441,0
620835616,1995,0,13.3945783524441,0
620835616,2000,0,13.3945783524441,0
620835616,2005,0,13.3945783524441,0
620835616,2010,0,13.3945783524441,0
620835616,2015,0,13.3945783524441,0
620835616,2020,0,13.3945783524441,0
620835616,2025,0,13.3945783524441,0
620835617,1985,0,9.11182762886122,0
620835617,1990,0,9.11182762886122,0
620835617,1995,0,9.11182762886122,0
620835617,2000,0,9.11182762886122,0
620835617,2005,0,9.11182762886122,0
620835617,2010,0,9.11182762886122,0
620835617,2015,0,9.11182762886122,0
620835617,2020,0,9.11182762886122,0
620835617,2025,0,9.11182762886122,0
620836941,1985,67.9012222290039,0.171029970322658,397.013588325509
620836941,1990,77.3515777587891,0.171029970322658,452.269140974887
620836941,1995,84.653923034668,0.171029970322658,494.965431350794
620836941,2000,88.4588851928711,0.171029970322658,517.212772860734
620836941,2005,104.179359436035,0.171029970322658,609.129261026559
620836941,2010,120.769325256348,0.171029970322658,706.129604235498
620836941,2015,137.641143798828,0.171029970322658,804.777920145574
620836941,2020,145.158920288086,0.171029970322658,848.733821412908
620836941,2025,149.372955322266,0.171029970322658,873.372982761236
620836969,1985,0,0.281859979120056,0
620836969,1990,0,0.281859979120056,0
620836969,1995,0,0.281859979120056,0
620836969,2000,0,0.281859979120056,0
620836969,2005,0,0.281859979120056,0
620836969,2010,0,0.281859979120056,0
620836969,2015,0,0.281859979120056,0
620836969,2020,0,0.281859979120056,0
620836969,2025,0,0.281859979120056,0
620836973,1985,0,8.09039635589986,0
620836973,1990,0,8.09039635589986,0
620836973,1995,0,8.09039635589986,0
620836973,2000,0,8.09039635589986,0
620836973,2005,0,8.09039635589986,0
620836973,2010,0,8.09039635589986,0
620836973,2015,0,8.09039635589986,0
620836973,2020,0,8.09039635589986,0
620836973,2025,0,8.09039635589986,0
620836992,1985,0,9.72237467675191,0
620836992,1990,0,9.72237467675191,0
620836992,1995,0,9.72237467675191,0
620836992,2000,0,9.72237467675191,0
620836992,2005,0,9.72237467675191,0
620836992,2010,0,9.72237467675191,0
620836992,2015,0,9.72237467675191,0
620836992,2020,0,9.72237467675191,0
620836992,2025,0,9.72237467675191,0
620836993,1985,36.0814933776855,13.3557428411707,2.70157143685487
620836993,1990,44.0866813659668,13.3557428411707,3.30095314729064
620836993,1995,49.466724395752,13.3557428411707,3.70377933927156
620836993,2000,53.7915725708008,13.3557428411707,4.02759870495423
620836993,2005,60.2337379455566,13.3557428411707,4.5099504132319
620836993,2010,68.5963668823242,13.3557428411707,5.13609521372841
620836993,2015,74.5907211303711,13.3557428411707,5.58491744094056
620836993,2020,84.8303070068359,13.3557428411707,6.35159781194172
620836993,2025,90.9476623535156,13.3557428411707,6.80962964284986
620838305,1985,29.9114513397217,0.106401552624158,281.118560791852
620838305,1990,31.7479228973389,0.106401552624158,298.378379961071
620838305,1995,39.3416366577148,0.106401552624158,369.746828758048
620838305,2000,46.1482048034668,0.106401552624158,433.717400407456
620838305,2005,51.6818504333496,0.106401552624158,485.72458915055
620838305,2010,57.6824531555176,0.106401552624158,542.120408329654
620838305,2015,62.7126426696777,0.106401552624158,589.395935707796
620838305,2020,68.0830993652344,0.106401552624158,639.869416245497
620838305,2025,70.9124526977539,0.106401552624158,666.460694875741
620838308,1985,438.360412597656,32.4838496540391,13.4947186760899
620838308,1990,468.30419921875,32.4838496540391,14.4165240329057
620838308,1995,512.296569824219,32.4838496540391,15.7708084257347
620838308,2000,548.348754882812,32.4838496540391,16.880657949192
620838308,2005,596.190734863281,32.4838496540391,18.3534507520771
620838308,2010,647.990905761719,32.4838496540391,19.9480945966374
620838308,2015,694.376220703125,32.4838496540391,21.3760446529091
620838308,2020,736.89013671875,32.4838496540391,22.6848155180747
620838308,2025,775.434509277344,32.4838496540391,23.871385859001
620838349,1985,0,9.10697127618242,0
620838349,1990,0,9.10697127618242,0
620838349,1995,0,9.10697127618242,0
620838349,2000,0,9.10697127618242,0
620838349,2005,0,9.10697127618242,0
620838349,2010,0,9.10697127618242,0
620838349,2015,0,9.10697127618242,0
620838349,2020,0,9.10697127618242,0
620838349,2025,0,9.10697127618242,0
620838354,1985,0.229857489466667,0.305125663523959,0.753320736158328
620838354,1990,0.26289239525795,0.305125663523959,0.86158729561372
620838354,1995,0.306583195924759,0.305125663523959,1.00477682664895
620838354,2000,0.349882036447525,0.305125663523959,1.14668177172207
620838354,2005,0.392018228769302,0.305125663523959,1.28477632540575
620838354,2010,0.448750346899033,0.305125663523959,1.47070666464539
620838354,2015,0.511506199836731,0.305125663523959,1.67637882021866
620838354,2020,0.58739572763443,0.305125663523959,1.92509447042401
620838354,2025,0.657357633113861,0.305125663523959,2.15438329743196
620839684,1985,137.83528137207,2.2290325603289,61.8363696543455
620839684,1990,151.931930541992,2.2290325603289,68.1604805806757
620839684,1995,166.636459350586,2.2290325603289,74.7573015828885
620839684,2000,178.985488891602,2.2290325603289,80.2973864433776
620839684,2005,192.593963623047,2.2290325603289,86.4024900536351
620839684,2010,207.821716308594,2.2290325603289,93.2340424304653
620839684,2015,221.884719848633,2.2290325603289,99.5430590820498
620839684,2020,236.859512329102,2.2290325603289,106.261127156506
620839684,2025,257.336639404297,2.2290325603289,115.447680749143
620839748,1985,0,12.0800113785519,0
620839748,1990,0,12.0800113785519,0
620839748,1995,0,12.0800113785519,0
620839748,2000,0,12.0800113785519,0
620839748,2005,0,12.0800113785519,0
620839748,2010,0,12.0800113785519,0
620839748,2015,0,12.0800113785519,0
620839748,2020,0,12.0800113785519,0
620839748,2025,0,12.0800113785519,0
620839749,1985,8.72367477416992,2.35374498551208,3.70629563859569
620839749,1990,9.38736343383789,2.35374498551208,3.9882669922271
620839749,1995,10.9738893508911,2.35374498551208,4.66231024110015
620839749,2000,12.5182132720947,2.35374498551208,5.31842376686838
620839749,2005,15.7028436660767,2.35374498551208,6.67142947206761
620839749,2010,19.0281391143799,2.35374498551208,8.0841974094488
620839749,2015,22.9398803710938,2.35374498551208,9.74611969958288
620839749,2020,27.0200214385986,2.35374498551208,11.4795874680197
620839749,2025,29.5049362182617,2.35374498551208,12.5353155927564
620841059,1985,3210.10009765625,17.9816471460057,178.520914774447
620841059,1990,3582.24291992188,17.9816471460057,199.216617411916
620841059,1995,3866.12866210938,17.9816471460057,215.004144543464
620841059,2000,4087.7177734375,17.9816471460057,227.327215368339
620841059,2005,4379.966796875,17.9816471460057,243.579843454327
620841059,2010,4702.5009765625,17.9816471460057,261.516697462673
620841059,2015,5007.4287109375,17.9816471460057,278.474417292179
620841059,2020,5323.716796875,17.9816471460057,296.063911923529
620841059,2025,5506.08203125,17.9816471460057,306.205654384286
620841124,1985,0,4.32682265586371,0
620841124,1990,0,4.32682265586371,0
620841124,1995,0,4.32682265586371,0
620841124,2000,0,4.32682265586371,0
620841124,2005,0,4.32682265586371,0
620841124,2010,0,4.32682265586371,0
620841124,2015,0,4.32682265586371,0
620841124,2020,0,4.32682265586371,0
620841124,2025,0,4.32682265586371,0
620841126,1985,0,20.2207644017196,0
620841126,1990,0,20.2207644017196,0
620841126,1995,0,20.2207644017196,0
620841126,2000,0,20.2207644017196,0
620841126,2005,0,20.2207644017196,0
620841126,2010,0,20.2207644017196,0
620841126,2015,0,20.2207644017196,0
620841126,2020,0,20.2207644017196,0
620841126,2025,0,20.2207644017196,0
620841133,1985,0.233986124396324,0.0862022536824309,2.71438523241317
620841133,1990,0.248670220375061,0.0862022536824309,2.8847299200687
620841133,1995,0.274825245141983,0.0862022536824309,3.18814454845275
620841133,2000,0.298457950353622,0.0862022536824309,3.4622986941054
620841133,2005,0.313946008682251,0.0862022536824309,3.64196984731778
620841133,2010,0.420771688222885,0.0862022536824309,4.8812144723386
620841133,2015,0.398924946784973,0.0862022536824309,4.62777862229232
620841133,2020,0.433245718479156,0.0862022536824309,5.02592101681278
620841133,2025,0.547387182712555,0.0862022536824309,6.35003331501203
620842494,1985,3.95555901527405,5.2134270827749,0.758725297672843
620842494,1990,4.38812017440796,5.2134270827749,0.841695894991272
620842494,1995,4.74823045730591,5.2134270827749,0.910769515314408
620842494,2000,4.68804407119751,5.2134270827749,0.899225019697072
620842494,2005,4.97483587265015,5.2134270827749,0.954235245580962
620842494,2010,5.42541027069092,5.2134270827749,1.04066100562074
620842494,2015,5.38854265213013,5.2134270827749,1.03358933894631
620842494,2020,5.73679304122925,5.2134270827749,1.10038808448737
620842494,2025,6.12119674682617,5.2134270827749,1.17412148470447
620842502,1985,0,8.51504802136421,0
620842502,1990,0,8.51504802136421,0
620842502,1995,0,8.51504802136421,0
620842502,2000,0,8.51504802136421,0
620842502,2005,0,8.51504802136421,0
620842502,2010,0,8.51504802136421,0
620842502,2015,0,8.51504802136421,0
620842502,2020,0,8.51504802136421,0
620842502,2025,0,8.51504802136421,0
620843870,1985,660.746276855469,26.962207942255,24.5063860597244
620843870,1990,759.642272949219,26.962207942255,28.1743347791154
620843870,1995,818.163208007812,26.962207942255,30.3448148519614
620843870,2000,860.178405761719,26.962207942255,31.9031144483405
620843870,2005,918.734985351562,26.962207942255,34.0749165394473
620843870,2010,982.894958496094,26.962207942255,36.4545426176209
620843870,2015,1033.49890136719,26.962207942255,38.3313897578652
620843870,2020,1075.44128417969,26.962207942255,39.8869887244754
620843870,2025,1099.19958496094,26.962207942255,40.7681591698682
620845214,1985,29.4003505706787,0.928789431584633,31.6544843975216
620845214,1990,30.9352512359619,0.928789431584633,33.30706636399
620845214,1995,32.9836006164551,0.928789431584633,35.512463314942
620845214,2000,34.1611518859863,0.928789431584633,36.7802977987196
620845214,2005,35.9223289489746,0.928789431584633,38.676504843177
620845214,2010,38.0578727722168,0.928789431584633,40.9757814613429
620845214,2015,39.7748489379883,0.928789431584633,42.8243987123404
620845214,2020,41.9162368774414,0.928789431584633,45.1299675168859
620845214,2025,42.5561370849609,0.928789431584633,45.8189290680825
620845215,1985,453.822814941406,11.01376169446,41.205069396924
620845215,1990,512.73828125,11.01376169446,46.5543286185239
620845215,1995,549.090270996094,11.01376169446,49.8549257037486
620845215,2000,576.473388671875,11.01376169446,52.3411895648557
620845215,2005,611.168090820312,11.01376169446,55.4913123939967
620845215,2010,647.950256347656,11.01376169446,58.8309675043706
620845215,2015,678.364807128906,11.01376169446,61.5924718500247
620845215,2020,715.033203125,11.01376169446,64.9217971989233
620845215,2025,734.786193847656,11.01376169446,66.715279868209
620845228,1985,3.94303297996521,12.7754962405386,0.308640299032249
620845228,1990,4.37612152099609,12.7754962405386,0.342540237858628
620845228,1995,5.08292531967163,12.7754962405386,0.397865196307814
620845228,2000,5.81879901885986,12.7754962405386,0.455465596741043
620845228,2005,6.66554307937622,12.7754962405386,0.521744357626237
620845228,2010,7.79197835922241,12.7754962405386,0.609915905614474
620845228,2015,8.92515182495117,12.7754962405386,0.698614884064566
620845228,2020,10.2625761032104,12.7754962405386,0.803301563398041
620845228,2025,11.2750654220581,12.7754962405386,0.882554008843946
620845230,1985,74.8478469848633,7.50233090734551,9.97661232345536
620845230,1990,87.6893844604492,7.50233090734551,11.6882853533684
620845230,1995,100.564346313477,7.50233090734551,13.4044135823194
620845230,2000,114.170417785645,7.50233090734551,15.2179928072568
620845230,2005,131.081741333008,7.50233090734551,17.4721353872389
620845230,2010,149.011703491211,7.50233090734551,19.8620542510747
620845230,2015,169.817428588867,7.50233090734551,22.635289043649
620845230,2020,193.027984619141,7.50233090734551,25.7290683393007
620845230,2025,216.160507202148,7.50233090734551,28.8124464078899
620845246,1985,0,30.5080290846713,0
620845246,1990,0,30.5080290846713,0
620845246,1995,0,30.5080290846713,0
620845246,2000,0,30.5080290846713,0
620845246,2005,0,30.5080290846713,0
620845246,2010,0,30.5080290846713,0
620845246,2015,0,30.5080290846713,0
620845246,2020,0,30.5080290846713,0
620845246,2025,0,30.5080290846713,0
620845257,1985,0,12.8000184434016,0
620845257,1990,0,12.8000184434016,0
620845257,1995,0,12.8000184434016,0
620845257,2000,0,12.8000184434016,0
620845257,2005,0,12.8000184434016,0
620845257,2010,0,12.8000184434016,0
620845257,2015,0,12.8000184434016,0
620845257,2020,0,12.8000184434016,0
620845257,2025,0,12.8000184434016,0
620846580,1985,868.737121582031,14.0401513525493,61.8751963399806
620846580,1990,977.463745117188,14.0401513525493,69.6191743645063
620846580,1995,1040.66369628906,14.0401513525493,74.120546862916
620846580,2000,1082.12097167969,14.0401513525493,77.0733124243141
620846580,2005,1146.07238769531,14.0401513525493,81.6282074827647
620846580,2010,1214.47888183594,14.0401513525493,86.5004123773511
620846580,2015,1273.54309082031,14.0401513525493,90.7072195193305
620846580,2020,1344.89453125,14.0401513525493,95.7891761619654
620846580,2025,1381.85119628906,14.0401513525493,98.4213888861076
620846590,1985,165.839385986328,10.7330098524479,15.4513401428122
620846590,1990,179.647735595703,10.7330098524479,16.7378711158762
620846590,1995,194.073455810547,10.7330098524479,18.0819228230079
620846590,2000,204.892669677734,10.7330098524479,19.0899544950109
620846590,2005,219.278915405273,10.7330098524479,20.4303283440349
620846590,2010,235.046203613281,10.7330098524479,21.8993746250659
620846590,2015,249.057189941406,10.7330098524479,23.2047853645268
620846590,2020,262.533782958984,10.7330098524479,24.4604064067925
620846590,2025,268.285461425781,10.7330098524479,24.996293221942
620846604,1985,2.98167014122009,8.72246639604443,0.341837962548329
620846604,1990,3.54703664779663,8.72246639604443,0.406655237950264
620846604,1995,4.07979917526245,8.72246639604443,0.46773458217192
620846604,2000,4.50886726379395,8.72246639604443,0.516925724797138
620846604,2005,5.14384317398071,8.72246639604443,0.589723472745439
620846604,2010,5.4908390045166,8.72246639604443,0.629505320537165
620846604,2015,6.23634481430054,8.72246639604443,0.714974931531828
620846604,2020,6.80073833465576,8.72246639604443,0.779680657496123
620846604,2025,7.82792806625366,8.72246639604443,0.897444336363802
620846611,1985,7384.3662109375,22.8537606592839,323.113833256048
620846611,1990,8287.3056640625,22.8537606592839,362.623280588874
620846611,1995,9074.720703125,22.8537606592839,397.077786820987
620846611,2000,9708.8828125,22.8537606592839,424.826485113116
620846611,2005,11121.830078125,22.8537606592839,486.652076388441
620846611,2010,12570.736328125,22.8537606592839,550.051106053671
620846611,2015,13537.1083984375,22.8537606592839,592.336141095373
620846611,2020,13091.693359375,22.8537606592839,572.846349209347
620846611,2025,13372.9091796875,22.8537606592839,585.15136213501
620846618,1985,0,4.55939438919421,0
620846618,1990,0,4.55939438919421,0
620846618,1995,0,4.55939438919421,0
620846618,2000,0,4.55939438919421,0
620846618,2005,0,4.55939438919421,0
620846618,2010,0,4.55939438919421,0
620846618,2015,0,4.55939438919421,0
620846618,2020,0,4.55939438919421,0
620846618,2025,0,4.55939438919421,0
620846622,1985,0,0.833466447256758,0
620846622,1990,0,0.833466447256758,0
620846622,1995,0,0.833466447256758,0
620846622,2000,0,0.833466447256758,0
620846622,2005,0,0.833466447256758,0
620846622,2010,0,0.833466447256758,0
620846622,2015,0,0.833466447256758,0
620846622,2020,0,0.833466447256758,0
620846622,2025,0,0.833466447256758,0
620846633,1985,0,18.1541257559706,0
620846633,1990,0,18.1541257559706,0
620846633,1995,0,18.1541257559706,0
620846633,2000,0,18.1541257559706,0
620846633,2005,0,18.1541257559706,0
620846633,2010,0,18.1541257559706,0
620846633,2015,0,18.1541257559706,0
620846633,2020,0,18.1541257559706,0
620846633,2025,0,18.1541257559706,0
620847946,1985,294.741851806641,14.7647737649772,19.9625037605238
620847946,1990,366.586791992188,14.7647737649772,24.8284733533642
620847946,1995,380.491424560547,14.7647737649772,25.7702170461353
620847946,2000,387.314483642578,14.7647737649772,26.2323344609118
620847946,2005,404.114135742188,14.7647737649772,27.3701542722427
620847946,2010,422.523681640625,14.7647737649772,28.6170102140592
620847946,2015,440.193237304688,14.7647737649772,29.8137475258069
620847946,2020,474.077484130859,14.7647737649772,32.1086859627606
620847946,2025,491.0146484375,14.7647737649772,33.2558193070464
620847980,1985,0.100179024040699,4.33643340053942,0.0231017093513387
620847980,1990,0.108720369637012,4.33643340053942,0.0250713800017057
620847980,1995,0.123883225023746,4.33643340053942,0.0285679989939051
620847980,2000,0.14475978910923,4.33643340053942,0.0333822235321827
620847980,2005,0.164139956235886,4.33643340053942,0.0378513725624076
620847980,2010,0.199249595403671,4.33643340053942,0.0459478047971142
620847980,2015,0.225997537374496,4.33643340053942,0.0521159940670101
620847980,2020,0.261405736207962,4.33643340053942,0.0602812754314284
620847980,2025,0.278079211711884,4.33643340053942,0.0641262498525385
620847987,1985,592.719909667969,0.555226832808536,1067.52749442922
620847987,1990,680.436157226562,0.555226832808536,1225.5102185618
620847987,1995,713.34423828125,0.555226832808536,1284.77983434788
620847987,2000,730.444030761719,0.555226832808536,1315.57768392942
620847987,2005,759.100646972656,0.555226832808536,1367.19013224353
620847987,2010,793.836608886719,0.555226832808536,1429.75188153499
620847987,2015,809.494140625,0.555226832808536,1457.95212477446
620847987,2020,816.780456542969,0.555226832808536,1471.07525839737
620847987,2025,832.701843261719,0.555226832808536,1499.75072178989
620847998,1985,0,13.6700061383443,0
620847998,1990,0,13.6700061383443,0
620847998,1995,0,13.6700061383443,0
620847998,2000,0,13.6700061383443,0
620847998,2005,0,13.6700061383443,0
620847998,2010,0,13.6700061383443,0
620847998,2015,0,13.6700061383443,0
620847998,2020,0,13.6700061383443,0
620847998,2025,0,13.6700061383443,0
620849365,1985,7.04720306396484,9.87953861969284,0.713312972927469
620849365,1990,8.33573150634766,9.87953861969284,0.843736922059506
620849365,1995,8.12177181243896,9.87953861969284,0.822080071254529
620849365,2000,7.87206172943115,9.87953861969284,0.796804591030173
620849365,2005,8.76359176635742,9.87953861969284,0.887044638794062
620849365,2010,9.80069637298584,9.87953861969284,0.992019642845482
620849365,2015,10.7392854690552,9.87953861969284,1.08702297571352
620849365,2020,11.8416614532471,9.87953861969284,1.19860470302157
620849365,2025,12.8191728591919,9.87953861969284,1.29754772491496
620849367,1985,0,0.200853908401417,0
620849367,1990,0,0.200853908401417,0
620849367,1995,0,0.200853908401417,0
620849367,2000,0,0.200853908401417,0
620849367,2005,0,0.200853908401417,0
620849367,2010,0,0.200853908401417,0
620849367,2015,0,0.200853908401417,0
620849367,2020,0,0.200853908401417,0
620849367,2025,0,0.200853908401417,0
620849368,1985,0,11.3023918964433,0
620849368,1990,0,11.3023918964433,0
620849368,1995,0,11.3023918964433,0
620849368,2000,0,11.3023918964433,0
620849368,2005,0,11.3023918964433,0
620849368,2010,0,11.3023918964433,0
620849368,2015,0,11.3023918964433,0
620849368,2020,0,11.3023918964433,0
620849368,2025,0,11.3023918964433,0
620849369,1985,0.0352347865700722,0.277014818816181,0.127194590963211
620849369,1990,0.0379484295845032,0.277014818816181,0.136990612078716
620849369,1995,0.0442865043878555,0.277014818816181,0.159870524534078
620849369,2000,0.0508189313113689,0.277014818816181,0.183452031658606
620849369,2005,0.0562695600092411,0.277014818816181,0.203128338944856
620849369,2010,0.0747761204838753,0.277014818816181,0.26993545256326
620849369,2015,0.0747294649481773,0.277014818816181,0.269767030036634
620849369,2020,0.100351512432098,0.277014818816181,0.362260448235041
620849369,2025,0.102619417011738,0.277014818816181,0.370447391407725
620849394,1985,0,9.93614719326835,0
620849394,1990,0,9.93614719326835,0
620849394,1995,0,9.93614719326835,0
620849394,2000,0,9.93614719326835,0
620849394,2005,0,9.93614719326835,0
620849394,2010,0,9.93614719326835,0
620849394,2015,0,9.93614719326835,0
620849394,2020,0,9.93614719326835,0
620849394,2025,0,9.93614719326835,0
620850743,1985,0,9.98309198817599,0
620850743,1990,0,9.98309198817599,0
620850743,1995,0,9.98309198817599,0
620850743,2000,0,9.98309198817599,0
620850743,2005,0,9.98309198817599,0
620850743,2010,0,9.98309198817599,0
620850743,2015,0,9.98309198817599,0
620850743,2020,0,9.98309198817599,0
620850743,2025,0,9.98309198817599,0
620850744,1985,0,19.5090176000468,0
620850744,1990,0,19.5090176000468,0
620850744,1995,0,19.5090176000468,0
620850744,2000,0,19.5090176000468,0
620850744,2005,0,19.5090176000468,0
620850744,2010,0,19.5090176000468,0
620850744,2015,0,19.5090176000468,0
620850744,2020,0,19.5090176000468,0
620850744,2025,0,19.5090176000468,0
620850771,1985,0,22.1929090412319,0
620850771,1990,0,22.1929090412319,0
620850771,1995,0,22.1929090412319,0
620850771,2000,0,22.1929090412319,0
620850771,2005,0,22.1929090412319,0
620850771,2010,0,22.1929090412319,0
620850771,2015,0,22.1929090412319,0
620850771,2020,0,22.1929090412319,0
620850771,2025,0,22.1929090412319,0
620852113,1985,0,103.685407806236,0
620852113,1990,0,103.685407806236,0
620852113,1995,0,103.685407806236,0
620852113,2000,0,103.685407806236,0
620852113,2005,0,103.685407806236,0
620852113,2010,0,103.685407806236,0
620852113,2015,0,103.685407806236,0
620852113,2020,0,103.685407806236,0
620852113,2025,0,103.685407806236,0
620852120,1985,0,6.91424053574724,0
620852120,1990,0,6.91424053574724,0
620852120,1995,0,6.91424053574724,0
620852120,2000,0,6.91424053574724,0
620852120,2005,0,6.91424053574724,0
620852120,2010,0,6.91424053574724,0
620852120,2015,0,6.91424053574724,0
620852120,2020,0,6.91424053574724,0
620852120,2025,0,6.91424053574724,0
620852123,1985,0,26.8369137992603,0
620852123,1990,0,26.8369137992603,0
620852123,1995,0,26.8369137992603,0
620852123,2000,0,26.8369137992603,0
620852123,2005,0,26.8369137992603,0
620852123,2010,0,26.8369137992603,0
620852123,2015,0,26.8369137992603,0
620852123,2020,0,26.8369137992603,0
620852123,2025,0,26.8369137992603,0
620852125,1985,0,19.0264291351049,0
620852125,1990,0,19.0264291351049,0
620852125,1995,0,19.0264291351049,0
620852125,2000,0,19.0264291351049,0
620852125,2005,0,19.0264291351049,0
620852125,2010,0,19.0264291351049,0
620852125,2015,0,19.0264291351049,0
620852125,2020,0,19.0264291351049,0
620852125,2025,0,19.0264291351049,0
620853501,1985,0,39.8576855242959,0
620853501,1990,0,39.8576855242959,0
620853501,1995,0,39.8576855242959,0
620853501,2000,0,39.8576855242959,0
620853501,2005,0,39.8576855242959,0
620853501,2010,0,39.8576855242959,0
620853501,2015,0,39.8576855242959,0
620853501,2020,0,39.8576855242959,0
620853501,2025,0,39.8576855242959,0
620853510,1985,10.3961524963379,7.39950129152928,1.4049801583573
620853510,1990,11.9472579956055,7.39950129152928,1.61460313673873
620853510,1995,12.6855144500732,7.39950129152928,1.71437424635566
620853510,2000,14.0026512145996,7.39950129152928,1.89237769721446
620853510,2005,14.1513423919678,7.39950129152928,1.91247245380818
620853510,2010,15.7650098800659,7.39950129152928,2.13055032480543
620853510,2015,16.5339660644531,7.39950129152928,2.23447032618005
620853510,2020,15.8970642089844,7.39950129152928,2.1483967071109
620853510,2025,16.5941066741943,7.39950129152928,2.24259798335203
620853536,1985,0,1.49078105591041,0
620853536,1990,0,1.49078105591041,0
620853536,1995,0,1.49078105591041,0
620853536,2000,0,1.49078105591041,0
620853536,2005,0,1.49078105591041,0
620853536,2010,0,1.49078105591041,0
620853536,2015,0,1.49078105591041,0
620853536,2020,0,1.49078105591041,0
620853536,2025,0,1.49078105591041,0
620854859,1985,26.3616790771484,3.73035147157526,7.06680839004599
620854859,1990,36.8653984069824,3.73035147157526,9.8825536113397
620854859,1995,33.5838470458984,3.73035147157526,9.0028640201339
620854859,2000,31.4107666015625,3.73035147157526,8.42032361854051
620854859,2005,31.4738445281982,3.73035147157526,8.43723299748681
620854859,2010,32.5041084289551,3.73035147157526,8.71341713418473
620854859,2015,34.0249443054199,3.73035147157526,9.12110951600274
620854859,2020,38.5899696350098,3.73035147157526,10.3448615845075
620854859,2025,43.2362632751465,3.73035147157526,11.5903993509997
620854908,1985,0,5.69967300732408,0
620854908,1990,0,5.69967300732408,0
620854908,1995,0,5.69967300732408,0
620854908,2000,0,5.69967300732408,0
620854908,2005,0,5.69967300732408,0
620854908,2010,0,5.69967300732408,0
620854908,2015,0,5.69967300732408,0
620854908,2020,0,5.69967300732408,0
620854908,2025,0,5.69967300732408,0
620856253,1985,18.7207317352295,13.045891988028,1.43499055123323
620856253,1990,22.7543621063232,13.045891988028,1.74417833040504
620856253,1995,22.7242393493652,13.045891988028,1.74186934632134
620856253,2000,22.7323360443115,13.045891988028,1.74248997808449
620856253,2005,24.8930244445801,13.045891988028,1.90811210666346
620856253,2010,27.9126300811768,13.045891988028,2.13957237318779
620856253,2015,30.7716655731201,13.045891988028,2.35872453959903
620856253,2020,34.8511695861816,13.045891988028,2.67142864728329
620856253,2025,37.621711730957,13.045891988028,2.88379757899895
620856255,1985,1823.88134765625,28.0495453106562,65.0235619670935
620856255,1990,2081.1416015625,28.0495453106562,74.1951991917623
620856255,1995,2209.87915039062,28.0495453106562,78.7848475230391
620856255,2000,2298.96435546875,28.0495453106562,81.9608421458211
620856255,2005,2474.42553710938,28.0495453106562,88.2162441388782
620856255,2010,2663.91357421875,28.0495453106562,94.9717203867369
620856255,2015,2807.23168945312,28.0495453106562,100.081183433182
620856255,2020,2855.7294921875,28.0495453106562,101.810188384857
620856255,2025,2918.58178710938,28.0495453106562,104.050948234109
620857620,1985,0,10.245682792781,0
620857620,1990,0,10.245682792781,0
620857620,1995,0,10.245682792781,0
620857620,2000,0,10.245682792781,0
620857620,2005,0,10.245682792781,0
620857620,2010,0,10.245682792781,0
620857620,2015,0,10.245682792781,0
620857620,2020,0,10.245682792781,0
620857620,2025,0,10.245682792781,0
620857629,1985,87.2458648681641,24.093195329888,3.62118281421701
620857629,1990,99.9238204956055,24.093195329888,4.14738763901724
620857629,1995,113.407325744629,24.093195329888,4.70702719966518
620857629,2000,125.893798828125,24.093195329888,5.22528444668157
620857629,2005,142.581832885742,24.093195329888,5.91792956199824
620857629,2010,161.078430175781,24.093195329888,6.68563998964308
620857629,2015,179.944763183594,24.093195329888,7.4686964812994
620857629,2020,200.471099853516,24.093195329888,8.3206522467706
620857629,2025,217.947570800781,24.093195329888,9.04602182552405
620857635,1985,12.1249675750732,2.31500320803692,5.23755972906621
620857635,1990,12.9793252944946,2.31500320803692,5.60661222819681
620857635,1995,14.6991424560547,2.31500320803692,6.34951278038154
620857635,2000,16.5154609680176,2.31500320803692,7.1340985233547
620857635,2005,18.0761203765869,2.31500320803692,7.80824852157123
620857635,2010,20.2560062408447,2.31500320803692,8.74988257922176
620857635,2015,22.9754371643066,2.31500320803692,9.92458113429113
620857635,2020,25.6759262084961,2.31500320803692,11.0910974634324
620857635,2025,28.0772323608398,2.31500320803692,12.1283773013208
620858957,1985,6269.17822265625,17.190707128389,364.684138693936
620858957,1990,7253.12451171875,17.190707128389,421.921242538117
620858957,1995,8044.97314453125,17.190707128389,467.983840597555
620858957,2000,8723.880859375,17.190707128389,507.476556619841
620858957,2005,9416.48046875,17.190707128389,547.765743341615
620858957,2010,10165.802734375,17.190707128389,591.354541639944
620858957,2015,10880.2392578125,17.190707128389,632.914002696533
620858957,2020,11717.6484375,17.190707128389,681.62690167348
620858957,2025,12163.916015625,17.190707128389,707.586716752176
620858999,1985,0,15.6348430154408,0
620858999,1990,0,15.6348430154408,0
620858999,1995,0,15.6348430154408,0
620858999,2000,0,15.6348430154408,0
620858999,2005,0,15.6348430154408,0
620858999,2010,0,15.6348430154408,0
620858999,2015,0,15.6348430154408,0
620858999,2020,0,15.6348430154408,0
620858999,2025,0,15.6348430154408,0
620859003,1985,0,20.1921479276481,0
620859003,1990,0,20.1921479276481,0
620859003,1995,0,20.1921479276481,0
620859003,2000,0,20.1921479276481,0
620859003,2005,0,20.1921479276481,0
620859003,2010,0,20.1921479276481,0
620859003,2015,0,20.1921479276481,0
620859003,2020,0,20.1921479276481,0
620859003,2025,0,20.1921479276481,0
620859005,1985,0,2.45830845830531,0
620859005,1990,0,2.45830845830531,0
620859005,1995,0,2.45830845830531,0
620859005,2000,0,2.45830845830531,0
620859005,2005,0,2.45830845830531,0
620859005,2010,0,2.45830845830531,0
620859005,2015,0,2.45830845830531,0
620859005,2020,0,2.45830845830531,0
620859005,2025,0,2.45830845830531,0
620859011,1985,4.42357397079468,5.95552390036124,0.742768234130731
620859011,1990,5.85941171646118,5.95552390036124,0.983861674386996
620859011,1995,5.42850828170776,5.95552390036124,0.911508101139262
620859011,2000,4.82422113418579,5.95552390036124,0.810041436303055
620859011,2005,5.61919450759888,5.95552390036124,0.943526480895835
620859011,2010,5.45989465713501,5.95552390036124,0.916778229502838
620859011,2015,6.649977684021,5.95552390036124,1.11660666555593
620859011,2020,7.33843946456909,5.95552390036124,1.2322072058386
620859011,2025,7.66409015655518,5.95552390036124,1.28688764998329
620859032,1985,0,23.800526922624,0
620859032,1990,0,23.800526922624,0
620859032,1995,0,23.800526922624,0
620859032,2000,0,23.800526922624,0
620859032,2005,0,23.800526922624,0
620859032,2010,0,23.800526922624,0
620859032,2015,0,23.800526922624,0
620859032,2020,0,23.800526922624,0
620859032,2025,0,23.800526922624,0
620860352,1985,0,0.762643381020018,0
620860352,1990,0,0.762643381020018,0
620860352,1995,0,0.762643381020018,0
620860352,2000,0,0.762643381020018,0
620860352,2005,0,0.762643381020018,0
620860352,2010,0,0.762643381020018,0
620860352,2015,0,0.762643381020018,0
620860352,2020,0,0.762643381020018,0
620860352,2025,0,0.762643381020018,0
620860360,1985,0,0.0567811820722002,0
620860360,1990,0,0.0567811820722002,0
620860360,1995,0,0.0567811820722002,0
620860360,2000,0,0.0567811820722002,0
620860360,2005,0,0.0567811820722002,0
620860360,2010,0,0.0567811820722002,0
620860360,2015,0,0.0567811820722002,0
620860360,2020,0,0.0567811820722002,0
620860360,2025,0,0.0567811820722002,0
620860367,1985,0,5.54685261179033,0
620860367,1990,0,5.54685261179033,0
620860367,1995,0,5.54685261179033,0
620860367,2000,0,5.54685261179033,0
620860367,2005,0,5.54685261179033,0
620860367,2010,0,5.54685261179033,0
620860367,2015,0,5.54685261179033,0
620860367,2020,0,5.54685261179033,0
620860367,2025,0,5.54685261179033,0
620860375,1985,0,7.79681759979731,0
620860375,1990,0,7.79681759979731,0
620860375,1995,0,7.79681759979731,0
620860375,2000,0,7.79681759979731,0
620860375,2005,0,7.79681759979731,0
620860375,2010,0,7.79681759979731,0
620860375,2015,0,7.79681759979731,0
620860375,2020,0,7.79681759979731,0
620860375,2025,0,7.79681759979731,0
620860380,1985,0,6.80190454054399,0
620860380,1990,0,6.80190454054399,0
620860380,1995,0,6.80190454054399,0
620860380,2000,0,6.80190454054399,0
620860380,2005,0,6.80190454054399,0
620860380,2010,0,6.80190454054399,0
620860380,2015,0,6.80190454054399,0
620860380,2020,0,6.80190454054399,0
620860380,2025,0,6.80190454054399,0
620860381,1985,0,3.6002669441036,0
620860381,1990,0,3.6002669441036,0
620860381,1995,0,3.6002669441036,0
620860381,2000,0,3.6002669441036,0
620860381,2005,0,3.6002669441036,0
620860381,2010,0,3.6002669441036,0
620860381,2015,0,3.6002669441036,0
620860381,2020,0,3.6002669441036,0
620860381,2025,0,3.6002669441036,0
620861702,1985,800.447998046875,7.9989766697858,100.0688001842
620861702,1990,875.482788085938,7.9989766697858,109.449348863944
620861702,1995,946.488586425781,7.9989766697858,118.326209151342
620861702,2000,1005.51715087891,7.9989766697858,125.705723668004
620861702,2005,1077.4814453125,7.9989766697858,134.702411294988
620861702,2010,1158.49523925781,7.9989766697858,144.830431076734
620861702,2015,1225.18298339844,7.9989766697858,153.167465536719
620861702,2020,1305.24963378906,7.9989766697858,163.177077227807
620861702,2025,1354.3857421875,7.9989766697858,169.319876541629
620861736,1985,0,0.0153815770914537,0
620861736,1990,0,0.0153815770914537,0
620861736,1995,0,0.0153815770914537,0
620861736,2000,0,0.0153815770914537,0
620861736,2005,0,0.0153815770914537,0
620861736,2010,0,0.0153815770914537,0
620861736,2015,0,0.0153815770914537,0
620861736,2020,0,0.0153815770914537,0
620861736,2025,0,0.0153815770914537,0
620861742,1985,0.862872719764709,21.3509981868783,0.0404136945829074
620861742,1990,1.01245474815369,21.3509981868783,0.0474195510341953
620861742,1995,1.17352259159088,21.3509981868783,0.0549633596199776
620861742,2000,1.31170570850372,21.3509981868783,0.0614353341713953
620861742,2005,1.47280645370483,21.3509981868783,0.0689806837513564
620861742,2010,1.57105827331543,21.3509981868783,0.0735824273677733
620861742,2015,1.75335419178009,21.3509981868783,0.0821204786976963
620861742,2020,1.97340726852417,21.3509981868783,0.0924269325139548
620861742,2025,2.25270867347717,21.3509981868783,0.105508353930807
620861751,1985,0,14.0061428474305,0
620861751,1990,0,14.0061428474305,0
620861751,1995,0,14.0061428474305,0
620861751,2000,0,14.0061428474305,0
620861751,2005,0,14.0061428474305,0
620861751,2010,0,14.0061428474305,0
620861751,2015,0,14.0061428474305,0
620861751,2020,0,14.0061428474305,0
620861751,2025,0,14.0061428474305,0
620861756,1985,0,11.9608025815452,0
620861756,1990,0,11.9608025815452,0
620861756,1995,0,11.9608025815452,0
620861756,2000,0,11.9608025815452,0
620861756,2005,0,11.9608025815452,0
620861756,2010,0,11.9608025815452,0
620861756,2015,0,11.9608025815452,0
620861756,2020,0,11.9608025815452,0
620861756,2025,0,11.9608025815452,0
620861757,1985,4.21092557907104,7.13027622023206,0.590569768829236
620861757,1990,4.69695615768433,7.13027622023206,0.658734109676815
620861757,1995,4.33934211730957,7.13027622023206,0.60857980578603
620861757,2000,3.92787075042725,7.13027622023206,0.55087217228443
620861757,2005,4.21788263320923,7.13027622023206,0.591545474948228
620861757,2010,4.55166292190552,7.13027622023206,0.638357166162826
620861757,2015,4.89483880996704,7.13027622023206,0.686486562200495
620861757,2020,5.42477512359619,7.13027622023206,0.760808551596286
620861757,2025,5.8820366859436,7.13027622023206,0.824938123610613
620861761,1985,0,28.1342541362744,0
620861761,1990,0,28.1342541362744,0
620861761,1995,0,28.1342541362744,0
620861761,2000,0,28.1342541362744,0
620861761,2005,0,28.1342541362744,0
620861761,2010,0,28.1342541362744,0
620861761,2015,0,28.1342541362744,0
620861761,2020,0,28.1342541362744,0
620861761,2025,0,28.1342541362744,0
620861764,1985,1.46652889251709,0.880112023618359,1.66629798612207
620861764,1990,1.37242841720581,0.880112023618359,1.559379238524
620861764,1995,1.33031690120697,0.880112023618359,1.51153133408825
620861764,2000,1.23942697048187,0.880112023618359,1.40826046823708
620861764,2005,1.55676758289337,0.880112023618359,1.76882890031784
620861764,2010,1.54648637771606,0.880112023618359,1.75714719969178
620861764,2015,1.63576769828796,0.880112023618359,1.85859033212945
620861764,2020,2.16374731063843,0.880112023618359,2.45849079727683
620861764,2025,2.45937943458557,0.880112023618359,2.79439363238608
620861765,1985,0,12.093158754024,0
620861765,1990,0,12.093158754024,0
620861765,1995,0,12.093158754024,0
620861765,2000,0,12.093158754024,0
620861765,2005,0,12.093158754024,0
620861765,2010,0,12.093158754024,0
620861765,2015,0,12.093158754024,0
620861765,2020,0,12.093158754024,0
620861765,2025,0,12.093158754024,0
620863078,1985,1199.54748535156,22.2979769510318,53.7962474347277
620863078,1990,1329.51977539062,22.2979769510318,59.6251300425307
620863078,1995,1435.27038574219,22.2979769510318,64.367740127015
620863078,2000,1510.95031738281,22.2979769510318,67.7617669397086
620863078,2005,1625.10217285156,22.2979769510318,72.8811486539976
620863078,2010,1749.66638183594,22.2979769510318,78.4674944134325
620863078,2015,1861.46142578125,22.2979769510318,83.4811799235944
620863078,2020,1982.12487792969,22.2979769510318,88.8925879815283
620863078,2025,2033.64379882812,22.2979769510318,91.203063098243
620863105,1985,2.59389114379883,22.6093664431776,0.114726396704563
620863105,1990,2.86266255378723,22.6093664431776,0.126614010214826
620863105,1995,2.89064741134644,22.6093664431776,0.127851765267783
620863105,2000,2.83454465866089,22.6093664431776,0.125370370982519
620863105,2005,3.00806999206543,22.6093664431776,0.133045302247871
620863105,2010,3.18333697319031,22.6093664431776,0.140797265646109
620863105,2015,3.29414367675781,22.6093664431776,0.14569818597247
620863105,2020,3.36299872398376,22.6093664431776,0.148743607320255
620863105,2025,3.45084118843079,22.6093664431776,0.152628831820808
620863106,1985,20.72239112854,10.4621020687893,1.98071008983552
620863106,1990,22.3132152557373,10.4621020687893,2.13276596892535
620863106,1995,21.0761947631836,10.4621020687893,2.01452773301251
620863106,2000,19.8334903717041,10.4621020687893,1.8957462125008
620863106,2005,20.0167922973633,10.4621020687893,1.91326677619383
620863106,2010,20.3259086608887,10.4621020687893,1.94281307210004
620863106,2015,20.5279846191406,10.4621020687893,1.96212811576175
620863106,2020,21.2547550201416,10.4621020687893,2.0315950733791
620863106,2025,21.7998065948486,10.4621020687893,2.08369278482592
620863118,1985,309.637634277344,9.16472964646151,33.785790331185
620863118,1990,359.428771972656,9.16472964646151,39.2186988419709
620863118,1995,429.938018798828,9.16472964646151,46.9122424102087
620863118,2000,501.813293457031,9.16472964646151,54.7548386930083
620863118,2005,587.525939941406,9.16472964646151,64.1072854962229
620863118,2010,699.88037109375,9.16472964646151,76.366723088659
620863118,2015,815.648559570312,9.16472964646151,88.9986492820586
620863118,2020,933.304870605469,9.16472964646151,101.836596016317
620863118,2025,1041.01489257812,9.16472964646151,113.589263702946
620863127,1985,0,22.3387935054607,0
620863127,1990,0,22.3387935054607,0
620863127,1995,0,22.3387935054607,0
620863127,2000,0,22.3387935054607,0
620863127,2005,0,22.3387935054607,0
620863127,2010,0,22.3387935054607,0
620863127,2015,0,22.3387935054607,0
620863127,2020,0,22.3387935054607,0
620863127,2025,0,22.3387935054607,0
620863132,1985,0,18.5958269663947,0
620863132,1990,0,18.5958269663947,0
620863132,1995,0,18.5958269663947,0
620863132,2000,0,18.5958269663947,0
620863132,2005,0,18.5958269663947,0
620863132,2010,0,18.5958269663947,0
620863132,2015,0,18.5958269663947,0
620863132,2020,0,18.5958269663947,0
620863132,2025,0,18.5958269663947,0
620863137,1985,79.8688430786133,19.0849304994905,4.18491663256229
620863137,1990,98.546272277832,19.0849304994905,5.16356463967541
620863137,1995,112.430732727051,19.0849304994905,5.89107373118556
620863137,2000,125.323699951172,19.0849304994905,6.56663119388972
620863137,2005,143.205337524414,19.0849304994905,7.50358181960563
620863137,2010,164.444519042969,19.0849304994905,8.61645888872158
620863137,2015,186.120330810547,19.0849304994905,9.75221423077833
620863137,2020,210.8935546875,19.0849304994905,11.0502657944251
620863137,2025,235.265106201172,19.0849304994905,12.3272707861028
620863139,1985,0,20.9512971930457,0
620863139,1990,0,20.9512971930457,0
620863139,1995,0,20.9512971930457,0
620863139,2000,0,20.9512971930457,0
620863139,2005,0,20.9512971930457,0
620863139,2010,0,20.9512971930457,0
620863139,2015,0,20.9512971930457,0
620863139,2020,0,20.9512971930457,0
620863139,2025,0,20.9512971930457,0
620864482,1985,25.1432094573975,13.851041204328,1.81525771864291
620864482,1990,28.8043098449707,13.851041204328,2.07957722600451
620864482,1995,29.8023719787598,13.851041204328,2.15163405690017
620864482,2000,30.6815357208252,13.851041204328,2.21510681169861
620864482,2005,31.9542808532715,13.851041204328,2.30699485922305
620864482,2010,33.5308532714844,13.851041204328,2.42081824585194
620864482,2015,34.6142845153809,13.851041204328,2.49903844806735
620864482,2020,35.6752510070801,13.851041204328,2.57563676844255
620864482,2025,36.7687606811523,13.851041204328,2.65458460044601
620864508,1985,0,33.5881372823583,0
620864508,1990,0,33.5881372823583,0
620864508,1995,0,33.5881372823583,0
620864508,2000,0,33.5881372823583,0
620864508,2005,0,33.5881372823583,0
620864508,2010,0,33.5881372823583,0
620864508,2015,0,33.5881372823583,0
620864508,2020,0,33.5881372823583,0
620864508,2025,0,33.5881372823583,0
620864513,1985,0,18.8395090675234,0
620864513,1990,0,18.8395090675234,0
620864513,1995,0,18.8395090675234,0
620864513,2000,0,18.8395090675234,0
620864513,2005,0,18.8395090675234,0
620864513,2010,0,18.8395090675234,0
620864513,2015,0,18.8395090675234,0
620864513,2020,0,18.8395090675234,0
620864513,2025,0,18.8395090675234,0
620864518,1985,58.9007110595703,15.567567989315,3.78355251764423
620864518,1990,69.7328948974609,15.567567989315,4.47936986338027
620864518,1995,82.0277252197266,15.567567989315,5.26914192865755
620864518,2000,94.5834274291992,15.567567989315,6.07567138901323
620864518,2005,110.382789611816,15.567567989315,7.09056094616573
620864518,2010,128.715072631836,15.567567989315,8.26815548325734
620864518,2015,147.122711181641,15.567567989315,9.45059056640192
620864518,2020,169.514419555664,15.567567989315,10.8889467945162
620864518,2025,189.917922973633,15.567567989315,12.1995884716216
620865871,1985,66.5415420532227,14.1493141055179,4.70281043709906
620865871,1990,78.5781631469727,14.1493141055179,5.55349627275069
620865871,1995,89.4269180297852,14.1493141055179,6.32022989686197
620865871,2000,99.607536315918,14.1493141055179,7.0397430980116
620865871,2005,111.52311706543,14.1493141055179,7.88187443106787
620865871,2010,126.125106811523,14.1493141055179,8.91386719320461
620865871,2015,141.463851928711,14.1493141055179,9.99792999672988
620865871,2020,160.640106201172,14.1493141055179,11.3532080073426
620865871,2025,177.18684387207,14.1493141055179,12.5226454477374
620865922,1985,0,0.511296146020096,0
620865922,1990,0,0.511296146020096,0
620865922,1995,0,0.511296146020096,0
620865922,2000,0,0.511296146020096,0
620865922,2005,0,0.511296146020096,0
620865922,2010,0,0.511296146020096,0
620865922,2015,0,0.511296146020096,0
620865922,2020,0,0.511296146020096,0
620865922,2025,0,0.511296146020096,0
620867267,1985,0,5.87046823591622,0
620867267,1990,0,5.87046823591622,0
620867267,1995,0,5.87046823591622,0
620867267,2000,0,5.87046823591622,0
620867267,2005,0,5.87046823591622,0
620867267,2010,0,5.87046823591622,0
620867267,2015,0,5.87046823591622,0
620867267,2020,0,5.87046823591622,0
620867267,2025,0,5.87046823591622,0
620867284,1985,0,16.2803706074703,0
620867284,1990,0,16.2803706074703,0
620867284,1995,0,16.2803706074703,0
620867284,2000,0,16.2803706074703,0
620867284,2005,0,16.2803706074703,0
620867284,2010,0,16.2803706074703,0
620867284,2015,0,16.2803706074703,0
620867284,2020,0,16.2803706074703,0
620867284,2025,0,16.2803706074703,0
620868630,1985,0,12.0878587778895,0
620868630,1990,0,12.0878587778895,0
620868630,1995,0,12.0878587778895,0
620868630,2000,0,12.0878587778895,0
620868630,2005,0,12.0878587778895,0
620868630,2010,0,12.0878587778895,0
620868630,2015,0,12.0878587778895,0
620868630,2020,0,12.0878587778895,0
620868630,2025,0,12.0878587778895,0
620868655,1985,0,1.14473751795876,0
620868655,1990,0,1.14473751795876,0
620868655,1995,0,1.14473751795876,0
620868655,2000,0,1.14473751795876,0
620868655,2005,0,1.14473751795876,0
620868655,2010,0,1.14473751795876,0
620868655,2015,0,1.14473751795876,0
620868655,2020,0,1.14473751795876,0
620868655,2025,0,1.14473751795876,0
620870019,1985,48.2179908752441,14.1619613429507,3.40475374191338
620870019,1990,55.7162208557129,14.1619613429507,3.9342164200615
620870019,1995,59.3830451965332,14.1619613429507,4.1931370774495
620870019,2000,61.0270385742188,14.1619613429507,4.30922222539434
620870019,2005,64.4925003051758,14.1619613429507,4.55392432894033
620870019,2010,67.5628967285156,14.1619613429507,4.77073020412853
620870019,2015,69.8175735473633,14.1619613429507,4.92993674086787
620870019,2020,72.1769866943359,14.1619613429507,5.09653888656199
620870019,2025,74.9675445556641,14.1619613429507,5.29358488843638
620870031,1985,0,18.7905497977418,0
620870031,1990,0,18.7905497977418,0
620870031,1995,0,18.7905497977418,0
620870031,2000,0,18.7905497977418,0
620870031,2005,0,18.7905497977418,0
620870031,2010,0,18.7905497977418,0
620870031,2015,0,18.7905497977418,0
620870031,2020,0,18.7905497977418,0
620870031,2025,0,18.7905497977418,0
620871330,1985,3947.82763671875,16.2121129562538,243.510987578944
620871330,1990,4297.2939453125,16.2121129562538,265.066864319794
620871330,1995,4948.47998046875,16.2121129562538,305.233500026897
620871330,2000,5523.39013671875,16.2121129562538,340.695266041069
620871330,2005,6004.79736328125,16.2121129562538,370.389558688888
620871330,2010,6539.99462890625,16.2121129562538,403.401743286242
620871330,2015,7013.15478515625,16.2121129562538,432.587337880035
620871330,2020,7448.92626953125,16.2121129562538,459.466714155716
620871330,2025,7726.61572265625,16.2121129562538,476.595231201848
620871382,1985,0,30.1414986033466,0
620871382,1990,0,30.1414986033466,0
620871382,1995,0,30.1414986033466,0
620871382,2000,0,30.1414986033466,0
620871382,2005,0,30.1414986033466,0
620871382,2010,0,30.1414986033466,0
620871382,2015,0,30.1414986033466,0
620871382,2020,0,30.1414986033466,0
620871382,2025,0,30.1414986033466,0
620872713,1985,7862.35546875,30.1601221559313,260.687122820681
620872713,1990,8653.154296875,30.1601221559313,286.907136918651
620872713,1995,9366.6826171875,30.1601221559313,310.565141903626
620872713,2000,9896.94140625,30.1601221559313,328.146595530406
620872713,2005,10677.5244140625,30.1601221559313,354.027890167635
620872713,2010,11556.6015625,30.1601221559313,383.174892420895
620872713,2015,12320.9931640625,30.1601221559313,408.519338892647
620872713,2020,13167.7060546875,30.1601221559313,436.59326002093
620872713,2025,13669.0341796875,30.1601221559313,453.215478008247
620872747,1985,0,8.2260946894731,0
620872747,1990,0,8.2260946894731,0
620872747,1995,0,8.2260946894731,0
620872747,2000,0,8.2260946894731,0
620872747,2005,0,8.2260946894731,0
620872747,2010,0,8.2260946894731,0
620872747,2015,0,8.2260946894731,0
620872747,2020,0,8.2260946894731,0
620872747,2025,0,8.2260946894731,0
620874089,1985,4124.74609375,6.42451623997934,642.032168598466
620874089,1990,4666.533203125,6.42451623997934,726.363360105695
620874089,1995,5085.32080078125,6.42451623997934,791.549217221312
620874089,2000,5419.96728515625,6.42451623997934,843.638195110809
620874089,2005,5718.81884765625,6.42451623997934,890.155559428493
620874089,2010,6054.70166015625,6.42451623997934,942.436976418278
620874089,2015,6353.265625,6.42451623997934,988.909575084276
620874089,2020,6729.82763671875,6.42451623997934,1047.52286169649
620874089,2025,6981.90869140625,6.42451623997934,1086.76022140909
620874123,1985,12.0585479736328,30.9836806978499,0.389190299604063
620874123,1990,12.2199153900146,30.9836806978499,0.394398441850153
620874123,1995,12.8236751556396,30.9836806978499,0.41388482151927
620874123,2000,13.1959924697876,30.9836806978499,0.425901383327364
620874123,2005,14.4509973526001,30.9836806978499,0.466406735001079
620874123,2010,15.8186798095703,30.9836806978499,0.510548761582999
620874123,2015,16.9003143310547,30.9836806978499,0.545458575301788
620874123,2020,17.6431941986084,30.9836806978499,0.569435063918431
620874123,2025,17.9951457977295,30.9836806978499,0.580794321153015
620874129,1985,0,2.53761390889699,0
620874129,1990,0,2.53761390889699,0
620874129,1995,0,2.53761390889699,0
620874129,2000,0,2.53761390889699,0
620874129,2005,0,2.53761390889699,0
620874129,2010,0,2.53761390889699,0
620874129,2015,0,2.53761390889699,0
620874129,2020,0,2.53761390889699,0
620874129,2025,0,2.53761390889699,0
620874138,1985,0,2.19309588558139,0
620874138,1990,0,2.19309588558139,0
620874138,1995,0,2.19309588558139,0
620874138,2000,0,2.19309588558139,0
620874138,2005,0,2.19309588558139,0
620874138,2010,0,2.19309588558139,0
620874138,2015,0,2.19309588558139,0
620874138,2020,0,2.19309588558139,0
620874138,2025,0,2.19309588558139,0
620875461,1985,1622.14782714844,23.9111611368106,67.8406129199299
620875461,1990,1834.72607421875,23.9111611368106,76.7309485190261
620875461,1995,1985.32214355469,23.9111611368106,83.0290980933728
620875461,2000,2111.60571289062,23.9111611368106,88.310463084951
620875461,2005,2245.87329101562,23.9111611368106,93.9257310912503
620875461,2010,2397.98022460938,23.9111611368106,100.287067235633
620875461,2015,2530.302734375,23.9111611368106,105.820989616421
620875461,2020,2689.51098632812,23.9111611368106,112.479313360809
620875461,2025,2786.26879882812,23.9111611368106,116.525867685227
620875503,1985,127.158424377441,22.6653648334174,5.61025270548309
620875503,1990,147.569290161133,22.6653648334174,6.51078379923358
620875503,1995,175.161575317383,22.6653648334174,7.72816041589269
620875503,2000,209.494186401367,22.6653648334174,9.24292143281508
620875503,2005,252.560424804688,22.6653648334174,11.1430116682841
620875503,2010,297.376800537109,22.6653648334174,13.1203182795744
620875503,2015,346.344512939453,22.6653648334174,15.2807826163384
620875503,2020,392.080993652344,22.6653648334174,17.2986844259514
620875503,2025,443.120361328125,22.6653648334174,19.5505505684513
620875505,1985,0,24.6687940770487,0
620875505,1990,0,24.6687940770487,0
620875505,1995,0,24.6687940770487,0
620875505,2000,0,24.6687940770487,0
620875505,2005,0,24.6687940770487,0
620875505,2010,0,24.6687940770487,0
620875505,2015,0,24.6687940770487,0
620875505,2020,0,24.6687940770487,0
620875505,2025,0,24.6687940770487,0
620875514,1985,0,13.6253919011002,0
620875514,1990,0,13.6253919011002,0
620875514,1995,0,13.6253919011002,0
620875514,2000,0,13.6253919011002,0
620875514,2005,0,13.6253919011002,0
620875514,2010,0,13.6253919011002,0
620875514,2015,0,13.6253919011002,0
620875514,2020,0,13.6253919011002,0
620875514,2025,0,13.6253919011002,0
620876832,1985,87.2640228271484,1.16948436907998,74.6175195960917
620876832,1990,96.4267196655273,1.16948436907998,82.4523372992022
620876832,1995,107.200477600098,1.16948436907998,91.664737412806
620876832,2000,114.476341247559,1.16948436907998,97.8861661380012
620876832,2005,126.670516967773,1.16948436907998,108.313133819329
620876832,2010,139.153930664062,1.16948436907998,118.987422442878
620876832,2015,149.167861938477,1.16948436907998,127.55011172644
620876832,2020,157.6005859375,1.16948436907998,134.76074593582
620876832,2025,161.845611572266,1.16948436907998,138.390572675706
620876837,1985,1102.41247558594,20.5271714187419,53.7050357839075
620876837,1990,1230.17443847656,20.5271714187419,59.9290770940499
620876837,1995,1311.84582519531,20.5271714187419,63.907773673949
620876837,2000,1370.62561035156,20.5271714187419,66.7712848688028
620876837,2005,1464.14892578125,20.5271714187419,71.3273590361524
620876837,2010,1566.71154785156,20.5271714187419,76.3237913247565
620876837,2015,1655.39672851562,20.5271714187419,80.6441713154984
620876837,2020,1749.88012695312,20.5271714187419,85.2470168079482
620876837,2025,1854.63366699219,20.5271714187419,90.3501816767045
620876864,1985,7393.01513671875,19.5163621161268,378.811127439051
620876864,1990,8063.88134765625,19.5163621161268,413.18567977343
620876864,1995,8649.3642578125,19.5163621161268,443.185272252423
620876864,2000,9085.939453125,19.5163621161268,465.554973773371
620876864,2005,9578.37890625,19.5163621161268,490.787107210682
620876864,2010,10113.2919921875,19.5163621161268,518.195549560473
620876864,2015,10539.4970703125,19.5163621161268,540.03389605092
620876864,2020,11059.19921875,19.5163621161268,566.662944300033
620876864,2025,11347.322265625,19.5163621161268,581.426097656206
620876879,1985,78.6848220825195,24.9351682797136,3.15557614048808
620876879,1990,93.0520629882812,24.9351682797136,3.73175997628959
620876879,1995,108.686218261719,24.9351682797136,4.35875214646704
620876879,2000,124.366348266602,24.9351682797136,4.98758808729522
620876879,2005,166.245162963867,24.9351682797136,6.66709609091021
620876879,2010,218.556289672852,24.9351682797136,8.76498154017517
620876879,2015,265.516693115234,24.9351682797136,10.6482815811293
620876879,2020,310.987365722656,24.9351682797136,12.4718374560024
620876879,2025,340.734619140625,24.9351682797136,13.6648213205697
620876890,1985,0,17.3897982683129,0
620876890,1990,0,17.3897982683129,0
620876890,1995,0,17.3897982683129,0
620876890,2000,0,17.3897982683129,0
620876890,2005,0,17.3897982683129,0
620876890,2010,0,17.3897982683129,0
620876890,2015,0,17.3897982683129,0
620876890,2020,0,17.3897982683129,0
620876890,2025,0,17.3897982683129,0
620878225,1985,843.899963378906,0.71058779439136,1187.60830123987
620878225,1990,901.463623046875,0.71058779439136,1268.61681295695
620878225,1995,975.582336425781,0.71058779439136,1372.92301405402
620878225,2000,1027.50671386719,0.71058779439136,1445.99544486586
620878225,2005,1113.14367675781,0.71058779439136,1566.51111311482
620878225,2010,1214.8017578125,0.71058779439136,1709.57307091521
620878225,2015,1311.18957519531,0.71058779439136,1845.21826232378
620878225,2020,1402.42529296875,0.71058779439136,1973.61297792902
620878225,2025,1453.43090820312,0.71058779439136,2045.39244787906
620878240,1985,9122.7099609375,38.7715478148666,235.293932666765
620878240,1990,10034.4716796875,38.7715478148666,258.810190596514
620878240,1995,10720.2470703125,38.7715478148666,276.497784444961
620878240,2000,11201.8896484375,38.7715478148666,288.920362476275
620878240,2005,11795.6591796875,38.7715478148666,304.23493114104
620878240,2010,12437.9765625,38.7715478148666,320.801651300874
620878240,2015,12995.4541015625,38.7715478148666,335.180172935461
620878240,2020,13675.302734375,38.7715478148666,352.714903198456
620878240,2025,14035.466796875,38.7715478148666,362.004294073945
620878265,1985,0,18.4061672789556,0
620878265,1990,0,18.4061672789556,0
620878265,1995,0,18.4061672789556,0
620878265,2000,0,18.4061672789556,0
620878265,2005,0,18.4061672789556,0
620878265,2010,0,18.4061672789556,0
620878265,2015,0,18.4061672789556,0
620878265,2020,0,18.4061672789556,0
620878265,2025,0,18.4061672789556,0
620878266,1985,0,38.5367031363826,0
620878266,1990,0,38.5367031363826,0
620878266,1995,0,38.5367031363826,0
620878266,2000,0,38.5367031363826,0
620878266,2005,0,38.5367031363826,0
620878266,2010,0,38.5367031363826,0
620878266,2015,0,38.5367031363826,0
620878266,2020,0,38.5367031363826,0
620878266,2025,0,38.5367031363826,0
620878271,1985,0,2.19990320006987,0
620878271,1990,0,2.19990320006987,0
620878271,1995,0,2.19990320006987,0
620878271,2000,0,2.19990320006987,0
620878271,2005,0,2.19990320006987,0
620878271,2010,0,2.19990320006987,0
620878271,2015,0,2.19990320006987,0
620878271,2020,0,2.19990320006987,0
620878271,2025,0,2.19990320006987,0
620878292,1985,0,0.84924203820618,0
620878292,1990,0,0.84924203820618,0
620878292,1995,0,0.84924203820618,0
620878292,2000,0,0.84924203820618,0
620878292,2005,0,0.84924203820618,0
620878292,2010,0,0.84924203820618,0
620878292,2015,0,0.84924203820618,0
620878292,2020,0,0.84924203820618,0
620878292,2025,0,0.84924203820618,0
620879614,1985,897.385986328125,22.3234297255891,40.1992882527124
620879614,1990,1001.46203613281,22.3234297255891,44.8614773107578
620879614,1995,1092.41723632812,22.3234297255891,48.9359050001129
620879614,2000,1161.50805664062,22.3234297255891,52.0308962788635
620879614,2005,1250.29272460938,22.3234297255891,56.008092841405
620879614,2010,1352.16967773438,22.3234297255891,60.5717711998528
620879614,2015,1433.29650878906,22.3234297255891,64.2059274227961
620879614,2020,1515.05603027344,22.3234297255891,67.8684256360816
620879614,2025,1549.83520507812,22.3234297255891,69.4263929928996
620879669,1985,0,0.563366096011996,0
620879669,1990,0,0.563366096011996,0
620879669,1995,0,0.563366096011996,0
620879669,2000,0,0.563366096011996,0
620879669,2005,0,0.563366096011996,0
620879669,2010,0,0.563366096011996,0
620879669,2015,0,0.563366096011996,0
620879669,2020,0,0.563366096011996,0
620879669,2025,0,0.563366096011996,0
620880958,1985,0.0618076100945473,0.765788502206529,0.0807110708981082
620880958,1990,0.0355584062635899,0.765788502206529,0.0464337165694346
620880958,1995,0.0502026788890362,0.765788502206529,0.0655568459755965
620880958,2000,0.0520606487989426,0.765788502206529,0.0679830640561146
620880958,2005,0.112758792936802,0.765788502206529,0.147245345956358
620880958,2010,0.0657539814710617,0.765788502206529,0.0858644146283202
620880958,2015,0.0627634972333908,0.765788502206529,0.081959309982515
620880958,2020,0.0852127447724342,0.765788502206529,0.111274515779362
620880958,2025,0.0826931372284889,0.765788502206529,0.107984302441494
620880990,1985,589.311767578125,12.0159255181862,49.0442260719906
620880990,1990,659.76318359375,12.0159255181862,54.9073962380336
620880990,1995,711.534790039062,12.0159255181862,59.215978741059
620880990,2000,753.967468261719,12.0159255181862,62.747348684925
620880990,2005,811.734130859375,12.0159255181862,67.5548570628877
620880990,2010,882.748779296875,12.0159255181862,73.4649010565875
620880990,2015,939.095397949219,12.0159255181862,78.1542292791254
620880990,2020,992.725158691406,12.0159255181862,82.6174527454342
620880990,2025,1016.95465087891,12.0159255181862,84.6339010124302
620881020,1985,0,14.1019397910956,0
620881020,1990,0,14.1019397910956,0
620881020,1995,0,14.1019397910956,0
620881020,2000,0,14.1019397910956,0
620881020,2005,0,14.1019397910956,0
620881020,2010,0,14.1019397910956,0
620881020,2015,0,14.1019397910956,0
620881020,2020,0,14.1019397910956,0
620881020,2025,0,14.1019397910956,0
620881023,1985,0,8.04449282545262,0
620881023,1990,0,8.04449282545262,0
620881023,1995,0,8.04449282545262,0
620881023,2000,0,8.04449282545262,0
620881023,2005,0,8.04449282545262,0
620881023,2010,0,8.04449282545262,0
620881023,2015,0,8.04449282545262,0
620881023,2020,0,8.04449282545262,0
620881023,2025,0,8.04449282545262,0
620881032,1985,0,10.8569541517707,0
620881032,1990,0,10.8569541517707,0
620881032,1995,0,10.8569541517707,0
620881032,2000,0,10.8569541517707,0
620881032,2005,0,10.8569541517707,0
620881032,2010,0,10.8569541517707,0
620881032,2015,0,10.8569541517707,0
620881032,2020,0,10.8569541517707,0
620881032,2025,0,10.8569541517707,0
620881045,1985,0,20.8630244664633,0
620881045,1990,0,20.8630244664633,0
620881045,1995,0,20.8630244664633,0
620881045,2000,0,20.8630244664633,0
620881045,2005,0,20.8630244664633,0
620881045,2010,0,20.8630244664633,0
620881045,2015,0,20.8630244664633,0
620881045,2020,0,20.8630244664633,0
620881045,2025,0,20.8630244664633,0
620882366,1985,451.104766845703,4.93918563967733,91.3318104956211
620882366,1990,492.182830810547,4.93918563967733,99.6485790808827
620882366,1995,529.112487792969,4.93918563967733,107.12545071044
620882366,2000,555.574645996094,4.93918563967733,112.483046098342
620882366,2005,592.640319824219,4.93918563967733,119.987456042032
620882366,2010,632.09130859375,4.93918563967733,127.974802873585
620882366,2015,667.287658691406,4.93918563967733,135.100744813268
620882366,2020,701.322937011719,4.93918563967733,141.991613228276
620882366,2025,725.209106445312,4.93918563967733,146.827667423468
620882396,1985,0,16.100404373844,0
620882396,1990,0,16.100404373844,0
620882396,1995,0,16.100404373844,0
620882396,2000,0,16.100404373844,0
620882396,2005,0,16.100404373844,0
620882396,2010,0,16.100404373844,0
620882396,2015,0,16.100404373844,0
620882396,2020,0,16.100404373844,0
620882396,2025,0,16.100404373844,0
620882399,1985,0,11.1759574491112,0
620882399,1990,0,11.1759574491112,0
620882399,1995,0,11.1759574491112,0
620882399,2000,0,11.1759574491112,0
620882399,2005,0,11.1759574491112,0
620882399,2010,0,11.1759574491112,0
620882399,2015,0,11.1759574491112,0
620882399,2020,0,11.1759574491112,0
620882399,2025,0,11.1759574491112,0
620882400,1985,0,13.9022135925532,0
620882400,1990,0,13.9022135925532,0
620882400,1995,0,13.9022135925532,0
620882400,2000,0,13.9022135925532,0
620882400,2005,0,13.9022135925532,0
620882400,2010,0,13.9022135925532,0
620882400,2015,0,13.9022135925532,0
620882400,2020,0,13.9022135925532,0
620882400,2025,0,13.9022135925532,0
620882403,1985,0,9.0379096307214,0
620882403,1990,0,9.0379096307214,0
620882403,1995,0,9.0379096307214,0
620882403,2000,0,9.0379096307214,0
620882403,2005,0,9.0379096307214,0
620882403,2010,0,9.0379096307214,0
620882403,2015,0,9.0379096307214,0
620882403,2020,0,9.0379096307214,0
620882403,2025,0,9.0379096307214,0
620882421,1985,0,14.2981678922985,0
620882421,1990,0,14.2981678922985,0
620882421,1995,0,14.2981678922985,0
620882421,2000,0,14.2981678922985,0
620882421,2005,0,14.2981678922985,0
620882421,2010,0,14.2981678922985,0
620882421,2015,0,14.2981678922985,0
620882421,2020,0,14.2981678922985,0
620882421,2025,0,14.2981678922985,0
620883720,1985,1686.30297851562,5.98372861389378,281.814749185007
620883720,1990,1964.07751464844,5.98372861389378,328.236395963546
620883720,1995,2099.8857421875,5.98372861389378,350.932650473439
620883720,2000,2191.84497070312,5.98372861389378,366.300865586354
620883720,2005,2342.95483398438,5.98372861389378,391.554327605066
620883720,2010,2505.3046875,5.98372861389378,418.686215428097
620883720,2015,2652.18701171875,5.98372861389378,443.233171631575
620883720,2020,2838.54150390625,5.98372861389378,474.376711757175
620883720,2025,2952.53344726562,5.98372861389378,493.427031501739
620883742,1985,2021.13549804688,10.3825640013035,194.666317278962
620883742,1990,2236.48559570312,10.3825640013035,215.407831381762
620883742,1995,2394.16479492188,10.3825640013035,230.59475430359
620883742,2000,2508.86596679688,10.3825640013035,241.642234662064
620883742,2005,2661.3515625,10.3825640013035,256.32893398643
620883742,2010,2834.10424804688,10.3825640013035,272.967664604916
620883742,2015,2974.89428710938,10.3825640013035,286.527902619805
620883742,2020,3130.1650390625,10.3825640013035,301.482855166559
620883742,2025,3207.291015625,10.3825640013035,308.911268471097
620883766,1985,4152.21044921875,33.3155854492995,124.632672463094
620883766,1990,4706.5634765625,33.3155854492995,141.27212273442
620883766,1995,5000.3544921875,33.3155854492995,150.090548455082
620883766,2000,5203.05126953125,33.3155854492995,156.174691195188
620883766,2005,5271.86962890625,33.3155854492995,158.240341804262
620883766,2010,5378.5048828125,33.3155854492995,161.441103623938
620883766,2015,5474.5009765625,33.3155854492995,164.322520608072
620883766,2020,5708.13525390625,33.3155854492995,171.335282779078
620883766,2025,5838.0615234375,33.3155854492995,175.235147295311
620883775,1985,0,7.05667887937439,0
620883775,1990,0,7.05667887937439,0
620883775,1995,0,7.05667887937439,0
620883775,2000,0,7.05667887937439,0
620883775,2005,0,7.05667887937439,0
620883775,2010,0,7.05667887937439,0
620883775,2015,0,7.05667887937439,0
620883775,2020,0,7.05667887937439,0
620883775,2025,0,7.05667887937439,0
620885118,1985,1810.8388671875,7.02440381518873,257.792535114789
620885118,1990,1942.47302246094,7.02440381518873,276.532083514442
620885118,1995,2089.38989257812,7.02440381518873,297.44729197662
620885118,2000,2200.8037109375,7.02440381518873,313.308256307638
620885118,2005,2348.55297851562,7.02440381518873,334.341965568294
620885118,2010,2504.66796875,7.02440381518873,356.566626100596
620885118,2015,2638.74365234375,7.02440381518873,375.653752513209
620885118,2020,2771.19409179688,7.02440381518873,394.509507811151
620885118,2025,2840.55517578125,7.02440381518873,404.383809717655
620885142,1985,406.697784423828,2.10769140718482,192.958885270137
620885142,1990,463.491333007812,2.10769140718482,219.904741001381
620885142,1995,491.375732421875,2.10769140718482,233.134571193319
620885142,2000,505.329803466797,2.10769140718482,239.755118678285
620885142,2005,513.507934570312,2.10769140718482,243.635255531165
620885142,2010,527.210815429688,2.10769140718482,250.136625139953
620885142,2015,537.38671875,2.10769140718482,254.964610529856
620885142,2020,563.225891113281,2.10769140718482,267.224077107932
620885142,2025,576.0078125,2.10769140718482,273.288494955416
620885149,1985,0,6.64941838136569,0
620885149,1990,0,6.64941838136569,0
620885149,1995,0,6.64941838136569,0
620885149,2000,0,6.64941838136569,0
620885149,2005,0,6.64941838136569,0
620885149,2010,0,6.64941838136569,0
620885149,2015,0,6.64941838136569,0
620885149,2020,0,6.64941838136569,0
620885149,2025,0,6.64941838136569,0
620885151,1985,0,11.0952258223546,0
620885151,1990,0,11.0952258223546,0
620885151,1995,0,11.0952258223546,0
620885151,2000,0,11.0952258223546,0
620885151,2005,0,11.0952258223546,0
620885151,2010,0,11.0952258223546,0
620885151,2015,0,11.0952258223546,0
620885151,2020,0,11.0952258223546,0
620885151,2025,0,11.0952258223546,0
620885167,1985,0.963550508022308,0.167264827370201,5.76062835906151
620885167,1990,1.19837808609009,0.167264827370201,7.16455518432313
620885167,1995,1.33071839809418,0.167264827370201,7.95575745968964
620885167,2000,1.438312292099,0.167264827370201,8.59901220545092
620885167,2005,1.30514681339264,0.167264827370201,7.8028766352893
620885167,2010,1.91813015937805,0.167264827370201,11.4676240638011
620885167,2015,1.74072897434235,0.167264827370201,10.4070234113814
620885167,2020,2.15571451187134,0.167264827370201,12.8880323841197
620885167,2025,2.08822989463806,0.167264827370201,12.4845726831515
620885175,1985,0,12.9813525835697,0
620885175,1990,0,12.9813525835697,0
620885175,1995,0,12.9813525835697,0
620885175,2000,0,12.9813525835697,0
620885175,2005,0,12.9813525835697,0
620885175,2010,0,12.9813525835697,0
620885175,2015,0,12.9813525835697,0
620885175,2020,0,12.9813525835697,0
620885175,2025,0,12.9813525835697,0
620886471,1985,38.115966796875,0.819795970114462,46.4944549453606
620886471,1990,42.3522529602051,0.819795970114462,51.6619433421852
620886471,1995,46.9762191772461,0.819795970114462,57.3023299574005
620886471,2000,52.5522003173828,0.819795970114462,64.1039993280833
620886471,2005,56.5537185668945,0.819795970114462,68.9851141363849
620886471,2010,59.8197746276855,0.819795970114462,72.9691006157708
620886471,2015,64.346923828125,0.819795970114462,78.4913883135346
620886471,2020,67.7971878051758,0.819795970114462,82.7000745023299
620886471,2025,70.5806198120117,0.819795970114462,86.0953485806439
620886494,1985,5169.5302734375,22.1903644958687,232.962837289128
620886494,1990,5691.09716796875,22.1903644958687,256.46704311812
620886494,1995,6088.5693359375,22.1903644958687,274.378969172455
620886494,2000,6383.34326171875,22.1903644958687,287.662839558457
620886494,2005,6713.03857421875,22.1903644958687,302.520428425975
620886494,2010,7068.7451171875,22.1903644958687,318.550203107458
620886494,2015,7367.30908203125,22.1903644958687,332.004870104899
620886494,2020,7724.646484375,22.1903644958687,348.108138819132
620886494,2025,7928.95361328125,22.1903644958687,357.315158782427
620886518,1985,0.0599741563200951,2.531302565795,0.0236930018285898
620886518,1990,0.0672755315899849,2.531302565795,0.0265774358620996
620886518,1995,0.0714513510465622,2.531302565795,0.0282271080557774
620886518,2000,0.0729166269302368,2.531302565795,0.0288059704578761
620886518,2005,0.095107764005661,2.531302565795,0.0375726573704913
620886518,2010,0.121954299509525,2.531302565795,0.0481784758398581
620886518,2015,0.139788612723351,2.531302565795,0.0552239841306554
620886518,2020,0.146882921457291,2.531302565795,0.0580266157993481
620886518,2025,0.164484992623329,2.531302565795,0.064980376050648
620886527,1985,0,8.74425092649024,0
620886527,1990,0,8.74425092649024,0
620886527,1995,0,8.74425092649024,0
620886527,2000,0,8.74425092649024,0
620886527,2005,0,8.74425092649024,0
620886527,2010,0,8.74425092649024,0
620886527,2015,0,8.74425092649024,0
620886527,2020,0,8.74425092649024,0
620886527,2025,0,8.74425092649024,0
620886573,1985,94.120231628418,28.1250265749112,3.34649396251158
620886573,1990,109.90453338623,28.1250265749112,3.90771305027922
620886573,1995,125.030166625977,28.1250265749112,4.44551283508863
620886573,2000,139.117523193359,28.1250265749112,4.94639615087363
620886573,2005,157.097305297852,28.1250265749112,5.58567668831963
620886573,2010,178.840377807617,28.1250265749112,6.35876298041087
620886573,2015,198.868774414062,28.1250265749112,7.07088307576792
620886573,2020,221.899337768555,28.1250265749112,7.88974677686168
620886573,2025,240.632675170898,28.1250265749112,8.55582036624825
620887903,1985,0,13.069351928235,0
620887903,1990,0,13.069351928235,0
620887903,1995,0,13.069351928235,0
620887903,2000,0,13.069351928235,0
620887903,2005,0,13.069351928235,0
620887903,2010,0,13.069351928235,0
620887903,2015,0,13.069351928235,0
620887903,2020,0,13.069351928235,0
620887903,2025,0,13.069351928235,0
620887925,1985,0,16.44586626111,0
620887925,1990,0,16.44586626111,0
620887925,1995,0,16.44586626111,0
620887925,2000,0,16.44586626111,0
620887925,2005,0,16.44586626111,0
620887925,2010,0,16.44586626111,0
620887925,2015,0,16.44586626111,0
620887925,2020,0,16.44586626111,0
620887925,2025,0,16.44586626111,0
620889232,1985,4818.8623046875,23.9292828454529,201.379303166337
620889232,1990,5487.015625,23.9292828454529,229.301298348047
620889232,1995,5670.74609375,23.9292828454529,236.97935831903
620889232,2000,5731.97314453125,23.9292828454529,239.538024668401
620889232,2005,6130.66357421875,23.9292828454529,256.199218915736
620889232,2010,6574.53515625,23.9292828454529,274.748524588538
620889232,2015,6961.38916015625,23.9292828454529,290.915076942185
620889232,2020,7428.84033203125,23.9292828454529,310.44976901357
620889232,2025,7718.6181640625,23.9292828454529,322.559527333649
620889235,1985,1875.70678710938,8.96420763928875,209.244013814276
620889235,1990,2136.19116210938,8.96420763928875,238.302284827359
620889235,1995,2204.57080078125,8.96420763928875,245.930358765782
620889235,2000,2240.79418945312,8.96420763928875,249.971250066996
620889235,2005,2380.02172851562,8.96420763928875,265.502744278742
620889235,2010,2544.28369140625,8.96420763928875,283.826947543589
620889235,2015,2688.04150390625,8.96420763928875,299.863815305323
620889235,2020,2877.76635742188,8.96420763928875,321.028525132446
620889235,2025,2979.16577148438,8.96420763928875,332.340112072722
620889279,1985,0,29.1071817024493,0
620889279,1990,0,29.1071817024493,0
620889279,1995,0,29.1071817024493,0
620889279,2000,0,29.1071817024493,0
620889279,2005,0,29.1071817024493,0
620889279,2010,0,29.1071817024493,0
620889279,2015,0,29.1071817024493,0
620889279,2020,0,29.1071817024493,0
620889279,2025,0,29.1071817024493,0
620889281,1985,1132.17065429688,0.574393289776517,1971.07221558486
620889281,1990,1179.80883789062,0.574393289776517,2054.00874085709
620889281,1995,1258.94641113281,0.574393289776517,2191.78467705053
620889281,2000,1316.11865234375,0.574393289776517,2291.31968595215
620889281,2005,1394.27722167969,0.574393289776517,2427.39120824717
620889281,2010,1478.52502441406,0.574393289776517,2574.06388746171
620889281,2015,1566.30908203125,0.574393289776517,2726.89307119285
620889281,2020,1724.63061523438,0.574393289776517,3002.52570134548
620889281,2025,1757.57202148438,0.574393289776517,3059.87561617965
620889289,1985,9.57081508636475,22.9797532685362,0.416489027298177
620889289,1990,10.6966762542725,22.9797532685362,0.465482641579025
620889289,1995,11.0853214263916,22.9797532685362,0.482395145711577
620889289,2000,11.2023639678955,22.9797532685362,0.487488435449555
620889289,2005,12.2554330825806,22.9797532685362,0.533314389382965
620889289,2010,13.1414604187012,22.9797532685362,0.571871258369619
620889289,2015,14.1281814575195,22.9797532685362,0.614809971735588
620889289,2020,14.5997295379639,22.9797532685362,0.635330125931063
620889289,2025,14.9234590530396,22.9797532685362,0.649417723447566
620889293,1985,0,12.8437369738539,0
620889293,1990,0,12.8437369738539,0
620889293,1995,0,12.8437369738539,0
620889293,2000,0,12.8437369738539,0
620889293,2005,0,12.8437369738539,0
620889293,2010,0,12.8437369738539,0
620889293,2015,0,12.8437369738539,0
620889293,2020,0,12.8437369738539,0
620889293,2025,0,12.8437369738539,0
620889296,1985,0,4.23504766978632,0
620889296,1990,0,4.23504766978632,0
620889296,1995,0,4.23504766978632,0
620889296,2000,0,4.23504766978632,0
620889296,2005,0,4.23504766978632,0
620889296,2010,0,4.23504766978632,0
620889296,2015,0,4.23504766978632,0
620889296,2020,0,4.23504766978632,0
620889296,2025,0,4.23504766978632,0
620889297,1985,0.0246105156838894,20.411787109311,0.00120570117413498
620889297,1990,0.0183587335050106,20.411787109311,0.000899418233528223
620889297,1995,0.0203477423638105,20.411787109311,0.000996862364615237
620889297,2000,0.0207920614629984,20.411787109311,0.0010186301352082
620889297,2005,0.0191226825118065,20.411787109311,0.000936845089036009
620889297,2010,0.0239735059440136,20.411787109311,0.00117449323842291
620889297,2015,0.0232892967760563,20.411787109311,0.00114097294133705
620889297,2020,0.0223905295133591,20.411787109311,0.00109694116411519
620889297,2025,0.022887010127306,20.411787109311,0.00112126439516244
620889299,1985,0,2.7478961416087,0
620889299,1990,0,2.7478961416087,0
620889299,1995,0,2.7478961416087,0
620889299,2000,0,2.7478961416087,0
620889299,2005,0,2.7478961416087,0
620889299,2010,0,2.7478961416087,0
620889299,2015,0,2.7478961416087,0
620889299,2020,0,2.7478961416087,0
620889299,2025,0,2.7478961416087,0
620889301,1985,0,15.5219371432363,0
620889301,1990,0,15.5219371432363,0
620889301,1995,0,15.5219371432363,0
620889301,2000,0.375805407762527,15.5219371432363,0.024211244015138
620889301,2005,0,15.5219371432363,0
620889301,2010,0,15.5219371432363,0
620889301,2015,0,15.5219371432363,0
620889301,2020,0,15.5219371432363,0
620889301,2025,0,15.5219371432363,0
620889305,1985,0,6.84323425369176,0
620889305,1990,0,6.84323425369176,0
620889305,1995,0,6.84323425369176,0
620889305,2000,0,6.84323425369176,0
620889305,2005,0,6.84323425369176,0
620889305,2010,0,6.84323425369176,0
620889305,2015,0,6.84323425369176,0
620889305,2020,0,6.84323425369176,0
620889305,2025,0,6.84323425369176,0
620890611,1985,1693.8203125,11.7083458641687,144.667772215684
620890611,1990,1901.27661132812,11.7083458641687,162.386440696686
620890611,1995,2044.26940917969,11.7083458641687,174.599335627401
620890611,2000,2150.6376953125,11.7083458641687,183.684161730663
620890611,2005,2300.8798828125,11.7083458641687,196.516220950897
620890611,2010,2471.716796875,11.7083458641687,211.107258493212
620890611,2015,2615.4033203125,11.7083458641687,223.379403944367
620890611,2020,2759.03076171875,11.7083458641687,235.646503248787
620890611,2025,2849.533203125,11.7083458641687,243.376240861272
620890641,1985,30.7358283996582,8.20180201003559,3.7474482268714
620890641,1990,36.8973121643066,8.20180201003559,4.49868359650229
620890641,1995,43.4424476623535,8.20180201003559,5.29669548340694
620890641,2000,50.1664543151855,8.20180201003559,6.1165161331379
620890641,2005,58.6578903198242,8.20180201003559,7.15182959160089
620890641,2010,68.6661071777344,8.20180201003559,8.37207568455269
620890641,2015,79.1212310791016,8.20180201003559,9.64681066213133
620890641,2020,90.7458190917969,8.20180201003559,11.064131879892
620890641,2025,101.521812438965,8.20180201003559,12.3779886803832
620890649,1985,0,10.7533969771594,0
620890649,1990,0,10.7533969771594,0
620890649,1995,0,10.7533969771594,0
620890649,2000,0,10.7533969771594,0
620890649,2005,0,10.7533969771594,0
620890649,2010,0,10.7533969771594,0
620890649,2015,0,10.7533969771594,0
620890649,2020,0,10.7533969771594,0
620890649,2025,0,10.7533969771594,0
620890656,1985,0,40.3657273111319,0
620890656,1990,0,40.3657273111319,0
620890656,1995,0,40.3657273111319,0
620890656,2000,0,40.3657273111319,0
620890656,2005,0,40.3657273111319,0
620890656,2010,0,40.3657273111319,0
620890656,2015,0,40.3657273111319,0
620890656,2020,0,40.3657273111319,0
620890656,2025,0,40.3657273111319,0
620890657,1985,0,18.4236327157066,0
620890657,1990,0,18.4236327157066,0
620890657,1995,0,18.4236327157066,0
620890657,2000,0,18.4236327157066,0
620890657,2005,0,18.4236327157066,0
620890657,2010,0,18.4236327157066,0
620890657,2015,0,18.4236327157066,0
620890657,2020,0,18.4236327157066,0
620890657,2025,0,18.4236327157066,0
620890665,1985,0,7.79829182052388,0
620890665,1990,0,7.79829182052388,0
620890665,1995,0,7.79829182052388,0
620890665,2000,0,7.79829182052388,0
620890665,2005,0,7.79829182052388,0
620890665,2010,0,7.79829182052388,0
620890665,2015,0,7.79829182052388,0
620890665,2020,0,7.79829182052388,0
620890665,2025,0,7.79829182052388,0
620890681,1985,0,21.3158223666956,0
620890681,1990,0,21.3158223666956,0
620890681,1995,0,21.3158223666956,0
620890681,2000,0,21.3158223666956,0
620890681,2005,0,21.3158223666956,0
620890681,2010,0,21.3158223666956,0
620890681,2015,0,21.3158223666956,0
620890681,2020,0,21.3158223666956,0
620890681,2025,0,21.3158223666956,0
620890702,1985,1.81670570373535,1.4661184852226,1.23912611569011
620890702,1990,2.08797144889832,1.4661184852226,1.42414918708381
620890702,1995,2.32082438468933,1.4661184852226,1.58297191399027
620890702,2000,2.62399435043335,1.4661184852226,1.78975599645001
620890702,2005,2.91168880462646,1.4661184852226,1.98598464856296
620890702,2010,3.36993002891541,1.4661184852226,2.29853866715537
620890702,2015,3.65414381027222,1.4661184852226,2.49239324590973
620890702,2020,4.17909574508667,1.4661184852226,2.85044884653518
620890702,2025,4.49877071380615,1.4661184852226,3.068490547763
620892017,1985,10.1118230819702,3.16367679573556,3.19622506812337
620892017,1990,12.1628379821777,3.16367679573556,3.84452609020381
620892017,1995,14.0632524490356,3.16367679573556,4.44522413540854
620892017,2000,16.0216388702393,3.16367679573556,5.06424641475243
620892017,2005,18.5893115997314,3.16367679573556,5.87585673251727
620892017,2010,21.5743064880371,3.16367679573556,6.81937754106802
620892017,2015,24.6723976135254,3.16367679573556,7.79864670334917
620892017,2020,28.4919052124023,3.16367679573556,9.00594689407201
620892017,2025,31.7462387084961,3.16367679573556,10.0346023814089
620892025,1985,0,13.8123376855888,0
620892025,1990,0,13.8123376855888,0
620892025,1995,0,13.8123376855888,0
620892025,2000,0,13.8123376855888,0
620892025,2005,0,13.8123376855888,0
620892025,2010,0,13.8123376855888,0
620892025,2015,0,13.8123376855888,0
620892025,2020,0,13.8123376855888,0
620892025,2025,0,13.8123376855888,0
620892032,1985,0.037580206990242,20.8022534633093,0.00180654500035419
620892032,1990,0.0446046702563763,20.8022534633093,0.00214422299656378
620892032,1995,0.0522176958620548,20.8022534633093,0.00251019419382403
620892032,2000,0.060107484459877,20.8022534633093,0.00288946986276721
620892032,2005,0.071148656308651,20.8022534633093,0.00342023792922925
620892032,2010,0.0818129852414131,20.8022534633093,0.00393289051043022
620892032,2015,0.0946505591273308,20.8022534633093,0.00455001470366055
620892032,2020,0.106965459883213,20.8022534633093,0.00514201310314179
620892032,2025,0.119326733052731,20.8022534633093,0.00573624070407552
620892035,1985,0,10.5986645424194,0
620892035,1990,0,10.5986645424194,0
620892035,1995,0,10.5986645424194,0
620892035,2000,0,10.5986645424194,0
620892035,2005,0,10.5986645424194,0
620892035,2010,0,10.5986645424194,0
620892035,2015,0,10.5986645424194,0
620892035,2020,0,10.5986645424194,0
620892035,2025,0,10.5986645424194,0
620893371,1985,1019.79840087891,9.28264464954951,109.860760524577
620893371,1990,1138.23803710938,9.28264464954951,122.620016178753
620893371,1995,1224.9541015625,9.28264464954951,131.961757431051
620893371,2000,1291.24951171875,9.28264464954951,139.103624071338
620893371,2005,1368.53271484375,9.28264464954951,147.429182793307
620893371,2010,1450.90502929688,9.28264464954951,156.302980893197
620893371,2015,1523.00061035156,9.28264464954951,164.069687879895
620893371,2020,1603.33142089844,9.28264464954951,172.723559010335
620893371,2025,1647.06164550781,9.28264464954951,177.434525147717
620893374,1985,1056.4599609375,5.35775451670256,197.183345680365
620893374,1990,1234.6962890625,5.35775451670256,230.450328624313
620893374,1995,1313.55151367188,5.35775451670256,245.168290106786
620893374,2000,1365.728515625,5.35775451670256,254.906885219807
620893374,2005,1418.57299804688,5.35775451670256,264.770062462649
620893374,2010,1475.66076660156,5.35775451670256,275.425229357048
620893374,2015,1512.63793945312,5.35775451670256,282.326846953802
620893374,2020,1530.68774414062,5.35775451670256,285.69575917836
620893374,2025,1568.291015625,5.35775451670256,292.714235177428
620893391,1985,84.8509826660156,27.8121549320437,3.05085970049213
620893391,1990,98.9959716796875,27.8121549320437,3.55944988518777
620893391,1995,118.664436340332,27.8121549320437,4.2666394110876
620893391,2000,135.196960449219,27.8121549320437,4.86107461933673
620893391,2005,160.912445068359,27.8121549320437,5.78568778512608
620893391,2010,202.553939819336,27.8121549320437,7.2829286444814
620893391,2015,242.666198730469,27.8121549320437,8.72518506111446
620893391,2020,281.135131835938,27.8121549320437,10.1083548729994
620893391,2025,307.31640625,27.8121549320437,11.0497157448208
620893401,1985,0,16.3836658791285,0
620893401,1990,0,16.3836658791285,0
620893401,1995,0,16.3836658791285,0
620893401,2000,0,16.3836658791285,0
620893401,2005,0,16.3836658791285,0
620893401,2010,0,16.3836658791285,0
620893401,2015,0,16.3836658791285,0
620893401,2020,0,16.3836658791285,0
620893401,2025,0,16.3836658791285,0
620893406,1985,0,17.0864945210232,0
620893406,1990,0,17.0864945210232,0
620893406,1995,0,17.0864945210232,0
620893406,2000,0,17.0864945210232,0
620893406,2005,0,17.0864945210232,0
620893406,2010,0,17.0864945210232,0
620893406,2015,0,17.0864945210232,0
620893406,2020,0,17.0864945210232,0
620893406,2025,0,17.0864945210232,0
620893412,1985,0,10.3317885655314,0
620893412,1990,0,10.3317885655314,0
620893412,1995,0,10.3317885655314,0
620893412,2000,0,10.3317885655314,0
620893412,2005,0,10.3317885655314,0
620893412,2010,0,10.3317885655314,0
620893412,2015,0,10.3317885655314,0
620893412,2020,0,10.3317885655314,0
620893412,2025,0,10.3317885655314,0
620893426,1985,0,14.8693710753205,0
620893426,1990,0,14.8693710753205,0
620893426,1995,0,14.8693710753205,0
620893426,2000,0,14.8693710753205,0
620893426,2005,0,14.8693710753205,0
620893426,2010,0,14.8693710753205,0
620893426,2015,0,14.8693710753205,0
620893426,2020,0,14.8693710753205,0
620893426,2025,0,14.8693710753205,0
620893432,1985,0,22.72810910823,0
620893432,1990,0,22.72810910823,0
620893432,1995,0,22.72810910823,0
620893432,2000,0,22.72810910823,0
620893432,2005,0,22.72810910823,0
620893432,2010,0,22.72810910823,0
620893432,2015,0,22.72810910823,0
620893432,2020,0,22.72810910823,0
620893432,2025,0,22.72810910823,0
620894751,1985,1280.84912109375,6.64844074817988,192.654062750639
620894751,1990,1410.41186523438,6.64844074817988,212.141751525799
620894751,1995,1515.60546875,6.64844074817988,227.96404843721
620894751,2000,1584.73303222656,6.64844074817988,238.361608721625
620894751,2005,1676.70397949219,6.64844074817988,252.195069941958
620894751,2010,1781.13061523438,6.64844074817988,267.902006304559
620894751,2015,1861.95422363281,6.64844074817988,280.058782827019
620894751,2020,1962.19982910156,6.64844074817988,295.136845378181
620894751,2025,2010.11254882812,6.64844074817988,302.343455400189
620894802,1985,0,15.1911644492401,0
620894802,1990,0,15.1911644492401,0
620894802,1995,0,15.1911644492401,0
620894802,2000,0,15.1911644492401,0
620894802,2005,0,15.1911644492401,0
620894802,2010,0,15.1911644492401,0
620894802,2015,0,15.1911644492401,0
620894802,2020,0,15.1911644492401,0
620894802,2025,0,15.1911644492401,0
620894803,1985,30.027889251709,15.9516824910392,1.88242771686166
620894803,1990,34.7233810424805,15.9516824910392,2.17678486654848
620894803,1995,37.5727767944336,15.9516824910392,2.35541152574595
620894803,2000,39.9226837158203,15.9516824910392,2.5027255738225
620894803,2005,42.3485221862793,15.9516824910392,2.65479971846659
620894803,2010,44.956413269043,15.9516824910392,2.81828661611696
620894803,2015,47.8883018493652,15.9516824910392,3.00208469396669
620894803,2020,52.7682762145996,15.9516824910392,3.30800692931558
620894803,2025,57.2161827087402,15.9516824910392,3.5868431271047
620894808,1985,0,14.8538666456546,0
620894808,1990,0,14.8538666456546,0
620894808,1995,0,14.8538666456546,0
620894808,2000,0,14.8538666456546,0
620894808,2005,0,14.8538666456546,0
620894808,2010,0,14.8538666456546,0
620894808,2015,0,14.8538666456546,0
620894808,2020,0,14.8538666456546,0
620894808,2025,0,14.8538666456546,0
620896107,1985,6583.46923828125,3.35522181874719,1962.15618338446
620896107,1990,7257.78466796875,3.35522181874719,2163.13110132276
620896107,1995,7826.27685546875,3.35522181874719,2332.56615456531
620896107,2000,8266.634765625,3.35522181874719,2463.8116977648
620896107,2005,8775.8779296875,3.35522181874719,2615.58800096393
620896107,2010,9347.8623046875,3.35522181874719,2786.06387585364
620896107,2015,9821.4091796875,3.35522181874719,2927.20115397757
620896107,2020,10446.9091796875,3.35522181874719,3113.62698028362
620896107,2025,10829.650390625,3.35522181874719,3227.70027606363
620896164,1985,0,3.24567441224772,0
620896164,1990,0,3.24567441224772,0
620896164,1995,0,3.24567441224772,0
620896164,2000,0,3.24567441224772,0
620896164,2005,0,3.24567441224772,0
620896164,2010,0,3.24567441224772,0
620896164,2015,0,3.24567441224772,0
620896164,2020,0,3.24567441224772,0
620896164,2025,0,3.24567441224772,0
620896175,1985,0,9.65864192676957,0
620896175,1990,0,9.65864192676957,0
620896175,1995,0,9.65864192676957,0
620896175,2000,0,9.65864192676957,0
620896175,2005,0,9.65864192676957,0
620896175,2010,0,9.65864192676957,0
620896175,2015,0,9.65864192676957,0
620896175,2020,0,9.65864192676957,0
620896175,2025,0,9.65864192676957,0
620896184,1985,0,21.7378021806043,0
620896184,1990,0,21.7378021806043,0
620896184,1995,0,21.7378021806043,0
620896184,2000,0,21.7378021806043,0
620896184,2005,0,21.7378021806043,0
620896184,2010,0,21.7378021806043,0
620896184,2015,0,21.7378021806043,0
620896184,2020,0,21.7378021806043,0
620896184,2025,0,21.7378021806043,0
620897483,1985,5847.17333984375,6.35916540026879,919.487538348444
620897483,1990,6506.67333984375,6.35916540026879,1023.19611620241
620897483,1995,7025.56494140625,6.35916540026879,1104.79355374359
620897483,2000,7486.19140625,6.35916540026879,1177.22860391924
620897483,2005,8117.7109375,6.35916540026879,1276.53715960224
620897483,2010,8844.5009765625,6.35916540026879,1390.82732086016
620897483,2015,9452.822265625,6.35916540026879,1486.48787547269
620897483,2020,10106.4541015625,6.35916540026879,1589.27366492705
620897483,2025,10473.119140625,6.35916540026879,1646.93296704978
620897538,1985,0,33.8990453435243,0
620897538,1990,0,33.8990453435243,0
620897538,1995,0,33.8990453435243,0
620897538,2000,0,33.8990453435243,0
620897538,2005,0,33.8990453435243,0
620897538,2010,0,33.8990453435243,0
620897538,2015,0,33.8990453435243,0
620897538,2020,0,33.8990453435243,0
620897538,2025,0,33.8990453435243,0
620897541,1985,0,13.7896548147661,0
620897541,1990,0,13.7896548147661,0
620897541,1995,0,13.7896548147661,0
620897541,2000,0,13.7896548147661,0
620897541,2005,0,13.7896548147661,0
620897541,2010,0,13.7896548147661,0
620897541,2015,0,13.7896548147661,0
620897541,2020,0,13.7896548147661,0
620897541,2025,0,13.7896548147661,0
620897551,1985,0,13.3530641170977,0
620897551,1990,0,13.3530641170977,0
620897551,1995,0,13.3530641170977,0
620897551,2000,0,13.3530641170977,0
620897551,2005,0,13.3530641170977,0
620897551,2010,0,13.3530641170977,0
620897551,2015,0,13.3530641170977,0
620897551,2020,0,13.3530641170977,0
620897551,2025,0,13.3530641170977,0
620898852,1985,297.970275878906,3.42892894291393,86.8989357433837
620898852,1990,319.566040039062,3.42892894291393,93.1970435547996
620898852,1995,360.085968017578,3.42892894291393,105.014123655643
620898852,2000,392.114593505859,3.42892894291393,114.354832087199
620898852,2005,458.730041503906,3.42892894291393,133.782311952511
620898852,2010,531.0498046875,3.42892894291393,154.873376943242
620898852,2015,602.699523925781,3.42892894291393,175.76903282621
620898852,2020,640.885925292969,3.42892894291393,186.90557196217
620898852,2025,674.181823730469,3.42892894291393,196.615863132335
620898855,1985,9541.6484375,26.7149990768128,357.16446817255
620898855,1990,10547.548828125,26.7149990768128,394.817488026033
620898855,1995,11554.3291015625,26.7149990768128,432.503443789787
620898855,2000,12409.4873046875,26.7149990768128,464.513858638247
620898855,2005,13348.623046875,26.7149990768128,499.667733788578
620898855,2010,14382.1064453125,26.7149990768128,538.353245080043
620898855,2015,15301.6201171875,26.7149990768128,572.77262384293
620898855,2020,16364.0791015625,26.7149990768128,612.542753773316
620898855,2025,16944.2578125,26.7149990768128,634.260093507049
620898893,1985,285.501770019531,24.2846427934922,11.7564739348787
620898893,1990,351.665985107422,24.2846427934922,14.4810029983913
620898893,1995,392.683319091797,24.2846427934922,16.1700265649791
620898893,2000,430.755432128906,24.2846427934922,17.7377709769872
620898893,2005,470.592193603516,24.2846427934922,19.3781805894887
620898893,2010,518.561401367188,24.2846427934922,21.3534704124267
620898893,2015,573.082885742188,24.2846427934922,23.5985717646941
620898893,2020,649.17578125,24.2846427934922,26.7319468838951
620898893,2025,725.447814941406,24.2846427934922,29.8726986067019
620898901,1985,0,0.495345865766816,0
620898901,1990,0,0.495345865766816,0
620898901,1995,0,0.495345865766816,0
620898901,2000,0,0.495345865766816,0
620898901,2005,0,0.495345865766816,0
620898901,2010,0,0.495345865766816,0
620898901,2015,0,0.495345865766816,0
620898901,2020,0,0.495345865766816,0
620898901,2025,0,0.495345865766816,0
620898913,1985,0,10.7428582869961,0
620898913,1990,0,10.7428582869961,0
620898913,1995,0,10.7428582869961,0
620898913,2000,0,10.7428582869961,0
620898913,2005,0,10.7428582869961,0
620898913,2010,0,10.7428582869961,0
620898913,2015,0,10.7428582869961,0
620898913,2020,0,10.7428582869961,0
620898913,2025,0,10.7428582869961,0
620898933,1985,0.465347170829773,103.375042658456,0.00450154272116965
620898933,1990,0.510220468044281,103.375042658456,0.00493562522368205
620898933,1995,0.565282940864563,103.375042658456,0.00546827286671331
620898933,2000,0.699159801006317,103.375042658456,0.00676333264805796
620898933,2005,0.848558068275452,103.375042658456,0.00820853899019933
620898933,2010,0.966496884822845,103.375042658456,0.00934942187173831
620898933,2015,1.08242416381836,103.375042658456,0.0104708461150978
620898933,2020,1.18594563007355,103.375042658456,0.0114722625459206
620898933,2025,1.38457846641541,103.375042658456,0.0133937402182262
620900236,1985,10489.548828125,9.43335139879101,1111.96417738338
620900236,1990,11320.857421875,9.43335139879101,1200.08859452918
620900236,1995,12362,9.43335139879101,1310.45685434599
620900236,2000,13158.0048828125,9.43335139879101,1394.83883580324
620900236,2005,14373.779296875,9.43335139879101,1523.71926892463
620900236,2010,15715.849609375,9.43335139879101,1665.98793419157
620900236,2015,16826.921875,9.43335139879101,1783.76922088968
620900236,2020,17811.650390625,9.43335139879101,1888.15720284816
620900236,2025,18446.869140625,9.43335139879101,1955.49475057074
620900270,1985,0.356494188308716,13.0498590416974,0.02731785739368
620900270,1990,0.428286820650101,13.0498590416974,0.0328192679539006
620900270,1995,0.484677702188492,13.0498590416974,0.0371404549765503
620900270,2000,0.539290547370911,13.0498590416974,0.0413253925308884
620900270,2005,0.605991899967194,13.0498590416974,0.0464366624981085
620900270,2010,0.680305421352386,13.0498590416974,0.0521312467191137
620900270,2015,0.762157082557678,13.0498590416974,0.0584034724147136
620900270,2020,0.866312146186829,13.0498590416974,0.0663847895535693
620900270,2025,0.966425895690918,13.0498590416974,0.074056424104119
620900277,1985,0,16.4533687823018,0
620900277,1990,0,16.4533687823018,0
620900277,1995,0,16.4533687823018,0
620900277,2000,0,16.4533687823018,0
620900277,2005,0,16.4533687823018,0
620900277,2010,0,16.4533687823018,0
620900277,2015,0,16.4533687823018,0
620900277,2020,0,16.4533687823018,0
620900277,2025,0,16.4533687823018,0
620900279,1985,0.247304633259773,20.0927380653504,0.0123081599160568
620900279,1990,0.27741202712059,20.0927380653504,0.0138065815728212
620900279,1995,0.294631063938141,20.0927380653504,0.0146635596890713
620900279,2000,0.3006731569767,20.0927380653504,0.014964269976485
620900279,2005,0.392178744077682,20.0927380653504,0.0195184321221998
620900279,2010,0.502880990505219,20.0927380653504,0.025027997123619
620900279,2015,0.576421141624451,20.0927380653504,0.0286880334452018
620900279,2020,0.605674624443054,20.0927380653504,0.0301439566112461
620900279,2025,0.678257167339325,20.0927380653504,0.0337563335137967
620900285,1985,0,0.405613111822665,0
620900285,1990,0,0.405613111822665,0
620900285,1995,0,0.405613111822665,0
620900285,2000,0,0.405613111822665,0
620900285,2005,0,0.405613111822665,0
620900285,2010,0,0.405613111822665,0
620900285,2015,0,0.405613111822665,0
620900285,2020,0,0.405613111822665,0
620900285,2025,0,0.405613111822665,0
620900286,1985,0,10.1546721637544,0
620900286,1990,0,10.1546721637544,0
620900286,1995,0,10.1546721637544,0
620900286,2000,0,10.1546721637544,0
620900286,2005,0,10.1546721637544,0
620900286,2010,0,10.1546721637544,0
620900286,2015,0,10.1546721637544,0
620900286,2020,0,10.1546721637544,0
620900286,2025,0,10.1546721637544,0
620901612,1985,8680.6552734375,5.53831451805529,1567.38214219109
620901612,1990,9488.712890625,5.53831451805529,1713.28530723402
620901612,1995,10491.259765625,5.53831451805529,1894.30552046525
620901612,2000,11309.259765625,5.53831451805529,2042.00388561466
620901612,2005,12151.3173828125,5.53831451805529,2194.04610250977
620901612,2010,13077.564453125,5.53831451805529,2361.28959640902
620901612,2015,13913.244140625,5.53831451805529,2512.18021209645
620901612,2020,14821.982421875,5.53831451805529,2676.26231293913
620901612,2025,15395.052734375,5.53831451805529,2779.73608833266
620901658,1985,2806.32397460938,19.8942229503549,141.062256194294
620901658,1990,2761.3037109375,19.8942229503549,138.799274434
620901658,1995,2922.73120117188,19.8942229503549,146.913564227435
620901658,2000,3039.25561523438,19.8942229503549,152.770762789715
620901658,2005,3196.51953125,19.8942229503549,160.675766991592
620901658,2010,3379.08154296875,19.8942229503549,169.852401443429
620901658,2015,3569.95336914062,19.8942229503549,179.446735770946
620901658,2020,3966.95849609375,19.8942229503549,199.402535399
620901658,2025,4056.4248046875,19.8942229503549,203.899635326804
620901661,1985,0,8.98837570482203,0
620901661,1990,0,8.98837570482203,0
620901661,1995,0,8.98837570482203,0
620901661,2000,0,8.98837570482203,0
620901661,2005,0,8.98837570482203,0
620901661,2010,0,8.98837570482203,0
620901661,2015,0,8.98837570482203,0
620901661,2020,0,8.98837570482203,0
620901661,2025,0,8.98837570482203,0
620901662,1985,0,17.7954010336208,0
620901662,1990,0,17.7954010336208,0
620901662,1995,0,17.7954010336208,0
620901662,2000,0,17.7954010336208,0
620901662,2005,0,17.7954010336208,0
620901662,2010,0,17.7954010336208,0
620901662,2015,0,17.7954010336208,0
620901662,2020,0,17.7954010336208,0
620901662,2025,0,17.7954010336208,0
620903023,1985,0,31.8020585721095,0
620903023,1990,0,31.8020585721095,0
620903023,1995,0,31.8020585721095,0
620903023,2000,0,31.8020585721095,0
620903023,2005,0,31.8020585721095,0
620903023,2010,0,31.8020585721095,0
620903023,2015,0,31.8020585721095,0
620903023,2020,0,31.8020585721095,0
620903023,2025,0,31.8020585721095,0
620903034,1985,438.535278320312,34.8929215412789,12.5680298166354
620903034,1990,489.084350585938,34.8929215412789,14.0167211280186
620903034,1995,519.591857910156,34.8929215412789,14.8910390692127
620903034,2000,539.021728515625,34.8929215412789,15.4478818254858
620903034,2005,573.499938964844,34.8929215412789,16.4359965755915
620903034,2010,612.192321777344,34.8929215412789,17.5448857457554
620903034,2015,643.853820800781,34.8929215412789,18.4522760594607
620903034,2020,680.873901367188,34.8929215412789,19.5132385392752
620903034,2025,696.017761230469,34.8929215412789,19.9472480516448
620903038,1985,0,34.2868312096247,0
620903038,1990,0,34.2868312096247,0
620903038,1995,0,34.2868312096247,0
620903038,2000,0,34.2868312096247,0
620903038,2005,0,34.2868312096247,0
620903038,2010,0,34.2868312096247,0
620903038,2015,0,34.2868312096247,0
620903038,2020,0,34.2868312096247,0
620903038,2025,0,34.2868312096247,0
620903064,1985,0,19.737751571412,0
620903064,1990,0,19.737751571412,0
620903064,1995,0,19.737751571412,0
620903064,2000,0,19.737751571412,0
620903064,2005,0,19.737751571412,0
620903064,2010,0,19.737751571412,0
620903064,2015,0,19.737751571412,0
620903064,2020,0,19.737751571412,0
620903064,2025,0,19.737751571412,0
620904386,1985,46.4845542907715,15.8066265343939,2.94082701262188
620904386,1990,52.2889823913574,15.8066265343939,3.30804186950206
620904386,1995,52.6386566162109,15.8066265343939,3.33016387156826
620904386,2000,52.6702537536621,15.8066265343939,3.33216285202006
620904386,2005,54.9107513427734,15.8066265343939,3.47390704925508
620904386,2010,58.992015838623,15.8066265343939,3.73210663959582
620904386,2015,62.1122779846191,15.8066265343939,3.92950879490117
620904386,2020,66.4061279296875,15.8066265343939,4.20115751992958
620904386,2025,73.7853622436523,15.8066265343939,4.66800187143673
620904410,1985,0.34064307808876,1.97151913043111,0.172782030278485
620904410,1990,0.507065296173096,1.97151913043111,0.257195219841573
620904410,1995,0.479761719703674,1.97151913043111,0.243346215767516
620904410,2000,0.432968437671661,1.97151913043111,0.219611583265228
620904410,2005,0.507237076759338,1.97151913043111,0.257282350919122
620904410,2010,0.845705568790436,1.97151913043111,0.428961380965909
620904410,2015,0.756430327892303,1.97151913043111,0.383678918564131
620904410,2020,0.894965529441833,1.97151913043111,0.453947169787864
620904410,2025,0.735119581222534,1.97151913043111,0.372869616061898
620904437,1985,0,30.4364907483973,0
620904437,1990,0,30.4364907483973,0
620904437,1995,0,30.4364907483973,0
620904437,2000,0,30.4364907483973,0
620904437,2005,0,30.4364907483973,0
620904437,2010,0,30.4364907483973,0
620904437,2015,0,30.4364907483973,0
620904437,2020,0,30.4364907483973,0
620904437,2025,0,30.4364907483973,0
620904440,1985,0,22.2329411994644,0
620904440,1990,0,22.2329411994644,0
620904440,1995,0,22.2329411994644,0
620904440,2000,0,22.2329411994644,0
620904440,2005,0,22.2329411994644,0
620904440,2010,0,22.2329411994644,0
620904440,2015,0,22.2329411994644,0
620904440,2020,0,22.2329411994644,0
620904440,2025,0,22.2329411994644,0
620905734,1985,315.40087890625,4.16368693760437,75.7503826855243
620905734,1990,348.500061035156,4.16368693760437,83.6998713538414
620905734,1995,378.003631591797,4.16368693760437,90.7857956797505
620905734,2000,404.3759765625,4.16368693760437,97.1196880606884
620905734,2005,434.877471923828,4.16368693760437,104.445285738519
620905734,2010,470.292846679688,4.16368693760437,112.951058455484
620905734,2015,500.070465087891,4.16368693760437,120.102801334918
620905734,2020,531.050048828125,4.16368693760437,127.543222337862
620905734,2025,549.491638183594,4.16368693760437,131.972371222451
620905779,1985,4.23342847824097,12.0076475046175,0.352561022182988
620905779,1990,4.76334047317505,12.0076475046175,0.3966922306258
620905779,1995,5.59130144119263,12.0076475046175,0.465645034886517
620905779,2000,6.45767641067505,12.0076475046175,0.537796967157118
620905779,2005,7.49853038787842,12.0076475046175,0.624479556465566
620905779,2010,8.75821399688721,12.0076475046175,0.729386334293977
620905779,2015,10.0901565551758,12.0076475046175,0.840310856168589
620905779,2020,11.6747817993164,12.0076475046175,0.972278857688558
620905779,2025,13.0210762023926,12.0076475046175,1.08439860492118
620905784,1985,6.17900323867798,66.757198948403,0.0925593544368715
620905784,1990,7.00534629821777,66.757198948403,0.104937690744518
620905784,1995,8.17536544799805,66.757198948403,0.122464177298943
620905784,2000,9.38126277923584,66.757198948403,0.140528106736274
620905784,2005,10.8821001052856,66.757198948403,0.163010136385388
620905784,2010,12.6822757720947,66.757198948403,0.189976151963729
620905784,2015,14.567193031311,66.757198948403,0.21821156760292
620905784,2020,16.7914180755615,66.757198948403,0.251529697771467
620905784,2025,18.7318878173828,66.757198948403,0.280597270593405
620905796,1985,0,48.2730145417448,0
620905796,1990,0,48.2730145417448,0
620905796,1995,0,48.2730145417448,0
620905796,2000,0,48.2730145417448,0
620905796,2005,0,48.2730145417448,0
620905796,2010,0,48.2730145417448,0
620905796,2015,0,48.2730145417448,0
620905796,2020,0,48.2730145417448,0
620905796,2025,0,48.2730145417448,0
620905816,1985,0,2.2311474524201,0
620905816,1990,0,2.2311474524201,0
620905816,1995,0,2.2311474524201,0
620905816,2000,0,2.2311474524201,0
620905816,2005,0,2.2311474524201,0
620905816,2010,0,2.2311474524201,0
620905816,2015,0,2.2311474524201,0
620905816,2020,0,2.2311474524201,0
620905816,2025,0,2.2311474524201,0
620907170,1985,121.304756164551,11.1246368953084,10.9041542035146
620907170,1990,150.708374023438,11.1246368953084,13.5472623009382
620907170,1995,171.991104125977,11.1246368953084,15.4603791336785
620907170,2000,191.714141845703,11.1246368953084,17.2332943223122
620907170,2005,219.351196289062,11.1246368953084,19.7176050196811
620907170,2010,252.005661010742,11.1246368953084,22.6529336087383
620907170,2015,286.386260986328,11.1246368953084,25.743425487182
620907170,2020,327.856903076172,11.1246368953084,29.4712453234711
620907170,2025,365.745086669922,11.1246368953084,32.8770359079466
620907174,1985,0,21.2184027183023,0
620907174,1990,0,21.2184027183023,0
620907174,1995,0,21.2184027183023,0
620907174,2000,0,21.2184027183023,0
620907174,2005,0,21.2184027183023,0
620907174,2010,0,21.2184027183023,0
620907174,2015,0,21.2184027183023,0
620907174,2020,0,21.2184027183023,0
620907174,2025,0,21.2184027183023,0
620907192,1985,0,3.58570635623814,0
620907192,1990,0,3.58570635623814,0
620907192,1995,0,3.58570635623814,0
620907192,2000,0,3.58570635623814,0
620907192,2005,0,3.58570635623814,0
620907192,2010,0,3.58570635623814,0
620907192,2015,0,3.58570635623814,0
620907192,2020,0,3.58570635623814,0
620907192,2025,0,3.58570635623814,0
620908545,1985,0,40.8576056128595,0
620908545,1990,0,40.8576056128595,0
620908545,1995,0,40.8576056128595,0
620908545,2000,0,40.8576056128595,0
620908545,2005,0,40.8576056128595,0
620908545,2010,0,40.8576056128595,0
620908545,2015,0,40.8576056128595,0
620908545,2020,0,40.8576056128595,0
620908545,2025,0,40.8576056128595,0
620909891,1985,898.813049316406,10.3989224711045,86.4332868923624
620909891,1990,1033.66064453125,10.3989224711045,99.4007453564047
620909891,1995,1081.54663085938,10.3989224711045,104.005644225608
620909891,2000,1114.08972167969,10.3989224711045,107.135111813307
620909891,2005,1165.14587402344,10.3989224711045,112.044865923468
620909891,2010,1216.35021972656,10.3989224711045,116.968870871616
620909891,2015,1261.8779296875,10.3989224711045,121.346988901387
620909891,2020,1306.99194335938,10.3989224711045,125.685324320007
620909891,2025,1343.01379394531,10.3989224711045,129.149322699265
620909896,1985,0,0.0809426847286382,0
620909896,1990,0,0.0809426847286382,0
620909896,1995,0,0.0809426847286382,0
620909896,2000,0,0.0809426847286382,0
620909896,2005,0,0.0809426847286382,0
620909896,2010,0,0.0809426847286382,0
620909896,2015,0,0.0809426847286382,0
620909896,2020,0,0.0809426847286382,0
620909896,2025,0,0.0809426847286382,0
620909946,1985,0,24.2362969328241,0
620909946,1990,0,24.2362969328241,0
620909946,1995,0,24.2362969328241,0
620909946,2000,0,24.2362969328241,0
620909946,2005,0,24.2362969328241,0
620909946,2010,0,24.2362969328241,0
620909946,2015,0,24.2362969328241,0
620909946,2020,0,24.2362969328241,0
620909946,2025,0,24.2362969328241,0
620909950,1985,0,8.04978738268335,0
620909950,1990,0,8.04978738268335,0
620909950,1995,0,8.04978738268335,0
620909950,2000,0,8.04978738268335,0
620909950,2005,0,8.04978738268335,0
620909950,2010,0,8.04978738268335,0
620909950,2015,0,8.04978738268335,0
620909950,2020,0,8.04978738268335,0
620909950,2025,0,8.04978738268335,0
620911286,1985,0.00505296839401126,0.0104867900242992,0.481841286256606
620911286,1990,0.00566812697798014,0.0104867900242992,0.540501618211711
620911286,1995,0.00601994944736362,0.0104867900242992,0.574050727955328
620911286,2000,0.00614340277388692,0.0104867900242992,0.58582299823415
620911286,2005,0.00801305938512087,0.0104867900242992,0.764109834043938
620911286,2010,0.0102749457582831,0.0104867900242992,0.979798940807896
620911286,2015,0.0117775304242969,0.0104867900242992,1.12308250637296
620911286,2020,0.0123752420768142,0.0104867900242992,1.18007913271261
620911286,2025,0.0138582596555352,0.0104867900242992,1.32149681870467
620911291,1985,12.3528614044189,55.1761367849076,0.223880505671753
620911291,1990,13.8379182815552,55.1761367849076,0.250795345377284
620911291,1995,16.1490993499756,55.1761367849076,0.292682675717755
620911291,2000,18.5311546325684,55.1761367849076,0.335854514512462
620911291,2005,21.5216312408447,55.1761367849076,0.390053245749013
620911291,2010,25.1012058258057,55.1761367849076,0.454928657358839
620911291,2015,28.792724609375,55.1761367849076,0.521832920663099
620911291,2020,33.1099967956543,55.1761367849076,0.600078199108549
620911291,2025,36.9362945556641,55.1761367849076,0.669425166529008
620911335,1985,0,0.667626704090783,0
620911335,1990,0,0.667626704090783,0
620911335,1995,0,0.667626704090783,0
620911335,2000,0,0.667626704090783,0
620911335,2005,0,0.667626704090783,0
620911335,2010,0,0.667626704090783,0
620911335,2015,0,0.667626704090783,0
620911335,2020,0,0.667626704090783,0
620911335,2025,0,0.667626704090783,0
620912648,1985,0,0.153988982659602,0
620912648,1990,0,0.153988982659602,0
620912648,1995,0,0.153988982659602,0
620912648,2000,0,0.153988982659602,0
620912648,2005,0,0.153988982659602,0
620912648,2010,0,0.153988982659602,0
620912648,2015,0,0.153988982659602,0
620912648,2020,0,0.153988982659602,0
620912648,2025,0,0.153988982659602,0
620912657,1985,0,6.86319470517494,0
620912657,1990,0,6.86319470517494,0
620912657,1995,0,6.86319470517494,0
620912657,2000,0,6.86319470517494,0
620912657,2005,0,6.86319470517494,0
620912657,2010,0,6.86319470517494,0
620912657,2015,0,6.86319470517494,0
620912657,2020,0,6.86319470517494,0
620912657,2025,0,6.86319470517494,0
620912665,1985,0,17.0196247602067,0
620912665,1990,0,17.0196247602067,0
620912665,1995,0,17.0196247602067,0
620912665,2000,0,17.0196247602067,0
620912665,2005,0,17.0196247602067,0
620912665,2010,0,17.0196247602067,0
620912665,2015,0,17.0196247602067,0
620912665,2020,0,17.0196247602067,0
620912665,2025,0,17.0196247602067,0
620912684,1985,0,2.35170763748601,0
620912684,1990,0,2.35170763748601,0
620912684,1995,0,2.35170763748601,0
620912684,2000,0,2.35170763748601,0
620912684,2005,0,2.35170763748601,0
620912684,2010,0,2.35170763748601,0
620912684,2015,0,2.35170763748601,0
620912684,2020,0,2.35170763748601,0
620912684,2025,0,2.35170763748601,0
620914040,1985,0,16.3337502040825,0
620914040,1990,0,16.3337502040825,0
620914040,1995,0,16.3337502040825,0
620914040,2000,0,16.3337502040825,0
620914040,2005,0,16.3337502040825,0
620914040,2010,0,16.3337502040825,0
620914040,2015,0,16.3337502040825,0
620914040,2020,0,16.3337502040825,0
620914040,2025,0,16.3337502040825,0
620914041,1985,0,13.3089400251367,0
620914041,1990,0,13.3089400251367,0
620914041,1995,0,13.3089400251367,0
620914041,2000,0,13.3089400251367,0
620914041,2005,0,13.3089400251367,0
620914041,2010,0,13.3089400251367,0
620914041,2015,0,13.3089400251367,0
620914041,2020,0,13.3089400251367,0
620914041,2025,0,13.3089400251367,0
620914059,1985,0,15.5561219299981,0
620914059,1990,0,15.5561219299981,0
620914059,1995,0,15.5561219299981,0
620914059,2000,0,15.5561219299981,0
620914059,2005,0,15.5561219299981,0
620914059,2010,0,15.5561219299981,0
620914059,2015,0,15.5561219299981,0
620914059,2020,0,15.5561219299981,0
620914059,2025,0,15.5561219299981,0
620914060,1985,0,2.45815062631932,0
620914060,1990,0,2.45815062631932,0
620914060,1995,0,2.45815062631932,0
620914060,2000,0,2.45815062631932,0
620914060,2005,0,2.45815062631932,0
620914060,2010,0,2.45815062631932,0
620914060,2015,0,2.45815062631932,0
620914060,2020,0,2.45815062631932,0
620914060,2025,0,2.45815062631932,0
620915389,1985,2948.36767578125,8.45231102230812,348.823850423824
620915389,1990,3266.41552734375,8.45231102230812,386.452358263051
620915389,1995,3524.28784179688,8.45231102230812,416.961447880379
620915389,2000,3758.97607421875,8.45231102230812,444.727609324564
620915389,2005,3947.6787109375,8.45231102230812,467.053176405651
620915389,2010,4153.064453125,8.45231102230812,491.352535675018
620915389,2015,4326.51220703125,8.45231102230812,511.873284787122
620915389,2020,4457.21875,8.45231102230812,527.337285416509
620915389,2025,4599.263671875,8.45231102230812,544.142739155741
620915409,1985,0,12.4269462106742,0
620915409,1990,0,12.4269462106742,0
620915409,1995,0,12.4269462106742,0
620915409,2000,0,12.4269462106742,0
620915409,2005,0,12.4269462106742,0
620915409,2010,0,12.4269462106742,0
620915409,2015,0,12.4269462106742,0
620915409,2020,0,12.4269462106742,0
620915409,2025,0,12.4269462106742,0
620915410,1985,345.121185302734,53.4503293068546,6.45685797970332
620915410,1990,443.823791503906,53.4503293068546,8.30348095623405
620915410,1995,519.999084472656,53.4503293068546,9.72864136135397
620915410,2000,598.56787109375,53.4503293068546,11.1985815402074
620915410,2005,698.055786132812,53.4503293068546,13.0598968273015
620915410,2010,816.336486816406,53.4503293068546,15.2728055636454
620915410,2015,940.015502929688,53.4503293068546,17.586711160059
620915410,2020,1078.02331542969,53.4503293068546,20.1686936153532
620915410,2025,1202.60314941406,53.4503293068546,22.4994525760543
620915427,1985,0,18.5789006245612,0
620915427,1990,0,18.5789006245612,0
620915427,1995,0,18.5789006245612,0
620915427,2000,0,18.5789006245612,0
620915427,2005,0,18.5789006245612,0
620915427,2010,0,18.5789006245612,0
620915427,2015,0,18.5789006245612,0
620915427,2020,0,18.5789006245612,0
620915427,2025,0,18.5789006245612,0
620915446,1985,0,4.89456075702151,0
620915446,1990,0,4.89456075702151,0
620915446,1995,0,4.89456075702151,0
620915446,2000,0,4.89456075702151,0
620915446,2005,0,4.89456075702151,0
620915446,2010,0,4.89456075702151,0
620915446,2015,0,4.89456075702151,0
620915446,2020,0,4.89456075702151,0
620915446,2025,0,4.89456075702151,0
620915447,1985,14.745777130127,30.6842334292806,0.480565276760531
620915447,1990,17.4123039245605,30.6842334292806,0.567467457340641
620915447,1995,20.3866806030273,30.6842334292806,0.664402473994129
620915447,2000,23.5027885437012,30.6842334292806,0.765956516328465
620915447,2005,27.3957805633545,30.6842334292806,0.892829231875546
620915447,2010,32.0669708251953,30.6842334292806,1.04506344924997
620915447,2015,37.0170249938965,30.6842334292806,1.20638584891526
620915447,2020,42.5291290283203,30.6842334292806,1.38602546895425
620915447,2025,47.4439315795898,30.6842334292806,1.54619901745097
620916765,1985,30598.931640625,17.0584921794958,1793.76531751176
620916765,1990,34515.98828125,17.0584921794958,2023.39033943094
620916765,1995,38736.55078125,17.0584921794958,2270.80742973351
620916765,2000,43044.9375,17.0584921794958,2523.37293631027
620916765,2005,47020.32421875,17.0584921794958,2756.41737405538
620916765,2010,50810.1328125,17.0584921794958,2978.5828828162
620916765,2015,54395.875,17.0584921794958,3188.78564574328
620916765,2020,59789.5,17.0584921794958,3504.9698045333
620916765,2025,62557.515625,17.0584921794958,3667.23594129814
620916798,1985,0,0.62154453494207,0
620916798,1990,0,0.62154453494207,0
620916798,1995,0,0.62154453494207,0
620916798,2000,0,0.62154453494207,0
620916798,2005,0,0.62154453494207,0
620916798,2010,0,0.62154453494207,0
620916798,2015,0,0.62154453494207,0
620916798,2020,0,0.62154453494207,0
620916798,2025,0,0.62154453494207,0
620916807,1985,128.306060791016,29.9448067255589,4.28475167553851
620916807,1990,144.969924926758,29.9448067255589,4.84123762278355
620916807,1995,153.786682128906,29.9448067255589,5.13567122133548
620916807,2000,159.066787719727,29.9448067255589,5.31199914487868
620916807,2005,167.596389770508,29.9448067255589,5.59684326255672
620916807,2010,177.537857055664,29.9448067255589,5.9288362981528
620916807,2015,183.425704956055,29.9448067255589,6.12545963769719
620916807,2020,189.541641235352,29.9448067255589,6.32969993670292
620916807,2025,194.609237670898,29.9448067255589,6.49893116540948
620916813,1985,0,16.5330258045971,0
620916813,1990,0,16.5330258045971,0
620916813,1995,0,16.5330258045971,0
620916813,2000,0,16.5330258045971,0
620916813,2005,0,16.5330258045971,0
620916813,2010,0,16.5330258045971,0
620916813,2015,0,16.5330258045971,0
620916813,2020,0,16.5330258045971,0
620916813,2025,0,16.5330258045971,0
620918169,1985,0,61.7557675049208,0
620918169,1990,0,61.7557675049208,0
620918169,1995,0,61.7557675049208,0
620918169,2000,0,61.7557675049208,0
620918169,2005,0,61.7557675049208,0
620918169,2010,0,61.7557675049208,0
620918169,2015,0,61.7557675049208,0
620918169,2020,0,61.7557675049208,0
620918169,2025,0,61.7557675049208,0
620918175,1985,0,10.869324121828,0
620918175,1990,0,10.869324121828,0
620918175,1995,0,10.869324121828,0
620918175,2000,0,10.869324121828,0
620918175,2005,0,10.869324121828,0
620918175,2010,0,10.869324121828,0
620918175,2015,0,10.869324121828,0
620918175,2020,0,10.869324121828,0
620918175,2025,0,10.869324121828,0
620918177,1985,3778.55590820312,3.06723724741176,1231.90858854873
620918177,1990,3829.560546875,3.06723724741176,1248.53744199491
620918177,1995,4074.71484375,3.06723724741176,1328.46418945531
620918177,2000,4302.9794921875,3.06723724741176,1402.88446738787
620918177,2005,4493.14111328125,3.06723724741176,1464.88215643336
620918177,2010,4785.27099609375,3.06723724741176,1560.12418019888
620918177,2015,4990.939453125,3.06723724741176,1627.17750553418
620918177,2020,5575.318359375,3.06723724741176,1817.70039604196
620918177,2025,5701.572265625,3.06723724741176,1858.86248950458
620919535,1985,0,33.2083763532286,0
620919535,1990,0,33.2083763532286,0
620919535,1995,0,33.2083763532286,0
620919535,2000,0,33.2083763532286,0
620919535,2005,0,33.2083763532286,0
620919535,2010,0,33.2083763532286,0
620919535,2015,0,33.2083763532286,0
620919535,2020,0,33.2083763532286,0
620919535,2025,0,33.2083763532286,0
620919548,1985,0,10.453407967787,0
620919548,1990,0,10.453407967787,0
620919548,1995,0,10.453407967787,0
620919548,2000,0,10.453407967787,0
620919548,2005,0,10.453407967787,0
620919548,2010,0,10.453407967787,0
620919548,2015,0,10.453407967787,0
620919548,2020,0,10.453407967787,0
620919548,2025,0,10.453407967787,0
620919551,1985,0,3.5567784684019,0
620919551,1990,0,3.5567784684019,0
620919551,1995,0,3.5567784684019,0
620919551,2000,0,3.5567784684019,0
620919551,2005,0,3.5567784684019,0
620919551,2010,0,3.5567784684019,0
620919551,2015,0,3.5567784684019,0
620919551,2020,0,3.5567784684019,0
620919551,2025,0,3.5567784684019,0
620919553,1985,592.412292480469,8.47596961849472,69.8931590301851
620919553,1990,681.4130859375,8.47596961849472,80.3935262404249
620919553,1995,722.02978515625,8.47596961849472,85.1855088744971
620919553,2000,755.6416015625,8.47596961849472,89.1510512158604
620919553,2005,799.602172851562,8.47596961849472,94.3375458905392
620919553,2010,849.182739257812,8.47596961849472,100.187090973625
620919553,2015,895.095153808594,8.47596961849472,105.603865291763
620919553,2020,974.205749511719,8.47596961849472,114.937381014909
620919553,2025,1001.46527099609,8.47596961849472,118.153475775902
620919555,1985,0,19.9042091066088,0
620919555,1990,0,19.9042091066088,0
620919555,1995,0,19.9042091066088,0
620919555,2000,0,19.9042091066088,0
620919555,2005,0,19.9042091066088,0
620919555,2010,0,19.9042091066088,0
620919555,2015,0,19.9042091066088,0
620919555,2020,0,19.9042091066088,0
620919555,2025,0,19.9042091066088,0
620919557,1985,0,13.8737041274851,0
620919557,1990,0,13.8737041274851,0
620919557,1995,0,13.8737041274851,0
620919557,2000,0,13.8737041274851,0
620919557,2005,0,13.8737041274851,0
620919557,2010,0,13.8737041274851,0
620919557,2015,0,13.8737041274851,0
620919557,2020,0,13.8737041274851,0
620919557,2025,0,13.8737041274851,0
620920909,1985,131.457748413086,26.9138232930959,4.88439516680665
620920909,1990,155.035797119141,26.9138232930959,5.760452367944
620920909,1995,179.963180541992,26.9138232930959,6.68664494754847
620920909,2000,205.673309326172,26.9138232930959,7.64192092243291
620920909,2005,236.574554443359,26.9138232930959,8.79007608346923
620920909,2010,273.146301269531,26.9138232930959,10.148922295243
620920909,2015,311.754241943359,26.9138232930959,11.5834245676768
620920909,2020,357.916381835938,26.9138232930959,13.298607854342
620920909,2025,399.854614257812,26.9138232930959,14.8568492073137
620920911,1985,0,17.1267591122565,0
620920911,1990,0,17.1267591122565,0
620920911,1995,0,17.1267591122565,0
620920911,2000,0,17.1267591122565,0
620920911,2005,0,17.1267591122565,0
620920911,2010,0,17.1267591122565,0
620920911,2015,0,17.1267591122565,0
620920911,2020,0,17.1267591122565,0
620920911,2025,0,17.1267591122565,0
620920915,1985,27.9647254943848,13.3032608827205,2.10209554942337
620920915,1990,30.8772201538086,13.3032608827205,2.32102643299394
620920915,1995,35.093921661377,13.3032608827205,2.63799394530104
620920915,2000,37.0103988647461,13.3032608827205,2.78205465494694
620920915,2005,41.8096160888672,13.3032608827205,3.14280960566392
620920915,2010,47.4548645019531,13.3032608827205,3.56716033161402
620920915,2015,52.5896987915039,13.3032608827205,3.95314346272892
620920915,2020,57.5786170959473,13.3032608827205,4.3281581563762
620920915,2025,64.1169967651367,13.3032608827205,4.81964514793645
620920924,1985,0.181803852319717,25.2428325765674,0.00720219697089317
620920924,1990,0.20939014852047,25.2428325765674,0.00829503376395419
620920924,1995,0.234881579875946,25.2428325765674,0.00930488205566847
620920924,2000,0.280406415462494,25.2428325765674,0.0111083577729225
620920924,2005,0.325266510248184,25.2428325765674,0.0128854996467443
620920924,2010,0.378213286399841,25.2428325765674,0.0149829970647165
620920924,2015,0.425045371055603,25.2428325765674,0.0168382597224911
620920924,2020,0.496892213821411,25.2428325765674,0.0196844871634045
620920924,2025,0.565064311027527,25.2428325765674,0.0223851388037992
620920929,1985,2845.40087890625,47.6545550943119,59.708896101852
620920929,1990,3321.17529296875,47.6545550943119,69.6927142934374
620920929,1995,3535.16845703125,47.6545550943119,74.1832223600638
620920929,2000,3684.67797851562,47.6545550943119,77.3205829164363
620920929,2005,3859.12451171875,47.6545550943119,80.9812305262584
620920929,2010,4052.31567382812,47.6545550943119,85.0352220434813
620920929,2015,4176.93017578125,47.6545550943119,87.6501767252847
620920929,2020,4240.0615234375,47.6545550943119,88.9749472017125
620920929,2025,4333.833984375,47.6545550943119,90.9427016115883
620920933,1985,0,1.12512515142497,0
620920933,1990,0,1.12512515142497,0
620920933,1995,0,1.12512515142497,0
620920933,2000,0,1.12512515142497,0
620920933,2005,0,1.12512515142497,0
620920933,2010,0,1.12512515142497,0
620920933,2015,0,1.12512515142497,0
620920933,2020,0,1.12512515142497,0
620920933,2025,0,1.12512515142497,0
620920936,1985,1.9472074508667,16.4012663508526,0.118722994262298
620920936,1990,2.13202118873596,16.4012663508526,0.129991254524388
620920936,1995,2.22121143341064,16.4012663508526,0.135429264173566
620920936,2000,2.2589066028595,16.4012663508526,0.137727572648198
620920936,2005,2.48925709724426,16.4012663508526,0.151772250019881
620920936,2010,2.69950938224792,16.4012663508526,0.164591521441123
620920936,2015,2.8983166217804,16.4012663508526,0.176712978118895
620920936,2020,2.95668411254883,16.4012663508526,0.180271696666588
620920936,2025,3.02224469184875,16.4012663508526,0.184268984308741
620920939,1985,29.3219585418701,36.2301345164143,0.809325135919261
620920939,1990,35.9770698547363,36.2301345164143,0.993015078054338
620920939,1995,41.9858894348145,36.2301345164143,1.15886650698999
620920939,2000,48.1789665222168,36.2301345164143,1.3298036887053
620920939,2005,55.8867530822754,36.2301345164143,1.54254887066333
620920939,2010,65.1040725708008,36.2301345164143,1.79695917334519
620920939,2015,74.5639724731445,36.2301345164143,2.05806501875843
620920939,2020,85.5590896606445,36.2301345164143,2.3615449073721
620920939,2025,95.4465713500977,36.2301345164143,2.63445257998849
620922282,1985,0,0.0403120102688437,0
620922282,1990,0,0.0403120102688437,0
620922282,1995,0,0.0403120102688437,0
620922282,2000,0,0.0403120102688437,0
620922282,2005,0,0.0403120102688437,0
620922282,2010,0,0.0403120102688437,0
620922282,2015,0,0.0403120102688437,0
620922282,2020,0,0.0403120102688437,0
620922282,2025,0,0.0403120102688437,0
620922285,1985,63.3203010559082,11.7417120339404,5.3927656267566
620922285,1990,73.4625930786133,11.7417120339404,6.25654869292173
620922285,1995,84.8574676513672,11.7417120339404,7.22700977558294
620922285,2000,96.3994140625,11.7417120339404,8.20999644547995
620922285,2005,110.651100158691,11.7417120339404,9.4237620407352
620922285,2010,127.368217468262,11.7417120339404,10.8474996746721
620922285,2015,145.055099487305,11.7417120339404,12.3538287319609
620922285,2020,165.846817016602,11.7417120339404,14.1245856257765
620922285,2025,184.967178344727,11.7417120339404,15.7529990354101
620922292,1985,0,35.0816034259513,0
620922292,1990,0,35.0816034259513,0
620922292,1995,0,35.0816034259513,0
620922292,2000,0,35.0816034259513,0
620922292,2005,0,35.0816034259513,0
620922292,2010,0,35.0816034259513,0
620922292,2015,0,35.0816034259513,0
620922292,2020,0,35.0816034259513,0
620922292,2025,0,35.0816034259513,0
620922307,1985,0,18.7898587355416,0
620922307,1990,0,18.7898587355416,0
620922307,1995,0,18.7898587355416,0
620922307,2000,0,18.7898587355416,0
620922307,2005,0,18.7898587355416,0
620922307,2010,0,18.7898587355416,0
620922307,2015,0,18.7898587355416,0
620922307,2020,0,18.7898587355416,0
620922307,2025,0,18.7898587355416,0
620922309,1985,1.17196047306061,17.1569878689174,0.0683080551210157
620922309,1990,1.34771466255188,17.1569878689174,0.0785519388862819
620922309,1995,1.57280743122101,17.1569878689174,0.0916715360083921
620922309,2000,1.80480253696442,17.1569878689174,0.105193437843137
620922309,2005,2.09867453575134,17.1569878689174,0.122321852284656
620922309,2010,2.4402961730957,17.1569878689174,0.142233368219411
620922309,2015,2.80308318138123,17.1569878689174,0.163378513920818
620922309,2020,3.21613049507141,17.1569878689174,0.187453096058775
620922309,2025,3.58779692649841,17.1569878689174,0.209115781506046
620922312,1985,0,11.7405628223466,0
620922312,1990,0,11.7405628223466,0
620922312,1995,0,11.7405628223466,0
620922312,2000,0,11.7405628223466,0
620922312,2005,0,11.7405628223466,0
620922312,2010,0,11.7405628223466,0
620922312,2015,0,11.7405628223466,0
620922312,2020,0,11.7405628223466,0
620922312,2025,0,11.7405628223466,0
620923686,1985,172.75439453125,56.0344141148397,3.08300527917002
620923686,1990,216.44416809082,56.0344141148397,3.86270065476599
620923686,1995,252.807632446289,56.0344141148397,4.5116494290129
620923686,2000,290.3203125,56.0344141148397,5.18110730853727
620923686,2005,338.496337890625,56.0344141148397,6.04086512258152
620923686,2010,395.503112792969,56.0344141148397,7.05821804404709
620923686,2015,455.716339111328,56.0344141148397,8.13279386088271
620923686,2020,525.994201660156,56.0344141148397,9.38698494432649
620923686,2025,586.77978515625,56.0344141148397,10.4717751479238
620923688,1985,0,1.7830398744154,0
620923688,1990,0,1.7830398744154,0
620923688,1995,0,1.7830398744154,0
620923688,2000,0,1.7830398744154,0
620923688,2005,0,1.7830398744154,0
620923688,2010,0,1.7830398744154,0
620923688,2015,0,1.7830398744154,0
620923688,2020,0,1.7830398744154,0
620923688,2025,0,1.7830398744154,0
620925020,1985,8767.185546875,8.88374801690634,986.879133693401
620925020,1990,9768.4091796875,8.88374801690634,1099.58197385806
620925020,1995,10561.8876953125,8.88374801690634,1188.89996375545
620925020,2000,11273.2626953125,8.88374801690634,1268.97596305734
620925020,2005,12041.76171875,8.88374801690634,1355.48213387342
620925020,2010,12809.1357421875,8.88374801690634,1441.86166894996
620925020,2015,13428.6953125,8.88374801690634,1511.60245506112
620925020,2020,13990.9892578125,8.88374801690634,1574.8971302638
620925020,2025,14574.79296875,8.88374801690634,1640.61305442402
620925039,1985,1.00019752979279,18.4981668000588,0.0540700892474171
620925039,1990,1.14832365512848,18.4981668000588,0.0620777003224358
620925039,1995,1.34406292438507,18.4981668000588,0.0726592499090667
620925039,2000,1.5471431016922,18.4981668000588,0.0836376446604041
620925039,2005,1.80429339408875,18.4981668000588,0.0975390379809427
620925039,2010,2.10648989677429,18.4981668000588,0.113875602893126
620925039,2015,2.41754817962646,18.4981668000588,0.13069123042067
620925039,2020,2.73150634765625,18.4981668000588,0.147663624032603
620925039,2025,3.04716801643372,18.4981668000588,0.164728107891428
620925041,1985,0,7.72634537411709,0
620925041,1990,0,7.72634537411709,0
620925041,1995,0,7.72634537411709,0
620925041,2000,0,7.72634537411709,0
620925041,2005,0,7.72634537411709,0
620925041,2010,0,7.72634537411709,0
620925041,2015,0,7.72634537411709,0
620925041,2020,0,7.72634537411709,0
620925041,2025,0,7.72634537411709,0
620925062,1985,1.52794277667999,16.331058661221,0.0935605467089636
620925062,1990,1.82697832584381,16.331058661221,0.111871395709457
620925062,1995,2.13880276679993,16.331058661221,0.13096534714425
620925062,2000,2.46196341514587,16.331058661221,0.150753448763976
620925062,2005,2.8201961517334,16.331058661221,0.172689120175051
620925062,2010,3.24290990829468,16.331058661221,0.198573159007453
620925062,2015,3.67278170585632,16.331058661221,0.224895506289347
620925062,2020,4.15064430236816,16.331058661221,0.254156475000858
620925062,2025,4.63030624389648,16.331058661221,0.283527623037164
620925071,1985,0,25.9518939467514,0
620925071,1990,0,25.9518939467514,0
620925071,1995,0,25.9518939467514,0
620925071,2000,0,25.9518939467514,0
620925071,2005,0,25.9518939467514,0
620925071,2010,0,25.9518939467514,0
620925071,2015,0,25.9518939467514,0
620925071,2020,0,25.9518939467514,0
620925071,2025,0,25.9518939467514,0
620926396,1985,20221.529296875,13.0796873602148,1546.02543164632
620926396,1990,22652.169921875,13.0796873602148,1731.85866741566
620926396,1995,25119.88671875,13.0796873602148,1920.52654065407
620926396,2000,27426.529296875,13.0796873602148,2096.87957682382
620926396,2005,27976.50390625,13.0796873602148,2138.92757034451
620926396,2010,28351.974609375,13.0796873602148,2167.63396773648
620926396,2015,28734.166015625,13.0796873602148,2196.85419263364
620926396,2020,29539.828125,13.0796873602148,2258.45062740972
620926396,2025,30871.369140625,13.0796873602148,2360.25283253545
620926417,1985,0,8.59869321393951,0
620926417,1990,0,8.59869321393951,0
620926417,1995,0,8.59869321393951,0
620926417,2000,0,8.59869321393951,0
620926417,2005,0,8.59869321393951,0
620926417,2010,0,8.59869321393951,0
620926417,2015,0,8.59869321393951,0
620926417,2020,0,8.59869321393951,0
620926417,2025,0,8.59869321393951,0
620926418,1985,1052.60241699219,18.9757762318933,55.4708489459861
620926418,1990,1160.8994140625,18.9757762318933,61.1779671026755
620926418,1995,1235.31188964844,18.9757762318933,65.0994127751255
620926418,2000,1288.82287597656,18.9757762318933,67.9193757465578
620926418,2005,1334.142578125,18.9757762318933,70.3076681460153
620926418,2010,1394.32080078125,18.9757762318933,73.4789862476225
620926418,2015,1445.05993652344,18.9757762318933,76.1528761123706
620926418,2020,1509.66662597656,18.9757762318933,79.5575689514724
620926418,2025,1545.05041503906,18.9757762318933,81.4222509876691
620926425,1985,0,3.07114746870252,0
620926425,1990,0,3.07114746870252,0
620926425,1995,0,3.07114746870252,0
620926425,2000,0,3.07114746870252,0
620926425,2005,0,3.07114746870252,0
620926425,2010,0,3.07114746870252,0
620926425,2015,0,3.07114746870252,0
620926425,2020,0,3.07114746870252,0
620926425,2025,0,3.07114746870252,0
620926433,1985,0,15.8972889009789,0
620926433,1990,0,15.8972889009789,0
620926433,1995,0,15.8972889009789,0
620926433,2000,0,15.8972889009789,0
620926433,2005,0,15.8972889009789,0
620926433,2010,0,15.8972889009789,0
620926433,2015,0,15.8972889009789,0
620926433,2020,0,15.8972889009789,0
620926433,2025,0,15.8972889009789,0
620926438,1985,0.0686584338545799,20.2923215170782,0.00338346865817183
620926438,1990,0.0820956602692604,20.2923215170782,0.00404565146477538
620926438,1995,0.0961075574159622,20.2923215170782,0.00473615388633958
620926438,2000,0.110628850758076,20.2923215170782,0.00545175921172792
620926438,2005,0.126726120710373,20.2923215170782,0.00624502822921069
620926438,2010,0.145720839500427,20.2923215170782,0.00718108272519668
620926438,2015,0.165037229657173,20.2923215170782,0.00813298909729359
620926438,2020,0.18651008605957,20.2923215170782,0.00919116553040034
620926438,2025,0.208063796162605,20.2923215170782,0.0102533264115442
620926456,1985,0,13.3148602489085,0
620926456,1990,0,13.3148602489085,0
620926456,1995,0,13.3148602489085,0
620926456,2000,0,13.3148602489085,0
620926456,2005,0,13.3148602489085,0
620926456,2010,0,13.3148602489085,0
620926456,2015,0,13.3148602489085,0
620926456,2020,0,13.3148602489085,0
620926456,2025,0,13.3148602489085,0
620927772,1985,52724.65625,23.2478725520307,2267.93467367811
620927772,1990,58703.3125,23.2478725520307,2525.10471091998
620927772,1995,66037.2734375,23.2478725520307,2840.57275734384
620927772,2000,73740.6875,23.2478725520307,3171.93271491669
620927772,2005,80152.21875,23.2478725520307,3447.72273551537
620927772,2010,85932.4140625,23.2478725520307,3696.35603731808
620927772,2015,91496.4296875,23.2478725520307,3935.69043716681
620927772,2020,98193.125,23.2478725520307,4223.746701133
620927772,2025,102809.5078125,23.2478725520307,4422.31897058123
620927810,1985,505.185699462891,14.1698746845737,35.6520936640936
620927810,1990,564.323425292969,14.1698746845737,39.8255762916047
620927810,1995,684.627136230469,14.1698746845737,48.3156803761857
620927810,2000,813.833190917969,14.1698746845737,57.4340429279846
620927810,2005,926.914978027344,14.1698746845737,65.4144795674478
620927810,2010,1066.94299316406,14.1698746845737,75.2965722643693
620927810,2015,1200.21667480469,14.1698746845737,84.7019964200053
620927810,2020,1329.62426757812,14.1698746845737,93.8345819688613
620927810,2025,1435.07763671875,14.1698746845737,101.276663955333
620927814,1985,5.35055208206177,8.29021562627174,0.645405659305873
620927814,1990,6.28719139099121,8.29021562627174,0.758386955710424
620927814,1995,7.5700216293335,8.29021562627174,0.913127229808602
620927814,2000,8.53391742706299,8.29021562627174,1.02939631630557
620927814,2005,9.83305263519287,8.29021562627174,1.18610336310576
620927814,2010,11.9699811935425,8.29021562627174,1.44386849910267
620927814,2015,13.2838172912598,8.29021562627174,1.60234882783546
620927814,2020,15.2185983657837,8.29021562627174,1.83573010062077
620927814,2025,17.8387641906738,8.29021562627174,2.15178530871292
620929149,1985,2831.14624023438,3.19501114469379,886.114668155785
620929149,1990,3250.3583984375,3.19501114469379,1017.32302368824
620929149,1995,3348.13818359375,3.19501114469379,1047.92691855059
620929149,2000,3518.34326171875,3.19501114469379,1101.19905765022
620929149,2005,3823.9111328125,3.19501114469379,1196.83812031866
620929149,2010,4142.54833984375,3.19501114469379,1296.56772769748
620929149,2015,4349.93310546875,3.19501114469379,1361.4766611043
620929149,2020,4434.67626953125,3.19501114469379,1388.00025060828
620929149,2025,4686.828125,3.19501114469379,1466.92074385524
620929175,1985,1599.818359375,4.41013095257167,362.759831075334
620929175,1990,1819.19519042969,4.41013095257167,412.503667123278
620929175,1995,1939.76171875,4.41013095257167,439.842204145632
620929175,2000,2013.87158203125,4.41013095257167,456.646662806442
620929175,2005,2127.453125,4.41013095257167,482.401349955249
620929175,2010,2253.203125,4.41013095257167,510.915242479613
620929175,2015,2352.689453125,4.41013095257167,533.473830692733
620929175,2020,2445.38745117188,4.41013095257167,554.493160740704
620929175,2025,2494.27075195312,4.41013095257167,565.577480301043
620929184,1985,0,1.48866068358105,0
620929184,1990,0,1.48866068358105,0
620929184,1995,0,1.48866068358105,0
620929184,2000,0,1.48866068358105,0
620929184,2005,0,1.48866068358105,0
620929184,2010,0,1.48866068358105,0
620929184,2015,0,1.48866068358105,0
620929184,2020,0,1.48866068358105,0
620929184,2025,0,1.48866068358105,0
620929186,1985,0,16.3766563422079,0
620929186,1990,0,16.3766563422079,0
620929186,1995,0,16.3766563422079,0
620929186,2000,0,16.3766563422079,0
620929186,2005,0,16.3766563422079,0
620929186,2010,0,16.3766563422079,0
620929186,2015,0,16.3766563422079,0
620929186,2020,0,16.3766563422079,0
620929186,2025,0,16.3766563422079,0
620929190,1985,2.21463847160339,0.827742504824162,2.67551618854447
620929190,1990,2.60232138633728,0.827742504824162,3.14387792238613
620929190,1995,3.13329553604126,0.827742504824162,3.78535053809623
620929190,2000,3.53225994110107,0.827742504824162,4.26734149873267
620929190,2005,4.06998300552368,0.827742504824162,4.91696751321025
620929190,2010,4.95447587966919,0.827742504824162,5.98552792782059
620929190,2015,5.49828338623047,0.827742504824162,6.64250458830609
620929190,2020,6.29910564422607,0.827742504824162,7.60998209891879
620929190,2025,7.3836145401001,0.827742504824162,8.92018290358136
620929191,1985,15.425440788269,0.0870544687321815,177.192980589252
620929191,1990,19.0612907409668,0.0870544687321815,218.958211089747
620929191,1995,22.3992328643799,0.0870544687321815,257.301356157717
620929191,2000,25.9084510803223,0.0870544687321815,297.611960162875
620929191,2005,30.170862197876,0.0870544687321815,346.574537037209
620929191,2010,35.094970703125,0.0870544687321815,403.138072223413
620929191,2015,40.485279083252,0.0870544687321815,465.056873849897
620929191,2020,46.7535209655762,0.0870544687321815,537.060551244198
620929191,2025,52.0863151550293,0.0870544687321815,598.31868384919
620929194,1985,0,2.89656894735731,0
620929194,1990,0,2.89656894735731,0
620929194,1995,0,2.89656894735731,0
620929194,2000,0,2.89656894735731,0
620929194,2005,0,2.89656894735731,0
620929194,2010,0,2.89656894735731,0
620929194,2015,0,2.89656894735731,0
620929194,2020,0,2.89656894735731,0
620929194,2025,0,2.89656894735731,0
620929214,1985,0,11.4899857151857,0
620929214,1990,0,11.4899857151857,0
620929214,1995,0,11.4899857151857,0
620929214,2000,0,11.4899857151857,0
620929214,2005,0,11.4899857151857,0
620929214,2010,0,11.4899857151857,0
620929214,2015,0,11.4899857151857,0
620929214,2020,0,11.4899857151857,0
620929214,2025,0,11.4899857151857,0
620930537,1985,74.5632476806641,23.6903626159587,3.14740845842669
620930537,1990,82.8235702514648,23.6903626159587,3.49608706266369
620930537,1995,87.6182403564453,23.6903626159587,3.69847611777045
620930537,2000,91.4623107910156,23.6903626159587,3.86073916527572
620930537,2005,98.0000076293945,23.6903626159587,4.13670357090178
620930537,2010,104.353492736816,23.6903626159587,4.40489216769185
620930537,2015,110.613502502441,23.6903626159587,4.66913505274621
620930537,2020,116.143913269043,23.6903626159587,4.9025806464779
620930537,2025,119.152801513672,23.6903626159587,5.02958960338606
620930544,1985,0,16.4547173923312,0
620930544,1990,0,16.4547173923312,0
620930544,1995,0,16.4547173923312,0
620930544,2000,0,16.4547173923312,0
620930544,2005,0,16.4547173923312,0
620930544,2010,0,16.4547173923312,0
620930544,2015,0,16.4547173923312,0
620930544,2020,0,16.4547173923312,0
620930544,2025,0,16.4547173923312,0
620930551,1985,0,14.467261090608,0
620930551,1990,0,14.467261090608,0
620930551,1995,0,14.467261090608,0
620930551,2000,0,14.467261090608,0
620930551,2005,0,14.467261090608,0
620930551,2010,0,14.467261090608,0
620930551,2015,0,14.467261090608,0
620930551,2020,0,14.467261090608,0
620930551,2025,0,14.467261090608,0
620930560,1985,0,1.57123406119144,0
620930560,1990,0,1.57123406119144,0
620930560,1995,0,1.57123406119144,0
620930560,2000,0,1.57123406119144,0
620930560,2005,0,1.57123406119144,0
620930560,2010,0,1.57123406119144,0
620930560,2015,0,1.57123406119144,0
620930560,2020,0,1.57123406119144,0
620930560,2025,0,1.57123406119144,0
620930562,1985,0,22.4428019561787,0
620930562,1990,0,22.4428019561787,0
620930562,1995,0,22.4428019561787,0
620930562,2000,0,22.4428019561787,0
620930562,2005,0,22.4428019561787,0
620930562,2010,0,22.4428019561787,0
620930562,2015,0,22.4428019561787,0
620930562,2020,0,22.4428019561787,0
620930562,2025,0,22.4428019561787,0
620930570,1985,0,9.1688142401991,0
620930570,1990,0,9.1688142401991,0
620930570,1995,0,9.1688142401991,0
620930570,2000,0,9.1688142401991,0
620930570,2005,0,9.1688142401991,0
620930570,2010,0,9.1688142401991,0
620930570,2015,0,9.1688142401991,0
620930570,2020,0,9.1688142401991,0
620930570,2025,0,9.1688142401991,0
620931942,1985,0,10.6498314911175,0
620931942,1990,0,10.6498314911175,0
620931942,1995,0,10.6498314911175,0
620931942,2000,0,10.6498314911175,0
620931942,2005,0,10.6498314911175,0
620931942,2010,0,10.6498314911175,0
620931942,2015,0,10.6498314911175,0
620931942,2020,0,10.6498314911175,0
620931942,2025,0,10.6498314911175,0
620931950,1985,0,16.1939483347827,0
620931950,1990,0,16.1939483347827,0
620931950,1995,0,16.1939483347827,0
620931950,2000,0,16.1939483347827,0
620931950,2005,0,16.1939483347827,0
620931950,2010,0,16.1939483347827,0
620931950,2015,0,16.1939483347827,0
620931950,2020,0,16.1939483347827,0
620931950,2025,0,16.1939483347827,0
620933266,1985,5642.14453125,12.1206622950343,465.498039126255
620933266,1990,6147.1240234375,12.1206622950343,507.160737079187
620933266,1995,7446.80908203125,12.1206622950343,614.389618385963
620933266,2000,8735.8037109375,12.1206622950343,720.736499235398
620933266,2005,9516.0283203125,12.1206622950343,785.107949440281
620933266,2010,10400.7158203125,12.1206622950343,858.097979066174
620933266,2015,11118.0537109375,12.1206622950343,917.281039625405
620933266,2020,11881.212890625,12.1206622950343,980.244528014993
620933266,2025,12319.4638671875,12.1206622950343,1016.40187370245
620933298,1985,0,12.0213802620627,0
620933298,1990,0,12.0213802620627,0
620933298,1995,0,12.0213802620627,0
620933298,2000,0,12.0213802620627,0
620933298,2005,0,12.0213802620627,0
620933298,2010,0,12.0213802620627,0
620933298,2015,0,12.0213802620627,0
620933298,2020,0,12.0213802620627,0
620933298,2025,0,12.0213802620627,0
620933305,1985,0,39.0651602805772,0
620933305,1990,0,39.0651602805772,0
620933305,1995,0,39.0651602805772,0
620933305,2000,0,39.0651602805772,0
620933305,2005,0,39.0651602805772,0
620933305,2010,0,39.0651602805772,0
620933305,2015,0,39.0651602805772,0
620933305,2020,0,39.0651602805772,0
620933305,2025,0,39.0651602805772,0
620933310,1985,1.8583972454071,0.0316945206749199,58.634653745613
620933310,1990,2.0331392288208,0.0316945206749199,64.1479721266028
620933310,1995,2.13506531715393,0.0316945206749199,67.3638620079659
620933310,2000,2.19228291511536,0.0316945206749199,69.1691455946239
620933310,2005,2.29136157035828,0.0316945206749199,72.2951955595102
620933310,2010,2.40147233009338,0.0316945206749199,75.7693216037081
620933310,2015,2.49152684211731,0.0316945206749199,78.6106490668234
620933310,2020,2.5984001159668,0.0316945206749199,81.9826285627637
620933310,2025,2.6560161113739,0.0316945206749199,83.8004820648896
620934634,1985,5327.447265625,3.2991786453676,1614.77987047028
620934634,1990,5626.0390625,3.2991786453676,1705.28475940506
620934634,1995,6069.326171875,3.2991786453676,1839.64762878087
620934634,2000,6430.37353515625,3.2991786453676,1949.08315867805
620934634,2005,6936.38818359375,3.2991786453676,2102.45910549075
620934634,2010,7526.0771484375,3.2991786453676,2281.19721828489
620934634,2015,8018.9814453125,3.2991786453676,2430.59934222477
620934634,2020,8567.33984375,3.2991786453676,2596.80992291201
620934634,2025,8900.3837890625,3.2991786453676,2697.75745595334
620934642,1985,52.0158424377441,0.54735809332112,95.0307359522825
620934642,1990,60.0221748352051,0.54735809332112,109.657965356861
620934642,1995,61.0309181213379,0.54735809332112,111.50089651736
620934642,2000,61.6742630004883,0.54735809332112,112.67626030023
620934642,2005,64.9490432739258,0.54735809332112,118.659144838518
620934642,2010,69.518913269043,0.54735809332112,127.008103319043
620934642,2015,73.9286575317383,0.54735809332112,135.064518884105
620934642,2020,79.5509033203125,0.54735809332112,145.336123263719
620934642,2025,83.0537872314453,0.54735809332112,151.735743464599
620934686,1985,204.638580322266,11.2171037545258,18.2434418723905
620934686,1990,219.064147949219,11.2171037545258,19.5294750537394
620934686,1995,232.177810668945,11.2171037545258,20.6985524739634
620934686,2000,240.551376342773,11.2171037545258,21.4450522707982
620934686,2005,253.173278808594,11.2171037545258,22.5702894748071
620934686,2010,267.699127197266,11.2171037545258,23.8652626431538
620934686,2015,276.9130859375,11.2171037545258,24.6866831222607
620934686,2020,287.005401611328,11.2171037545258,25.586408746155
620934686,2025,294.467803955078,11.2171037545258,26.2516787219934
620934690,1985,14.4279470443726,14.6004377861526,0.988185919880867
620934690,1990,16.8057403564453,14.6004377861526,1.15104359215751
620934690,1995,19.1768798828125,14.6004377861526,1.31344553935227
620934690,2000,21.376012802124,14.6004377861526,1.46406656534625
620934690,2005,24.2085666656494,14.6004377861526,1.65807128664384
620934690,2010,27.5018424987793,14.6004377861526,1.88363136103102
620934690,2015,30.842658996582,14.6004377861526,2.11244754769162
620934690,2020,35.0629348754883,14.6004377861526,2.40149887209155
620934690,2025,39.1150665283203,14.6004377861526,2.67903381400098
620934711,1985,0,2.85601967758994,0
620934711,1990,0,2.85601967758994,0
620934711,1995,0,2.85601967758994,0
620934711,2000,0,2.85601967758994,0
620934711,2005,0,2.85601967758994,0
620934711,2010,0,2.85601967758994,0
620934711,2015,0,2.85601967758994,0
620934711,2020,0,2.85601967758994,0
620934711,2025,0,2.85601967758994,0
620936044,1985,0,0.150296184388351,0
620936044,1990,0,0.150296184388351,0
620936044,1995,0,0.150296184388351,0
620936044,2000,0,0.150296184388351,0
620936044,2005,0,0.150296184388351,0
620936044,2010,0,0.150296184388351,0
620936044,2015,0,0.150296184388351,0
620936044,2020,0,0.150296184388351,0
620936044,2025,0,0.150296184388351,0
620936052,1985,488.999847412109,5.35624454198079,91.2952804113892
620936052,1990,564.369201660156,5.35624454198079,105.366586091577
620936052,1995,595.376159667969,5.35624454198079,111.155522307014
620936052,2000,614.634704589844,5.35624454198079,114.751053610884
620936052,2005,633.243041992188,5.35624454198079,118.225192488692
620936052,2010,654.169860839844,5.35624454198079,122.132187153263
620936052,2015,668.37353515625,5.35624454198079,124.783984360258
620936052,2020,686.437072753906,5.35624454198079,128.156410218727
620936052,2025,702.833679199219,5.35624454198079,131.217623409573
620936056,1985,0,1.35479042699326,0
620936056,1990,0,1.35479042699326,0
620936056,1995,0,1.35479042699326,0
620936056,2000,0,1.35479042699326,0
620936056,2005,0,1.35479042699326,0
620936056,2010,0,1.35479042699326,0
620936056,2015,0,1.35479042699326,0
620936056,2020,0,1.35479042699326,0
620936056,2025,0,1.35479042699326,0
620936060,1985,89.6990432739258,19.7455649719488,4.54274382127607
620936060,1990,91.967399597168,19.7455649719488,4.65762310310288
620936060,1995,101.72004699707,19.7455649719488,5.15153894768658
620936060,2000,97.0182647705078,19.7455649719488,4.91342055334122
620936060,2005,106.695037841797,19.7455649719488,5.403493796879
620936060,2010,108.762573242188,19.7455649719488,5.50820264685761
620936060,2015,110.88452911377,19.7455649719488,5.61566758263415
620936060,2020,125.024429321289,19.7455649719488,6.33177270434665
620936060,2025,126.417152404785,19.7455649719488,6.4023061677079
620936062,1985,3.27659344673157,13.2541272841364,0.247213066276589
620936062,1990,3.42162847518921,13.2541272841364,0.258155697605566
620936062,1995,3.63206672668457,13.2541272841364,0.274032884159164
620936062,2000,3.77254104614258,13.2541272841364,0.284631418219278
620936062,2005,4.06894683837891,13.2541272841364,0.306994700680817
620936062,2010,4.38479471206665,13.2541272841364,0.330824853124409
620936062,2015,4.63837289810181,13.2541272841364,0.349956869936912
620936062,2020,4.71651649475098,13.2541272841364,0.355852663373474
620936062,2025,4.82109880447388,13.2541272841364,0.36374321002969
620936063,1985,0,17.3569711369736,0
620936063,1990,0,17.3569711369736,0
620936063,1995,0,17.3569711369736,0
620936063,2000,0,17.3569711369736,0
620936063,2005,0,17.3569711369736,0
620936063,2010,0,17.3569711369736,0
620936063,2015,0,17.3569711369736,0
620936063,2020,0,17.3569711369736,0
620936063,2025,0,17.3569711369736,0
620936066,1985,94.3594512939453,18.4244499258658,5.12142569648583
620936066,1990,114.685661315918,18.4244499258658,6.22464506551768
620936066,1995,131.278594970703,18.4244499258658,7.12523822957685
620936066,2000,146.058395385742,18.4244499258658,7.92742230967196
620936066,2005,167.543212890625,18.4244499258658,9.09352591609338
620936066,2010,192.931777954102,18.4244499258658,10.4715081715003
620936066,2015,219.730911254883,18.4244499258658,11.9260500117513
620936066,2020,251.456512451172,18.4244499258658,13.6479793677941
620936066,2025,280.331512451172,18.4244499258658,15.2151903356213
620936070,1985,0,8.02298410814829,0
620936070,1990,0,8.02298410814829,0
620936070,1995,0,8.02298410814829,0
620936070,2000,0,8.02298410814829,0
620936070,2005,0,8.02298410814829,0
620936070,2010,0,8.02298410814829,0
620936070,2015,0,8.02298410814829,0
620936070,2020,0,8.02298410814829,0
620936070,2025,0,8.02298410814829,0
620936089,1985,1.22919607162476,15.9165288953797,0.0772276467880866
620936089,1990,1.39764726161957,15.9165288953797,0.0878110592332279
620936089,1995,1.6742171049118,15.9165288953797,0.105187325447435
620936089,2000,1.92117047309875,15.9165288953797,0.120702854606474
620936089,2005,2.22852373123169,15.9165288953797,0.14001317409593
620936089,2010,2.5912823677063,15.9165288953797,0.162804489894685
620936089,2015,2.90877962112427,15.9165288953797,0.182752133976186
620936089,2020,3.42720341682434,15.9165288953797,0.215323544433058
620936089,2025,3.79039931297302,15.9165288953797,0.238142332281589
620937418,1985,0,0.00359321363416605,0
620937418,1990,0,0.00359321363416605,0
620937418,1995,0,0.00359321363416605,0
620937418,2000,0,0.00359321363416605,0
620937418,2005,0,0.00359321363416605,0
620937418,2010,0,0.00359321363416605,0
620937418,2015,0,0.00359321363416605,0
620937418,2020,0,0.00359321363416605,0
620937418,2025,0,0.00359321363416605,0
620937420,1985,0,0.282508602550684,0
620937420,1990,0,0.282508602550684,0
620937420,1995,0,0.282508602550684,0
620937420,2000,0,0.282508602550684,0
620937420,2005,0,0.282508602550684,0
620937420,2010,0,0.282508602550684,0
620937420,2015,0,0.282508602550684,0
620937420,2020,0,0.282508602550684,0
620937420,2025,0,0.282508602550684,0
620937431,1985,0,14.0675709669642,0
620937431,1990,0,14.0675709669642,0
620937431,1995,0,14.0675709669642,0
620937431,2000,0,14.0675709669642,0
620937431,2005,0,14.0675709669642,0
620937431,2010,0,14.0675709669642,0
620937431,2015,0,14.0675709669642,0
620937431,2020,0,14.0675709669642,0
620937431,2025,0,14.0675709669642,0
620937432,1985,0,29.7084219570183,0
620937432,1990,0,29.7084219570183,0
620937432,1995,0,29.7084219570183,0
620937432,2000,0,29.7084219570183,0
620937432,2005,0,29.7084219570183,0
620937432,2010,0,29.7084219570183,0
620937432,2015,0,29.7084219570183,0
620937432,2020,0,29.7084219570183,0
620937432,2025,0,29.7084219570183,0
620937446,1985,0,0.410036167426393,0
620937446,1990,0,0.410036167426393,0
620937446,1995,0,0.410036167426393,0
620937446,2000,0,0.410036167426393,0
620937446,2005,0,0.410036167426393,0
620937446,2010,0,0.410036167426393,0
620937446,2015,0,0.410036167426393,0
620937446,2020,0,0.410036167426393,0
620937446,2025,0,0.410036167426393,0
620938800,1985,0,9.65922095944633,0
620938800,1990,0,9.65922095944633,0
620938800,1995,0,9.65922095944633,0
620938800,2000,0,9.65922095944633,0
620938800,2005,0,9.65922095944633,0
620938800,2010,0,9.65922095944633,0
620938800,2015,0,9.65922095944633,0
620938800,2020,0,9.65922095944633,0
620938800,2025,0,9.65922095944633,0
620938807,1985,0,21.9994022443338,0
620938807,1990,0,21.9994022443338,0
620938807,1995,0,21.9994022443338,0
620938807,2000,0,21.9994022443338,0
620938807,2005,0,21.9994022443338,0
620938807,2010,0,21.9994022443338,0
620938807,2015,0,21.9994022443338,0
620938807,2020,0,21.9994022443338,0
620938807,2025,0,21.9994022443338,0
620938819,1985,33.1825103759766,14.662459226874,2.26309310481548
620938819,1990,37.8367309570312,14.662459226874,2.58051738603866
620938819,1995,42.5084762573242,14.662459226874,2.89913687735362
620938819,2000,46.815185546875,14.662459226874,3.19286040782778
620938819,2005,52.2733917236328,14.662459226874,3.5651176187296
620938819,2010,58.5348854064941,14.662459226874,3.99216014863379
620938819,2015,64.7436370849609,14.662459226874,4.41560560088693
620938819,2020,73.6954116821289,14.662459226874,5.02612901027249
620938819,2025,80.7492752075195,14.662459226874,5.50721225942227
620938822,1985,1.07791101932526,32.3812872949386,0.0332880842415966
620938822,1990,1.11657977104187,32.3812872949386,0.034482253928688
620938822,1995,1.27411735057831,32.3812872949386,0.0393473347422313
620938822,2000,1.42022633552551,32.3812872949386,0.0438594773144644
620938822,2005,3.38097286224365,32.3812872949386,0.104411317297201
620938822,2010,5.95154094696045,32.3812872949386,0.183795687081616
620938822,2015,8.50150299072266,32.3812872949386,0.262543700418343
620938822,2020,9.45375537872314,32.3812872949386,0.291951190593984
620938822,2025,10.5462617874146,32.3812872949386,0.325690010139375
620938841,1985,0,5.24343901027043,0
620938841,1990,0,5.24343901027043,0
620938841,1995,0,5.24343901027043,0
620938841,2000,0,5.24343901027043,0
620938841,2005,0,5.24343901027043,0
620938841,2010,0,5.24343901027043,0
620938841,2015,0,5.24343901027043,0
620938841,2020,0,5.24343901027043,0
620938841,2025,0,5.24343901027043,0
620940179,1985,10.9558877944946,6.98482567625954,1.56852701875326
620940179,1990,13.2947626113892,6.98482567625954,1.90337786905351
620940179,1995,13.6510877609253,6.98482567625954,1.954392048369
620940179,2000,16.0022945404053,6.98482567625954,2.29100843486973
620940179,2005,17.3369655609131,6.98482567625954,2.48208994246471
620940179,2010,18.6543846130371,6.98482567625954,2.67070152895022
620940179,2015,20.5392608642578,6.98482567625954,2.94055454154968
620940179,2020,23.9118785858154,6.98482567625954,3.42340377471246
620940179,2025,24.2217979431152,6.98482567625954,3.46777415296731
620940183,1985,0,7.03053870033005,0
620940183,1990,0,7.03053870033005,0
620940183,1995,0,7.03053870033005,0
620940183,2000,0,7.03053870033005,0
620940183,2005,0,7.03053870033005,0
620940183,2010,0,7.03053870033005,0
620940183,2015,0,7.03053870033005,0
620940183,2020,0,7.03053870033005,0
620940183,2025,0,7.03053870033005,0
620940195,1985,4.04196500778198,29.2038441994026,0.138405238029063
620940195,1990,4.6303334236145,29.2038441994026,0.158552188951523
620940195,1995,5.28343534469604,29.2038441994026,0.180915748920621
620940195,2000,5.88922119140625,29.2038441994026,0.201659108684285
620940195,2005,6.68807554244995,29.2038441994026,0.229013533176799
620940195,2010,7.59765529632568,29.2038441994026,0.260159424370615
620940195,2015,8.56579208374023,29.2038441994026,0.293310429450773
620940195,2020,9.69159126281738,29.2038441994026,0.331860120765048
620940195,2025,10.8105783462524,29.2038441994026,0.370176551841541
620940222,1985,0,6.20534128695704,0
620940222,1990,0,6.20534128695704,0
620940222,1995,0,6.20534128695704,0
620940222,2000,0,6.20534128695704,0
620940222,2005,0,6.20534128695704,0
620940222,2010,0,6.20534128695704,0
620940222,2015,0,6.20534128695704,0
620940222,2020,0,6.20534128695704,0
620940222,2025,0,6.20534128695704,0
620941545,1985,292.564910888672,23.04736035374,12.6940745663829
620941545,1990,367.211486816406,23.04736035374,15.9329086359695
620941545,1995,363.261474609375,23.04736035374,15.761521885105
620941545,2000,370.981262207031,23.04736035374,16.0964751066093
620941545,2005,432.057891845703,23.04736035374,18.7465239061787
620941545,2010,501.75927734375,23.04736035374,21.7707915198335
620941545,2015,576.030090332031,23.04736035374,24.9933216425175
620941545,2020,658.580200195312,23.04736035374,28.5750814881688
620941545,2025,733.148498535156,23.04736035374,31.8105191780101
620941555,1985,0.238493844866753,6.43117680972647,0.0370840130699029
620941555,1990,0.273511916399002,6.43117680972647,0.0425290618639725
620941555,1995,0.26433202624321,6.43117680972647,0.0411016574514692
620941555,2000,0.256195098161697,6.43117680972647,0.0398364258582083
620941555,2005,0.280461102724075,6.43117680972647,0.0436096084778617
620941555,2010,0.310926526784897,6.43117680972647,0.0483467545651448
620941555,2015,0.337976783514023,6.43117680972647,0.0525528676187022
620941555,2020,0.369168311357498,6.43117680972647,0.0574029174254968
620941555,2025,0.400285989046097,6.43117680972647,0.0622414840843292
620941556,1985,0,13.4916523383231,0
620941556,1990,0,13.4916523383231,0
620941556,1995,0,13.4916523383231,0
620941556,2000,0,13.4916523383231,0
620941556,2005,0,13.4916523383231,0
620941556,2010,0,13.4916523383231,0
620941556,2015,0,13.4916523383231,0
620941556,2020,0,13.4916523383231,0
620941556,2025,0,13.4916523383231,0
620941559,1985,0,9.74758950845936,0
620941559,1990,0,9.74758950845936,0
620941559,1995,0,9.74758950845936,0
620941559,2000,0,9.74758950845936,0
620941559,2005,0,9.74758950845936,0
620941559,2010,0,9.74758950845936,0
620941559,2015,0,9.74758950845936,0
620941559,2020,0,9.74758950845936,0
620941559,2025,0,9.74758950845936,0
620941570,1985,16.1472358703613,11.62415503159,1.38911050536398
620941570,1990,18.7669200897217,11.62415503159,1.61447606632227
620941570,1995,21.128080368042,11.62415503159,1.81760139215486
620941570,2000,23.7764854431152,11.62415503159,2.04543774394782
620941570,2005,27.0761680603027,11.62415503159,2.32930204274805
620941570,2010,30.7092018127441,11.62415503159,2.6418437924553
620941570,2015,34.7973213195801,11.62415503159,2.99353554946697
620941570,2020,39.2548370361328,11.62415503159,3.377005634341
620941570,2025,43.9424133300781,11.62415503159,3.78026731497123
620941573,1985,18.9915657043457,9.69385235322077,1.9591350282982
620941573,1990,20.1969833374023,9.69385235322077,2.08348369682894
620941573,1995,21.6342544555664,9.69385235322077,2.23174994494098
620941573,2000,21.8507652282715,9.69385235322077,2.25408479849722
620941573,2005,23.7047424316406,9.69385235322077,2.44533768082044
620941573,2010,24.7863864898682,9.69385235322077,2.55691809475857
620941573,2015,26.2980194091797,9.69385235322077,2.71285536966552
620941573,2020,28.9883613586426,9.69385235322077,2.99038610269438
620941573,2025,28.9917259216309,9.69385235322077,2.99073318483115
620941600,1985,0,5.60571320102171,0
620941600,1990,0,5.60571320102171,0
620941600,1995,0,5.60571320102171,0
620941600,2000,0,5.60571320102171,0
620941600,2005,0,5.60571320102171,0
620941600,2010,0,5.60571320102171,0
620941600,2015,0,5.60571320102171,0
620941600,2020,0,5.60571320102171,0
620941600,2025,0,5.60571320102171,0
620942929,1985,0,7.44102375243699,0
620942929,1990,0,7.44102375243699,0
620942929,1995,0,7.44102375243699,0
620942929,2000,0,7.44102375243699,0
620942929,2005,0,7.44102375243699,0
620942929,2010,0,7.44102375243699,0
620942929,2015,0,7.44102375243699,0
620942929,2020,0,7.44102375243699,0
620942929,2025,0,7.44102375243699,0
620942932,1985,0,2.43292900489736,0
620942932,1990,0,2.43292900489736,0
620942932,1995,0,2.43292900489736,0
620942932,2000,0,2.43292900489736,0
620942932,2005,0,2.43292900489736,0
620942932,2010,0,2.43292900489736,0
620942932,2015,0,2.43292900489736,0
620942932,2020,0,2.43292900489736,0
620942932,2025,0,2.43292900489736,0
620942943,1985,0,34.1224165173145,0
620942943,1990,0,34.1224165173145,0
620942943,1995,0,34.1224165173145,0
620942943,2000,0,34.1224165173145,0
620942943,2005,0,34.1224165173145,0
620942943,2010,0,34.1224165173145,0
620942943,2015,0,34.1224165173145,0
620942943,2020,0,34.1224165173145,0
620942943,2025,0,34.1224165173145,0
620942946,1985,37.2864265441895,18.3030454063883,2.03717063014964
620942946,1990,42.7188453674316,18.3030454063883,2.33397472491226
620942946,1995,48.746021270752,18.3030454063883,2.66327379889131
620942946,2000,54.3359565734863,18.3030454063883,2.96868391937232
620942946,2005,61.8151321411133,18.3030454063883,3.37731403537566
620942946,2010,70.58642578125,18.3030454063883,3.85653994807953
620942946,2015,79.5331573486328,18.3030454063883,4.34535103764062
620942946,2020,89.9783401489258,18.3030454063883,4.91603108395943
620942946,2025,100.376525878906,18.3030454063883,5.48414341166809
620942949,1985,8.63954067230225,29.6795357478826,0.2910941985647
620942949,1990,9.24556064605713,29.6795357478826,0.3115129806812
620942949,1995,9.68453502655029,29.6795357478826,0.326303453962928
620942949,2000,9.73971271514893,29.6795357478826,0.328162569586142
620942949,2005,10.2883253097534,29.6795357478826,0.346647110559585
620942949,2010,10.7490606307983,29.6795357478826,0.362170780638481
620942949,2015,11.137354850769,29.6795357478826,0.375253674632145
620942949,2020,11.9523725509644,29.6795357478826,0.402714269269426
620942949,2025,12.0942916870117,29.6795357478826,0.407495986114761
620944285,1985,784.212646484375,6.96527856306127,112.588841836601
620944285,1990,921.96533203125,6.96527856306127,132.365895158979
620944285,1995,911.241516113281,6.96527856306127,130.826284672352
620944285,2000,887.971130371094,6.96527856306127,127.485372240565
620944285,2005,860.391845703125,6.96527856306127,123.525834309917
620944285,2010,842.208679199219,6.96527856306127,120.915290260705
620944285,2015,831.182922363281,6.96527856306127,119.332330335109
620944285,2020,866.731872558594,6.96527856306127,124.43606737498
620944285,2025,886.961608886719,6.96527856306127,127.34043597201
620944301,1985,177.825332641602,18.2646346081092,9.73604654333738
620944301,1990,231.334747314453,18.2646346081092,12.665719970754
620944301,1995,262.199859619141,18.2646346081092,14.3556038894273
620944301,2000,291.620819091797,18.2646346081092,15.9664195506174
620944301,2005,321.201263427734,18.2646346081092,17.5859671063513
620944301,2010,365.295013427734,18.2646346081092,20.0001270907193
620944301,2015,404.554077148438,18.2646346081092,22.1495850220197
620944301,2020,470.701507568359,18.2646346081092,25.7711975995061
620944301,2025,523.589660644531,18.2646346081092,28.6668565716648
620944322,1985,0,29.434970085029,0
620944322,1990,0,29.434970085029,0
620944322,1995,0,29.434970085029,0
620944322,2000,0,29.434970085029,0
620944322,2005,0,29.434970085029,0
620944322,2010,0,29.434970085029,0
620944322,2015,0,29.434970085029,0
620944322,2020,0,29.434970085029,0
620944322,2025,0,29.434970085029,0
620944323,1985,0,0.262182785469768,0
620944323,1990,0,0.262182785469768,0
620944323,1995,0,0.262182785469768,0
620944323,2000,0,0.262182785469768,0
620944323,2005,0,0.262182785469768,0
620944323,2010,0,0.262182785469768,0
620944323,2015,0,0.262182785469768,0
620944323,2020,0,0.262182785469768,0
620944323,2025,0,0.262182785469768,0
620945668,1985,267.163696289062,9.37686441192099,28.4917947570418
620945668,1990,315.398559570312,9.37686441192099,33.6358238441989
620945668,1995,312.35791015625,9.37686441192099,33.3115523947582
620945668,2000,305.174468994141,9.37686441192099,32.5454710218659
620945668,2005,326.335662841797,9.37686441192099,34.8022162319976
620945668,2010,353.062622070312,9.37686441192099,37.6525250404023
620945668,2015,379.892791748047,9.37686441192099,40.5138407744365
620945668,2020,399.800262451172,9.37686441192099,42.6368821055894
620945668,2025,410.302825927734,9.37686441192099,43.7569327979307
620945696,1985,3797.19750976562,20.0535760589207,189.352637086215
620945696,1990,4060.31640625,20.0535760589207,202.473433881325
620945696,1995,4392.25244140625,20.0535760589207,219.025894857909
620945696,2000,4664.22802734375,20.0535760589207,232.588343028669
620945696,2005,4916.74658203125,20.0535760589207,245.180538752043
620945696,2010,5192.09521484375,20.0535760589207,258.911188687171
620945696,2015,5414.12939453125,20.0535760589207,269.983237833674
620945696,2020,5649.05029296875,20.0535760589207,281.697901480061
620945696,2025,5772.58837890625,20.0535760589207,287.85830327446
620945697,1985,72.6926422119141,14.7276798904161,4.93578369117175
620945697,1990,82.4582748413086,14.7276798904161,5.59886387094598
620945697,1995,92.65234375,14.7276798904161,6.29103459875526
620945697,2000,102.452079772949,14.7276798904161,6.95643037703574
620945697,2005,114.358169555664,14.7276798904161,7.76484622198241
620945697,2010,128.173614501953,14.7276798904161,8.70290605551256
620945697,2015,142.581344604492,14.7276798904161,9.68118167052743
620945697,2020,159.851379394531,14.7276798904161,10.8538059343993
620945697,2025,173.184066772461,14.7276798904161,11.7590868392759
620945699,1985,0.414084374904633,6.71879575228928,0.0616307430931418
620945699,1990,0.491484701633453,6.71879575228928,0.0731507132756627
620945699,1995,0.575370252132416,6.71879575228928,0.0856359194929198
620945699,2000,0.662305355072021,6.71879575228928,0.0985750094942767
620945699,2005,0.783964514732361,6.71879575228928,0.11668229600003
620945699,2010,0.901471376419067,6.71879575228928,0.134171570271639
620945699,2015,1.04292452335358,6.71879575228928,0.155224918542616
620945699,2020,1.1786185503006,6.71879575228928,0.175421101303609
620945699,2025,1.31482350826263,6.71879575228928,0.195693329093184
620945702,1985,1.36609399318695,4.61896300564562,0.295757725601442
620945702,1990,1.87382817268372,4.61896300564562,0.40568157190118
620945702,1995,2.09111833572388,4.61896300564562,0.452724633898987
620945702,2000,2.49501037597656,4.61896300564562,0.540166780493151
620945702,2005,2.97096276283264,4.61896300564562,0.643209906466305
620945702,2010,3.24366974830627,4.61896300564562,0.70225064464505
620945702,2015,3.9985945224762,4.61896300564562,0.865690960847453
620945702,2020,4.62089538574219,4.61896300564562,1.00041835799382
620945702,2025,4.73379564285278,4.61896300564562,1.02486112944979
620945725,1985,0,22.8183548624426,0
620945725,1990,0,22.8183548624426,0
620945725,1995,0,22.8183548624426,0
620945725,2000,0,22.8183548624426,0
620945725,2005,0,22.8183548624426,0
620945725,2010,0,22.8183548624426,0
620945725,2015,0,22.8183548624426,0
620945725,2020,0,22.8183548624426,0
620945725,2025,0,22.8183548624426,0
620947036,1985,8708.693359375,11.9788872488958,727.003533669438
620947036,1990,9962.0146484375,11.9788872488958,831.631055660517
620947036,1995,10131.203125,11.9788872488958,845.754944887214
620947036,2000,10217.84765625,11.9788872488958,852.988048384201
620947036,2005,10632.0791015625,11.9788872488958,887.568175628548
620947036,2010,11077.1689453125,11.9788872488958,924.724368395203
620947036,2015,11538.3564453125,11.9788872488958,963.224396855068
620947036,2020,12240.2841796875,11.9788872488958,1021.82147017168
620947036,2025,12651.0869140625,11.9788872488958,1056.11536791355
620947067,1985,0,10.4958979947625,0
620947067,1990,0,10.4958979947625,0
620947067,1995,0,10.4958979947625,0
620947067,2000,0,10.4958979947625,0
620947067,2005,0,10.4958979947625,0
620947067,2010,0,10.4958979947625,0
620947067,2015,0,10.4958979947625,0
620947067,2020,0,10.4958979947625,0
620947067,2025,0,10.4958979947625,0
620947075,1985,1.25137662887573,6.9773987710934,0.17934715643028
620947075,1990,1.48528289794922,6.9773987710934,0.212870576367597
620947075,1995,1.73878765106201,6.9773987710934,0.249202848813173
620947075,2000,2.00150847434998,6.9773987710934,0.286855967390312
620947075,2005,2.36916637420654,6.9773987710934,0.339548655871833
620947075,2010,2.72427606582642,6.9773987710934,0.390442936572981
620947075,2015,3.15175199508667,6.9773987710934,0.45170873823982
620947075,2020,3.56182384490967,6.9773987710934,0.51048018921692
620947075,2025,3.97343969345093,6.9773987710934,0.569472925915092
620948391,1985,1717.24487304688,8.5883797340233,199.949807324416
620948391,1990,1908.57312011719,8.5883797340233,222.227379229202
620948391,1995,2099.59106445312,8.5883797340233,244.46882060134
620948391,2000,2260.037109375,8.5883797340233,263.15058012884
620948391,2005,2447.70776367188,8.5883797340233,285.002275106113
620948391,2010,2656.9140625,8.5883797340233,309.361502958993
620948391,2015,2838.98974609375,8.5883797340233,330.561739701256
620948391,2020,3012.31274414062,8.5883797340233,350.742845266517
620948391,2025,3122.35546875,8.5883797340233,363.555823734788
620948409,1985,8002.21240234375,29.8875991175782,267.743567185271
620948409,1990,8720.92578125,29.8875991175782,291.790777403757
620948409,1995,9510.2802734375,29.8875991175782,318.201546936705
620948409,2000,10167.298828125,29.8875991175782,340.184528978949
620948409,2005,10784.6044921875,29.8875991175782,360.838769610122
620948409,2010,11474.771484375,29.8875991175782,383.930855042357
620948409,2015,12045.677734375,29.8875991175782,403.032631928284
620948409,2020,12716.173828125,29.8875991175782,425.46655481089
620948409,2025,13033.4033203125,29.8875991175782,436.080638964639
620948412,1985,1045.22399902344,3.54036327108435,295.230720406639
620948412,1990,1312.24084472656,3.54036327108435,370.651468295412
620948412,1995,1455.59216308594,3.54036327108435,411.142035896252
620948412,2000,1595.396484375,3.54036327108435,450.630729734793
620948412,2005,1749.6962890625,3.54036327108435,494.213772737112
620948412,2010,1878.35107421875,3.54036327108435,530.553203271551
620948412,2015,1982.29760742188,3.54036327108435,559.913617795139
620948412,2020,1999.79504394531,3.54036327108435,564.855889303362
620948412,2025,2099.09912109375,3.54036327108435,592.905010126498
620948443,1985,0,2.11623185451269,0
620948443,1990,0,2.11623185451269,0
620948443,1995,0,2.11623185451269,0
620948443,2000,0,2.11623185451269,0
620948443,2005,0,2.11623185451269,0
620948443,2010,0,2.11623185451269,0
620948443,2015,0,2.11623185451269,0
620948443,2020,0,2.11623185451269,0
620948443,2025,0,2.11623185451269,0
620948480,1985,124.487014770508,16.6158577453736,7.49206069756881
620948480,1990,152.191925048828,16.6158577453736,9.15943837393549
620948480,1995,172.792465209961,16.6158577453736,10.3992503942851
620948480,2000,192.610534667969,16.6158577453736,11.5919706114238
620948480,2005,217.6689453125,16.6158577453736,13.1000727526755
620948480,2010,246.348937988281,16.6158577453736,14.8261342726573
620948480,2015,275.047515869141,16.6158577453736,16.553314314798
620948480,2020,305.864379882812,16.6158577453736,18.4079801699058
620948480,2025,331.646087646484,16.6158577453736,19.9596128426669
620949823,1985,0,2.10902144776224,0
620949823,1990,0,2.10902144776224,0
620949823,1995,0,2.10902144776224,0
620949823,2000,0,2.10902144776224,0
620949823,2005,0,2.10902144776224,0
620949823,2010,0,2.10902144776224,0
620949823,2015,0,2.10902144776224,0
620949823,2020,0,2.10902144776224,0
620949823,2025,0,2.10902144776224,0
620951186,1985,2.21596789360046,1.11320049474884,1.99062783753112
620951186,1990,2.57777643203735,1.11320049474884,2.31564434636632
620951186,1995,3.00661110877991,1.11320049474884,2.70087115749823
620951186,2000,3.43510675430298,1.11320049474884,3.08579341323235
620951186,2005,3.8879771232605,1.11320049474884,3.4926117456835
620951186,2010,4.47922515869141,1.11320049474884,4.02373622705045
620951186,2015,5.12817668914795,1.11320049474884,4.6066963797972
620951186,2020,5.88470458984375,1.11320049474884,5.28629354514564
620951186,2025,6.58852291107178,1.11320049474884,5.91854112727309
620951192,1985,0,29.4996975548407,0
620951192,1990,0,29.4996975548407,0
620951192,1995,0,29.4996975548407,0
620951192,2000,0,29.4996975548407,0
620951192,2005,0,29.4996975548407,0
620951192,2010,0,29.4996975548407,0
620951192,2015,0,29.4996975548407,0
620951192,2020,0,29.4996975548407,0
620951192,2025,0,29.4996975548407,0
620951194,1985,0,0.341554269808475,0
620951194,1990,0,0.341554269808475,0
620951194,1995,0,0.341554269808475,0
620951194,2000,0,0.341554269808475,0
620951194,2005,0,0.341554269808475,0
620951194,2010,0,0.341554269808475,0
620951194,2015,0,0.341554269808475,0
620951194,2020,0,0.341554269808475,0
620951194,2025,0,0.341554269808475,0
620951202,1985,229.150085449219,15.9966847792014,14.3248484677997
620951202,1990,259.723785400391,15.9966847792014,16.2361007287009
620951202,1995,288.653015136719,15.9966847792014,18.044552300738
620951202,2000,315.379760742188,15.9966847792014,19.7153200863368
620951202,2005,357.188659667969,15.9966847792014,22.3289178100439
620951202,2010,409.907196044922,15.9966847792014,25.6245091844202
620951202,2015,460.71728515625,15.9966847792014,28.8007978850259
620951202,2020,515.560791015625,15.9966847792014,32.2292273762841
620951202,2025,559.109619140625,15.9966847792014,34.9515932118366
620951220,1985,0,5.38422258246881,0
620951220,1990,0,5.38422258246881,0
620951220,1995,0,5.38422258246881,0
620951220,2000,0,5.38422258246881,0
620951220,2005,0,5.38422258246881,0
620951220,2010,0,5.38422258246881,0
620951220,2015,0,5.38422258246881,0
620951220,2020,0,5.38422258246881,0
620951220,2025,0,5.38422258246881,0
620951225,1985,0,15.6612955766778,0
620951225,1990,0,15.6612955766778,0
620951225,1995,0,15.6612955766778,0
620951225,2000,0,15.6612955766778,0
620951225,2005,0,15.6612955766778,0
620951225,2010,0,15.6612955766778,0
620951225,2015,0,15.6612955766778,0
620951225,2020,0,15.6612955766778,0
620951225,2025,0,15.6612955766778,0
620952562,1985,3.86071395874023,4.20582794586394,0.917943864664483
620952562,1990,4.78466129302979,4.20582794586394,1.13762649224276
620952562,1995,5.57735347747803,4.20582794586394,1.32610119797289
620952562,2000,6.36859226226807,4.20582794586394,1.51423033567767
620952562,2005,7.43763494491577,4.20582794586394,1.76841160424311
620952562,2010,8.76848411560059,4.20582794586394,2.08484137450834
620952562,2015,10.208872795105,4.20582794586394,2.42731584042673
620952562,2020,11.6394281387329,4.20582794586394,2.76745228015788
620952562,2025,13.0481824874878,4.20582794586394,3.10240519950882
620952567,1985,94.144416809082,13.1518826434436,7.15824641698842
620952567,1990,119.579734802246,13.1518826434436,9.09221425130787
620952567,1995,138.69694519043,13.1518826434436,10.5457864056879
620952567,2000,157.81120300293,13.1518826434436,11.9991340617384
620952567,2005,182.607437133789,13.1518826434436,13.8845093196465
620952567,2010,215.138229370117,13.1518826434436,16.3579797054658
620952567,2015,249.476135253906,13.1518826434436,18.9688535107386
620952567,2020,278.239959716797,13.1518826434436,21.1559034748158
620952567,2025,312.261138916016,13.1518826434436,23.7426950484297
620952578,1985,1.80229258537292,0.154571685194426,11.6599141887205
620952578,1990,2.04089879989624,0.154571685194426,13.203574751282
620952578,1995,1.99358761310577,0.154571685194426,12.8974954927752
620952578,2000,1.92915391921997,0.154571685194426,12.4806423426995
620952578,2005,2.0651273727417,0.154571685194426,13.360321265464
620952578,2010,2.31244015693665,0.154571685194426,14.9603088950475
620952578,2015,2.52114462852478,0.154571685194426,16.3105204252227
620952578,2020,2.88544464111328,0.154571685194426,18.6673557804837
620952578,2025,3.04447531700134,0.154571685194426,19.6962031770042
620953909,1985,3082.57055664062,17.8327628053682,172.859953910938
620953909,1990,3420.27124023438,17.8327628053682,191.797046681111
620953909,1995,3654.853515625,17.8327628053682,204.951613808534
620953909,2000,3820.40405273438,17.8327628053682,214.235118496856
620953909,2005,4032.1455078125,17.8327628053682,226.108850985149
620953909,2010,4269.78857421875,17.8327628053682,239.435056744736
620953909,2015,4462.21337890625,17.8327628053682,250.225577921274
620953909,2020,4707.2939453125,17.8327628053682,263.968853098605
620953909,2025,4822.70068359375,17.8327628053682,270.440466024815
620953932,1985,0,0.0417448605159282,0
620953932,1990,0,0.0417448605159282,0
620953932,1995,0,0.0417448605159282,0
620953932,2000,0,0.0417448605159282,0
620953932,2005,0,0.0417448605159282,0
620953932,2010,0,0.0417448605159282,0
620953932,2015,0,0.0417448605159282,0
620953932,2020,0,0.0417448605159282,0
620953932,2025,0,0.0417448605159282,0
620953937,1985,0.0235356446355581,5.5444342945186,0.00424491361703505
620953937,1990,0.027021199464798,5.5444342945186,0.00487357195151757
620953937,1995,0.0316271409392357,5.5444342945186,0.00570430439954952
620953937,2000,0.0364058166742325,5.5444342945186,0.00656619138046679
620953937,2005,0.0424568206071854,5.5444342945186,0.0076575568131738
620953937,2010,0.0495678074657917,5.5444342945186,0.00894010188105141
620953937,2015,0.0568873211741447,5.5444342945186,0.0102602570708404
620953937,2020,0.0642750710248947,5.5444342945186,0.0115927194030307
620953937,2025,0.0717028975486755,5.5444342945186,0.0129324100061143
620953939,1985,0,5.42661651986497,0
620953939,1990,0,5.42661651986497,0
620953939,1995,0,5.42661651986497,0
620953939,2000,0,5.42661651986497,0
620953939,2005,0,5.42661651986497,0
620953939,2010,0,5.42661651986497,0
620953939,2015,0,5.42661651986497,0
620953939,2020,0,5.42661651986497,0
620953939,2025,0,5.42661651986497,0
620953947,1985,1.89316022396088,9.04831851174646,0.209227849517365
620953947,1990,2.0644314289093,9.04831851174646,0.228156361453155
620953947,1995,2.11789107322693,9.04831851174646,0.234064602221672
620953947,2000,2.45243334770203,9.04831851174646,0.271037468952745
620953947,2005,2.89208579063416,9.04831851174646,0.319626877289926
620953947,2010,3.24787569046021,9.04831851174646,0.358947984229759
620953947,2015,3.55853533744812,9.04831851174646,0.393281396187419
620953947,2020,4.20614242553711,9.04831851174646,0.464853488532342
620953947,2025,4.43691682815552,9.04831851174646,0.490358161286602
620953954,1985,0,17.7891724533449,0
620953954,1990,0,17.7891724533449,0
620953954,1995,0,17.7891724533449,0
620953954,2000,0,17.7891724533449,0
620953954,2005,0,17.7891724533449,0
620953954,2010,0,17.7891724533449,0
620953954,2015,0,17.7891724533449,0
620953954,2020,0,17.7891724533449,0
620953954,2025,0,17.7891724533449,0
620953969,1985,0,15.1551234456721,0
620953969,1990,0,15.1551234456721,0
620953969,1995,0,15.1551234456721,0
620953969,2000,0,15.1551234456721,0
620953969,2005,0,15.1551234456721,0
620953969,2010,0,15.1551234456721,0
620953969,2015,0,15.1551234456721,0
620953969,2020,0,15.1551234456721,0
620953969,2025,0,15.1551234456721,0
620953981,1985,0,22.9752039217211,0
620953981,1990,0,22.9752039217211,0
620953981,1995,0,22.9752039217211,0
620953981,2000,0,22.9752039217211,0
620953981,2005,0,22.9752039217211,0
620953981,2010,0,22.9752039217211,0
620953981,2015,0,22.9752039217211,0
620953981,2020,0,22.9752039217211,0
620953981,2025,0,22.9752039217211,0
620953986,1985,59.296142578125,66.3561240294726,0.893604673952749
620953986,1990,66.1528930664062,66.3561240294726,0.996937268925231
620953986,1995,75.3911590576172,66.3561240294726,1.13615977666404
620953986,2000,84.2082443237305,66.3561240294726,1.26903500702254
620953986,2005,94.9275054931641,66.3561240294726,1.43057640694929
620953986,2010,107.366134643555,66.3561240294726,1.61802902465893
620953986,2015,119.560623168945,66.3561240294726,1.80180239454374
620953986,2020,133.643173217773,66.3561240294726,2.01402922748193
620953986,2025,144.904754638672,66.3561240294726,2.18374350156907
620955285,1985,2470.97607421875,18.2795101986914,135.177367848491
620955285,1990,2655.1162109375,18.2795101986914,145.25094940058
620955285,1995,2862.6845703125,18.2795101986914,156.606196730448
620955285,2000,3014.38256835938,18.2795101986914,164.904996665347
620955285,2005,3208.8359375,18.2795101986914,175.542774539425
620955285,2010,3412.33349609375,18.2795101986914,186.675324393431
620955285,2015,3584.58813476562,18.2795101986914,196.098697164339
620955285,2020,3755.26000976562,18.2795101986914,205.435483169262
620955285,2025,3856.60302734375,18.2795101986914,210.979560470928
620955328,1985,0,5.03737288952876,0
620955328,1990,0,5.03737288952876,0
620955328,1995,0,5.03737288952876,0
620955328,2000,0,5.03737288952876,0
620955328,2005,0,5.03737288952876,0
620955328,2010,0,5.03737288952876,0
620955328,2015,0,5.03737288952876,0
620955328,2020,0,5.03737288952876,0
620955328,2025,0,5.03737288952876,0
620955343,1985,0,15.7925254842819,0
620955343,1990,0,15.7925254842819,0
620955343,1995,0,15.7925254842819,0
620955343,2000,0,15.7925254842819,0
620955343,2005,0,15.7925254842819,0
620955343,2010,0,15.7925254842819,0
620955343,2015,0,15.7925254842819,0
620955343,2020,0,15.7925254842819,0
620955343,2025,0,15.7925254842819,0
620956670,1985,13215.6337890625,34.9381724878779,378.257729240068
620956670,1990,14253.0224609375,34.9381724878779,407.949856732853
620956670,1995,16332.5009765625,34.9381724878779,467.468668609647
620956670,2000,18020.0546875,34.9381724878779,515.769812910283
620956670,2005,19257.6875,34.9381724878779,551.193326058528
620956670,2010,20624.078125,34.9381724878779,590.302143941721
620956670,2015,21759.8515625,34.9381724878779,622.810239146016
620956670,2020,22867.21875,34.9381724878779,654.505290966033
620956670,2025,23440.294921875,34.9381724878779,670.90787104013
620956671,1985,3581.6455078125,9.38114127739342,381.792087114551
620956671,1990,3743.88989257812,9.38114127739342,399.086825565682
620956671,1995,4073.28344726562,9.38114127739342,434.199137058236
620956671,2000,4335.10546875,9.38114127739342,462.108536750927
620956671,2005,4630.2275390625,9.38114127739342,493.567616364586
620956671,2010,4948.6142578125,9.38114127739342,527.5066339463
620956671,2015,5208.4423828125,9.38114127739342,555.20349057782
620956671,2020,5443.38134765625,9.38114127739342,580.247241428253
620956671,2025,5582.86669921875,9.38114127739342,595.115938896719
620956683,1985,317.263488769531,4.45154940584784,71.2703510271623
620956683,1990,347.168365478516,4.45154940584784,77.9882090093066
620956683,1995,367.468902587891,4.45154940584784,82.5485396399645
620956683,2000,379.642211914062,4.45154940584784,85.2831626254311
620956683,2005,399.913787841797,4.45154940584784,89.8369873906026
620956683,2010,417.161407470703,4.45154940584784,93.711507935348
620956683,2015,435.455322265625,4.45154940584784,97.8210691525929
620956683,2020,456.519012451172,4.45154940584784,102.55283516599
620956683,2025,466.05859375,4.45154940584784,104.69581515545
620956694,1985,299.760528564453,30.9210784307077,9.69437496289783
620956694,1990,335.868865966797,30.9210784307077,10.8621329854151
620956694,1995,393.022277832031,30.9210784307077,12.7104971035461
620956694,2000,452.540283203125,30.9210784307077,14.6353331180619
620956694,2005,528.19873046875,30.9210784307077,17.0821574561965
620956694,2010,617.924621582031,30.9210784307077,19.9839285349236
620956694,2015,712.525390625,30.9210784307077,23.0433551087724
620956694,2020,816.798522949219,30.9210784307077,26.4155897660431
620956694,2025,911.234130859375,30.9210784307077,29.4696749630319
620956702,1985,0.23496849834919,9.89678327946736,0.0237419060025972
620956702,1990,0.229759335517883,9.89678327946736,0.0232155569168176
620956702,1995,0.357511073350906,9.89678327946736,0.0361239670765174
620956702,2000,0.307683944702148,9.89678327946736,0.0310892879043329
620956702,2005,0.356907993555069,9.89678327946736,0.0360630301257115
620956702,2010,0.41500535607338,9.89678327946736,0.0419333579764631
620956702,2015,0.555222034454346,9.89678327946736,0.056101262276426
620956702,2020,0.545065820217133,9.89678327946736,0.0550750486118019
620956702,2025,0.506712734699249,9.89678327946736,0.0511997403995413
620956704,1985,19.7709712982178,8.30793750118799,2.3797689011732
620956704,1990,22.2419490814209,8.30793750118799,2.67719263394078
620956704,1995,25.3800525665283,8.30793750118799,3.05491616455939
620956704,2000,28.355432510376,8.30793750118799,3.4130531803256
620956704,2005,32.2254409790039,8.30793750118799,3.87887378478664
620956704,2010,36.7860298156738,8.30793750118799,4.42781735062567
620956704,2015,41.3210716247559,8.30793750118799,4.97368590204815
620956704,2020,46.9855537414551,8.30793750118799,5.65550158926164
620956704,2025,52.3038444519043,8.30793750118799,6.29564731853425
620956711,1985,2.88900566101074,52.2495078362392,0.0552924951956579
620956711,1990,3.318359375,52.2495078362392,0.0635098685599189
620956711,1995,3.87258529663086,52.2495078362392,0.0741171631466529
620956711,2000,4.44380617141724,52.2495078362392,0.0850497230585415
620956711,2005,5.24556922912598,52.2495078362392,0.100394615114207
620956711,2010,6.1874566078186,52.2495078362392,0.118421337617406
620956711,2015,7.19764995574951,52.2495078362392,0.137755363711912
620956711,2020,8.28346633911133,52.2495078362392,0.158536734261181
620956711,2025,9.24073028564453,52.2495078362392,0.176857747916151
620956731,1985,0.109485112130642,16.62739150439,0.00658462345712709
620956731,1990,0.123213022947311,16.62739150439,0.00741024368824061
620956731,1995,0.100654274225235,16.62739150439,0.00605352163619051
620956731,2000,0.115501165390015,16.62739150439,0.00694643927518756
620956731,2005,0.133979305624962,16.62739150439,0.00805774649556958
620956731,2010,0.155788421630859,16.62739150439,0.00936938434328246
620956731,2015,0.228770762681961,16.62739150439,0.0137586681964853
620956731,2020,0.206207364797592,16.62739150439,0.0124016665357972
620956731,2025,0.262899816036224,16.62739150439,0.0158112483227939
620958044,1985,190.410095214844,1.16733943907624,163.114591044334
620958044,1990,193.08918762207,1.16733943907624,165.409632501468
620958044,1995,202.581298828125,1.16733943907624,173.541038747423
620958044,2000,211.300827026367,1.16733943907624,181.010612640294
620958044,2005,223.382629394531,1.16733943907624,191.360474868649
620958044,2010,239.134246826172,1.16733943907624,204.854079988429
620958044,2015,249.836929321289,1.16733943907624,214.022520749401
620958044,2020,261.076446533203,1.16733943907624,223.650840358656
620958044,2025,267.306335449219,1.16733943907624,228.987667597994
620958064,1985,0,51.4575420407996,0
620958064,1990,0,51.4575420407996,0
620958064,1995,0,51.4575420407996,0
620958064,2000,0,51.4575420407996,0
620958064,2005,0,51.4575420407996,0
620958064,2010,0,51.4575420407996,0
620958064,2015,0,51.4575420407996,0
620958064,2020,0,51.4575420407996,0
620958064,2025,0,51.4575420407996,0
620958070,1985,33977.8828125,12.5748475715312,2702.05126696122
620958070,1990,37029.74609375,12.5748475715312,2944.74711388021
620958070,1995,39873.82421875,12.5748475715312,3170.91909002717
620958070,2000,42001.65234375,12.5748475715312,3340.13212524656
620958070,2005,43514.1484375,12.5748475715312,3460.41160260374
620958070,2010,45209.95703125,12.5748475715312,3595.26879145661
620958070,2015,46095.5546875,12.5748475715312,3665.69490606455
620958070,2020,45994.953125,12.5748475715312,3657.69468483501
620958070,2025,46941,12.5748475715312,3732.9279526435
620958078,1985,8.87252712249756,29.9386594774308,0.296356860239053
620958078,1990,9.99656200408936,29.9386594774308,0.333901456463849
620958078,1995,11.7562637329102,29.9386594774308,0.3926783609591
620958078,2000,13.3869724273682,29.9386594774308,0.447146687962428
620958078,2005,15.5286521911621,29.9386594774308,0.518682281111094
620958078,2010,18.0564022064209,29.9386594774308,0.60311324961068
620958078,2015,20.7753677368164,29.9386594774308,0.693931127827479
620958078,2020,23.7214012145996,29.9386594774308,0.792333445406329
620958078,2025,26.3605651855469,29.9386594774308,0.880485821531813
620959416,1985,1365.45947265625,3.18676154202761,428.478709388297
620959416,1990,1504.06604003906,3.18676154202761,471.973199187688
620959416,1995,1611.33911132812,3.18676154202761,505.635294664342
620959416,2000,1677.9326171875,3.18676154202761,526.532216188318
620959416,2005,1756.55126953125,3.18676154202761,551.202606899048
620959416,2010,1845.95886230469,3.18676154202761,579.258547575598
620959416,2015,1912.44409179688,3.18676154202761,600.121492171661
620959416,2020,1972.88244628906,3.18676154202761,619.086938344873
620959416,2025,2027.10339355469,3.18676154202761,636.101373391409
620959428,1985,2734.51391601562,13.510128680179,202.404727649078
620959428,1990,3005.15649414062,13.510128680179,222.437296141343
620959428,1995,3078.61962890625,13.510128680179,227.87493011987
620959428,2000,3133.22705078125,13.510128680179,231.916891759741
620959428,2005,3267.61401367188,13.510128680179,241.864018546756
620959428,2010,3427.32983398438,13.510128680179,253.685950379783
620959428,2015,3579.97412109375,13.510128680179,264.984457649615
620959428,2020,3730.05859375,13.510128680179,276.093491190979
620959428,2025,3836.34301757812,13.510128680179,283.960509066542
620959450,1985,201.322830200195,15.7912656055985,12.7489990497544
620959450,1990,224.865814208984,15.7912656055985,14.2398855053937
620959450,1995,269.835998535156,15.7912656055985,17.0876739885554
620959450,2000,319.012145996094,15.7912656055985,20.2018099095866
620959450,2005,381.587799072266,15.7912656055985,24.1644848869479
620959450,2010,457.179077148438,15.7912656055985,28.9513892405402
620959450,2015,532.9248046875,15.7912656055985,33.7480742834545
620959450,2020,595.993835449219,15.7912656055985,37.7419929684369
620959450,2025,665.210571289062,15.7912656055985,42.1252221261621
620959454,1985,3.31527280807495,1.52697743392439,2.17113412053155
620959454,1990,3.8171591758728,1.52697743392439,2.49981374384987
620959454,1995,4.28470182418823,1.52697743392439,2.80600205936009
620959454,2000,5.11177778244019,1.52697743392439,3.34764461404169
620959454,2005,5.92957210540771,1.52697743392439,3.8832087322787
620959454,2010,6.89478635787964,1.52697743392439,4.51531647076131
620959454,2015,7.7510552406311,1.52697743392439,5.07607713672008
620959454,2020,9.05828475952148,1.52697743392439,5.93216674868688
620959454,2025,10.2978372573853,1.52697743392439,6.74393545615106
620959457,1985,235.178375244141,16.3876672674847,14.3509366772881
620959457,1990,265.977783203125,16.3876672674847,16.2303626783331
620959457,1995,280.957183837891,16.3876672674847,17.1444281392842
620959457,2000,287.896057128906,16.3876672674847,17.5678485796529
620959457,2005,306.570281982422,16.3876672674847,18.7073777480641
620959457,2010,329.080474853516,16.3876672674847,20.0809834299269
620959457,2015,343.525665283203,16.3876672674847,20.9624505840928
620959457,2020,357.482360839844,16.3876672674847,21.8141090495007
620959457,2025,366.641387939453,16.3876672674847,22.3730066003304
620960804,1985,1623.00842285156,10.078085340207,161.043329964323
620960804,1990,1755.28869628906,10.078085340207,174.16886611252
620960804,1995,1965.47387695312,10.078085340207,195.024532002302
620960804,2000,2113.02172851562,10.078085340207,209.664996592719
620960804,2005,2240.4375,10.078085340207,222.307851577886
620960804,2010,2376.79125976562,10.078085340207,235.837580208148
620960804,2015,2493.06469726562,10.078085340207,247.374834912285
620960804,2020,2631.75463867188,10.078085340207,261.136371625309
620960804,2025,2702.22998046875,10.078085340207,268.129301275916
620960815,1985,308.317962646484,3.70199332106783,83.284310885129
620960815,1990,347.258422851562,3.70199332106783,93.8030927487997
620960815,1995,368.792816162109,3.70199332106783,99.6200652398077
620960815,2000,382.180969238281,3.70199332106783,103.236536668857
620960815,2005,393.836059570312,3.70199332106783,106.384864966939
620960815,2010,408.585296630859,3.70199332106783,110.368998859513
620960815,2015,419.973266601562,3.70199332106783,113.445171338241
620960815,2020,439.029663085938,3.70199332106783,118.592775569703
620960815,2025,450.223358154297,3.70199332106783,121.616469590072
620960830,1985,0,70.2544818158406,0
620960830,1990,0,70.2544818158406,0
620960830,1995,0,70.2544818158406,0
620960830,2000,0,70.2544818158406,0
620960830,2005,0,70.2544818158406,0
620960830,2010,0,70.2544818158406,0
620960830,2015,0,70.2544818158406,0
620960830,2020,0,70.2544818158406,0
620960830,2025,0,70.2544818158406,0
620960871,1985,32.4920310974121,19.5948165323955,1.65819521931701
620960871,1990,36.8624458312988,19.5948165323955,1.88123454845087
620960871,1995,41.9030876159668,19.5948165323955,2.13847818103781
620960871,2000,46.6956481933594,19.5948165323955,2.38306126092882
620960871,2005,52.7955703735352,19.5948165323955,2.69436410829618
620960871,2010,59.8404731750488,19.5948165323955,3.053893006659
620960871,2015,66.8304901123047,19.5948165323955,3.41062086505458
620960871,2020,74.5028991699219,19.5948165323955,3.80217385790515
620960871,2025,80.9034271240234,19.5948165323955,4.12881779169854
620962180,1985,5538.18798828125,7.58604180541784,730.049758534939
620962180,1990,5981.54150390625,7.58604180541784,788.493084711755
620962180,1995,6749.462890625,7.58604180541784,889.721288617818
620962180,2000,7319.76171875,7.58604180541784,964.898679245655
620962180,2005,7881.00830078125,7.58604180541784,1038.88279328394
620962180,2010,8484.2138671875,7.58604180541784,1118.39798472086
620962180,2015,8965.2470703125,7.58604180541784,1181.8082868868
620962180,2020,9479.58203125,7.58604180541784,1249.6084617514
620962180,2025,9707.2060546875,7.58604180541784,1279.61409964215
620962191,1985,1616.69396972656,20.9611323936169,77.1281789250507
620962191,1990,1755.47058105469,20.9611323936169,83.7488427671619
620962191,1995,1867.90270996094,20.9611323936169,89.1126812657197
620962191,2000,1956.63671875,20.9611323936169,93.345945343384
620962191,2005,2099.75268554688,20.9611323936169,100.173628319159
620962191,2010,2250.12426757812,20.9611323936169,107.347457442869
620962191,2015,2381.69287109375,20.9611323936169,113.624246360804
620962191,2020,2503.18920898438,20.9611323936169,119.420514215475
620962191,2025,2559.68627929688,20.9611323936169,122.115839508573
620962200,1985,318.954315185547,28.0347354308904,11.3771116539271
620962200,1990,371.752380371094,28.0347354308904,13.2604204982607
620962200,1995,428.220611572266,28.0347354308904,15.2746442936082
620962200,2000,483.316223144531,28.0347354308904,17.2399066984589
620962200,2005,547.780700683594,28.0347354308904,19.5393568822489
620962200,2010,621.685852050781,28.0347354308904,22.1755562339201
620962200,2015,694.481323242188,28.0347354308904,24.7721732546463
620962200,2020,771.390258789062,28.0347354308904,27.5155176937785
620962200,2025,836.521179199219,28.0347354308904,29.8387399182476
620963556,1985,577.020080566406,1.70082781544813,339.258374848706
620963556,1990,586.103942871094,1.70082781544813,344.599222536039
620963556,1995,785.582092285156,1.70082781544813,461.882199450139
620963556,2000,949.611022949219,1.70082781544813,558.322843925867
620963556,2005,1001.55474853516,1.70082781544813,588.86310503528
620963556,2010,1060.88940429688,1.70082781544813,623.74885609297
620963556,2015,1104.90454101562,1.70082781544813,649.627511368345
620963556,2020,1141.12280273438,1.70082781544813,670.922001845153
620963556,2025,1173.44775390625,1.70082781544813,689.9274243096
620963571,1985,752.121337890625,5.48757773849913,137.058894421482
620963571,1990,825.894348144531,5.48757773849913,150.50253272046
620963571,1995,881.448913574219,5.48757773849913,160.626228106118
620963571,2000,917.706115722656,5.48757773849913,167.233369521914
620963571,2005,962.556701660156,5.48757773849913,175.406481243475
620963571,2010,1010.32855224609,5.48757773849913,184.111934334514
620963571,2015,1046.24975585938,5.48757773849913,190.657846816313
620963571,2020,1093.7158203125,5.48757773849913,199.307576572325
620963571,2025,1117.22302246094,5.48757773849913,203.591288488334
620963599,1985,16.0010166168213,36.6321929190294,0.436802040549126
620963599,1990,18.2692184448242,36.6321929190294,0.498720305530327
620963599,1995,21.2996368408203,36.6321929190294,0.581445857961611
620963599,2000,24.4617748260498,36.6321929190294,0.667767143510063
620963599,2005,28.4658546447754,36.6321929190294,0.777072088141035
620963599,2010,33.098575592041,36.6321929190294,0.903537925376213
620963599,2015,38.0732574462891,36.6321929190294,1.03933874585245
620963599,2020,43.5420684814453,36.6321929190294,1.18862849891868
620963599,2025,48.5769462585449,36.6321929190294,1.32607257135596
620963612,1985,0,4.46462802505877,0
620963612,1990,0,4.46462802505877,0
620963612,1995,0,4.46462802505877,0
620963612,2000,0,4.46462802505877,0
620963612,2005,0,4.46462802505877,0
620963612,2010,0,4.46462802505877,0
620963612,2015,0,4.46462802505877,0
620963612,2020,0,4.46462802505877,0
620963612,2025,0,4.46462802505877,0
620964932,1985,668.0625,16.1018918243297,41.4896899872702
620964932,1990,755.564147949219,16.1018918243297,46.9239364040177
620964932,1995,707.848999023438,16.1018918243297,43.9606107621397
620964932,2000,668.829772949219,16.1018918243297,41.5373410929657
620964932,2005,714.135314941406,16.1018918243297,44.3510192921778
620964932,2010,769.633850097656,16.1018918243297,47.7977282728202
620964932,2015,815.215637207031,16.1018918243297,50.6285625379282
620964932,2020,887.70947265625,16.1018918243297,55.1307562080957
620964932,2025,913.330932617188,16.1018918243297,56.7219642624328
620964950,1985,0,27.602772620279,0
620964950,1990,0,27.602772620279,0
620964950,1995,0,27.602772620279,0
620964950,2000,0,27.602772620279,0
620964950,2005,0,27.602772620279,0
620964950,2010,0,27.602772620279,0
620964950,2015,0,27.602772620279,0
620964950,2020,0,27.602772620279,0
620964950,2025,0,27.602772620279,0
620964958,1985,0,44.4445341855008,0
620964958,1990,0,44.4445341855008,0
620964958,1995,0,44.4445341855008,0
620964958,2000,0,44.4445341855008,0
620964958,2005,0,44.4445341855008,0
620964958,2010,0,44.4445341855008,0
620964958,2015,0,44.4445341855008,0
620964958,2020,0,44.4445341855008,0
620964958,2025,0,44.4445341855008,0
620964971,1985,13.553783416748,25.7950405612205,0.525441446179558
620964971,1990,15.7920837402344,25.7950405612205,0.612213952629938
620964971,1995,18.2295246124268,25.7950405612205,0.706706569007396
620964971,2000,20.9839000701904,25.7950405612205,0.813485833464321
620964971,2005,24.2371215820312,25.7950405612205,0.939603933729363
620964971,2010,27.7737846374512,25.7950405612205,1.07671025255938
620964971,2015,32.2236328125,25.7950405612205,1.24921814858256
620964971,2020,36.9643936157227,25.7950405612205,1.433003895768
620964971,2025,40.6567764282227,25.7950405612205,1.57614702453094
620964977,1985,0,1.25507707224589,0
620964977,1990,0,1.25507707224589,0
620964977,1995,0,1.25507707224589,0
620964977,2000,0,1.25507707224589,0
620964977,2005,0,1.25507707224589,0
620964977,2010,0,1.25507707224589,0
620964977,2015,0,1.25507707224589,0
620964977,2020,0,1.25507707224589,0
620964977,2025,0,1.25507707224589,0
620966326,1985,0,10.0597842896524,0
620966326,1990,0,10.0597842896524,0
620966326,1995,0,10.0597842896524,0
620966326,2000,0,10.0597842896524,0
620966326,2005,0,10.0597842896524,0
620966326,2010,0,10.0597842896524,0
620966326,2015,0,10.0597842896524,0
620966326,2020,0,10.0597842896524,0
620966326,2025,0,10.0597842896524,0
620966338,1985,210.348785400391,18.333391994349,11.4735334009783
620966338,1990,234.356018066406,18.333391994349,12.7830146291883
620966338,1995,250.77668762207,18.333391994349,13.6786846481747
620966338,2000,260.185333251953,18.333391994349,14.1918818586409
620966338,2005,271.450347900391,18.333391994349,14.8063352370397
620966338,2010,283.808319091797,18.333391994349,15.4804042361216
620966338,2015,293.737335205078,18.333391994349,16.0219852003175
620966338,2020,308.141662597656,18.333391994349,16.8076732714075
620966338,2025,314.9755859375,18.333391994349,17.1804315335966
620966345,1985,0,16.8316223613041,0
620966345,1990,0,16.8316223613041,0
620966345,1995,0,16.8316223613041,0
620966345,2000,0,16.8316223613041,0
620966345,2005,0,16.8316223613041,0
620966345,2010,0,16.8316223613041,0
620966345,2015,0,16.8316223613041,0
620966345,2020,0,16.8316223613041,0
620966345,2025,0,16.8316223613041,0
620966364,1985,0,1.46583149627509,0
620966364,1990,0,1.46583149627509,0
620966364,1995,0,1.46583149627509,0
620966364,2000,0,1.46583149627509,0
620966364,2005,0,1.46583149627509,0
620966364,2010,0,1.46583149627509,0
620966364,2015,0,1.46583149627509,0
620966364,2020,0,1.46583149627509,0
620966364,2025,0,1.46583149627509,0
620966369,1985,10.7602396011353,17.2695245931848,0.623076769894502
620966369,1990,12.2823972702026,17.2695245931848,0.711218030579124
620966369,1995,14.333779335022,17.2695245931848,0.830004280527712
620966369,2000,16.4480667114258,17.2695245931848,0.952433092334042
620966369,2005,19.1346416473389,17.2695245931848,1.10800048629539
620966369,2010,22.3263607025146,17.2695245931848,1.29281848970674
620966369,2015,25.6904373168945,17.2695245931848,1.48761693920821
620966369,2020,29.4218845367432,17.2695245931848,1.70368815759724
620966369,2025,32.8219718933105,17.2695245931848,1.90057182617889
620967708,1985,0,11.4444315839901,0
620967708,1990,0,11.4444315839901,0
620967708,1995,0,11.4444315839901,0
620967708,2000,0,11.4444315839901,0
620967708,2005,0,11.4444315839901,0
620967708,2010,0,11.4444315839901,0
620967708,2015,0,11.4444315839901,0
620967708,2020,0,11.4444315839901,0
620967708,2025,0,11.4444315839901,0
620967723,1985,19.4115390777588,8.72622273918445,2.22450648556021
620967723,1990,24.1272850036621,8.72622273918445,2.76491739035268
620967723,1995,28.2853679656982,8.72622273918445,3.24142172519674
620967723,2000,32.5591201782227,8.72622273918445,3.73118142309368
620967723,2005,37.3759994506836,8.72622273918445,4.28318191820265
620967723,2010,43.0390014648438,8.72622273918445,4.9321456432209
620967723,2015,48.985107421875,8.72622273918445,5.61355226493487
620967723,2020,56.4477958679199,8.72622273918445,6.46875487310739
620967723,2025,62.9710845947266,8.72622273918445,7.21630497832236
620969063,1985,234.199203491211,31.6594949894883,7.39743964864161
620969063,1990,268.927764892578,31.6594949894883,8.49437948968765
620969063,1995,319.422210693359,31.6594949894883,10.0893021445672
620969063,2000,367.317199707031,31.6594949894883,11.6021180953452
620969063,2005,425.374450683594,31.6594949894883,13.4359202768341
620969063,2010,494.206512451172,31.6594949894883,15.6100567180639
620969063,2015,565.529296875,31.6594949894883,17.8628653761777
620969063,2020,647.854858398438,31.6594949894883,20.4632088608344
620969063,2025,715.836853027344,31.6594949894883,22.6104949957357
620969076,1985,1.49744772911072,4.29212186351704,0.34888285485065
620969076,1990,1.67614030838013,4.29212186351704,0.390515544916674
620969076,1995,1.89556896686554,4.29212186351704,0.441639130281421
620969076,2000,2.10081601142883,4.29212186351704,0.489458612367401
620969076,2005,2.39033818244934,4.29212186351704,0.556912934548101
620969076,2010,2.72185635566711,4.29212186351704,0.634151695179683
620969076,2015,3.06800413131714,4.29212186351704,0.714798933691776
620969076,2020,3.436763048172,4.29212186351704,0.800714228872302
620969076,2025,3.76330995559692,4.29212186351704,0.876794759157467
620969084,1985,0.250559687614441,10.3280011460375,0.0242602304232482
620969084,1990,0.307090312242508,10.3280011460375,0.0297337604731317
620969084,1995,0.338736921548843,10.3280011460375,0.0327979167274595
620969084,2000,0.390601545572281,10.3280011460375,0.0378196652042532
620969084,2005,0.427615731954575,10.3280011460375,0.0414035325817753
620969084,2010,0.502538084983826,10.3280011460375,0.0486578262219339
620969084,2015,0.562717437744141,10.3280011460375,0.0544846412957688
620969084,2020,0.563172578811646,10.3280011460375,0.0545287099457495
620969084,2025,0.674792051315308,10.3280011460375,0.0653361712274988
620969092,1985,6.38395977020264,1.16904758401159,5.46082114835401
620969092,1990,7.24701452255249,1.16904758401159,6.19907574479078
620969092,1995,7.16739320755005,1.16904758401159,6.13096789692267
620969092,2000,6.63626623153687,1.16904758401159,5.67664338244002
620969092,2005,7.10885286331177,1.16904758401159,6.08089265187798
620969092,2010,7.71300411224365,1.16904758401159,6.5976819230715
620969092,2015,8.53815078735352,1.16904758401159,7.30351005735357
620969092,2020,9.64892959594727,1.16904758401159,8.25366711151052
620969092,2025,10.5029211044312,1.16904758401159,8.98416903475424
620969097,1985,0.022755017504096,22.5009807743939,0.00101129002918803
620969097,1990,0.0234501846134663,22.5009807743939,0.00104218499844916
620969097,1995,0.0273667890578508,22.5009807743939,0.00121624871965555
620969097,2000,0.0314034931361675,22.5009807743939,0.0013956499697073
620969097,2005,0.0364274978637695,22.5009807743939,0.00161892933597028
620969097,2010,0.0423571579158306,22.5009807743939,0.0018824582955083
620969097,2015,0.0483779720962048,22.5009807743939,0.00215003837304989
620969097,2020,0.054533664137125,22.5009807743939,0.00242361276087948
620969097,2025,0.0608357526361942,22.5009807743939,0.00270369337435394
620969099,1985,5.75230360031128,8.08918412123134,0.711110479635821
620969099,1990,7.14974069595337,8.08918412123134,0.883864254886689
620969099,1995,8.38192272186279,8.08918412123134,1.03618889077616
620969099,2000,9.64838218688965,8.08918412123134,1.19275096750066
620969099,2005,11.0757875442505,8.08918412123134,1.36920947505452
620969099,2010,12.7539300918579,8.08918412123134,1.57666458084236
620969099,2015,14.5159645080566,8.08918412123134,1.79449055559969
620969099,2020,16.7274131774902,8.08918412123134,2.0678739569775
620969099,2025,18.6604881286621,8.08918412123134,2.30684428107956
620970405,1985,104.079597473145,0.77042333286027,135.094036011006
620970405,1990,117.502883911133,0.77042333286027,152.517296529549
620970405,1995,126.724922180176,0.77042333286027,164.487388653842
620970405,2000,135.049163818359,0.77042333286027,175.292151805653
620970405,2005,145.183166503906,0.77042333286027,188.445962513752
620970405,2010,157.178634643555,0.77042333286027,204.015932461461
620970405,2015,167.243865966797,0.77042333286027,217.080478788056
620970405,2020,177.893905639648,0.77042333286027,230.904099151827
620970405,2025,184.981201171875,0.77042333286027,240.10332148835
620970451,1985,0,15.451308460872,0
620970451,1990,0,15.451308460872,0
620970451,1995,0,15.451308460872,0
620970451,2000,0,15.451308460872,0
620970451,2005,0,15.451308460872,0
620970451,2010,0,15.451308460872,0
620970451,2015,0,15.451308460872,0
620970451,2020,0,15.451308460872,0
620970451,2025,0,15.451308460872,0
620970468,1985,65.7513961791992,7.89704800384438,8.32607274860057
620970468,1990,74.8439636230469,7.89704800384438,9.47746089255275
620970468,1995,75.6825942993164,7.89704800384438,9.58365635646044
620970468,2000,76.3853454589844,7.89704800384438,9.67264545204728
620970468,2005,86.5025482177734,7.89704800384438,10.9537827521959
620970468,2010,98.3771057128906,7.89704800384438,12.4574531730084
620970468,2015,111.091003417969,7.89704800384438,14.0674089056934
620970468,2020,126.027679443359,7.89704800384438,15.9588341595502
620970468,2025,135.313751220703,7.89704800384438,17.1347256791184
620970469,1985,0,0.4873248865029,0
620970469,1990,0,0.4873248865029,0
620970469,1995,0,0.4873248865029,0
620970469,2000,0,0.4873248865029,0
620970469,2005,0,0.4873248865029,0
620970469,2010,0,0.4873248865029,0
620970469,2015,0,0.4873248865029,0
620970469,2020,0,0.4873248865029,0
620970469,2025,0,0.4873248865029,0
620970475,1985,0,27.1236423630658,0
620970475,1990,0,27.1236423630658,0
620970475,1995,0,27.1236423630658,0
620970475,2000,0,27.1236423630658,0
620970475,2005,0,27.1236423630658,0
620970475,2010,0,27.1236423630658,0
620970475,2015,0,27.1236423630658,0
620970475,2020,0,27.1236423630658,0
620970475,2025,0,27.1236423630658,0
620971822,1985,27.3288326263428,18.7717371846675,1.45584994918129
620971822,1990,33.2715873718262,18.7717371846675,1.77242985262983
620971822,1995,38.1965713500977,18.7717371846675,2.03479150460811
620971822,2000,43.1201171875,18.7717371846675,2.29707654455763
620971822,2005,48.0836334228516,18.7717371846675,2.56149087054796
620971822,2010,53.9037208557129,18.7717371846675,2.87153609308683
620971822,2015,59.6722373962402,18.7717371846675,3.1788340529815
620971822,2020,66.7263717651367,18.7717371846675,3.55461889907759
620971822,2025,72.3818435668945,18.7717371846675,3.85589478772455
620971825,1985,951.33935546875,20.1347163947393,47.2487089868974
620971825,1990,1065.07238769531,20.1347163947393,52.8973126223714
620971825,1995,1134.02880859375,20.1347163947393,56.3220651516125
620971825,2000,1181.927734375,20.1347163947393,58.7009874489122
620971825,2005,1221.2958984375,20.1347163947393,60.6562255208418
620971825,2010,1271.24487304688,20.1347163947393,63.136964441129
620971825,2015,1316.05249023438,20.1347163947393,65.3623554677047
620971825,2020,1378.54370117188,20.1347163947393,68.4660103547349
620971825,2025,1411.15795898438,20.1347163947393,70.0858125497647
620971844,1985,1127.90734863281,33.258073698995,33.91379064347
620971844,1990,1300.68298339844,33.258073698995,39.1087888965061
620971844,1995,1606.39343261719,33.258073698995,48.3008561216138
620971844,2000,1904.42565917969,33.258073698995,57.2620554159526
620971844,2005,2182.93432617188,33.258073698995,65.6362225283612
620971844,2010,2496.45971679688,33.258073698995,75.0632685281563
620971844,2015,2808.51318359375,33.258073698995,84.4460568886952
620971844,2020,3141.22778320312,33.258073698995,94.4500818548023
620971844,2025,3411.22338867188,33.258073698995,102.568279195766
620973201,1985,0,15.1891302146651,0
620973201,1990,0,15.1891302146651,0
620973201,1995,0,15.1891302146651,0
620973201,2000,0,15.1891302146651,0
620973201,2005,0,15.1891302146651,0
620973201,2010,0,15.1891302146651,0
620973201,2015,0,15.1891302146651,0
620973201,2020,0,15.1891302146651,0
620973201,2025,0,15.1891302146651,0
620973220,1985,4.47571134567261,33.7793827983865,0.1324983162773
620973220,1990,5.0279803276062,33.7793827983865,0.148847607951154
620973220,1995,5.86774396896362,33.7793827983865,0.173707850258409
620973220,2000,6.73325872421265,33.7793827983865,0.199330424845248
620973220,2005,7.81046104431152,33.7793827983865,0.231219767718331
620973220,2010,9.08184623718262,33.7793827983865,0.268857672485846
620973220,2015,10.4242105484009,33.7793827983865,0.308596832885259
620973220,2020,11.9438714981079,33.7793827983865,0.353584657523062
620973220,2025,13.324143409729,33.7793827983865,0.394446029083913
620974543,1985,1569.74645996094,3.42758198484959,457.974883430782
620974543,1990,1888.01220703125,3.42758198484959,550.829189608459
620974543,1995,2002.63513183594,3.42758198484959,584.270526770148
620974543,2000,2079.36938476562,3.42758198484959,606.657811237409
620974543,2005,2211.18603515625,3.42758198484959,645.115432666532
620974543,2010,2351.03515625,3.42758198484959,685.916534350431
620974543,2015,2474.56420898438,3.42758198484959,721.956242016183
620974543,2020,2644.47998046875,3.42758198484959,771.529314880793
620974543,2025,2738.51879882812,3.42758198484959,798.965221235489
620974556,1985,1270.20520019531,8.50990356110199,149.261997045573
620974556,1990,1413.47924804688,8.50990356110199,166.098151159757
620974556,1995,1520.25549316406,8.50990356110199,178.645443188453
620974556,2000,1594.31225585938,8.50990356110199,187.347864098817
620974556,2005,1685.623046875,8.50990356110199,198.077808376094
620974556,2010,1794.17175292969,8.50990356110199,210.833382546271
620974556,2015,1883.20239257812,8.50990356110199,221.295385906143
620974556,2020,1982.18518066406,8.50990356110199,232.926867670329
620974556,2025,2031.70068359375,8.50990356110199,238.745441591192
620974576,1985,0,43.2132276381716,0
620974576,1990,0,43.2132276381716,0
620974576,1995,0,43.2132276381716,0
620974576,2000,0,43.2132276381716,0
620974576,2005,0,43.2132276381716,0
620974576,2010,0,43.2132276381716,0
620974576,2015,0,43.2132276381716,0
620974576,2020,0,43.2132276381716,0
620974576,2025,0,43.2132276381716,0
620974577,1985,0,0.412912474632573,0
620974577,1990,0,0.412912474632573,0
620974577,1995,0,0.412912474632573,0
620974577,2000,0,0.412912474632573,0
620974577,2005,0,0.412912474632573,0
620974577,2010,0,0.412912474632573,0
620974577,2015,0,0.412912474632573,0
620974577,2020,0,0.412912474632573,0
620974577,2025,0,0.412912474632573,0
620974581,1985,0,20.2128859760652,0
620974581,1990,0,20.2128859760652,0
620974581,1995,0,20.2128859760652,0
620974581,2000,0,20.2128859760652,0
620974581,2005,0,20.2128859760652,0
620974581,2010,0,20.2128859760652,0
620974581,2015,0,20.2128859760652,0
620974581,2020,0,20.2128859760652,0
620974581,2025,0,20.2128859760652,0
620975932,1985,1002.98205566406,10.7074225914325,93.6716606727179
620975932,1990,1102.96765136719,10.7074225914325,103.009631117924
620975932,1995,1185.22290039062,10.7074225914325,110.691708510596
620975932,2000,1250.31335449219,10.7074225914325,116.77071151489
620975932,2005,1338.30944824219,10.7074225914325,124.988944520881
620975932,2010,1424.91711425781,10.7074225914325,133.077507877381
620975932,2015,1497.78186035156,10.7074225914325,139.882576554885
620975932,2020,1576.72351074219,10.7074225914325,147.255186509944
620975932,2025,1617.29870605469,10.7074225914325,151.044632099303
620975946,1985,76.8745803833008,2.37786386626289,32.3292605072967
620975946,1990,87.0744400024414,2.37786386626289,36.6187657913696
620975946,1995,94.1355514526367,2.37786386626289,39.5882845894717
620975946,2000,98.6002655029297,2.37786386626289,41.465900088676
620975946,2005,105.0673828125,2.37786386626289,44.1856173110644
620975946,2010,111.989677429199,2.37786386626289,47.096757311513
620975946,2015,117.410980224609,2.37786386626289,49.3766619235168
620975946,2020,123.548316955566,2.37786386626289,51.9576914004493
620975946,2025,126.08716583252,2.37786386626289,53.0253929257444
620975952,1985,0,16.8051232232532,0
620975952,1990,0,16.8051232232532,0
620975952,1995,0,16.8051232232532,0
620975952,2000,0,16.8051232232532,0
620975952,2005,0,16.8051232232532,0
620975952,2010,0,16.8051232232532,0
620975952,2015,0,16.8051232232532,0
620975952,2020,0,16.8051232232532,0
620975952,2025,0,16.8051232232532,0
620975953,1985,0,17.9416361305515,0
620975953,1990,0,17.9416361305515,0
620975953,1995,0,17.9416361305515,0
620975953,2000,0,17.9416361305515,0
620975953,2005,0,17.9416361305515,0
620975953,2010,0,17.9416361305515,0
620975953,2015,0,17.9416361305515,0
620975953,2020,0,17.9416361305515,0
620975953,2025,0,17.9416361305515,0
620975992,1985,0,12.7842645939682,0
620975992,1990,0,12.7842645939682,0
620975992,1995,0,12.7842645939682,0
620975992,2000,0,12.7842645939682,0
620975992,2005,0,12.7842645939682,0
620975992,2010,0,12.7842645939682,0
620975992,2015,0,12.7842645939682,0
620975992,2020,0,12.7842645939682,0
620975992,2025,0,12.7842645939682,0
620977322,1985,88.554084777832,10.9276869868154,8.10364397192886
620977322,1990,96.5107879638672,10.9276869868154,8.83176724226366
620977322,1995,104.607513427734,10.9276869868154,9.57270404559964
620977322,2000,109.461166381836,10.9276869868154,10.0168650981589
620977322,2005,117.747985839844,10.9276869868154,10.7751975309972
620977322,2010,124.58846282959,10.9276869868154,11.4011741899187
620977322,2015,133.11067199707,10.9276869868154,12.1810472936929
620977322,2020,139.702850341797,10.9276869868154,12.7843019762876
620977322,2025,141.019332885742,10.9276869868154,12.9047741810217
620977355,1985,5.45730924606323,6.54937973544085,0.833255890864281
620977355,1990,6.52813148498535,6.54937973544085,0.996755685070371
620977355,1995,8.08201694488525,6.54937973544085,1.23401257391609
620977355,2000,9.30316257476807,6.54937973544085,1.4204646776588
620977355,2005,10.0770826339722,6.54937973544085,1.53863160192739
620977355,2010,10.9208641052246,6.54937973544085,1.66746540075058
620977355,2015,13.9454803466797,6.54937973544085,2.12928260537652
620977355,2020,15.0971183776855,6.54937973544085,2.30512185695846
620977355,2025,15.8771286010742,6.54937973544085,2.42421866534289
620977357,1985,2.45139169692993,30.8248135699871,0.0795265700914653
620977357,1990,2.75634002685547,30.8248135699871,0.0894195197838668
620977357,1995,3.00372385978699,30.8248135699871,0.0974449968032116
620977357,2000,2.99042630195618,30.8248135699871,0.0970136054567361
620977357,2005,3.44254684448242,30.8248135699871,0.111681027256375
620977357,2010,3.54598617553711,30.8248135699871,0.115036743611961
620977357,2015,3.86758708953857,30.8248135699871,0.125469926387626
620977357,2020,4.29349374771118,30.8248135699871,0.139286933170346
620977357,2025,4.50630950927734,30.8248135699871,0.146190973679236
620978682,1985,2460.41528320312,14.2124567895835,173.116817143563
620978682,1990,2703.8798828125,14.2124567895835,190.247184061393
620978682,1995,2888.70336914062,14.2124567895835,203.25151463312
620978682,2000,3019.21948242188,14.2124567895835,212.43473434056
620978682,2005,3188.701171875,14.2124567895835,224.359603626871
620978682,2010,3379.18432617188,14.2124567895835,237.762153032438
620978682,2015,3532.54614257812,14.2124567895835,248.552814962095
620978682,2020,3713.97412109375,14.2124567895835,261.318234847036
620978682,2025,3809.64965820312,14.2124567895835,268.05004332504
620978735,1985,0,28.1612144132977,0
620978735,1990,0,28.1612144132977,0
620978735,1995,0,28.1612144132977,0
620978735,2000,0,28.1612144132977,0
620978735,2005,0,28.1612144132977,0
620978735,2010,0,28.1612144132977,0
620978735,2015,0,28.1612144132977,0
620978735,2020,0,28.1612144132977,0
620978735,2025,0,28.1612144132977,0
620978750,1985,0.596271514892578,23.8930824534117,0.0249558220901479
620978750,1990,0.68716824054718,23.8930824534117,0.0287601334774224
620978750,1995,0.804550528526306,23.8930824534117,0.0336729482307304
620978750,2000,0.926113426685333,23.8930824534117,0.0387607345553312
620978750,2005,1.08116126060486,23.8930824534117,0.0452499698485106
620978750,2010,1.26550757884979,23.8930824534117,0.0529654380642331
620978750,2015,1.44941258430481,23.8930824534117,0.0606624359636715
620978750,2020,1.70045936107635,23.8930824534117,0.0711695263426986
620978750,2025,1.89697003364563,23.8930824534117,0.0793941107157047
620980080,1985,0,12.0166178228429,0
620980080,1990,0,12.0166178228429,0
620980080,1995,0,12.0166178228429,0
620980080,2000,0,12.0166178228429,0
620980080,2005,0,12.0166178228429,0
620980080,2010,0,12.0166178228429,0
620980080,2015,0,12.0166178228429,0
620980080,2020,0,12.0166178228429,0
620980080,2025,0,12.0166178228429,0
620980084,1985,0,0.0453229720786214,0
620980084,1990,0,0.0453229720786214,0
620980084,1995,0,0.0453229720786214,0
620980084,2000,0,0.0453229720786214,0
620980084,2005,0,0.0453229720786214,0
620980084,2010,0,0.0453229720786214,0
620980084,2015,0,0.0453229720786214,0
620980084,2020,0,0.0453229720786214,0
620980084,2025,0,0.0453229720786214,0
620980094,1985,0,0.844203643948562,0
620980094,1990,0,0.844203643948562,0
620980094,1995,0,0.844203643948562,0
620980094,2000,0,0.844203643948562,0
620980094,2005,0,0.844203643948562,0
620980094,2010,0,0.844203643948562,0
620980094,2015,0,0.844203643948562,0
620980094,2020,0,0.844203643948562,0
620980094,2025,0,0.844203643948562,0
620980098,1985,0,37.8198951590739,0
620980098,1990,0,37.8198951590739,0
620980098,1995,0,37.8198951590739,0
620980098,2000,0,37.8198951590739,0
620980098,2005,0,37.8198951590739,0
620980098,2010,0,37.8198951590739,0
620980098,2015,0,37.8198951590739,0
620980098,2020,0,37.8198951590739,0
620980098,2025,0,37.8198951590739,0
620980102,1985,0,11.2493370401204,0
620980102,1990,0,11.2493370401204,0
620980102,1995,0,11.2493370401204,0
620980102,2000,0,11.2493370401204,0
620980102,2005,0,11.2493370401204,0
620980102,2010,0,11.2493370401204,0
620980102,2015,0,11.2493370401204,0
620980102,2020,0,11.2493370401204,0
620980102,2025,0,11.2493370401204,0
620980104,1985,0,15.3863981135767,0
620980104,1990,0,15.3863981135767,0
620980104,1995,0,15.3863981135767,0
620980104,2000,0,15.3863981135767,0
620980104,2005,0,15.3863981135767,0
620980104,2010,0,15.3863981135767,0
620980104,2015,0,15.3863981135767,0
620980104,2020,0,15.3863981135767,0
620980104,2025,0,15.3863981135767,0
620980129,1985,0.00284194806590676,12.472829562272,0.000227851110425107
620980129,1990,0.00315405963920057,12.472829562272,0.000252874427847633
620980129,1995,0.0036808445584029,12.472829562272,0.000295109023980956
620980129,2000,0.00422378303483129,12.472829562272,0.00033863871976632
620980129,2005,0.00489951390773058,12.472829562272,0.000392814948947167
620980129,2010,0.00569705525413156,12.472829562272,0.000456757243870638
620980129,2015,0.00650685792788863,12.472829562272,0.00052168258175921
620980129,2020,0.00733480090275407,12.472829562272,0.000588062305039468
620980129,2025,0.00818243436515331,12.472829562272,0.000656020698775816
620981470,1985,0.0456045046448708,7.91743923411545,0.00576000690328831
620981470,1990,0.055893674492836,7.91743923411545,0.00705956469510947
620981470,1995,0.0616536922752857,7.91743923411545,0.0077870748928045
620981470,2000,0.0710936039686203,7.91743923411545,0.00897936843800267
620981470,2005,0.0778305754065514,7.91743923411545,0.00983027126639472
620981470,2010,0.0914672389626503,7.91743923411545,0.0115526291087309
620981470,2015,0.102420508861542,7.91743923411545,0.0129360650373194
620981470,2020,0.10250335931778,7.91743923411545,0.0129465293369228
620981470,2025,0.122819274663925,7.91743923411545,0.0155124998161917
620981481,1985,5.4659104347229,5.88797942190926,0.928316837247116
620981481,1990,5.66199350357056,5.88797942190926,0.961619105274417
620981481,1995,6.46084070205688,5.88797942190926,1.09729335636195
620981481,2000,7.201735496521,5.88797942190926,1.22312511312849
620981481,2005,17.1443614959717,5.88797942190926,2.91175635434072
620981481,2010,30.1792907714844,5.88797942190926,5.12557680809597
620981481,2015,43.109733581543,5.88797942190926,7.32165153654088
620981481,2020,47.9384460449219,5.88797942190926,8.14174823141233
620981481,2025,53.4783706665039,5.88797942190926,9.08263545682754
620981495,1985,0,30.1917933868932,0
620981495,1990,0,30.1917933868932,0
620981495,1995,0,30.1917933868932,0
620981495,2000,0,30.1917933868932,0
620981495,2005,0,30.1917933868932,0
620981495,2010,0,30.1917933868932,0
620981495,2015,0,30.1917933868932,0
620981495,2020,0,30.1917933868932,0
620981495,2025,0,30.1917933868932,0
620982832,1985,713.040405273438,10.7040432625539,66.6141184021439
620982832,1990,790.9853515625,10.7040432625539,73.8959412028549
620982832,1995,837.616333007812,10.7040432625539,78.2523306812534
620982832,2000,866.779174804688,10.7040432625539,80.9768004055954
620982832,2005,901.933044433594,10.7040432625539,84.2609677773666
620982832,2010,940.11962890625,10.7040432625539,87.8284593818003
620982832,2015,974.006591796875,10.7040432625539,90.9942689791112
620982832,2020,1020.27691650391,10.7040432625539,95.3169649522207
620982832,2025,1045.95263671875,10.7040432625539,97.7156585659382
620982834,1985,0,0.0858657339703749,0
620982834,1990,0,0.0858657339703749,0
620982834,1995,0,0.0858657339703749,0
620982834,2000,0,0.0858657339703749,0
620982834,2005,0,0.0858657339703749,0
620982834,2010,0,0.0858657339703749,0
620982834,2015,0,0.0858657339703749,0
620982834,2020,0,0.0858657339703749,0
620982834,2025,0,0.0858657339703749,0
620982853,1985,0,24.0055542136007,0
620982853,1990,0,24.0055542136007,0
620982853,1995,0,24.0055542136007,0
620982853,2000,0,24.0055542136007,0
620982853,2005,0,24.0055542136007,0
620982853,2010,0,24.0055542136007,0
620982853,2015,0,24.0055542136007,0
620982853,2020,0,24.0055542136007,0
620982853,2025,0,24.0055542136007,0
620982855,1985,36.1141548156738,4.9317494124498,7.32278787817292
620982855,1990,45.2062149047852,4.9317494124498,9.16636493952141
620982855,1995,52.7278747558594,4.9317494124498,10.6915153926418
620982855,2000,60.8611640930176,4.9317494124498,12.3406846137353
620982855,2005,71.1176300048828,4.9317494124498,14.4203656871438
620982855,2010,82.7266464233398,4.9317494124498,16.7743004570555
620982855,2015,95.920783996582,4.9317494124498,19.4496467631623
620982855,2020,110.303176879883,4.9317494124498,22.365932989505
620982855,2025,122.25325012207,4.9317494124498,24.7890231027254
620982857,1985,0,9.2351615277173,0
620982857,1990,0,9.2351615277173,0
620982857,1995,0,9.2351615277173,0
620982857,2000,0,9.2351615277173,0
620982857,2005,0,9.2351615277173,0
620982857,2010,0,9.2351615277173,0
620982857,2015,0,9.2351615277173,0
620982857,2020,0,9.2351615277173,0
620982857,2025,0,9.2351615277173,0
620982871,1985,28.5568351745605,46.6653444232843,0.611949521159255
620982871,1990,35.5457878112793,46.6653444232843,0.761717035426899
620982871,1995,41.617733001709,46.6653444232843,0.891833833351999
620982871,2000,47.9190826416016,46.6653444232843,1.02686658019589
620982871,2005,55.9723014831543,46.6653444232843,1.19944044504311
620982871,2010,65.4800643920898,46.6653444232843,1.40318399448944
620982871,2015,75.5002593994141,46.6653444232843,1.61790854289167
620982871,2020,85.9852066040039,46.6653444232843,1.84259234913308
620982871,2025,95.8956069946289,46.6653444232843,2.05496408908493
620982878,1985,0.540782034397125,25.3558207247132,0.0213277274779771
620982878,1990,0.613219201564789,25.3558207247132,0.0241845534491854
620982878,1995,0.69283390045166,25.3558207247132,0.0273244517688353
620982878,2000,0.787951231002808,25.3558207247132,0.031075753356894
620982878,2005,0.87765109539032,25.3558207247132,0.0346133972518158
620982878,2010,1.00341629981995,25.3558207247132,0.0395734104099404
620982878,2015,1.1335963010788,25.3558207247132,0.0447075373101188
620982878,2020,1.2831974029541,25.3558207247132,0.0506076067063934
620982878,2025,1.35162079334259,25.3558207247132,0.0533061346353986
620982880,1985,0,0.374804940539231,0
620982880,1990,0,0.374804940539231,0
620982880,1995,0,0.374804940539231,0
620982880,2000,0,0.374804940539231,0
620982880,2005,0,0.374804940539231,0
620982880,2010,0,0.374804940539231,0
620982880,2015,0,0.374804940539231,0
620982880,2020,0,0.374804940539231,0
620982880,2025,0,0.374804940539231,0
620984224,1985,0,9.12633425097149,0
620984224,1990,0,9.12633425097149,0
620984224,1995,0,9.12633425097149,0
620984224,2000,0,9.12633425097149,0
620984224,2005,0,9.12633425097149,0
620984224,2010,0,9.12633425097149,0
620984224,2015,0,9.12633425097149,0
620984224,2020,0,9.12633425097149,0
620984224,2025,0,9.12633425097149,0
620984228,1985,91.6284561157227,17.621956926983,5.19967541036374
620984228,1990,102.589836120605,17.621956926983,5.82170507768739
620984228,1995,107.261817932129,17.621956926983,6.08682783510201
620984228,2000,109.316543579102,17.621956926983,6.20342814546972
620984228,2005,114.330383300781,17.621956926983,6.487950445828
620984228,2010,119.941131591797,17.621956926983,6.80634574745448
620984228,2015,124.395599365234,17.621956926983,7.05912515168834
620984228,2020,131.569213867188,17.621956926983,7.46620902617953
620984228,2025,134.497146606445,17.621956926983,7.63236155687687
620984233,1985,0,21.0263823589455,0
620984233,1990,0,21.0263823589455,0
620984233,1995,0,21.0263823589455,0
620984233,2000,0,21.0263823589455,0
620984233,2005,0,21.0263823589455,0
620984233,2010,0,21.0263823589455,0
620984233,2015,0,21.0263823589455,0
620984233,2020,0,21.0263823589455,0
620984233,2025,0,21.0263823589455,0
620984248,1985,1.62445473670959,23.7380569210601,0.0684325065910681
620984248,1990,1.87413203716278,23.7380569210601,0.0789505241897064
620984248,1995,2.18687868118286,23.7380569210601,0.0921254291560272
620984248,2000,2.50883841514587,23.7380569210601,0.10568844886879
620984248,2005,2.91056394577026,23.7380569210601,0.12261171819788
620984248,2010,3.38475823402405,23.7380569210601,0.142587838814269
620984248,2015,3.86588144302368,23.7380569210601,0.162855850244167
620984248,2020,4.44556331634521,23.7380569210601,0.187275788036432
620984248,2025,4.95930624008179,23.7380569210601,0.208917952154793
620985611,1985,3.10537266731262,0.409914430519119,7.5756607626132
620985611,1990,3.36982107162476,0.409914430519119,8.2207915133829
620985611,1995,3.75613617897034,0.409914430519119,9.16322017308231
620985611,2000,4.3236665725708,0.409914430519119,10.5477296007737
620985611,2005,5.20178937911987,0.409914430519119,12.689939635773
620985611,2010,6.26779747009277,0.409914430519119,15.2905021229801
620985611,2015,6.47951936721802,0.409914430519119,15.8070047912495
620985611,2020,7.82637882232666,0.409914430519119,19.0927135998
620985611,2025,9.14513397216797,0.409914430519119,22.3098610131546
620986965,1985,169.097640991211,0.815561374232513,207.338952448969
620986965,1990,194.937225341797,0.815561374232513,239.022140455393
620986965,1995,209.685897827148,0.815561374232513,257.106214752353
620986965,2000,218.891342163086,0.815561374232513,268.393463789374
620986965,2005,224.268524169922,0.815561374232513,274.986691689477
620986965,2010,229.657577514648,0.815561374232513,281.594475622106
620986965,2015,233.084976196289,0.815561374232513,285.796978082287
620986965,2020,244.174575805664,0.815561374232513,299.39448277016
620986965,2025,247.758087158203,0.815561374232513,303.788402670929
620986978,1985,0,10.092354065155,0
620986978,1990,0,10.092354065155,0
620986978,1995,0,10.092354065155,0
620986978,2000,0,10.092354065155,0
620986978,2005,0,10.092354065155,0
620986978,2010,0,10.092354065155,0
620986978,2015,0,10.092354065155,0
620986978,2020,0,10.092354065155,0
620986978,2025,0,10.092354065155,0
620987005,1985,0,17.477618705401,0
620987005,1990,0,17.477618705401,0
620987005,1995,0,17.477618705401,0
620987005,2000,0,17.477618705401,0
620987005,2005,0,17.477618705401,0
620987005,2010,0,17.477618705401,0
620987005,2015,0,17.477618705401,0
620987005,2020,0,17.477618705401,0
620987005,2025,0,17.477618705401,0
620988341,1985,1332.87377929688,22.8774189134094,58.2615453404851
620988341,1990,1522.05090332031,22.8774189134094,66.5307091276881
620988341,1995,1612.89807128906,22.8774189134094,70.5017501053702
620988341,2000,1675.060546875,22.8774189134094,73.2189480472019
620988341,2005,1713.68420410156,22.8774189134094,74.9072354091964
620988341,2010,1775.40087890625,22.8774189134094,77.6049468528817
620988341,2015,1825.11962890625,22.8774189134094,79.7782143088034
620988341,2020,1898.51440429688,22.8774189134094,82.9863898319436
620988341,2025,1945.79064941406,22.8774189134094,85.0528924079609
620988364,1985,6.81355047225952,18.3814023379239,0.370676314407309
620988364,1990,7.71260786056519,18.3814023379239,0.41958756566972
620988364,1995,9.26207256317139,18.3814023379239,0.503882804635759
620988364,2000,10.5616655349731,18.3814023379239,0.574584318476217
620988364,2005,12.0894060134888,18.3814023379239,0.657697698534475
620988364,2010,13.7407102584839,18.3814023379239,0.74753329511397
620988364,2015,15.8680810928345,18.3814023379239,0.863268253483357
620988364,2020,17.8230648040771,18.3814023379239,0.969624867375063
620988364,2025,19.9454612731934,18.3814023379239,1.08508920628121
620988368,1985,0.0543005168437958,8.48661428644214,0.00639837219072675
620988368,1990,0.045850932598114,8.48661428644214,0.0054027355374644
620988368,1995,0.089253656566143,8.48661428644214,0.0105169922366722
620988368,2000,0.0675485730171204,8.48661428644214,0.00795942536531124
620988368,2005,0.0962858721613884,8.48661428644214,0.0113456166277299
620988368,2010,0.113574787974358,8.48661428644214,0.0133828148824673
620988368,2015,0.0985946208238602,8.48661428644214,0.0116176625325568
620988368,2020,0.111139960587025,8.48661428644214,0.0130959127911088
620988368,2025,0.118817664682865,8.48661428644214,0.014000596783653
620988373,1985,0,15.1568285531228,0
620988373,1990,0,15.1568285531228,0
620988373,1995,0,15.1568285531228,0
620988373,2000,0,15.1568285531228,0
620988373,2005,0,15.1568285531228,0
620988373,2010,0,15.1568285531228,0
620988373,2015,0,15.1568285531228,0
620988373,2020,0,15.1568285531228,0
620988373,2025,0,15.1568285531228,0
620988384,1985,0,20.0671059324654,0
620988384,1990,0,20.0671059324654,0
620988384,1995,0,20.0671059324654,0
620988384,2000,0,20.0671059324654,0
620988384,2005,0,20.0671059324654,0
620988384,2010,0,20.0671059324654,0
620988384,2015,0,20.0671059324654,0
620988384,2020,0,20.0671059324654,0
620988384,2025,0,20.0671059324654,0
620989742,1985,0,23.4150398415012,0
620989742,1990,0,23.4150398415012,0
620989742,1995,0,23.4150398415012,0
620989742,2000,0,23.4150398415012,0
620989742,2005,0,23.4150398415012,0
620989742,2010,0,23.4150398415012,0
620989742,2015,0,23.4150398415012,0
620989742,2020,0,23.4150398415012,0
620989742,2025,0,23.4150398415012,0
620991078,1985,445.919158935547,12.9071819730696,34.548142256454
620991078,1990,501.007690429688,12.9071819730696,38.8161948498923
620991078,1995,544.632141113281,12.9071819730696,42.1960535033625
620991078,2000,578.683349609375,12.9071819730696,44.8342132943332
620991078,2005,606.657348632812,12.9071819730696,47.0015337118964
620991078,2010,644.267211914062,12.9071819730696,49.915404714856
620991078,2015,674.071533203125,12.9071819730696,52.22453162972
620991078,2020,705.804016113281,12.9071819730696,54.6830452678143
620991078,2025,727.509399414062,12.9071819730696,56.3646968743438
620991118,1985,0,16.6406481454213,0
620991118,1990,0,16.6406481454213,0
620991118,1995,0,16.6406481454213,0
620991118,2000,0,16.6406481454213,0
620991118,2005,0,16.6406481454213,0
620991118,2010,0,16.6406481454213,0
620991118,2015,0,16.6406481454213,0
620991118,2020,0,16.6406481454213,0
620991118,2025,0,16.6406481454213,0
620991125,1985,0,1.04686725110661,0
620991125,1990,0,1.04686725110661,0
620991125,1995,0,1.04686725110661,0
620991125,2000,0,1.04686725110661,0
620991125,2005,0,1.04686725110661,0
620991125,2010,0,1.04686725110661,0
620991125,2015,0,1.04686725110661,0
620991125,2020,0,1.04686725110661,0
620991125,2025,0,1.04686725110661,0
620992454,1985,196.140090942383,11.6030590921956,16.9041706487826
620992454,1990,222.455368041992,11.6030590921956,19.1721309246473
620992454,1995,229.43571472168,11.6030590921956,19.7737262991277
620992454,2000,234.72998046875,11.6030590921956,20.2300081903947
620992454,2005,249.198776245117,11.6030590921956,21.4769893236804
620992454,2010,264.952239990234,11.6030590921956,22.8346884976606
620992454,2015,278.373291015625,11.6030590921956,23.9913706207757
620992454,2020,293.228485107422,11.6030590921956,25.2716531715893
620992454,2025,300.809844970703,11.6030590921956,25.9250463675595
620992467,1985,90.6875991821289,21.9480675605638,4.13191726022732
620992467,1990,108.953811645508,21.9480675605638,4.96416421832397
620992467,1995,121.479011535645,21.9480675605638,5.53483860027466
620992467,2000,134.339599609375,21.9480675605638,6.12079397143628
620992467,2005,152.935485839844,21.9480675605638,6.96806155794042
620992467,2010,172.649337768555,21.9480675605638,7.86626600688848
620992467,2015,194.368881225586,21.9480675605638,8.85585396934112
620992467,2020,220.096450805664,21.9480675605638,10.0280560098663
620992467,2025,245.040023803711,21.9480675605638,11.1645375214717
620992480,1985,151.039291381836,88.3138435441135,1.7102561197712
620992480,1990,173.904922485352,88.3138435441135,1.96916944735266
620992480,1995,203.145645141602,88.3138435441135,2.30026954992768
620992480,2000,233.317092895508,88.3138435441135,2.6419084883217
620992480,2005,273.380493164062,88.3138435441135,3.09555650839165
620992480,2010,321.170166015625,88.3138435441135,3.6366910682038
620992480,2015,371.217102050781,88.3138435441135,4.20338519028849
620992480,2020,427.398101806641,88.3138435441135,4.83953686822782
620992480,2025,476.667938232422,88.3138435441135,5.39743169477526
620992484,1985,0,13.4711582718856,0
620992484,1990,0,13.4711582718856,0
620992484,1995,0,13.4711582718856,0
620992484,2000,0,13.4711582718856,0
620992484,2005,0,13.4711582718856,0
620992484,2010,0,13.4711582718856,0
620992484,2015,0,13.4711582718856,0
620992484,2020,0,13.4711582718856,0
620992484,2025,0,13.4711582718856,0
620992501,1985,0,10.6602274196086,0
620992501,1990,0,10.6602274196086,0
620992501,1995,0,10.6602274196086,0
620992501,2000,0,10.6602274196086,0
620992501,2005,0,10.6602274196086,0
620992501,2010,0,10.6602274196086,0
620992501,2015,0,10.6602274196086,0
620992501,2020,0,10.6602274196086,0
620992501,2025,0,10.6602274196086,0
620992502,1985,0,23.407774138867,0
620992502,1990,0,23.407774138867,0
620992502,1995,0,23.407774138867,0
620992502,2000,0,23.407774138867,0
620992502,2005,0,23.407774138867,0
620992502,2010,0,23.407774138867,0
620992502,2015,0,23.407774138867,0
620992502,2020,0,23.407774138867,0
620992502,2025,0,23.407774138867,0
620993840,1985,11.6319856643677,14.713509038067,0.790565026620992
620993840,1990,13.42809009552,14.713509038067,0.912636819726596
620993840,1995,15.9939765930176,14.713509038067,1.08702666044094
620993840,2000,18.0319671630859,14.713509038067,1.22553818510821
620993840,2005,20.4267387390137,14.713509038067,1.38829824253108
620993840,2010,23.8989391326904,14.713509038067,1.62428548287555
620993840,2015,27.1887226104736,14.713509038067,1.84787480268171
620993840,2020,31.1338081359863,14.713509038067,2.11600156396659
620993840,2025,35.4372253417969,14.713509038067,2.40848224921146
620993843,1985,38.9959030151367,4.89811636516389,7.96140804095247
620993843,1990,46.0708084106445,4.89811636516389,9.40582153954257
620993843,1995,47.0861434936523,4.89811636516389,9.61311246677105
620993843,2000,48.1822395324707,4.89811636516389,9.83689156001881
620993843,2005,53.2670478820801,4.89811636516389,10.8750066170177
620993843,2010,59.320873260498,4.89811636516389,12.1109563019769
620993843,2015,65.7750091552734,4.89811636516389,13.4286334279591
620993843,2020,73.5789947509766,4.89811636516389,15.0218960240065
620993843,2025,80.2097091674805,4.89811636516389,16.375623441277
620993845,1985,0,7.16534510863079,0
620993845,1990,0,7.16534510863079,0
620993845,1995,0,7.16534510863079,0
620993845,2000,0,7.16534510863079,0
620993845,2005,0,7.16534510863079,0
620993845,2010,0,7.16534510863079,0
620993845,2015,0,7.16534510863079,0
620993845,2020,0,7.16534510863079,0
620993845,2025,0,7.16534510863079,0
620993860,1985,0,43.8155022297047,0
620993860,1990,0,43.8155022297047,0
620993860,1995,0,43.8155022297047,0
620993860,2000,0,43.8155022297047,0
620993860,2005,0,43.8155022297047,0
620993860,2010,0,43.8155022297047,0
620993860,2015,0,43.8155022297047,0
620993860,2020,0,43.8155022297047,0
620993860,2025,0,43.8155022297047,0
620993862,1985,83.4366989135742,12.3065687363052,6.77985072048802
620993862,1990,94.1871185302734,12.3065687363052,7.65340206099975
620993862,1995,104.132919311523,12.3065687363052,8.46157215246556
620993862,2000,113.102592468262,12.3065687363052,9.19042463352123
620993862,2005,125.508934020996,12.3065687363052,10.1985319149712
620993862,2010,140.981658935547,12.3065687363052,11.4558055910127
620993862,2015,154.153610229492,12.3065687363052,12.5261243432321
620993862,2020,173.270553588867,12.3065687363052,14.0795178007422
620993862,2025,187.912521362305,12.3065687363052,15.2692862965085
620993872,1985,0,8.64761593975621,0
620993872,1990,0,8.64761593975621,0
620993872,1995,0,8.64761593975621,0
620993872,2000,0,8.64761593975621,0
620993872,2005,0,8.64761593975621,0
620993872,2010,0,8.64761593975621,0
620993872,2015,0,8.64761593975621,0
620993872,2020,0,8.64761593975621,0
620993872,2025,0,8.64761593975621,0
620993877,1985,0,1.55140248258245,0
620993877,1990,0,1.55140248258245,0
620993877,1995,0,1.55140248258245,0
620993877,2000,0,1.55140248258245,0
620993877,2005,0,1.55140248258245,0
620993877,2010,0,1.55140248258245,0
620993877,2015,0,1.55140248258245,0
620993877,2020,0,1.55140248258245,0
620993877,2025,0,1.55140248258245,0
620993879,1985,0,35.9119661201167,0
620993879,1990,0,35.9119661201167,0
620993879,1995,0,35.9119661201167,0
620993879,2000,0,35.9119661201167,0
620993879,2005,0,35.9119661201167,0
620993879,2010,0,35.9119661201167,0
620993879,2015,0,35.9119661201167,0
620993879,2020,0,35.9119661201167,0
620993879,2025,0,35.9119661201167,0
620993888,1985,0.656673789024353,10.6295287502507,0.0617782598319669
620993888,1990,0.734846472740173,10.6295287502507,0.0691325542275653
620993888,1995,0.834079563617706,10.6295287502507,0.0784681600864038
620993888,2000,0.929382085800171,10.6295287502507,0.0874339876806155
620993888,2005,1.0473804473877,10.6295287502507,0.098534984193254
620993888,2010,1.18290722370148,10.6295287502507,0.111285010981656
620993888,2015,1.31287145614624,10.6295287502507,0.123511727282855
620993888,2020,1.49837219715118,10.6295287502507,0.140963182127509
620993888,2025,1.62467169761658,10.6295287502507,0.152845129430432
620995221,1985,0,12.9550396530407,0
620995221,1990,0,12.9550396530407,0
620995221,1995,0,12.9550396530407,0
620995221,2000,0,12.9550396530407,0
620995221,2005,0,12.9550396530407,0
620995221,2010,0,12.9550396530407,0
620995221,2015,0,12.9550396530407,0
620995221,2020,0,12.9550396530407,0
620995221,2025,0,12.9550396530407,0
620995238,1985,0,6.47222939182006,0
620995238,1990,0,6.47222939182006,0
620995238,1995,0,6.47222939182006,0
620995238,2000,0,6.47222939182006,0
620995238,2005,0,6.47222939182006,0
620995238,2010,0,6.47222939182006,0
620995238,2015,0,6.47222939182006,0
620995238,2020,0,6.47222939182006,0
620995238,2025,0,6.47222939182006,0
620995248,1985,0.00029383334913291,6.79760509761982e-05,4.32260104718052
620995248,1990,0.00040571196586825,6.79760509761982e-05,5.96845447833252
620995248,1995,0.000452719104941934,6.79760509761982e-05,6.65997948454602
620995248,2000,0.000486941920826212,6.79760509761982e-05,7.16343350096513
620995248,2005,0.000336972996592522,6.79760509761982e-05,4.95723113880965
620995248,2010,0.000717926304787397,6.79760509761982e-05,10.5614594328049
620995248,2015,0.000525718613062054,6.79760509761982e-05,7.73387988140315
620995248,2020,0.000730118481442332,6.79760509761982e-05,10.7408193173502
620995248,2025,0.000633328862022609,6.79760509761982e-05,9.31694108332902
620995253,1985,94.3728179931641,26.9082272321298,3.50721053375371
620995253,1990,111.655128479004,26.9082272321298,4.1494791728859
620995253,1995,130.281021118164,26.9082272321298,4.84167983250126
620995253,2000,149.497955322266,26.9082272321298,5.55584557959126
620995253,2005,174.514831542969,26.9082272321298,6.48555663059769
620995253,2010,204.514144897461,26.9082272321298,7.60043176137819
620995253,2015,235.64665222168,26.9082272321298,8.75742018189535
620995253,2020,271.150817871094,26.9082272321298,10.0768740925201
620995253,2025,302.487731933594,26.9082272321298,11.2414589532085
620995255,1985,0.149701088666916,8.89003083053044,0.016839209168185
620995255,1990,0.170303001999855,8.89003083053044,0.0191566267031375
620995255,1995,0.199013888835907,8.89003083053044,0.0223861865756918
620995255,2000,0.228982478380203,8.89003083053044,0.02575721982806
620995255,2005,0.265259951353073,8.89003083053044,0.0298379112974624
620995255,2010,0.308025270700455,8.89003083053044,0.0346483917291517
620995255,2015,0.351809233427048,8.89003083053044,0.0395734548207474
620995255,2020,0.40542671084404,8.89003083053044,0.0456046462124417
620995255,2025,0.452279090881348,8.89003083053044,0.0508748619102777
620995261,1985,0,5.3292886311331,0
620995261,1990,0,5.3292886311331,0
620995261,1995,0,5.3292886311331,0
620995261,2000,0,5.3292886311331,0
620995261,2005,0,5.3292886311331,0
620995261,2010,0,5.3292886311331,0
620995261,2015,0,5.3292886311331,0
620995261,2020,0,5.3292886311331,0
620995261,2025,0,5.3292886311331,0
620995264,1985,1.81981182098389,38.4108727983741,0.0473775180932863
620995264,1990,2.06583428382874,38.4108727983741,0.0537825395083494
620995264,1995,2.41086578369141,38.4108727983741,0.0627651914171932
620995264,2000,2.76647758483887,38.4108727983741,0.0720232940126258
620995264,2005,3.20556306838989,38.4108727983741,0.0834545750943099
620995264,2010,3.72736406326294,38.4108727983741,0.0970392962125224
620995264,2015,4.20173597335815,38.4108727983741,0.109389234538196
620995264,2020,4.89551115036011,38.4108727983741,0.12745118227481
620995264,2025,5.46710062026978,38.4108727983741,0.142332111247969
620996577,1985,274.685241699219,5.30421220116971,51.7862467189084
620996577,1990,322.155517578125,5.30421220116971,60.7357898515225
620996577,1995,333.201873779297,5.30421220116971,62.8183528754407
620996577,2000,337.308807373047,5.30421220116971,63.5926306452563
620996577,2005,351.159851074219,5.30421220116971,66.2039597504752
620996577,2010,367.501953125,5.30421220116971,69.2849266181238
620996577,2015,379.108215332031,5.30421220116971,71.4730483913198
620996577,2020,401.31396484375,5.30421220116971,75.6594852587629
620996577,2025,410.553344726562,5.30421220116971,77.4013801024072
620996578,1985,1997.40197753906,10.9348199427374,182.664368320548
620996578,1990,2253.52709960938,10.9348199427374,206.087261739147
620996578,1995,2380.25512695312,10.9348199427374,217.676664034511
620996578,2000,2488.12231445312,10.9348199427374,227.541224042345
620996578,2005,2615.1357421875,10.9348199427374,239.156726483127
620996578,2010,2766.05395507812,10.9348199427374,252.958344953384
620996578,2015,2882.00561523438,10.9348199427374,263.5622379085
620996578,2020,3026.89721679688,10.9348199427374,276.812716866659
620996578,2025,3104.13403320312,10.9348199427374,283.876099419889
620996597,1985,0,6.41202138222156,0
620996597,1990,0,6.41202138222156,0
620996597,1995,0,6.41202138222156,0
620996597,2000,0,6.41202138222156,0
620996597,2005,0,6.41202138222156,0
620996597,2010,0,6.41202138222156,0
620996597,2015,0,6.41202138222156,0
620996597,2020,0,6.41202138222156,0
620996597,2025,0,6.41202138222156,0
620996614,1985,0,8.09954522743766,0
620996614,1990,0,8.09954522743766,0
620996614,1995,0,8.09954522743766,0
620996614,2000,0,8.09954522743766,0
620996614,2005,0,8.09954522743766,0
620996614,2010,0,8.09954522743766,0
620996614,2015,0,8.09954522743766,0
620996614,2020,0,8.09954522743766,0
620996614,2025,0,8.09954522743766,0
620996631,1985,38.9683074951172,28.3563685805579,1.374234764385
620996631,1990,43.8403968811035,28.3563685805579,1.5460511721223
620996631,1995,51.2152214050293,28.3563685805579,1.80612765204865
620996631,2000,58.719165802002,28.3563685805579,2.07075760195407
620996631,2005,68.1118774414062,28.3563685805579,2.40199577205757
620996631,2010,79.4438400268555,28.3563685805579,2.80162249270962
620996631,2015,91.1524963378906,28.3563685805579,3.21453348580001
620996631,2020,104.497406005859,28.3563685805579,3.68514768416102
620996631,2025,116.510032653809,28.3563685805579,4.10877832691496
620997971,1985,43.9113655090332,36.3329690017691,1.20858181193216
620997971,1990,50.8388824462891,36.3329690017691,1.39924932762345
620997971,1995,57.643310546875,36.3329690017691,1.58652904319678
620997971,2000,64.3517303466797,36.3329690017691,1.77116630197621
620997971,2005,73.6300354003906,36.3329690017691,2.02653505681866
620997971,2010,84.6119689941406,36.3329690017691,2.3287931407428
620997971,2015,95.7771530151367,36.3329690017691,2.63609486498263
620997971,2020,108.444351196289,36.3329690017691,2.98473684303115
620997971,2025,119.633911132812,36.3329690017691,3.29270947075609
620997989,1985,0.590386211872101,8.2597504595498,0.0714774876993415
620997989,1990,0.676010549068451,8.2597504595498,0.0818439433950281
620997989,1995,0.788916528224945,8.2597504595498,0.095513361098314
620997989,2000,0.840949714183807,8.2597504595498,0.101812968600221
620997989,2005,1.03472995758057,8.2597504595498,0.125273755260273
620997989,2010,1.28154325485229,8.2597504595498,0.155155202463846
620997989,2015,1.3386994600296,8.2597504595498,0.162075048947976
620997989,2020,1.6523756980896,8.2597504595498,0.200051527728558
620997989,2025,1.97246861457825,8.2597504595498,0.238804867560824
620999353,1985,5021.77734375,28.2129295239445,177.995600899509
620999353,1990,5510.126953125,28.2129295239445,195.305026670432
620999353,1995,5880.57470703125,28.2129295239445,208.435451626545
620999353,2000,6158.97607421875,28.2129295239445,218.303316179612
620999353,2005,6496.046875,28.2129295239445,230.250703652975
620999353,2010,6878.19873046875,28.2129295239445,243.795977465977
620999353,2015,7177.16455078125,28.2129295239445,254.392743748569
620999353,2020,7479.45849609375,28.2129295239445,265.107474562182
620999353,2025,7637.8388671875,28.2129295239445,270.721225908328
620999365,1985,10.79163646698,16.2968179739255,0.66219285778649
620999365,1990,12.3259553909302,16.2968179739255,0.756341232420425
620999365,1995,14.3846130371094,16.2968179739255,0.882663907771711
620999365,2000,16.5658073425293,16.2968179739255,1.01650563742162
620999365,2005,19.3913898468018,16.2968179739255,1.18988810440342
620999365,2010,22.7727584838867,16.2968179739255,1.39737453779766
620999365,2015,26.5156002044678,16.2968179739255,1.62704156399685
620999365,2020,30.5798568725586,16.2968179739255,1.87643114879761
620999365,2025,33.9945106506348,16.2968179739255,2.08596001409754
620999387,1985,0,27.9615142010679,0
620999387,1990,0,27.9615142010679,0
620999387,1995,0,27.9615142010679,0
620999387,2000,0,27.9615142010679,0
620999387,2005,0,27.9615142010679,0
620999387,2010,0,27.9615142010679,0
620999387,2015,0,27.9615142010679,0
620999387,2020,0,27.9615142010679,0
620999387,2025,0,27.9615142010679,0
621000736,1985,0,9.92629376533042,0
621000736,1990,0,9.92629376533042,0
621000736,1995,0,9.92629376533042,0
621000736,2000,0,9.92629376533042,0
621000736,2005,0,9.92629376533042,0
621000736,2010,0,9.92629376533042,0
621000736,2015,0,9.92629376533042,0
621000736,2020,0,9.92629376533042,0
621000736,2025,0,9.92629376533042,0
621000737,1985,0,2.51783688875241,0
621000737,1990,0,2.51783688875241,0
621000737,1995,0,2.51783688875241,0
621000737,2000,0,2.51783688875241,0
621000737,2005,0,2.51783688875241,0
621000737,2010,0,2.51783688875241,0
621000737,2015,0,2.51783688875241,0
621000737,2020,0,2.51783688875241,0
621000737,2025,0,2.51783688875241,0
621000741,1985,0,40.5147682017152,0
621000741,1990,0,40.5147682017152,0
621000741,1995,0,40.5147682017152,0
621000741,2000,0,40.5147682017152,0
621000741,2005,0,40.5147682017152,0
621000741,2010,0,40.5147682017152,0
621000741,2015,0,40.5147682017152,0
621000741,2020,0,40.5147682017152,0
621000741,2025,0,40.5147682017152,0
621002080,1985,6468.83935546875,14.4541528598933,447.541922253928
621002080,1990,7071.48046875,14.4541528598933,489.235207161231
621002080,1995,7194.0498046875,14.4541528598933,497.715077073054
621002080,2000,7203.53173828125,14.4541528598933,498.37107771769
621002080,2005,7716.263671875,14.4541528598933,533.844061749598
621002080,2010,8285.837890625,14.4541528598933,573.249637729801
621002080,2015,8751.576171875,14.4541528598933,605.47140027545
621002080,2020,9289.2451171875,14.4541528598933,642.66963323481
621002080,2025,9541.6767578125,14.4541528598933,660.133931770453
621002112,1985,0,18.4440233191278,0
621002112,1990,0,18.4440233191278,0
621002112,1995,0,18.4440233191278,0
621002112,2000,0,18.4440233191278,0
621002112,2005,0,18.4440233191278,0
621002112,2010,0,18.4440233191278,0
621002112,2015,0,18.4440233191278,0
621002112,2020,0,18.4440233191278,0
621002112,2025,0,18.4440233191278,0
621002113,1985,0,5.84071068891131,0
621002113,1990,0,5.84071068891131,0
621002113,1995,0,5.84071068891131,0
621002113,2000,0,5.84071068891131,0
621002113,2005,0,5.84071068891131,0
621002113,2010,0,5.84071068891131,0
621002113,2015,0,5.84071068891131,0
621002113,2020,0,5.84071068891131,0
621002113,2025,0,5.84071068891131,0
621002132,1985,0,16.8300508462095,0
621002132,1990,0,16.8300508462095,0
621002132,1995,0,16.8300508462095,0
621002132,2000,0,16.8300508462095,0
621002132,2005,0,16.8300508462095,0
621002132,2010,0,16.8300508462095,0
621002132,2015,0,16.8300508462095,0
621002132,2020,0,16.8300508462095,0
621002132,2025,0,16.8300508462095,0
621003488,1985,0,22.9415292069908,0
621003488,1990,0,22.9415292069908,0
621003488,1995,0,22.9415292069908,0
621003488,2000,0,22.9415292069908,0
621003488,2005,0,22.9415292069908,0
621003488,2010,0,22.9415292069908,0
621003488,2015,0,22.9415292069908,0
621003488,2020,0,22.9415292069908,0
621003488,2025,0,22.9415292069908,0
621003489,1985,0,22.3220134539865,0
621003489,1990,0,22.3220134539865,0
621003489,1995,0,22.3220134539865,0
621003489,2000,0,22.3220134539865,0
621003489,2005,0,22.3220134539865,0
621003489,2010,0,22.3220134539865,0
621003489,2015,0,22.3220134539865,0
621003489,2020,0,22.3220134539865,0
621003489,2025,0,22.3220134539865,0
621003490,1985,0,9.74028569891196,0
621003490,1990,0,9.74028569891196,0
621003490,1995,0,9.74028569891196,0
621003490,2000,0,9.74028569891196,0
621003490,2005,0,9.74028569891196,0
621003490,2010,0,9.74028569891196,0
621003490,2015,0,9.74028569891196,0
621003490,2020,0,9.74028569891196,0
621003490,2025,0,9.74028569891196,0
621003495,1985,146.546249389648,27.6216500455788,5.30548497819033
621003495,1990,181.45915222168,27.6216500455788,6.56945374089716
621003495,1995,213.986373901367,27.6216500455788,7.74705253119441
621003495,2000,246.832397460938,27.6216500455788,8.93619306064761
621003495,2005,286.775817871094,27.6216500455788,10.3822840922929
621003495,2010,334.443695068359,27.6216500455788,12.108027381293
621003495,2015,385.515960693359,27.6216500455788,13.957021396521
621003495,2020,445.086029052734,27.6216500455788,16.1136654876987
621003495,2025,498.079498291016,27.6216500455788,18.0322137696021
621003506,1985,0,21.6978345413458,0
621003506,1990,0,21.6978345413458,0
621003506,1995,0,21.6978345413458,0
621003506,2000,0,21.6978345413458,0
621003506,2005,0,21.6978345413458,0
621003506,2010,0,21.6978345413458,0
621003506,2015,0,21.6978345413458,0
621003506,2020,0,21.6978345413458,0
621003506,2025,0,21.6978345413458,0
621003508,1985,0.323366612195969,14.7446359042376,0.0219311357904086
621003508,1990,0.375720083713531,14.7446359042376,0.0254818149565531
621003508,1995,0.423599094152451,14.7446359042376,0.0287290304693592
621003508,2000,0.500590741634369,14.7446359042376,0.0339507021323259
621003508,2005,0.575397193431854,14.7446359042376,0.0390241710388037
621003508,2010,0.668387949466705,14.7446359042376,0.0453309226357099
621003508,2015,0.78177797794342,14.7446359042376,0.0530211788897912
621003508,2020,0.894724249839783,14.7446359042376,0.060681339006997
621003508,2025,1.00027096271515,14.7446359042376,0.0678396516001911
621003517,1985,0,12.2165409303251,0
621003517,1990,0,12.2165409303251,0
621003517,1995,0,12.2165409303251,0
621003517,2000,0,12.2165409303251,0
621003517,2005,0,12.2165409303251,0
621003517,2010,0,12.2165409303251,0
621003517,2015,0,12.2165409303251,0
621003517,2020,0,12.2165409303251,0
621003517,2025,0,12.2165409303251,0
621004837,1985,50.3882827758789,11.4604962784849,4.39669291376798
621004837,1990,60.5358772277832,11.4604962784849,5.28213401555994
621004837,1995,51.0116500854492,11.4604962784849,4.45108561146822
621004837,2000,44.4777870178223,11.4604962784849,3.88096518135271
621004837,2005,45.1016426086426,11.4604962784849,3.93540048464682
621004837,2010,46.109447479248,11.4604962784849,4.02333776468394
621004837,2015,46.2136116027832,11.4604962784849,4.03242673613893
621004837,2020,47.6331977844238,11.4604962784849,4.15629451176969
621004837,2025,49.7950325012207,11.4604962784849,4.34492811578345
621004866,1985,0,18.4181362450281,0
621004866,1990,0,18.4181362450281,0
621004866,1995,0,18.4181362450281,0
621004866,2000,0,18.4181362450281,0
621004866,2005,0,18.4181362450281,0
621004866,2010,0,18.4181362450281,0
621004866,2015,0,18.4181362450281,0
621004866,2020,0,18.4181362450281,0
621004866,2025,0,18.4181362450281,0
621004868,1985,0,15.5932596770865,0
621004868,1990,0,15.5932596770865,0
621004868,1995,0,15.5932596770865,0
621004868,2000,0,15.5932596770865,0
621004868,2005,0,15.5932596770865,0
621004868,2010,0,15.5932596770865,0
621004868,2015,0,15.5932596770865,0
621004868,2020,0,15.5932596770865,0
621004868,2025,0,15.5932596770865,0
621004871,1985,0,19.1327550632461,0
621004871,1990,0,19.1327550632461,0
621004871,1995,0,19.1327550632461,0
621004871,2000,0,19.1327550632461,0
621004871,2005,0,19.1327550632461,0
621004871,2010,0,19.1327550632461,0
621004871,2015,0,19.1327550632461,0
621004871,2020,0,19.1327550632461,0
621004871,2025,0,19.1327550632461,0
621004879,1985,0.00945903267711401,2.03478673203633,0.004648660485243
621004879,1990,0.00969632621854544,2.03478673203633,0.00476527886971318
621004879,1995,0.0113491294905543,2.03478673203633,0.00557755233601146
621004879,2000,0.0130639169365168,2.03478673203633,0.00642028804829239
621004879,2005,0.0152352675795555,2.03478673203633,0.00748740265487613
621004879,2010,0.0177869834005833,2.03478673203633,0.00874144848722442
621004879,2015,0.0204135272651911,2.03478673203633,0.010032268710914
621004879,2020,0.0230645593255758,2.03478673203633,0.0113351237072859
621004879,2025,0.0257299728691578,2.03478673203633,0.0126450465122742
621004884,1985,0,16.1926329620702,0
621004884,1990,0,16.1926329620702,0
621004884,1995,0,16.1926329620702,0
621004884,2000,0,16.1926329620702,0
621004884,2005,0,16.1926329620702,0
621004884,2010,0,16.1926329620702,0
621004884,2015,0,16.1926329620702,0
621004884,2020,0,16.1926329620702,0
621004884,2025,0,16.1926329620702,0
621004893,1985,34.9750633239746,12.2810054726347,2.84789900972753
621004893,1990,39.4758796691895,12.2810054726347,3.21438499129018
621004893,1995,46.0690650939941,12.2810054726347,3.75124538431713
621004893,2000,52.8644256591797,12.2810054726347,4.30456820306576
621004893,2005,61.5412673950195,12.2810054726347,5.01109355680606
621004893,2010,71.8141326904297,12.2810054726347,5.84757761491522
621004893,2015,82.519287109375,12.2810054726347,6.71926148825924
621004893,2020,94.4686737060547,12.2810054726347,7.69225890474163
621004893,2025,105.385780334473,12.2810054726347,8.5812013168873
621006213,1985,704.665771484375,25.8943699563685,27.2130881219247
621006213,1990,854.181640625,25.8943699563685,32.9871567473656
621006213,1995,764.741271972656,25.8943699563685,29.5331098328027
621006213,2000,695.99755859375,25.8943699563685,26.878335320245
621006213,2005,712.09716796875,25.8943699563685,27.5000770116678
621006213,2010,735.605407714844,25.8943699563685,28.4079284012056
621006213,2015,753.172485351562,25.8943699563685,29.0863414178698
621006213,2020,779.232788085938,25.8943699563685,30.0927494817959
621006213,2025,797.156127929688,25.8943699563685,30.7849207867533
621006247,1985,0,1.83112922311774,0
621006247,1990,0,1.83112922311774,0
621006247,1995,0,1.83112922311774,0
621006247,2000,0,1.83112922311774,0
621006247,2005,0,1.83112922311774,0
621006247,2010,0,1.83112922311774,0
621006247,2015,0,1.83112922311774,0
621006247,2020,0,1.83112922311774,0
621006247,2025,0,1.83112922311774,0
621007616,1985,112.623558044434,4.88929528316818,23.034722086054
621007616,1990,125.536842346191,4.88929528316818,25.6758561460509
621007616,1995,151.136459350586,4.88929528316818,30.9117062065951
621007616,2000,201.863342285156,4.88929528316818,41.2867970932515
621007616,2005,240.624313354492,4.88929528316818,49.2145185386659
621007616,2010,285.386077880859,4.88929528316818,58.3695729859731
621007616,2015,333.852081298828,4.88929528316818,68.2822496829231
621007616,2020,373.869659423828,4.88929528316818,76.466983025326
621007616,2025,408.040069580078,4.88929528316818,83.4558041492791
621007620,1985,0,15.6719985221734,0
621007620,1990,0,15.6719985221734,0
621007620,1995,0,15.6719985221734,0
621007620,2000,0,15.6719985221734,0
621007620,2005,0,15.6719985221734,0
621007620,2010,0,15.6719985221734,0
621007620,2015,0,15.6719985221734,0
621007620,2020,0,15.6719985221734,0
621007620,2025,0,15.6719985221734,0
621007623,1985,0,9.46797191979468,0
621007623,1990,0,9.46797191979468,0
621007623,1995,0,9.46797191979468,0
621007623,2000,0,9.46797191979468,0
621007623,2005,0,9.46797191979468,0
621007623,2010,0,9.46797191979468,0
621007623,2015,0,9.46797191979468,0
621007623,2020,0,9.46797191979468,0
621007623,2025,0,9.46797191979468,0
621007626,1985,2.94957995414734,28.1912336849246,0.104627558591898
621007626,1990,3.40500640869141,28.1912336849246,0.120782454813684
621007626,1995,3.97370386123657,28.1912336849246,0.140955302121508
621007626,2000,4.55984020233154,28.1912336849246,0.161746742029595
621007626,2005,5.41796922683716,28.1912336849246,0.192186311794309
621007626,2010,6.43705940246582,28.1912336849246,0.228335498701785
621007626,2015,7.47854137420654,28.1912336849246,0.265278967844736
621007626,2020,8.64668083190918,28.1912336849246,0.30671523383998
621007626,2025,9.64591979980469,28.1912336849246,0.34216025831331
621007643,1985,0,12.0875785496688,0
621007643,1990,0,12.0875785496688,0
621007643,1995,0,12.0875785496688,0
621007643,2000,0,12.0875785496688,0
621007643,2005,0,12.0875785496688,0
621007643,2010,0,12.0875785496688,0
621007643,2015,0,12.0875785496688,0
621007643,2020,0,12.0875785496688,0
621007643,2025,0,12.0875785496688,0
621008992,1985,54.9533920288086,25.2672917292142,2.17488255637905
621008992,1990,67.7306900024414,25.2672917292142,2.68056785540379
621008992,1995,122.41951751709,25.2672917292142,4.84497977975011
621008992,2000,190.201385498047,25.2672917292142,7.52757309870829
621008992,2005,216.695846557617,25.2672917292142,8.57614060422125
621008992,2010,249.361358642578,25.2672917292142,9.86893891577092
621008992,2015,279.224884033203,25.2672917292142,11.0508433996653
621008992,2020,311.841735839844,25.2672917292142,12.341715890322
621008992,2025,356.568359375,25.2672917292142,14.1118550890333
621008999,1985,0,8.93505508009798,0
621008999,1990,0,8.93505508009798,0
621008999,1995,0,8.93505508009798,0
621008999,2000,0,8.93505508009798,0
621008999,2005,0,8.93505508009798,0
621008999,2010,0,8.93505508009798,0
621008999,2015,0,8.93505508009798,0
621008999,2020,0,8.93505508009798,0
621008999,2025,0,8.93505508009798,0
621009002,1985,0,25.4378946945057,0
621009002,1990,0,25.4378946945057,0
621009002,1995,0,25.4378946945057,0
621009002,2000,0,25.4378946945057,0
621009002,2005,0,25.4378946945057,0
621009002,2010,0,25.4378946945057,0
621009002,2015,0,25.4378946945057,0
621009002,2020,0,25.4378946945057,0
621009002,2025,0,25.4378946945057,0
621009018,1985,0,14.0349494099893,0
621009018,1990,0,14.0349494099893,0
621009018,1995,0,14.0349494099893,0
621009018,2000,0,14.0349494099893,0
621009018,2005,0,14.0349494099893,0
621009018,2010,0,14.0349494099893,0
621009018,2015,0,14.0349494099893,0
621009018,2020,0,14.0349494099893,0
621009018,2025,0,14.0349494099893,0
621009019,1985,75.1879959106445,29.0506399437528,2.58817003880885
621009019,1990,87.0854339599609,29.0506399437528,2.9977113801477
621009019,1995,98.8485794067383,29.0506399437528,3.40263001428288
621009019,2000,110.127128601074,29.0506399437528,3.79086756141345
621009019,2005,124.853324890137,29.0506399437528,4.29778225649676
621009019,2010,141.901916503906,29.0506399437528,4.88463995211994
621009019,2015,158.834884643555,29.0506399437528,5.46751758140569
621009019,2020,176.887191772461,29.0506399437528,6.08892582452387
621009019,2025,191.836990356445,29.0506399437528,6.60353750305935
621011733,1985,206.52653503418,19.331098899071,10.6836417377237
621011733,1990,239.177703857422,19.331098899071,12.3726905079833
621011733,1995,273.971038818359,19.331098899071,14.1725537823163
621011733,2000,307.673767089844,19.331098899071,15.9159998454423
621011733,2005,356.521301269531,19.331098899071,18.4428884840409
621011733,2010,414.928558349609,19.331098899071,21.4643027029131
621011733,2015,474.716949462891,19.331098899071,24.5571631463592
621011733,2020,547.8359375,19.331098899071,28.3396169229846
621011733,2025,608.221923828125,19.331098899071,31.4633910365724
621011746,1985,0,8.09456150023663,0
621011746,1990,0,8.09456150023663,0
621011746,1995,0,8.09456150023663,0
621011746,2000,0,8.09456150023663,0
621011746,2005,0,8.09456150023663,0
621011746,2010,0,8.09456150023663,0
621011746,2015,0,8.09456150023663,0
621011746,2020,0,8.09456150023663,0
621011746,2025,0,8.09456150023663,0
621011775,1985,0,19.2597845278986,0
621011775,1990,0,19.2597845278986,0
621011775,1995,0,19.2597845278986,0
621011775,2000,0,19.2597845278986,0
621011775,2005,0,19.2597845278986,0
621011775,2010,0,19.2597845278986,0
621011775,2015,0,19.2597845278986,0
621011775,2020,0,19.2597845278986,0
621011775,2025,0,19.2597845278986,0
621011778,1985,0,1.32459159488966,0
621011778,1990,0,1.32459159488966,0
621011778,1995,0,1.32459159488966,0
621011778,2000,0,1.32459159488966,0
621011778,2005,0,1.32459159488966,0
621011778,2010,0,1.32459159488966,0
621011778,2015,0,1.32459159488966,0
621011778,2020,0,1.32459159488966,0
621011778,2025,0,1.32459159488966,0
621013109,1985,613.49853515625,17.0563448038785,35.9689336848271
621013109,1990,751.440490722656,17.0563448038785,44.0563613929629
621013109,1995,862.8232421875,17.0563448038785,50.5866439796234
621013109,2000,966.902465820312,17.0563448038785,56.6887265084161
621013109,2005,1127.06188964844,17.0563448038785,66.0787468011406
621013109,2010,1313.28234863281,17.0563448038785,76.9967049642536
621013109,2015,1507.57385253906,17.0563448038785,88.3878621049131
621013109,2020,1723.62548828125,17.0563448038785,101.054798557386
621013109,2025,1915.572265625,17.0563448038785,112.308486234953
621013122,1985,0,7.26034453837253,0
621013122,1990,0,7.26034453837253,0
621013122,1995,0,7.26034453837253,0
621013122,2000,0,7.26034453837253,0
621013122,2005,0,7.26034453837253,0
621013122,2010,0,7.26034453837253,0
621013122,2015,0,7.26034453837253,0
621013122,2020,0,7.26034453837253,0
621013122,2025,0,7.26034453837253,0
621013142,1985,0,4.73268849734755,0
621013142,1990,0,4.73268849734755,0
621013142,1995,0,4.73268849734755,0
621013142,2000,0,4.73268849734755,0
621013142,2005,0,4.73268849734755,0
621013142,2010,0,4.73268849734755,0
621013142,2015,0,4.73268849734755,0
621013142,2020,0,4.73268849734755,0
621013142,2025,0,4.73268849734755,0
621013154,1985,55.650707244873,20.2171653548187,2.75264639073691
621013154,1990,63.7495002746582,20.2171653548187,3.15323632941764
621013154,1995,72.5519332885742,20.2171653548187,3.5886303552086
621013154,2000,81.1596527099609,20.2171653548187,4.01439327846308
621013154,2005,91.4831008911133,20.2171653548187,4.5250211533393
621013154,2010,104.00993347168,20.2171653548187,5.14463485094309
621013154,2015,115.723342895508,20.2171653548187,5.7240142653295
621013154,2020,128.271133422852,20.2171653548187,6.34466460414433
621013154,2025,140.051483154297,20.2171653548187,6.92735508150334
621014469,1985,387.127563476562,26.7805127414757,14.4555695110724
621014469,1990,453.217193603516,26.7805127414757,16.9233949319277
621014469,1995,419.385681152344,26.7805127414757,15.6601064811888
621014469,2000,389.614196777344,26.7805127414757,14.5484218520558
621014469,2005,411.393005371094,26.7805127414757,15.3616552954925
621014469,2010,436.396118164062,26.7805127414757,16.295286142457
621014469,2015,455.925109863281,26.7805127414757,17.0245101079479
621014469,2020,478.230224609375,26.7805127414757,17.8573961307592
621014469,2025,487.675445556641,26.7805127414757,18.2100862020227
621014498,1985,0,40.1988918868671,0
621014498,1990,0,40.1988918868671,0
621014498,1995,0,40.1988918868671,0
621014498,2000,0,40.1988918868671,0
621014498,2005,0,40.1988918868671,0
621014498,2010,0,40.1988918868671,0
621014498,2015,0,40.1988918868671,0
621014498,2020,0,40.1988918868671,0
621014498,2025,0,40.1988918868671,0
621014508,1985,0,2.01175830428257,0
621014508,1990,0,2.01175830428257,0
621014508,1995,0,2.01175830428257,0
621014508,2000,0,2.01175830428257,0
621014508,2005,0,2.01175830428257,0
621014508,2010,0,2.01175830428257,0
621014508,2015,0,2.01175830428257,0
621014508,2020,0,2.01175830428257,0
621014508,2025,0,2.01175830428257,0
621015845,1985,62.3300399780273,16.4787065892768,3.78245948129129
621015845,1990,75.0595397949219,16.4787065892768,4.55494121387933
621015845,1995,69.2309265136719,16.4787065892768,4.20123546339022
621015845,2000,60.7266502380371,16.4787065892768,3.68515877802895
621015845,2005,69.7548446655273,16.4787065892768,4.2330291086631
621015845,2010,74.3306884765625,16.4787065892768,4.51071132760696
621015845,2015,81.0059127807617,16.4787065892768,4.91579313836892
621015845,2020,82.4160919189453,16.4787065892768,5.00136897713658
621015845,2025,83.6309814453125,16.4787065892768,5.0750937879878
621015859,1985,0,0.149462205838157,0
621015859,1990,0,0.149462205838157,0
621015859,1995,0,0.149462205838157,0
621015859,2000,0,0.149462205838157,0
621015859,2005,0,0.149462205838157,0
621015859,2010,0,0.149462205838157,0
621015859,2015,0,0.149462205838157,0
621015859,2020,0,0.149462205838157,0
621015859,2025,0,0.149462205838157,0
621015873,1985,0,12.1515396221222,0
621015873,1990,0,12.1515396221222,0
621015873,1995,0,12.1515396221222,0
621015873,2000,0,12.1515396221222,0
621015873,2005,0,12.1515396221222,0
621015873,2010,0,12.1515396221222,0
621015873,2015,0,12.1515396221222,0
621015873,2020,0,12.1515396221222,0
621015873,2025,0,12.1515396221222,0
621017221,1985,0.636492311954498,9.8301421702015,0.0647490444119845
621017221,1990,0.711656928062439,9.8301421702015,0.0723953851064039
621017221,1995,0.640219449996948,9.8301421702015,0.065128198444339
621017221,2000,0.580601632595062,9.8301421702015,0.0590634013773537
621017221,2005,0.601200759410858,9.8301421702015,0.061158907877579
621017221,2010,0.619723677635193,9.8301421702015,0.0630432059786262
621017221,2015,0.630279242992401,9.8301421702015,0.0641170017767385
621017221,2020,0.655705451965332,9.8301421702015,0.0667035573455894
621017221,2025,0.669296145439148,9.8301421702015,0.0680861104397871
621017241,1985,0,6.95996596055507,0
621017241,1990,0,6.95996596055507,0
621017241,1995,0,6.95996596055507,0
621017241,2000,0,6.95996596055507,0
621017241,2005,0,6.95996596055507,0
621017241,2010,0,6.95996596055507,0
621017241,2015,0,6.95996596055507,0
621017241,2020,0,6.95996596055507,0
621017241,2025,0,6.95996596055507,0
621017249,1985,0,6.55783387627536,0
621017249,1990,0,6.55783387627536,0
621017249,1995,0,6.55783387627536,0
621017249,2000,0,6.55783387627536,0
621017249,2005,0,6.55783387627536,0
621017249,2010,0,6.55783387627536,0
621017249,2015,0,6.55783387627536,0
621017249,2020,0,6.55783387627536,0
621017249,2025,0,6.55783387627536,0
621017267,1985,13.5842142105103,12.1900324797534,1.11437063298006
621017267,1990,15.6747045516968,12.1900324797534,1.28586241076315
621017267,1995,16.9665641784668,12.1900324797534,1.39183912812758
621017267,2000,17.9429016113281,12.1900324797534,1.4719322234071
621017267,2005,19.0815353393555,12.1900324797534,1.565339171249
621017267,2010,20.6799468994141,12.1900324797534,1.69646364222259
621017267,2015,21.9601135253906,12.1900324797534,1.80148113320162
621017267,2020,24.00465965271,12.1900324797534,1.96920391250636
621017267,2025,26.2557525634766,12.1900324797534,2.15387059936757
621017274,1985,0,9.95288446545157,0
621017274,1990,0,9.95288446545157,0
621017274,1995,0,9.95288446545157,0
621017274,2000,0,9.95288446545157,0
621017274,2005,0,9.95288446545157,0
621017274,2010,0,9.95288446545157,0
621017274,2015,0,9.95288446545157,0
621017274,2020,0,9.95288446545157,0
621017274,2025,0,9.95288446545157,0
621018597,1985,1.52695453166962,5.35390334588894,0.285203977924276
621018597,1990,1.73349523544312,5.35390334588894,0.323781570837322
621018597,1995,1.96075403690338,5.35390334588894,0.366228882037807
621018597,2000,1.95087254047394,5.35390334588894,0.364383219949598
621018597,2005,1.97601521015167,5.35390334588894,0.369079358085345
621018597,2010,2.05546903610229,5.35390334588894,0.383919713022203
621018597,2015,2.23947644233704,5.35390334588894,0.418288545320237
621018597,2020,3.01165103912354,5.35390334588894,0.562515018399813
621018597,2025,2.94491720199585,5.35390334588894,0.550050498064583
621018617,1985,0,14.1860636034808,0
621018617,1990,0,14.1860636034808,0
621018617,1995,0,14.1860636034808,0
621018617,2000,0,14.1860636034808,0
621018617,2005,0,14.1860636034808,0
621018617,2010,0,14.1860636034808,0
621018617,2015,0,14.1860636034808,0
621018617,2020,0,14.1860636034808,0
621018617,2025,0,14.1860636034808,0
621018625,1985,0,6.07096035773226,0
621018625,1990,0,6.07096035773226,0
621018625,1995,0,6.07096035773226,0
621018625,2000,0,6.07096035773226,0
621018625,2005,0,6.07096035773226,0
621018625,2010,0,6.07096035773226,0
621018625,2015,0,6.07096035773226,0
621018625,2020,0,6.07096035773226,0
621018625,2025,0,6.07096035773226,0
621018633,1985,0.00174708792474121,10.2619682958687,0.000170248813324102
621018633,1990,0.00213569845072925,10.2619682958687,0.000208117818059235
621018633,1995,0.00249445205554366,10.2619682958687,0.000243077349649178
621018633,2000,0.00286082224920392,10.2619682958687,0.000278779096438607
621018633,2005,0.00333344470709562,10.2619682958687,0.00032483482807461
621018633,2010,0.00388665543869138,10.2619682958687,0.000378743660731837
621018633,2015,0.00436107954010367,10.2619682958687,0.000424974957470816
621018633,2020,0.00511593651026487,10.2619682958687,0.000498533649955287
621018633,2025,0.00557630136609077,10.2619682958687,0.000543394912683143
621018643,1985,0,0.000610192750378279,0
621018643,1990,0,0.000610192750378279,0
621018643,1995,0,0.000610192750378279,0
621018643,2000,0,0.000610192750378279,0
621018643,2005,0,0.000610192750378279,0
621018643,2010,0,0.000610192750378279,0
621018643,2015,0,0.000610192750378279,0
621018643,2020,0,0.000610192750378279,0
621018643,2025,0,0.000610192750378279,0
621018650,1985,0,9.29598289057926,0
621018650,1990,0,9.29598289057926,0
621018650,1995,0,9.29598289057926,0
621018650,2000,0,9.29598289057926,0
621018650,2005,0,9.29598289057926,0
621018650,2010,0,9.29598289057926,0
621018650,2015,0,9.29598289057926,0
621018650,2020,0,9.29598289057926,0
621018650,2025,0,9.29598289057926,0
621019973,1985,498.887084960938,1.90778468168183,261.500728961268
621019973,1990,551.591369628906,1.90778468168183,289.126637259004
621019973,1995,599.176391601562,1.90778468168183,314.069191012349
621019973,2000,621.904663085938,1.90778468168183,325.982627419826
621019973,2005,647.910461425781,1.90778468168183,339.614039072066
621019973,2010,680.312744140625,1.90778468168183,356.598284215643
621019973,2015,716.693969726562,1.90778468168183,375.668164551334
621019973,2020,798.417907714844,1.90778468168183,418.505251342615
621019973,2025,809.70361328125,1.90778468168183,424.420858944862
621020020,1985,0,13.1620133439261,0
621020020,1990,0,13.1620133439261,0
621020020,1995,0,13.1620133439261,0
621020020,2000,0,13.1620133439261,0
621020020,2005,0,13.1620133439261,0
621020020,2010,0,13.1620133439261,0
621020020,2015,0,13.1620133439261,0
621020020,2020,0,13.1620133439261,0
621020020,2025,0,13.1620133439261,0
621021349,1985,331.034271240234,12.218042340189,27.0938880405872
621021349,1990,359.659576416016,12.218042340189,29.436759703556
621021349,1995,380.022796630859,12.218042340189,31.1034113362699
621021349,2000,406.029693603516,12.218042340189,33.2319763099819
621021349,2005,430.843078613281,12.218042340189,35.2628568977948
621021349,2010,455.081787109375,12.218042340189,37.2467024125844
621021349,2015,469.310699462891,12.218042340189,38.4112844264077
621021349,2020,451.115936279297,12.218042340189,36.9221127017571
621021349,2025,472.648681640625,12.218042340189,38.6844854912587
621021377,1985,0,19.9189506020824,0
621021377,1990,0,19.9189506020824,0
621021377,1995,0,19.9189506020824,0
621021377,2000,0,19.9189506020824,0
621021377,2005,0,19.9189506020824,0
621021377,2010,0,19.9189506020824,0
621021377,2015,0,19.9189506020824,0
621021377,2020,0,19.9189506020824,0
621021377,2025,0,19.9189506020824,0
621021383,1985,53.0930099487305,12.810282304319,4.1445620547199
621021383,1990,65.6642990112305,12.810282304319,5.12590569445074
621021383,1995,77.0330505371094,12.810282304319,6.01337649765434
621021383,2000,87.509880065918,12.810282304319,6.83122182533118
621021383,2005,100.124626159668,12.810282304319,7.81595782053223
621021383,2010,113.155860900879,12.810282304319,8.83320587421621
621021383,2015,129.776763916016,12.810282304319,10.1306716614872
621021383,2020,146.259735107422,12.810282304319,11.4173701744348
621021383,2025,163.090698242188,12.810282304319,12.7312337361372
621021385,1985,0,10.9673344888227,0
621021385,1990,0,10.9673344888227,0
621021385,1995,0,10.9673344888227,0
621021385,2000,0,10.9673344888227,0
621021385,2005,0,10.9673344888227,0
621021385,2010,0,10.9673344888227,0
621021385,2015,0,10.9673344888227,0
621021385,2020,0,10.9673344888227,0
621021385,2025,0,10.9673344888227,0
621021396,1985,0,6.50741882823994,0
621021396,1990,0,6.50741882823994,0
621021396,1995,0,6.50741882823994,0
621021396,2000,0,6.50741882823994,0
621021396,2005,0,6.50741882823994,0
621021396,2010,0,6.50741882823994,0
621021396,2015,0,6.50741882823994,0
621021396,2020,0,6.50741882823994,0
621021396,2025,0,6.50741882823994,0
621022725,1985,2.95297598838806,26.5874791413837,0.111066414859607
621022725,1990,3.06883978843689,26.5874791413837,0.115424248087522
621022725,1995,3.21088576316833,26.5874791413837,0.120766837130135
621022725,2000,3.2906711101532,26.5874791413837,0.12376769879741
621022725,2005,11.233998298645,26.5874791413837,0.422529651604285
621022725,2010,19.5811767578125,26.5874791413837,0.736481132855285
621022725,2015,25.1016502380371,26.5874791413837,0.944115465199036
621022725,2020,22.8390922546387,26.5874791413837,0.859016837707243
621022725,2025,23.425365447998,26.5874791413837,0.881067562796363
621022731,1985,41.0220718383789,0.597732889133843,68.6294373023756
621022731,1990,45.6758346557617,0.597732889133843,76.4151270343333
621022731,1995,47.8402328491211,0.597732889133843,80.0361394174661
621022731,2000,49.5274429321289,0.597732889133843,82.8588217789013
621022731,2005,52.1426467895508,0.597732889133843,87.2340266655046
621022731,2010,55.3539543151855,0.597732889133843,92.6065058849234
621022731,2015,56.9228019714355,0.597732889133843,95.2311693169848
621022731,2020,59.8246459960938,0.597732889133843,100.085919787321
621022731,2025,61.309154510498,0.597732889133843,102.569484840192
621022753,1985,0,10.9582833284364,0
621022753,1990,0,10.9582833284364,0
621022753,1995,0,10.9582833284364,0
621022753,2000,0,10.9582833284364,0
621022753,2005,0,10.9582833284364,0
621022753,2010,0,10.9582833284364,0
621022753,2015,0,10.9582833284364,0
621022753,2020,0,10.9582833284364,0
621022753,2025,0,10.9582833284364,0
621022759,1985,0.10113088786602,9.58457262344271,0.0105514238181749
621022759,1990,0.155290246009827,9.58457262344271,0.0162021043723959
621022759,1995,0.181875258684158,9.58457262344271,0.0189758339604328
621022759,2000,0.230112493038177,9.58457262344271,0.0240086336740096
621022759,2005,0.257812529802322,9.58457262344271,0.0268986985576951
621022759,2010,0.329690188169479,9.58457262344271,0.0343980061628514
621022759,2015,0.327729910612106,9.58457262344271,0.0341934819097221
621022759,2020,0.376835316419601,9.58457262344271,0.0393168617135737
621022759,2025,0.422532856464386,9.58457262344271,0.0440846841131885
621022761,1985,0,0.294527511050612,0
621022761,1990,0,0.294527511050612,0
621022761,1995,0,0.294527511050612,0
621022761,2000,0,0.294527511050612,0
621022761,2005,0,0.294527511050612,0
621022761,2010,0,0.294527511050612,0
621022761,2015,0,0.294527511050612,0
621022761,2020,0,0.294527511050612,0
621022761,2025,0,0.294527511050612,0
621022762,1985,0,24.2660132454828,0
621022762,1990,0,24.2660132454828,0
621022762,1995,0,24.2660132454828,0
621022762,2000,0,24.2660132454828,0
621022762,2005,0,24.2660132454828,0
621022762,2010,0,24.2660132454828,0
621022762,2015,0,24.2660132454828,0
621022762,2020,0,24.2660132454828,0
621022762,2025,0,24.2660132454828,0
621022772,1985,0,20.5942743011912,0
621022772,1990,0,20.5942743011912,0
621022772,1995,0,20.5942743011912,0
621022772,2000,0,20.5942743011912,0
621022772,2005,0,20.5942743011912,0
621022772,2010,0,20.5942743011912,0
621022772,2015,0,20.5942743011912,0
621022772,2020,0,20.5942743011912,0
621022772,2025,0,20.5942743011912,0
621022783,1985,0.0269230902194977,22.5586000968013,0.00119347344710966
621022783,1990,0.0450865924358368,22.5586000968013,0.00199864318895523
621022783,1995,0.0526168681681156,22.5586000968013,0.00233245272057358
621022783,2000,0.0603780522942543,22.5586000968013,0.00267649818850309
621022783,2005,0.0735393464565277,22.5586000968013,0.00325992509025217
621022783,2010,0.0855100676417351,22.5586000968013,0.00379057509219555
621022783,2015,0.153115525841713,22.5586000968013,0.00678745689824184
621022783,2020,0.110091842710972,22.5586000968013,0.00488026039907424
621022783,2025,0.116966098546982,22.5586000968013,0.00518498923005276
621024101,1985,17.733211517334,14.0582866089196,1.26140631576558
621024101,1990,19.1892547607422,14.0582866089196,1.36497820072661
621024101,1995,19.7465896606445,14.0582866089196,1.40462278298664
621024101,2000,19.7361011505127,14.0582866089196,1.40387670983963
621024101,2005,27.152172088623,14.0582866089196,1.93139981022976
621024101,2010,34.9833450317383,14.0582866089196,2.48845012233156
621024101,2015,40.219181060791,14.0582866089196,2.86088782933711
621024101,2020,38.9458847045898,14.0582866089196,2.77031517339244
621024101,2025,39.945613861084,14.0582866089196,2.84142833136859
621024107,1985,459.495025634766,13.9185029832845,33.0132505044973
621024107,1990,497.759857177734,13.9185029832845,35.7624564779359
621024107,1995,534.245788574219,13.9185029832845,38.3838541555671
621024107,2000,562.057434082031,13.9185029832845,40.3820320875769
621024107,2005,596.414001464844,13.9185029832845,42.8504417595131
621024107,2010,637.171142578125,13.9185029832845,45.7787122180695
621024107,2015,668.898071289062,13.9185029832845,48.0581907474085
621024107,2020,701.256896972656,13.9185029832845,50.3830690566962
621024107,2025,715.834106445312,13.9185029832845,51.4303950148228
621024129,1985,0,21.5572505799261,0
621024129,1990,0,21.5572505799261,0
621024129,1995,0,21.5572505799261,0
621024129,2000,0,21.5572505799261,0
621024129,2005,0,21.5572505799261,0
621024129,2010,0,21.5572505799261,0
621024129,2015,0,21.5572505799261,0
621024129,2020,0,21.5572505799261,0
621024129,2025,0,21.5572505799261,0
621024135,1985,0,25.0177938928561,0
621024135,1990,0,25.0177938928561,0
621024135,1995,0,25.0177938928561,0
621024135,2000,0,25.0177938928561,0
621024135,2005,0,25.0177938928561,0
621024135,2010,0,25.0177938928561,0
621024135,2015,0,25.0177938928561,0
621024135,2020,0,25.0177938928561,0
621024135,2025,0,25.0177938928561,0
621024137,1985,0,8.00349054325759,0
621024137,1990,0,8.00349054325759,0
621024137,1995,0,8.00349054325759,0
621024137,2000,0,8.00349054325759,0
621024137,2005,0,8.00349054325759,0
621024137,2010,0,8.00349054325759,0
621024137,2015,0,8.00349054325759,0
621024137,2020,0,8.00349054325759,0
621024137,2025,0,8.00349054325759,0
621025477,1985,47.3354263305664,7.16040651788007,6.61071773123025
621025477,1990,52.3855285644531,7.16040651788007,7.31599922904412
621025477,1995,53.7905731201172,7.16040651788007,7.51222336131309
621025477,2000,53.5503921508789,7.16040651788007,7.47868043764828
621025477,2005,56.0670623779297,7.16040651788007,7.83015073766078
621025477,2010,58.7758026123047,7.16040651788007,8.20844493473061
621025477,2015,60.815258026123,7.16040651788007,8.49326890509118
621025477,2020,62.7217445373535,7.16040651788007,8.75952285400733
621025477,2025,64.3317947387695,7.16040651788007,8.98437743417615
621025483,1985,597.933288574219,9.89803925194706,60.4092662550917
621025483,1990,655.784301757812,9.89803925194706,66.2539605133221
621025483,1995,704.188049316406,9.89803925194706,71.1441964809227
621025483,2000,737.231384277344,9.89803925194706,74.4825682654594
621025483,2005,779.013305664062,9.89803925194706,78.7038004027739
621025483,2010,823.842041015625,9.89803925194706,83.2328524918272
621025483,2015,859.085021972656,9.89803925194706,86.793454754553
621025483,2020,903.958557128906,9.89803925194706,91.3270329728271
621025483,2025,921.618286132812,9.89803925194706,93.1111973466381
621025488,1985,0,0.108784963030873,0
621025488,1990,0,0.108784963030873,0
621025488,1995,0,0.108784963030873,0
621025488,2000,0,0.108784963030873,0
621025488,2005,0,0.108784963030873,0
621025488,2010,0,0.108784963030873,0
621025488,2015,0,0.108784963030873,0
621025488,2020,0,0.108784963030873,0
621025488,2025,0,0.108784963030873,0
621025506,1985,26.7970771789551,19.0284081156202,1.40826689316999
621025506,1990,40.7295837402344,19.0284081156202,2.14046196049369
621025506,1995,46.4858245849609,19.0284081156202,2.44296970626783
621025506,2000,51.8259773254395,19.0284081156202,2.72361077240592
621025506,2005,59.2116775512695,19.0284081156202,3.11175150288391
621025506,2010,67.7230834960938,19.0284081156202,3.55905145005276
621025506,2015,76.6948547363281,19.0284081156202,4.03054497624372
621025506,2020,87.157470703125,19.0284081156202,4.58038687070089
621025506,2025,97.2296676635742,19.0284081156202,5.10971107371612
621025511,1985,0,9.39188571461698,0
621025511,1990,0,9.39188571461698,0
621025511,1995,0,9.39188571461698,0
621025511,2000,0,9.39188571461698,0
621025511,2005,0,9.39188571461698,0
621025511,2010,0,9.39188571461698,0
621025511,2015,0,9.39188571461698,0
621025511,2020,0,9.39188571461698,0
621025511,2025,0,9.39188571461698,0
621025521,1985,0,25.3650714006513,0
621025521,1990,0,25.3650714006513,0
621025521,1995,0,25.3650714006513,0
621025521,2000,0,25.3650714006513,0
621025521,2005,0,25.3650714006513,0
621025521,2010,0,25.3650714006513,0
621025521,2015,0,25.3650714006513,0
621025521,2020,0,25.3650714006513,0
621025521,2025,0,25.3650714006513,0
621026853,1985,359.116180419922,36.1844355819953,9.92460362152537
621026853,1990,372.360565185547,36.1844355819953,10.2906279784789
621026853,1995,427.632659912109,36.1844355819953,11.818138186599
621026853,2000,483.478668212891,36.1844355819953,13.3615091803024
621026853,2005,525.345825195312,36.1844355819953,14.5185579585692
621026853,2010,571.984191894531,36.1844355819953,15.8074648034344
621026853,2015,611.283264160156,36.1844355819953,16.8935415000454
621026853,2020,654.779052734375,36.1844355819953,18.0955994532683
621026853,2025,671.737243652344,36.1844355819953,18.564259269159
621026882,1985,0,15.9584622960748,0
621026882,1990,0,15.9584622960748,0
621026882,1995,0,15.9584622960748,0
621026882,2000,0,15.9584622960748,0
621026882,2005,0,15.9584622960748,0
621026882,2010,0,15.9584622960748,0
621026882,2015,0,15.9584622960748,0
621026882,2020,0,15.9584622960748,0
621026882,2025,0,15.9584622960748,0
621026887,1985,0,18.4533935503745,0
621026887,1990,0,18.4533935503745,0
621026887,1995,0,18.4533935503745,0
621026887,2000,0,18.4533935503745,0
621026887,2005,0,18.4533935503745,0
621026887,2010,0,18.4533935503745,0
621026887,2015,0,18.4533935503745,0
621026887,2020,0,18.4533935503745,0
621026887,2025,0,18.4533935503745,0
621026899,1985,0,0.641553801412924,0
621026899,1990,0,0.641553801412924,0
621026899,1995,0,0.641553801412924,0
621026899,2000,0,0.641553801412924,0
621026899,2005,0,0.641553801412924,0
621026899,2010,0,0.641553801412924,0
621026899,2015,0,0.641553801412924,0
621026899,2020,0,0.641553801412924,0
621026899,2025,0,0.641553801412924,0
621026911,1985,0,13.4754110594382,0
621026911,1990,0,13.4754110594382,0
621026911,1995,0,13.4754110594382,0
621026911,2000,0,13.4754110594382,0
621026911,2005,0,13.4754110594382,0
621026911,2010,0,13.4754110594382,0
621026911,2015,0,13.4754110594382,0
621026911,2020,0,13.4754110594382,0
621026911,2025,0,13.4754110594382,0
621028229,1985,176.807968139648,5.75534666500795,30.7206461106204
621028229,1990,202.945770263672,5.75534666500795,35.262127909265
621028229,1995,206.734100341797,5.75534666500795,35.920355866437
621028229,2000,206.97509765625,5.75534666500795,35.9622295064591
621028229,2005,213.123291015625,5.75534666500795,37.0304872009531
621028229,2010,223.198959350586,5.75534666500795,38.7811494844642
621028229,2015,230.743591308594,5.75534666500795,40.0920404519673
621028229,2020,241.912734985352,5.75534666500795,42.0326956942771
621028229,2025,247.914916992188,5.75534666500795,43.0755837001949
621028241,1985,0,0.0322701412199097,0
621028241,1990,0,0.0322701412199097,0
621028241,1995,0,0.0322701412199097,0
621028241,2000,0,0.0322701412199097,0
621028241,2005,0,0.0322701412199097,0
621028241,2010,0,0.0322701412199097,0
621028241,2015,0,0.0322701412199097,0
621028241,2020,0,0.0322701412199097,0
621028241,2025,0,0.0322701412199097,0
621028258,1985,0,9.80826609597382,0
621028258,1990,0,9.80826609597382,0
621028258,1995,0,9.80826609597382,0
621028258,2000,0,9.80826609597382,0
621028258,2005,0,9.80826609597382,0
621028258,2010,0,9.80826609597382,0
621028258,2015,0,9.80826609597382,0
621028258,2020,0,9.80826609597382,0
621028258,2025,0,9.80826609597382,0
621028270,1985,0,0.741705715884588,0
621028270,1990,0,0.741705715884588,0
621028270,1995,0,0.741705715884588,0
621028270,2000,0,0.741705715884588,0
621028270,2005,0,0.741705715884588,0
621028270,2010,0,0.741705715884588,0
621028270,2015,0,0.741705715884588,0
621028270,2020,0,0.741705715884588,0
621028270,2025,0,0.741705715884588,0
621028275,1985,0,29.2478580104562,0
621028275,1990,0,29.2478580104562,0
621028275,1995,0,29.2478580104562,0
621028275,2000,0,29.2478580104562,0
621028275,2005,0,29.2478580104562,0
621028275,2010,0,29.2478580104562,0
621028275,2015,0,29.2478580104562,0
621028275,2020,0,29.2478580104562,0
621028275,2025,0,29.2478580104562,0
621028291,1985,0,7.25058042831751,0
621028291,1990,0,7.25058042831751,0
621028291,1995,0,7.25058042831751,0
621028291,2000,0,7.25058042831751,0
621028291,2005,0,7.25058042831751,0
621028291,2010,0,7.25058042831751,0
621028291,2015,0,7.25058042831751,0
621028291,2020,0,7.25058042831751,0
621028291,2025,0,7.25058042831751,0
621029605,1985,3.46785974502563,0.221250095645342,15.6739355746292
621029605,1990,3.50510478019714,0.221250095645342,15.8422746438751
621029605,1995,4.06103277206421,0.221250095645342,18.3549424474552
621029605,2000,3.91930603981018,0.221250095645342,17.7143699232235
621029605,2005,4.35783052444458,0.221250095645342,19.6964006353699
621029605,2010,4.54208183288574,0.221250095645342,20.5291745508059
621029605,2015,4.4145188331604,0.221250095645342,19.9526188690863
621029605,2020,4.77122688293457,0.221250095645342,21.5648579451134
621029605,2025,4.99763298034668,0.221250095645342,22.5881618978269
621029625,1985,33.309814453125,11.0383401417257,3.01764703981277
621029625,1990,39.2907485961914,11.0383401417257,3.55947978515988
621029625,1995,45.1258506774902,11.0383401417257,4.08810111829327
621029625,2000,50.7190551757812,11.0383401417257,4.59480814366825
621029625,2005,60.5088653564453,11.0383401417257,5.48169965588555
621029625,2010,74.1881790161133,11.0383401417257,6.72095424344435
621029625,2015,84.18212890625,11.0383401417257,7.62633945189239
621029625,2020,96.7858428955078,11.0383401417257,8.76815188269573
621029625,2025,105.590110778809,11.0383401417257,9.56575983554546
621029634,1985,0,23.1928952010533,0
621029634,1990,0,23.1928952010533,0
621029634,1995,0,23.1928952010533,0
621029634,2000,0,23.1928952010533,0
621029634,2005,0,23.1928952010533,0
621029634,2010,0,23.1928952010533,0
621029634,2015,0,23.1928952010533,0
621029634,2020,0,23.1928952010533,0
621029634,2025,0,23.1928952010533,0
621029637,1985,0,2.97371597889606,0
621029637,1990,0,2.97371597889606,0
621029637,1995,0,2.97371597889606,0
621029637,2000,0,2.97371597889606,0
621029637,2005,0,2.97371597889606,0
621029637,2010,0,2.97371597889606,0
621029637,2015,0,2.97371597889606,0
621029637,2020,0,2.97371597889606,0
621029637,2025,0,2.97371597889606,0
621029646,1985,0,9.06509174977526,0
621029646,1990,0,9.06509174977526,0
621029646,1995,0,9.06509174977526,0
621029646,2000,0,9.06509174977526,0
621029646,2005,0,9.06509174977526,0
621029646,2010,0,9.06509174977526,0
621029646,2015,0,9.06509174977526,0
621029646,2020,0,9.06509174977526,0
621029646,2025,0,9.06509174977526,0
621029658,1985,0,10.496517917263,0
621029658,1990,0,10.496517917263,0
621029658,1995,0,10.496517917263,0
621029658,2000,0,10.496517917263,0
621029658,2005,0,10.496517917263,0
621029658,2010,0,10.496517917263,0
621029658,2015,0,10.496517917263,0
621029658,2020,0,10.496517917263,0
621029658,2025,0,10.496517917263,0
621029674,1985,0.609343886375427,0.741168305242315,0.822139697644262
621029674,1990,0.659137010574341,0.741168305242315,0.889321637085985
621029674,1995,0.785775125026703,0.741168305242315,1.06018446750742
621029674,2000,1.00102627277374,0.741168305242315,1.3506058822179
621029674,2005,0.965708494186401,0.741168305242315,1.30295438614402
621029674,2010,1.14367473125458,0.741168305242315,1.54307020843352
621029674,2015,1.35306417942047,0.741168305242315,1.82558289372359
621029674,2020,1.47832298278809,0.741168305242315,1.99458472836985
621029674,2025,1.75559306144714,0.741168305242315,2.36868340028811
621030981,1985,110.788276672363,18.1840559014106,6.09260537214741
621030981,1990,123.153961181641,18.1840559014106,6.77263432588144
621030981,1995,127.217826843262,18.1840559014106,6.99611943193558
621030981,2000,125.452423095703,18.1840559014106,6.8990341745469
621030981,2005,133.154846191406,18.1840559014106,7.32261531274091
621030981,2010,140.462829589844,18.1840559014106,7.7245049372592
621030981,2015,145.480224609375,18.1840559014106,8.00042770425543
621030981,2020,148.59553527832,18.1840559014106,8.17174870578753
621030981,2025,153.233306884766,18.1840559014106,8.42679475445731
621031001,1985,44.4832153320312,14.3906885787868,3.09111097002013
621031001,1990,52.4409332275391,14.3906885787868,3.64408783780102
621031001,1995,58.9631385803223,14.3906885787868,4.09731183171036
621031001,2000,65.0699081420898,14.3906885787868,4.52166745085491
621031001,2005,73.0833892822266,14.3906885787868,5.0785192718268
621031001,2010,82.1033477783203,14.3906885787868,5.70531057835191
621031001,2015,91.1692657470703,14.3906885787868,6.33529558005043
621031001,2020,102.04859161377,14.3906885787868,7.09129316884798
621031001,2025,110.657600402832,14.3906885787868,7.68952783579456
621031017,1985,0,23.9734584476069,0
621031017,1990,0,23.9734584476069,0
621031017,1995,0,23.9734584476069,0
621031017,2000,0,23.9734584476069,0
621031017,2005,0,23.9734584476069,0
621031017,2010,0,23.9734584476069,0
621031017,2015,0,23.9734584476069,0
621031017,2020,0,23.9734584476069,0
621031017,2025,0,23.9734584476069,0
621031034,1985,0,15.6333318939047,0
621031034,1990,0,15.6333318939047,0
621031034,1995,0,15.6333318939047,0
621031034,2000,0,15.6333318939047,0
621031034,2005,0,15.6333318939047,0
621031034,2010,0,15.6333318939047,0
621031034,2015,0,15.6333318939047,0
621031034,2020,0,15.6333318939047,0
621031034,2025,0,15.6333318939047,0
621031050,1985,0,10.9347200913709,0
621031050,1990,0,10.9347200913709,0
621031050,1995,0,10.9347200913709,0
621031050,2000,0,10.9347200913709,0
621031050,2005,0,10.9347200913709,0
621031050,2010,0,10.9347200913709,0
621031050,2015,0,10.9347200913709,0
621031050,2020,0,10.9347200913709,0
621031050,2025,0,10.9347200913709,0
621032385,1985,0,15.6760675289665,0
621032385,1990,0,15.6760675289665,0
621032385,1995,0,15.6760675289665,0
621032385,2000,0,15.6760675289665,0
621032385,2005,0,15.6760675289665,0
621032385,2010,0,15.6760675289665,0
621032385,2015,0,15.6760675289665,0
621032385,2020,0,15.6760675289665,0
621032385,2025,0,15.6760675289665,0
621032386,1985,0,15.7131774155515,0
621032386,1990,0,15.7131774155515,0
621032386,1995,0,15.7131774155515,0
621032386,2000,0,15.7131774155515,0
621032386,2005,0,15.7131774155515,0
621032386,2010,0,15.7131774155515,0
621032386,2015,0,15.7131774155515,0
621032386,2020,0,15.7131774155515,0
621032386,2025,0,15.7131774155515,0
621032393,1985,0,4.26803691541593,0
621032393,1990,0,4.26803691541593,0
621032393,1995,0,4.26803691541593,0
621032393,2000,0,4.26803691541593,0
621032393,2005,0,4.26803691541593,0
621032393,2010,0,4.26803691541593,0
621032393,2015,0,4.26803691541593,0
621032393,2020,0,4.26803691541593,0
621032393,2025,0,4.26803691541593,0
621032410,1985,0,20.0343386186173,0
621032410,1990,0,20.0343386186173,0
621032410,1995,0,20.0343386186173,0
621032410,2000,0,20.0343386186173,0
621032410,2005,0,20.0343386186173,0
621032410,2010,0,20.0343386186173,0
621032410,2015,0,20.0343386186173,0
621032410,2020,0,20.0343386186173,0
621032410,2025,0,20.0343386186173,0
621032426,1985,0,1.26586676312057,0
621032426,1990,0,1.26586676312057,0
621032426,1995,0,1.26586676312057,0
621032426,2000,0,1.26586676312057,0
621032426,2005,0,1.26586676312057,0
621032426,2010,0,1.26586676312057,0
621032426,2015,0,1.26586676312057,0
621032426,2020,0,1.26586676312057,0
621032426,2025,0,1.26586676312057,0
621033769,1985,4.57205724716187,10.7946654848012,0.4235478397732
621033769,1990,5.07683944702148,10.7946654848012,0.470310029909648
621033769,1995,5.84203243255615,10.7946654848012,0.541196245569786
621033769,2000,5.84220790863037,10.7946654848012,0.541212501383778
621033769,2005,7.3011622428894,10.7946654848012,0.676367623727609
621033769,2010,7.782386302948,10.7946654848012,0.720947426662322
621033769,2015,8.14443206787109,10.7946654848012,0.754486748972296
621033769,2020,10.3870267868042,10.7946654848012,0.962237023595504
621033769,2025,10.441068649292,10.7946654848012,0.967243372570735
621033802,1985,26.7211437225342,12.139343952247,2.20120163228327
621033802,1990,33.2861671447754,12.139343952247,2.7420070866856
621033802,1995,37.8941421508789,12.139343952247,3.12159720491852
621033802,2000,42.2692184448242,12.139343952247,3.48200187844583
621033802,2005,46.1640357971191,12.139343952247,3.80284436940878
621033802,2010,49.1078071594238,12.139343952247,4.04534275926285
621033802,2015,53.8160972595215,12.139343952247,4.43319651137819
621033802,2020,63.3306083679199,12.139343952247,5.21697124795589
621033802,2025,70.7694625854492,12.139343952247,5.82976006478089
621035141,1985,27.4828262329102,21.2001197970125,1.2963524025361
621035141,1990,31.7580051422119,21.2001197970125,1.49801064551943
621035141,1995,37.1783905029297,21.2001197970125,1.75368775548942
621035141,2000,42.7958297729492,21.2001197970125,2.01865980865731
621035141,2005,49.0229187011719,21.2001197970125,2.31238875867486
621035141,2010,56.3708686828613,21.2001197970125,2.65898821434043
621035141,2015,63.9335479736328,21.2001197970125,3.01571635376525
621035141,2020,73.6805953979492,21.2001197970125,3.47548014367034
621035141,2025,82.1953659057617,21.2001197970125,3.87711799238723
621035145,1985,14.3407154083252,9.08767375894226,1.57804029818015
621035145,1990,16.3193893432617,9.08767375894226,1.79577191877112
621035145,1995,18.621883392334,9.08767375894226,2.04913643318347
621035145,2000,20.7573413848877,9.08767375894226,2.28412044000397
621035145,2005,23.9297866821289,9.08767375894226,2.63321366027054
621035145,2010,27.4464931488037,9.08767375894226,3.0201890909427
621035145,2015,31.221061706543,9.08767375894226,3.43553944988633
621035145,2020,35.5318336486816,9.08767375894226,3.90989317961798
621035145,2025,39.6380081176758,9.08767375894226,4.36173317496923
621035155,1985,0,7.8646723926931,0
621035155,1990,0,7.8646723926931,0
621035155,1995,0,7.8646723926931,0
621035155,2000,0,7.8646723926931,0
621035155,2005,0,7.8646723926931,0
621035155,2010,0,7.8646723926931,0
621035155,2015,0,7.8646723926931,0
621035155,2020,0,7.8646723926931,0
621035155,2025,0,7.8646723926931,0
621035162,1985,0,4.2909418804819,0
621035162,1990,0,4.2909418804819,0
621035162,1995,0,4.2909418804819,0
621035162,2000,0,4.2909418804819,0
621035162,2005,0,4.2909418804819,0
621035162,2010,0,4.2909418804819,0
621035162,2015,0,4.2909418804819,0
621035162,2020,0,4.2909418804819,0
621035162,2025,0,4.2909418804819,0
621036521,1985,0.424873739480972,8.06720574644247,0.0526667786635212
621036521,1990,0.466791242361069,8.06720574644247,0.0578628160769195
621036521,1995,0.601869523525238,8.06720574644247,0.0746069385661391
621036521,2000,0.46687525510788,8.06720574644247,0.0578732301842884
621036521,2005,0.826923787593842,8.06720574644247,0.102504363169181
621036521,2010,0.801772594451904,8.06720574644247,0.0993866550144051
621036521,2015,0.748841822147369,8.06720574644247,0.0928254275004202
621036521,2020,1.26783668994904,8.06720574644247,0.157159334941734
621036521,2025,1.06921446323395,8.06720574644247,0.132538390223338
621036531,1985,0,15.7182796528737,0
621036531,1990,0,15.7182796528737,0
621036531,1995,0,15.7182796528737,0
621036531,2000,0,15.7182796528737,0
621036531,2005,0,15.7182796528737,0
621036531,2010,0,15.7182796528737,0
621036531,2015,0,15.7182796528737,0
621036531,2020,0,15.7182796528737,0
621036531,2025,0,15.7182796528737,0
621037897,1985,0,14.1234305494973,0
621037897,1990,0,14.1234305494973,0
621037897,1995,0,14.1234305494973,0
621037897,2000,0,14.1234305494973,0
621037897,2005,0,14.1234305494973,0
621037897,2010,0,14.1234305494973,0
621037897,2015,0,14.1234305494973,0
621037897,2020,0,14.1234305494973,0
621037897,2025,0,14.1234305494973,0
621037923,1985,0,16.1736151937783,0
621037923,1990,0,16.1736151937783,0
621037923,1995,0,16.1736151937783,0
621037923,2000,0,16.1736151937783,0
621037923,2005,0,16.1736151937783,0
621037923,2010,0,16.1736151937783,0
621037923,2015,0,16.1736151937783,0
621037923,2020,0,16.1736151937783,0
621037923,2025,0,16.1736151937783,0
621039295,1985,2.45504879951477,22.5553613850907,0.108845465058147
621039295,1990,2.72242164611816,22.5553613850907,0.120699535673044
621039295,1995,3.06788158416748,22.5553613850907,0.136015625366809
621039295,2000,3.43278217315674,22.5553613850907,0.152193623260935
621039295,2005,3.89646744728088,22.5553613850907,0.172751275439838
621039295,2010,4.35220575332642,22.5553613850907,0.192956595951651
621039295,2015,4.85023880004883,22.5553613850907,0.215037068891961
621039295,2020,5.39575433731079,22.5553613850907,0.239222695003124
621039295,2025,5.82902479171753,22.5553613850907,0.258431895290783
621039299,1985,0,10.5038485883659,0
621039299,1990,0,10.5038485883659,0
621039299,1995,0,10.5038485883659,0
621039299,2000,0,10.5038485883659,0
621039299,2005,0,10.5038485883659,0
621039299,2010,0,10.5038485883659,0
621039299,2015,0,10.5038485883659,0
621039299,2020,0,10.5038485883659,0
621039299,2025,0,10.5038485883659,0
621042024,1985,650.650939941406,16.4609195389649,39.5270105294689
621042024,1990,783.022827148438,16.4609195389649,47.568595745513
621042024,1995,918.23583984375,16.4609195389649,55.7827791861918
621042024,2000,1059.97583007812,16.4609195389649,64.3934761705772
621042024,2005,1239.03649902344,16.4609195389649,75.2714024323182
621042024,2010,1452.07592773438,16.4609195389649,88.2135365704901
621042024,2015,1674.79772949219,16.4609195389649,101.743874364233
621042024,2020,1920.45275878906,16.4609195389649,116.667404530052
621042024,2025,2140.20654296875,16.4609195389649,130.017435411347
621042051,1985,0,6.19333323849623,0
621042051,1990,0,6.19333323849623,0
621042051,1995,0,6.19333323849623,0
621042051,2000,0,6.19333323849623,0
621042051,2005,0,6.19333323849623,0
621042051,2010,0,6.19333323849623,0
621042051,2015,0,6.19333323849623,0
621042051,2020,0,6.19333323849623,0
621042051,2025,0,6.19333323849623,0
621043400,1985,0,10.2532092610201,0
621043400,1990,0,10.2532092610201,0
621043400,1995,0,10.2532092610201,0
621043400,2000,0,10.2532092610201,0
621043400,2005,0,10.2532092610201,0
621043400,2010,0,10.2532092610201,0
621043400,2015,0,10.2532092610201,0
621043400,2020,0,10.2532092610201,0
621043400,2025,0,10.2532092610201,0
621043411,1985,0,19.1771975121459,0
621043411,1990,0,19.1771975121459,0
621043411,1995,0,19.1771975121459,0
621043411,2000,0,19.1771975121459,0
621043411,2005,0,19.1771975121459,0
621043411,2010,0,19.1771975121459,0
621043411,2015,0,19.1771975121459,0
621043411,2020,0,19.1771975121459,0
621043411,2025,0,19.1771975121459,0
621044776,1985,0,12.9670013047741,0
621044776,1990,0,12.9670013047741,0
621044776,1995,0,12.9670013047741,0
621044776,2000,0,12.9670013047741,0
621044776,2005,0,12.9670013047741,0
621044776,2010,0,12.9670013047741,0
621044776,2015,0,12.9670013047741,0
621044776,2020,0,12.9670013047741,0
621044776,2025,0,12.9670013047741,0
621044787,1985,0,15.4097773204097,0
621044787,1990,0,15.4097773204097,0
621044787,1995,0,15.4097773204097,0
621044787,2000,0,15.4097773204097,0
621044787,2005,0,15.4097773204097,0
621044787,2010,0,15.4097773204097,0
621044787,2015,0,15.4097773204097,0
621044787,2020,0,15.4097773204097,0
621044787,2025,0,15.4097773204097,0
621044803,1985,13.1132698059082,21.9226470907318,0.598160876815467
621044803,1990,15.736382484436,21.9226470907318,0.717813976537936
621044803,1995,17.6676616668701,21.9226470907318,0.805909140157596
621044803,2000,19.3684921264648,21.9226470907318,0.883492401547311
621044803,2005,22.2296962738037,21.9226470907318,1.01400602681789
621044803,2010,24.8924961090088,21.9226470907318,1.13546945339153
621044803,2015,28.414249420166,21.9226470907318,1.29611398215586
621044803,2020,32.1362686157227,21.9226470907318,1.46589362510464
621044803,2025,33.8768692016602,21.9226470907318,1.54529099800097
621044808,1985,113.564804077148,24.1960595989317,4.69352472921511
621044808,1990,127.966835021973,24.1960595989317,5.28874689280492
621044808,1995,145.250885009766,24.1960595989317,6.00308014682601
621044808,2000,161.785003662109,24.1960595989317,6.68641945605278
621044808,2005,182.676361083984,24.1960595989317,7.54983927598071
621044808,2010,206.452041625977,24.1960595989317,8.53246541164463
621044808,2015,230.026733398438,24.1960595989317,9.50678487370703
621044808,2020,256.404327392578,24.1960595989317,10.5969456036511
621044808,2025,277.864318847656,24.1960595989317,11.48386652428
621046152,1985,0,14.6714935083143,0
621046152,1990,0,14.6714935083143,0
621046152,1995,0,14.6714935083143,0
621046152,2000,0,14.6714935083143,0
621046152,2005,0,14.6714935083143,0
621046152,2010,0,14.6714935083143,0
621046152,2015,0,14.6714935083143,0
621046152,2020,0,14.6714935083143,0
621046152,2025,0,14.6714935083143,0
621046153,1985,0,18.639238940778,0
621046153,1990,0,18.639238940778,0
621046153,1995,0,18.639238940778,0
621046153,2000,0,18.639238940778,0
621046153,2005,0,18.639238940778,0
621046153,2010,0,18.639238940778,0
621046153,2015,0,18.639238940778,0
621046153,2020,0,18.639238940778,0
621046153,2025,0,18.639238940778,0
621046163,1985,0,63.6093175964692,0
621046163,1990,0,63.6093175964692,0
621046163,1995,0,63.6093175964692,0
621046163,2000,0,63.6093175964692,0
621046163,2005,0,63.6093175964692,0
621046163,2010,0,63.6093175964692,0
621046163,2015,0,63.6093175964692,0
621046163,2020,0,63.6093175964692,0
621046163,2025,0,63.6093175964692,0
621046179,1985,11.2847318649292,10.8853751771623,1.03668745277652
621046179,1990,12.5878734588623,10.8853751771623,1.15640235214601
621046179,1995,14.3246364593506,10.8853751771623,1.31595247992957
621046179,2000,15.9374742507935,10.8853751771623,1.46411804750933
621046179,2005,17.9146213531494,10.8853751771623,1.6457513922657
621046179,2010,20.3133392333984,10.8853751771623,1.86611291781804
621046179,2015,22.6142520904541,10.8853751771623,2.07748945005581
621046179,2020,25.1539249420166,10.8853751771623,2.31079999840427
621046179,2025,27.3100414276123,10.8853751771623,2.50887461232472
621047525,1985,119.989860534668,11.9889955428371,10.0083330672649
621047525,1990,144.927978515625,11.9889955428371,12.0884170819643
621047525,1995,165.234527587891,11.9889955428371,13.7821827523
621047525,2000,183.573425292969,11.9889955428371,15.3118269697453
621047525,2005,210.012802124023,11.9889955428371,17.5171307198873
621047525,2010,239.723190307617,11.9889955428371,19.995268949019
621047525,2015,271.695922851562,11.9889955428371,22.6621089215343
621047525,2020,311.304138183594,11.9889955428371,25.9658231643589
621047525,2025,344.371887207031,11.9889955428371,28.7239982679599
621047528,1985,0,29.9308117693927,0
621047528,1990,0,29.9308117693927,0
621047528,1995,0,29.9308117693927,0
621047528,2000,0,29.9308117693927,0
621047528,2005,0,29.9308117693927,0
621047528,2010,0,29.9308117693927,0
621047528,2015,0,29.9308117693927,0
621047528,2020,0,29.9308117693927,0
621047528,2025,0,29.9308117693927,0
621047529,1985,3.06271600723267,16.1691168966275,0.18941764270821
621047529,1990,3.32353210449219,16.1691168966275,0.205548152427879
621047529,1995,3.70454072952271,16.1691168966275,0.229112124874018
621047529,2000,4.26427507400513,16.1691168966275,0.263729621182624
621047529,2005,5.13033628463745,16.1691168966275,0.317292299724021
621047529,2010,6.18170070648193,16.1691168966275,0.382315295634439
621047529,2015,6.3905143737793,16.1691168966275,0.395229647644654
621047529,2020,7.71887302398682,16.1691168966275,0.477383710770055
621047529,2025,9.01951313018799,16.1691168966275,0.557823484600403
621047555,1985,1.63121056556702,10.1174812590844,0.161226942140601
621047555,1990,1.80886137485504,10.1174812590844,0.178785740100174
621047555,1995,2.03839588165283,10.1174812590844,0.201472661965405
621047555,2000,2.28084707260132,10.1174812590844,0.225436253766555
621047555,2005,2.58893394470215,10.1174812590844,0.255887199432919
621047555,2010,2.89174056053162,10.1174812590844,0.285816250752641
621047555,2015,3.22264909744263,10.1174812590844,0.318522863044499
621047555,2020,3.58510684967041,10.1174812590844,0.354347762833894
621047555,2025,3.87298512458801,10.1174812590844,0.382801314419089
621048875,1985,25.2533435821533,6.79775136961524,3.71495546233587
621048875,1990,30.9845714569092,6.79775136961524,4.55806189020163
621048875,1995,34.7478332519531,6.79775136961524,5.11166580867754
621048875,2000,39.2690887451172,6.79775136961524,5.77677626172724
621048875,2005,44.0485877990723,6.79775136961524,6.47987627143319
621048875,2010,49.6609039306641,6.79775136961524,7.30548989370803
621048875,2015,56.8873710632324,6.79775136961524,8.36855718458739
621048875,2020,62.6344566345215,6.79775136961524,9.21399639805694
621048875,2025,69.9137649536133,6.79775136961524,10.2848370221535
621048901,1985,0,10.1338009954166,0
621048901,1990,0,10.1338009954166,0
621048901,1995,0,10.1338009954166,0
621048901,2000,0,10.1338009954166,0
621048901,2005,0,10.1338009954166,0
621048901,2010,0,10.1338009954166,0
621048901,2015,0,10.1338009954166,0
621048901,2020,0,10.1338009954166,0
621048901,2025,0,10.1338009954166,0
621048931,1985,0,19.1688571679342,0
621048931,1990,0,19.1688571679342,0
621048931,1995,0,19.1688571679342,0
621048931,2000,0,19.1688571679342,0
621048931,2005,0,19.1688571679342,0
621048931,2010,0,19.1688571679342,0
621048931,2015,0,19.1688571679342,0
621048931,2020,0,19.1688571679342,0
621048931,2025,0,19.1688571679342,0
621050307,1985,0.205714076757431,10.2277828209127,0.020113262117456
621050307,1990,0.228306248784065,10.2277828209127,0.0223221643225791
621050307,1995,0.266437530517578,10.2277828209127,0.0260503703669571
621050307,2000,0.305738061666489,10.2277828209127,0.0298928973189914
621050307,2005,0.354650735855103,10.2277828209127,0.0346752313834772
621050307,2010,0.41238072514534,10.2277828209127,0.040319659926895
621050307,2015,0.470998167991638,10.2277828209127,0.0460508573792346
621050307,2020,0.530928730964661,10.2277828209127,0.0519104423960852
621050307,2025,0.592284619808197,10.2277828209127,0.0579093856585568
621051652,1985,0,12.8293655782854,0
621051652,1990,0,12.8293655782854,0
621051652,1995,0,12.8293655782854,0
621051652,2000,0,12.8293655782854,0
621051652,2005,0,12.8293655782854,0
621051652,2010,0,12.8293655782854,0
621051652,2015,0,12.8293655782854,0
621051652,2020,0,12.8293655782854,0
621051652,2025,0,12.8293655782854,0
621055752,1985,855.249572753906,24.1194528019236,35.4589127613084
621055752,1990,922.51318359375,24.1194528019236,38.2476829457829
621055752,1995,983.927917480469,24.1194528019236,40.793956876252
621055752,2000,1026.05773925781,24.1194528019236,42.5406723645065
621055752,2005,1093.13513183594,24.1194528019236,45.3217218820468
621055752,2010,1162.00402832031,24.1194528019236,48.1770477076345
621055752,2015,1218.73852539062,24.1194528019236,50.52927756692
621055752,2020,1283.38720703125,24.1194528019236,53.2096319751041
621055752,2025,1312.40576171875,24.1194528019236,54.4127502599926
621055780,1985,0,10.3823586758937,0
621055780,1990,0,10.3823586758937,0
621055780,1995,0,10.3823586758937,0
621055780,2000,0,10.3823586758937,0
621055780,2005,0,10.3823586758937,0
621055780,2010,0,10.3823586758937,0
621055780,2015,0,10.3823586758937,0
621055780,2020,0,10.3823586758937,0
621055780,2025,0,10.3823586758937,0
621055812,1985,0,0.0462158319106072,0
621055812,1990,0,0.0462158319106072,0
621055812,1995,0,0.0462158319106072,0
621055812,2000,0,0.0462158319106072,0
621055812,2005,0,0.0462158319106072,0
621055812,2010,0,0.0462158319106072,0
621055812,2015,0,0.0462158319106072,0
621055812,2020,0,0.0462158319106072,0
621055812,2025,0,0.0462158319106072,0
621057133,1985,2073.39526367188,25.3676918327337,81.7336980180605
621057133,1990,2276.2470703125,25.3676918327337,89.7301609196979
621057133,1995,2441.62768554688,25.3676918327337,96.2495012020082
621057133,2000,2550.59985351562,25.3676918327337,100.545208067547
621057133,2005,2678.70068359375,25.3676918327337,105.594971007068
621057133,2010,2825.37768554688,25.3676918327337,111.37701073383
621057133,2015,2931.794921875,25.3676918327337,115.572001631299
621057133,2020,3068.99487304688,25.3676918327337,120.980453928675
621057133,2025,3130.73828125,25.3676918327337,123.41439268078
621059914,1985,0.00323065044358373,25.1246192150006,0.000128585051018599
621059914,1990,0.00563731789588928,25.1246192150006,0.000224374262059404
621059914,1995,0.00438590114936233,25.1246192150006,0.000174565875479766
621059914,2000,0.0100656766444445,25.1246192150006,0.000400630017844599
621059914,2005,0.00587306637316942,25.1246192150006,0.000233757428238471
621059914,2010,0.0138620184734464,25.1246192150006,0.000551730490115053
621059914,2015,0.0160652510821819,25.1246192150006,0.000639422669243488
621059914,2020,0.022964846342802,25.1246192150006,0.00091403758784495
621059914,2025,0.0204949881881475,25.1246192150006,0.000815733285856569
621061290,1985,3.52895259857178,16.3145520371275,0.216307048489032
621061290,1990,4.15802907943726,16.3145520371275,0.254866273372061
621061290,1995,4.85468816757202,16.3145520371275,0.297567972232647
621061290,2000,5.56574010848999,16.3145520371275,0.341151880592484
621061290,2005,6.5136022567749,16.3145520371275,0.399251063832566
621061290,2010,7.68694257736206,16.3145520371275,0.471170925188057
621061290,2015,8.89937782287598,16.3145520371275,0.545487108847574
621061290,2020,10.2201614379883,16.3145520371275,0.626444502719411
621061290,2025,11.4063596725464,16.3145520371275,0.699152489543606
621066796,1985,33.2298431396484,47.3544191113981,0.70172633860163
621066796,1990,37.9541854858398,47.3544191113981,0.801491945166832
621066796,1995,44.1803817749023,47.3544191113981,0.932972732090134
621066796,2000,50.854419708252,47.3544191113981,1.07391074925067
621066796,2005,59.2963485717773,47.3544191113981,1.25218194382845
621066796,2010,69.8242950439453,47.3544191113981,1.47450430929558
621066796,2015,80.4580993652344,47.3544191113981,1.6990621123651
621066796,2020,92.6285095214844,47.3544191113981,1.95606896377679
621066796,2025,103.292137145996,47.3544191113981,2.18125655607787
621068136,1985,0.971720337867737,0.186042084649624,5.22312110024886
621068136,1990,1.30438959598541,0.186042084649624,7.01126091143296
621068136,1995,1.33533310890198,0.186042084649624,7.17758625107233
621068136,2000,1.34450328350067,0.186042084649624,7.22687711241676
621068136,2005,1.534423828125,0.186042084649624,8.24772433084053
621068136,2010,1.75513458251953,0.186042084649624,9.43407286488431
621068136,2015,1.97989678382874,0.186042084649624,10.6421984442794
621068136,2020,2.2854208946228,0.186042084649624,12.2844296167019
621068136,2025,2.50264191627502,0.186042084649624,13.4520203909147
621075050,1985,0,17.2365145341579,0
621075050,1990,0,17.2365145341579,0
621075050,1995,0,17.2365145341579,0
621075050,2000,0,17.2365145341579,0
621075050,2005,0,17.2365145341579,0
621075050,2010,0,17.2365145341579,0
621075050,2015,0,17.2365145341579,0
621075050,2020,0,17.2365145341579,0
621075050,2025,0,17.2365145341579,0
621076428,1985,0,12.1906325770092,0
621076428,1990,0,12.1906325770092,0
621076428,1995,0,12.1906325770092,0
621076428,2000,0,12.1906325770092,0
621076428,2005,0,12.1906325770092,0
621076428,2010,0,12.1906325770092,0
621076428,2015,0,12.1906325770092,0
621076428,2020,0,12.1906325770092,0
621076428,2025,0,12.1906325770092,0
621076447,1985,0,2.18616594134019,0
621076447,1990,0,2.18616594134019,0
621076447,1995,0,2.18616594134019,0
621076447,2000,0,2.18616594134019,0
621076447,2005,0,2.18616594134019,0
621076447,2010,0,2.18616594134019,0
621076447,2015,0,2.18616594134019,0
621076447,2020,0,2.18616594134019,0
621076447,2025,0,2.18616594134019,0
621077802,1985,1.28219592571259,17.9159180825386,0.0715674139502933
621077802,1990,1.49859297275543,17.9159180825386,0.0836458933252216
621077802,1995,1.7543693780899,17.9159180825386,0.0979223822082423
621077802,2000,2.01944446563721,17.9159180825386,0.112717888993108
621077802,2005,2.33723473548889,17.9159180825386,0.130455761447516
621077802,2010,2.6875581741333,17.9159180825386,0.150009514541857
621077802,2015,3.07500052452087,17.9159180825386,0.17163510741422
621077802,2020,3.54557490348816,17.9159180825386,0.197900821334062
621077802,2025,3.95531296730042,17.9159180825386,0.220770878113993
621077804,1985,0,10.8151848239328,0
621077804,1990,0,10.8151848239328,0
621077804,1995,0,10.8151848239328,0
621077804,2000,0,10.8151848239328,0
621077804,2005,0,10.8151848239328,0
621077804,2010,0,10.8151848239328,0
621077804,2015,0,10.8151848239328,0
621077804,2020,0,10.8151848239328,0
621077804,2025,0,10.8151848239328,0
621077823,1985,0,8.07858946659053,0
621077823,1990,0,8.07858946659053,0
621077823,1995,0,8.07858946659053,0
621077823,2000,0,8.07858946659053,0
621077823,2005,0,8.07858946659053,0
621077823,2010,0,8.07858946659053,0
621077823,2015,0,8.07858946659053,0
621077823,2020,0,8.07858946659053,0
621077823,2025,0,8.07858946659053,0
621079180,1985,0,7.06827431686433,0
621079180,1990,0,7.06827431686433,0
621079180,1995,0,7.06827431686433,0
621079180,2000,0,7.06827431686433,0
621079180,2005,0,7.06827431686433,0
621079180,2010,0,7.06827431686433,0
621079180,2015,0,7.06827431686433,0
621079180,2020,0,7.06827431686433,0
621079180,2025,0,7.06827431686433,0
621079199,1985,0,7.12232895783984,0
621079199,1990,0,7.12232895783984,0
621079199,1995,0,7.12232895783984,0
621079199,2000,0,7.12232895783984,0
621079199,2005,0,7.12232895783984,0
621079199,2010,0,7.12232895783984,0
621079199,2015,0,7.12232895783984,0
621079199,2020,0,7.12232895783984,0
621079199,2025,0,7.12232895783984,0
621080554,1985,47.3222274780273,7.63763650695623,6.19592558966731
621080554,1990,54.7828750610352,7.63763650695623,7.1727523313187
621080554,1995,64.1585235595703,7.63763650695623,8.4003112089893
621080554,2000,73.9523544311523,7.63763650695623,9.68262293757994
621080554,2005,84.6726837158203,7.63763650695623,11.0862416192106
621080554,2010,97.6219787597656,7.63763650695623,12.781700028648
621080554,2015,110.047798156738,7.63763650695623,14.4086194801898
621080554,2020,127.088203430176,7.63763650695623,16.6397292296414
621080554,2025,142.291564941406,7.63763650695623,18.6303138165595
621087434,1985,0,10.1220836721026,0
621087434,1990,0,10.1220836721026,0
621087434,1995,0,10.1220836721026,0
621087434,2000,0,10.1220836721026,0
621087434,2005,0,10.1220836721026,0
621087434,2010,0,10.1220836721026,0
621087434,2015,0,10.1220836721026,0
621087434,2020,0,10.1220836721026,0
621087434,2025,0,10.1220836721026,0
621088810,1985,0,2.29370454508196,0
621088810,1990,0,2.29370454508196,0
621088810,1995,0,2.29370454508196,0
621088810,2000,0,2.29370454508196,0
621088810,2005,0,2.29370454508196,0
621088810,2010,0,2.29370454508196,0
621088810,2015,0,2.29370454508196,0
621088810,2020,0,2.29370454508196,0
621088810,2025,0,2.29370454508196,0
621090186,1985,0,0.11887876805379,0
621090186,1990,0,0.11887876805379,0
621090186,1995,0,0.11887876805379,0
621090186,2000,0,0.11887876805379,0
621090186,2005,0,0.11887876805379,0
621090186,2010,0,0.11887876805379,0
621090186,2015,0,0.11887876805379,0
621090186,2020,0,0.11887876805379,0
621090186,2025,0,0.11887876805379,0
621090188,1985,0,6.5798322166932,0
621090188,1990,0,6.5798322166932,0
621090188,1995,0,6.5798322166932,0
621090188,2000,0,6.5798322166932,0
621090188,2005,0,6.5798322166932,0
621090188,2010,0,6.5798322166932,0
621090188,2015,0,6.5798322166932,0
621090188,2020,0,6.5798322166932,0
621090188,2025,0,6.5798322166932,0
621091562,1985,0,25.0308419324769,0
621091562,1990,0,25.0308419324769,0
621091562,1995,0,25.0308419324769,0
621091562,2000,0,25.0308419324769,0
621091562,2005,0,25.0308419324769,0
621091562,2010,0,25.0308419324769,0
621091562,2015,0,25.0308419324769,0
621091562,2020,0,25.0308419324769,0
621091562,2025,0,25.0308419324769,0
621091564,1985,0,0.000696081086840481,0
621091564,1990,0,0.000696081086840481,0
621091564,1995,0,0.000696081086840481,0
621091564,2000,0,0.000696081086840481,0
621091564,2005,0,0.000696081086840481,0
621091564,2010,0,0.000696081086840481,0
621091564,2015,0,0.000696081086840481,0
621091564,2020,0,0.000696081086840481,0
621091564,2025,0,0.000696081086840481,0
621145233,1985,0.0378473661839962,0.427422775595201,0.0885478461724283
621145233,1990,0.05225795134902,0.427422775595201,0.122262907670863
621145233,1995,0.0583127327263355,0.427422775595201,0.136428697897844
621145233,2000,0.0627208203077316,0.427422775595201,0.146741876869782
621145233,2005,0.0434039942920208,0.427422775595201,0.101548155059307
621145233,2010,0.0924728959798813,0.427422775595201,0.216349949651395
621145233,2015,0.0677154734730721,0.427422775595201,0.158427386979498
621145233,2020,0.0940433144569397,0.427422775595201,0.220024106871659
621145233,2025,0.0815762728452682,0.427422775595201,0.190856167483519
621160369,1985,20.3738574981689,22.0457260922219,0.924163595834441
621160369,1990,23.445348739624,22.0457260922219,1.06348725560443
621160369,1995,27.4739875793457,22.0457260922219,1.2462273850458
621160369,2000,31.3692378997803,22.0457260922219,1.42291697576919
621160369,2005,36.9078750610352,22.0457260922219,1.67415103075498
621160369,2010,43.135856628418,22.0457260922219,1.95665393137752
621160369,2015,49.9474067687988,22.0457260922219,2.26562765770827
621160369,2020,57.2110290527344,22.0457260922219,2.59510749672788
621160369,2025,63.8633422851562,22.0457260922219,2.89685819455447
621161745,1985,0,10.4347965550667,0
621161745,1990,0,10.4347965550667,0
621161745,1995,0,10.4347965550667,0
621161745,2000,0,10.4347965550667,0
621161745,2005,0,10.4347965550667,0
621161745,2010,0,10.4347965550667,0
621161745,2015,0,10.4347965550667,0
621161745,2020,0,10.4347965550667,0
621161745,2025,0,10.4347965550667,0
621175505,1985,0,31.7190215642354,0
621175505,1990,0,31.7190215642354,0
621175505,1995,0,31.7190215642354,0
621175505,2000,0,31.7190215642354,0
621175505,2005,0,31.7190215642354,0
621175505,2010,0,31.7190215642354,0
621175505,2015,0,31.7190215642354,0
621175505,2020,0,31.7190215642354,0
621175505,2025,0,31.7190215642354,0
621176881,1985,0,16.0885642843055,0
621176881,1990,0,16.0885642843055,0
621176881,1995,0,16.0885642843055,0
621176881,2000,0,16.0885642843055,0
621176881,2005,0,16.0885642843055,0
621176881,2010,0,16.0885642843055,0
621176881,2015,0,16.0885642843055,0
621176881,2020,0,16.0885642843055,0
621176881,2025,0,16.0885642843055,0
670033154,1985,0,0.00731349360174543,0
670033154,1990,0,0.00731349360174543,0
670033154,1995,0,0.00731349360174543,0
670033154,2000,0,0.00731349360174543,0
670033154,2005,0,0.00731349360174543,0
670033154,2010,0,0.00731349360174543,0
670033154,2015,0,0.00731349360174543,0
670033154,2020,0,0.00731349360174543,0
670033154,2025,0,0.00731349360174543,0
670034208,1985,0,0.0376937291218895,0
670034208,1990,0,0.0376937291218895,0
670034208,1995,0,0.0376937291218895,0
670034208,2000,0,0.0376937291218895,0
670034208,2005,0,0.0376937291218895,0
670034208,2010,0,0.0376937291218895,0
670034208,2015,0,0.0376937291218895,0
670034208,2020,0,0.0376937291218895,0
670034208,2025,0,0.0376937291218895,0
670035200,1985,0,0.00564184265158567,0
670035200,1990,0,0.00564184265158567,0
670035200,1995,0,0.00564184265158567,0
670035200,2000,0,0.00564184265158567,0
670035200,2005,0,0.00564184265158567,0
670035200,2010,0,0.00564184265158567,0
670035200,2015,0,0.00564184265158567,0
670035200,2020,0,0.00564184265158567,0
670035200,2025,0,0.00564184265158567,0
670036258,1985,0,0.27252487630856,0
670036258,1990,0,0.27252487630856,0
670036258,1995,0,0.27252487630856,0
670036258,2000,0,0.27252487630856,0
670036258,2005,0,0.27252487630856,0
670036258,2010,0,0.27252487630856,0
670036258,2015,0,0.27252487630856,0
670036258,2020,0,0.27252487630856,0
670036258,2025,0,0.27252487630856,0
670037263,1985,0.0398737639188766,0.16226907424357,0.245726205715731
670037263,1990,0.0419889129698277,0.16226907424357,0.258761031117989
670037263,1995,0.0411499738693237,0.16226907424357,0.25359098189934
670037263,2000,0.0395317748188972,0.16226907424357,0.243618662417209
670037263,2005,0.0446608439087868,0.16226907424357,0.275227082652544
670037263,2010,0.0493683703243732,0.16226907424357,0.304237702436572
670037263,2015,0.0530886687338352,0.16226907424357,0.327164427241064
670037263,2020,0.0540781877934933,0.16226907424357,0.333262441075621
670037263,2025,0.0540288127958775,0.16226907424357,0.332958162531814
670037282,1985,0.0193265490233898,0.0242348318560591,0.797469903574258
670037282,1990,0.0183452591300011,0.0242348318560591,0.756979014294851
670037282,1995,0.0173853319138288,0.0242348318560591,0.717369611519802
670037282,2000,0.0199152138084173,0.0242348318560591,0.821759933252361
670037282,2005,0.0208842232823372,0.0242348318560591,0.861744096529219
670037282,2010,0.0217864960432053,0.0242348318560591,0.898974507956335
670037282,2015,0.0270219556987286,0.0242348318560591,1.11500487642016
670037282,2020,0.0234244726598263,0.0242348318560591,0.96656221091007
670037282,2025,0.021549491211772,0.0242348318560591,0.889194995854045
670038287,1985,8.17083273432218e-05,0.0563570093702258,0.0014498343374904
670038287,1990,8.6042629845906e-05,0.0563570093702258,0.00152674229536679
670038287,1995,8.43235029606149e-05,0.0563570093702258,0.00149623807052409
670038287,2000,8.10075289336964e-05,0.0563570093702258,0.0014373993552698
670038287,2005,9.15178825380281e-05,0.0563570093702258,0.00162389529821961
670038287,2010,0.000101164427178446,0.0563570093702258,0.00179506379612636
670038287,2015,0.000108787979115732,0.0563570093702258,0.00193033626750972
670038287,2020,0.000110815672087483,0.0563570093702258,0.00196631569570171
670038287,2025,0.0001107144926209,0.0563570093702258,0.00196452036504606
670038302,1985,0,0.0444502038071638,0
670038302,1990,0,0.0444502038071638,0
670038302,1995,0,0.0444502038071638,0
670038302,2000,0,0.0444502038071638,0
670038302,2005,0,0.0444502038071638,0
670038302,2010,0,0.0444502038071638,0
670038302,2015,0,0.0444502038071638,0
670038302,2020,0,0.0444502038071638,0
670038302,2025,0,0.0444502038071638,0
670038315,1985,0,0.0515871900406834,0
670038315,1990,0,0.0515871900406834,0
670038315,1995,0,0.0515871900406834,0
670038315,2000,0,0.0515871900406834,0
670038315,2005,0,0.0515871900406834,0
670038315,2010,0,0.0515871900406834,0
670038315,2015,0,0.0515871900406834,0
670038315,2020,0,0.0515871900406834,0
670038315,2025,0,0.0515871900406834,0
670040325,1985,0,0.0492495033848525,0
670040325,1990,0,0.0492495033848525,0
670040325,1995,0,0.0492495033848525,0
670040325,2000,0,0.0492495033848525,0
670040325,2005,0,0.0492495033848525,0
670040325,2010,0,0.0492495033848525,0
670040325,2015,0,0.0492495033848525,0
670040325,2020,0,0.0492495033848525,0
670040325,2025,0,0.0492495033848525,0
670040340,1985,0.180354431271553,0.504248206227705,0.357669951115522
670040340,1990,0.185068503022194,0.504248206227705,0.367018664095399
670040340,1995,0.194025188684464,0.504248206227705,0.384781118282941
670040340,2000,0.200241208076477,0.504248206227705,0.397108419233629
670040340,2005,0.209443300962448,0.504248206227705,0.415357552839502
670040340,2010,0.227548509836197,0.504248206227705,0.451262903914906
670040340,2015,0.23910965025425,0.504248206227705,0.474190383428501
670040340,2020,0.250001668930054,0.504248206227705,0.495790893933611
670040340,2025,0.253580331802368,0.504248206227705,0.502887920414055
670041349,1985,0,0.0211636669555714,0
670041349,1990,0,0.0211636669555714,0
670041349,1995,0,0.0211636669555714,0
670041349,2000,0,0.0211636669555714,0
670041349,2005,0,0.0211636669555714,0
670041349,2010,0,0.0211636669555714,0
670041349,2015,0,0.0211636669555714,0
670041349,2020,0,0.0211636669555714,0
670041349,2025,0,0.0211636669555714,0
670041370,1985,0.00737060233950615,0.148137022737081,0.0497553022419504
670041370,1990,0.00720658898353577,0.148137022737081,0.0486481289442834
670041370,1995,0.00725022610276937,0.148137022737081,0.0489427016204946
670041370,2000,0.00755316577851772,0.148137022737081,0.0509876980039173
670041370,2005,0.00751668028533459,0.148137022737081,0.0507414024289894
670041370,2010,0.00815476663410664,0.148137022737081,0.0550488087544463
670041370,2015,0.00846622325479984,0.148137022737081,0.0571512988338236
670041370,2020,0.00906373374164104,0.148137022737081,0.0611847975217356
670041370,2025,0.00852085091173649,0.148137022737081,0.0575200632110691
670041381,1985,10.0678653717041,0.104950101033136,95.9300207679206
670041381,1990,10.5373039245605,0.104950101033136,100.402989809734
670041381,1995,11.2599897384644,0.104950101033136,107.288984266049
670041381,2000,11.7810897827148,0.104950101033136,112.254201441837
670041381,2005,12.5283498764038,0.104950101033136,119.374347933674
670041381,2010,13.1781444549561,0.104950101033136,125.56581008717
670041381,2015,13.7554302215576,0.104950101033136,131.06638379714
670041381,2020,14.1201601028442,0.104950101033136,134.541653260401
670041381,2025,14.4736652374268,0.104950101033136,137.909969546928
670042390,1985,0,0.0983391727332594,0
670042390,1990,0,0.0983391727332594,0
670042390,1995,0,0.0983391727332594,0
670042390,2000,0,0.0983391727332594,0
670042390,2005,0,0.0983391727332594,0
670042390,2010,0,0.0983391727332594,0
670042390,2015,0,0.0983391727332594,0
670042390,2020,0,0.0983391727332594,0
670042390,2025,0,0.0983391727332594,0
670042395,1985,0,0.0389489139641937,0
670042395,1990,0,0.0389489139641937,0
670042395,1995,0,0.0389489139641937,0
670042395,2000,0,0.0389489139641937,0
670042395,2005,0,0.0389489139641937,0
670042395,2010,0,0.0389489139641937,0
670042395,2015,0,0.0389489139641937,0
670042395,2020,0,0.0389489139641937,0
670042395,2025,0,0.0389489139641937,0
670043404,1985,0.0184222981333733,0.345974418359207,0.0532475731030679
670043404,1990,0.0195386298000813,0.345974418359207,0.0564742037655377
670043404,1995,0.0197556205093861,0.345974418359207,0.0571013909151943
670043404,2000,0.019382931292057,0.345974418359207,0.0560241748045451
670043404,2005,0.0193239618092775,0.345974418359207,0.0558537301715021
670043404,2010,0.0195206683129072,0.345974418359207,0.0564222881144927
670043404,2015,0.0192198306322098,0.345974418359207,0.0555527507593201
670043404,2020,0.019922873005271,0.345974418359207,0.0575848153737948
670043404,2025,0.0196169782429934,0.345974418359207,0.0567006610951972
670044419,1985,0,0.107239105158236,0
670044419,1990,0,0.107239105158236,0
670044419,1995,0,0.107239105158236,0
670044419,2000,0,0.107239105158236,0
670044419,2005,0,0.107239105158236,0
670044419,2010,0,0.107239105158236,0
670044419,2015,0,0.107239105158236,0
670044419,2020,0,0.107239105158236,0
670044419,2025,0,0.107239105158236,0
670045443,1985,0,0.0195974038587464,0
670045443,1990,0,0.0195974038587464,0
670045443,1995,0,0.0195974038587464,0
670045443,2000,0,0.0195974038587464,0
670045443,2005,0,0.0195974038587464,0
670045443,2010,0,0.0195974038587464,0
670045443,2015,0,0.0195974038587464,0
670045443,2020,0,0.0195974038587464,0
670045443,2025,0,0.0195974038587464,0
670045449,1985,0,0.0684554436743355,0
670045449,1990,0,0.0684554436743355,0
670045449,1995,0,0.0684554436743355,0
670045449,2000,0,0.0684554436743355,0
670045449,2005,0,0.0684554436743355,0
670045449,2010,0,0.0684554436743355,0
670045449,2015,0,0.0684554436743355,0
670045449,2020,0,0.0684554436743355,0
670045449,2025,0,0.0684554436743355,0
670047503,1985,0.028540963307023,0.050060474482482,0.570129700169154
670047503,1990,0.0294257625937462,0.050060474482482,0.587804308647601
670047503,1995,0.030188724398613,0.050060474482482,0.603045111152055
670047503,2000,0.0303628966212273,0.050060474482482,0.606524347503985
670047503,2005,0.0334942378103733,0.050060474482482,0.669075516295679
670047503,2010,0.0369073823094368,0.050060474482482,0.737255942756836
670047503,2015,0.0396136306226254,0.050060474482482,0.791315524516005
670047503,2020,0.0419060699641705,0.050060474482482,0.837108924703359
670047503,2025,0.0431460775434971,0.050060474482482,0.861879116998691
670047531,1985,0,0.0448229432928191,0
670047531,1990,0,0.0448229432928191,0
670047531,1995,0,0.0448229432928191,0
670047531,2000,0,0.0448229432928191,0
670047531,2005,0,0.0448229432928191,0
670047531,2010,0,0.0448229432928191,0
670047531,2015,0,0.0448229432928191,0
670047531,2020,0,0.0448229432928191,0
670047531,2025,0,0.0448229432928191,0
670048531,1985,0,0.112803341459103,0
670048531,1990,0,0.112803341459103,0
670048531,1995,0,0.112803341459103,0
670048531,2000,0,0.112803341459103,0
670048531,2005,0,0.112803341459103,0
670048531,2010,0,0.112803341459103,0
670048531,2015,0,0.112803341459103,0
670048531,2020,0,0.112803341459103,0
670048531,2025,0,0.112803341459103,0
670049526,1985,0,0.00281380696695372,0
670049526,1990,0,0.00281380696695372,0
670049526,1995,0,0.00281380696695372,0
670049526,2000,0,0.00281380696695372,0
670049526,2005,0,0.00281380696695372,0
670049526,2010,0,0.00281380696695372,0
670049526,2015,0,0.00281380696695372,0
670049526,2020,0,0.00281380696695372,0
670049526,2025,0,0.00281380696695372,0
670050598,1985,0.0188281182199717,0.108340096996495,0.173787164142752
670050598,1990,0.0187323819845915,0.108340096996495,0.172903500217444
670050598,1995,0.0197246633470058,0.108340096996495,0.182062448657803
670050598,2000,0.020335465669632,0.108340096996495,0.187700271952773
670050598,2005,0.0225272141396999,0.108340096996495,0.207930533239495
670050598,2010,0.0249884258955717,0.108340096996495,0.230647992648373
670050598,2015,0.0267137866467237,0.108340096996495,0.246573405297836
670050598,2020,0.0272872969508171,0.108340096996495,0.251867016066081
670050598,2025,0.0279868971556425,0.108340096996495,0.258324460947712
670051579,1985,0.00484672235324979,0.046343654726437,0.10458222127408
670051579,1990,0.00559198902919888,0.046343654726437,0.120663531225752
670051579,1995,0.00599710084497929,0.046343654726437,0.129405004425734
670051579,2000,0.00630224589258432,0.046343654726437,0.135989401996584
670051579,2005,0.00664722314104438,0.046343654726437,0.143433295890935
670051579,2010,0.00702998880296946,0.046343654726437,0.151692585413622
670051579,2015,0.0073861088603735,0.046343654726437,0.159376918026278
670051579,2020,0.00794259831309319,0.046343654726437,0.171384806830142
670051579,2025,0.0082385465502739,0.046343654726437,0.177770756296744
670051600,1985,0.444886595010757,0.53719586333789,0.828164595770406
670051600,1990,0.458678513765335,0.53719586333789,0.85383850671395
670051600,1995,0.470571309328079,0.53719586333789,0.875977164835492
670051600,2000,0.473286241292953,0.53719586333789,0.881031060723679
670051600,2005,0.522096455097198,0.53719586333789,0.971892173281323
670051600,2010,0.575299382209778,0.53719586333789,1.07093040261913
670051600,2015,0.61748343706131,0.53719586333789,1.14945679816771
670051600,2020,0.653217196464539,0.53719586333789,1.21597584986181
670051600,2025,0.672546029090881,0.53719586333789,1.2519568280217
670052611,1985,0,0.0114482498782849,0
670052611,1990,0,0.0114482498782849,0
670052611,1995,0,0.0114482498782849,0
670052611,2000,0,0.0114482498782849,0
670052611,2005,0,0.0114482498782849,0
670052611,2010,0,0.0114482498782849,0
670052611,2015,0,0.0114482498782849,0
670052611,2020,0,0.0114482498782849,0
670052611,2025,0,0.0114482498782849,0
670052647,1985,0,0.0496917590262398,0
670052647,1990,0,0.0496917590262398,0
670052647,1995,0,0.0496917590262398,0
670052647,2000,0,0.0496917590262398,0
670052647,2005,0,0.0496917590262398,0
670052647,2010,0,0.0496917590262398,0
670052647,2015,0,0.0496917590262398,0
670052647,2020,0,0.0496917590262398,0
670052647,2025,0,0.0496917590262398,0
670055688,1985,0,0.0883628275916833,0
670055688,1990,0,0.0883628275916833,0
670055688,1995,0,0.0883628275916833,0
670055688,2000,0,0.0883628275916833,0
670055688,2005,0,0.0883628275916833,0
670055688,2010,0,0.0883628275916833,0
670055688,2015,0,0.0883628275916833,0
670055688,2020,0,0.0883628275916833,0
670055688,2025,0,0.0883628275916833,0
670056712,1985,0,0.0822119031930245,0
670056712,1990,0,0.0822119031930245,0
670056712,1995,0,0.0822119031930245,0
670056712,2000,0,0.0822119031930245,0
670056712,2005,0,0.0822119031930245,0
670056712,2010,0,0.0822119031930245,0
670056712,2015,0,0.0822119031930245,0
670056712,2020,0,0.0822119031930245,0
670056712,2025,0,0.0822119031930245,0
670056748,1985,0.499578714370728,0.464129985143428,1.07637672712817
670056748,1990,0.53889924287796,0.464129985143428,1.16109551230875
670056748,1995,0.531259715557098,0.464129985143428,1.14463562485179
670056748,2000,0.547823309898376,0.464129985143428,1.18032302896587
670056748,2005,0.59244978427887,0.464129985143428,1.27647383974941
670056748,2010,0.648232936859131,0.464129985143428,1.39666248165115
670056748,2015,0.692301094532013,0.464129985143428,1.49161036065807
670056748,2020,0.702220141887665,0.464129985143428,1.51298163093397
670056748,2025,0.731217920780182,0.464129985143428,1.57545934153385
670058744,1985,0.749483346939087,0.279037168534815,2.68596241452176
670058744,1990,0.889232993125916,0.279037168534815,3.18679048312866
670058744,1995,0.896630644798279,0.279037168534815,3.21330183181818
670058744,2000,0.934482157230377,0.279037168534815,3.34895226373322
670058744,2005,1.02498281002045,0.279037168534815,3.67328415566459
670058744,2010,1.15369319915771,0.279037168534815,4.13455026516932
670058744,2015,1.28785133361816,0.279037168534815,4.61533974266042
670058744,2020,1.25341820716858,0.279037168534815,4.49193995821454
670058744,2025,1.32626342773438,0.279037168534815,4.75299916028534
670058750,1985,0,0.102893953652377,0
670058750,1990,0,0.102893953652377,0
670058750,1995,0,0.102893953652377,0
670058750,2000,0,0.102893953652377,0
670058750,2005,0,0.102893953652377,0
670058750,2010,0,0.102893953652377,0
670058750,2015,0,0.102893953652377,0
670058750,2020,0,0.102893953652377,0
670058750,2025,0,0.102893953652377,0
670058797,1985,0,0.0602308585047238,0
670058797,1990,0,0.0602308585047238,0
670058797,1995,0,0.0602308585047238,0
670058797,2000,0,0.0602308585047238,0
670058797,2005,0,0.0602308585047238,0
670058797,2010,0,0.0602308585047238,0
670058797,2015,0,0.0602308585047238,0
670058797,2020,0,0.0602308585047238,0
670058797,2025,0,0.0602308585047238,0
670060783,1985,0,0.000852402184599516,0
670060783,1990,0,0.000852402184599516,0
670060783,1995,0,0.000852402184599516,0
670060783,2000,0,0.000852402184599516,0
670060783,2005,0,0.000852402184599516,0
670060783,2010,0,0.000852402184599516,0
670060783,2015,0,0.000852402184599516,0
670060783,2020,0,0.000852402184599516,0
670060783,2025,0,0.000852402184599516,0
670060838,1985,0.00345330149866641,0.0098508007590354,0.350560485704571
670060838,1990,0.00373623124323785,0.0098508007590354,0.379281982717079
670060838,1995,0.00393414497375488,0.0098508007590354,0.399373113921362
670060838,2000,0.00405597127974033,0.0098508007590354,0.411740261421905
670060838,2005,0.00442622043192387,0.0098508007590354,0.449325952295201
670060838,2010,0.00473288586363196,0.0098508007590354,0.480456967855211
670060838,2015,0.00506384065374732,0.0098508007590354,0.514053707674743
670060838,2020,0.00506958784535527,0.0098508007590354,0.514637131474344
670060838,2025,0.00518199894577265,0.0098508007590354,0.526048498242093
670062832,1985,0,0.210803901710867,0
670062832,1990,0,0.210803901710867,0
670062832,1995,0,0.210803901710867,0
670062832,2000,0,0.210803901710867,0
670062832,2005,0,0.210803901710867,0
670062832,2010,0,0.210803901710867,0
670062832,2015,0,0.210803901710867,0
670062832,2020,0,0.210803901710867,0
670062832,2025,0,0.210803901710867,0
670062877,1985,0,0.0749066463565824,0
670062877,1990,0,0.0749066463565824,0
670062877,1995,0,0.0749066463565824,0
670062877,2000,0,0.0749066463565824,0
670062877,2005,0,0.0749066463565824,0
670062877,2010,0,0.0749066463565824,0
670062877,2015,0,0.0749066463565824,0
670062877,2020,0,0.0749066463565824,0
670062877,2025,0,0.0749066463565824,0
670062886,1985,0.0598072558641434,0.0908145619633624,0.658564602098412
670062886,1990,0.0624476596713066,0.0908145619633624,0.687639276358565
670062886,1995,0.0657555982470512,0.0908145619633624,0.724064476284973
670062886,2000,0.0677918121218681,0.0908145619633624,0.74648614337002
670062886,2005,0.0693564265966415,0.0908145619633624,0.763714817284723
670062886,2010,0.0765348747372627,0.0908145619633624,0.842759939404205
670062886,2015,0.0772516056895256,0.0908145619633624,0.850652186382746
670062886,2020,0.0773392841219902,0.0908145619633624,0.851617653049864
670062886,2025,0.0790541842579842,0.0908145619633624,0.870501189995027
670063855,1985,0.471386283636093,0.0949265598262289,4.96579971400002
670063855,1990,0.527157783508301,0.0949265598262289,5.55332232067935
670063855,1995,0.571781694889069,0.0949265598262289,6.02341110786868
670063855,2000,0.605970680713654,0.0949265598262289,6.38357359439691
670063855,2005,0.666151165962219,0.0949265598262289,7.01754247896126
670063855,2010,0.728903591632843,0.0949265598262289,7.67860536573918
670063855,2015,0.786542177200317,0.0949265598262289,8.28579671105904
670063855,2020,0.837684392929077,0.0949265598262289,8.82455231141346
670063855,2025,0.916050910949707,0.0949265598262289,9.65010122168775
670063901,1985,0,0.0173851484739956,0
670063901,1990,0,0.0173851484739956,0
670063901,1995,0,0.0173851484739956,0
670063901,2000,0,0.0173851484739956,0
670063901,2005,0,0.0173851484739956,0
670063901,2010,0,0.0173851484739956,0
670063901,2015,0,0.0173851484739956,0
670063901,2020,0,0.0173851484739956,0
670063901,2025,0,0.0173851484739956,0
670064879,1985,0,0.0446905155714204,0
670064879,1990,0,0.0446905155714204,0
670064879,1995,0,0.0446905155714204,0
670064879,2000,0,0.0446905155714204,0
670064879,2005,0,0.0446905155714204,0
670064879,2010,0,0.0446905155714204,0
670064879,2015,0,0.0446905155714204,0
670064879,2020,0,0.0446905155714204,0
670064879,2025,0,0.0446905155714204,0
670069998,1985,0.0539789497852325,0.314583063299578,0.171588861838466
670069998,1990,0.0579104460775852,0.314583063299578,0.184086344223932
670069998,1995,0.0639903247356415,0.314583063299578,0.203413127408908
670069998,2000,0.0689734369516373,0.314583063299578,0.21925349771915
670069998,2005,0.075284905731678,0.314583063299578,0.239316462056268
670069998,2010,0.0836924687027931,0.314583063299578,0.266042512985172
670069998,2015,0.0906354784965515,0.314583063299578,0.288113026638816
670069998,2020,0.0967733338475227,0.314583063299578,0.307624106754169
670069998,2025,0.0988482162356377,0.314583063299578,0.314219765040257
670071022,1985,0,0.0130681337162228,0
670071022,1990,0,0.0130681337162228,0
670071022,1995,0,0.0130681337162228,0
670071022,2000,0,0.0130681337162228,0
670071022,2005,0,0.0130681337162228,0
670071022,2010,0,0.0130681337162228,0
670071022,2015,0,0.0130681337162228,0
670071022,2020,0,0.0130681337162228,0
670071022,2025,0,0.0130681337162228,0
670071027,1985,0,0.0370676283969556,0
670071027,1990,0,0.0370676283969556,0
670071027,1995,0,0.0370676283969556,0
670071027,2000,0,0.0370676283969556,0
670071027,2005,0,0.0370676283969556,0
670071027,2010,0,0.0370676283969556,0
670071027,2015,0,0.0370676283969556,0
670071027,2020,0,0.0370676283969556,0
670071027,2025,0,0.0370676283969556,0
670076141,1985,0,0.0196035278450767,0
670076141,1990,0,0.0196035278450767,0
670076141,1995,0,0.0196035278450767,0
670076141,2000,0,0.0196035278450767,0
670076141,2005,0,0.0196035278450767,0
670076141,2010,0,0.0196035278450767,0
670076141,2015,0,0.0196035278450767,0
670076141,2020,0,0.0196035278450767,0
670076141,2025,0,0.0196035278450767,0
670077165,1985,0,0.0297913283266824,0
670077165,1990,0,0.0297913283266824,0
670077165,1995,0,0.0297913283266824,0
670077165,2000,0,0.0297913283266824,0
670077165,2005,0,0.0297913283266824,0
670077165,2010,0,0.0297913283266824,0
670077165,2015,0,0.0297913283266824,0
670077165,2020,0,0.0297913283266824,0
670077165,2025,0,0.0297913283266824,0
670078204,1985,0,0.417408447681201,0
670078204,1990,0,0.417408447681201,0
670078204,1995,0,0.417408447681201,0
670078204,2000,0,0.417408447681201,0
670078204,2005,0,0.417408447681201,0
670078204,2010,0,0.417408447681201,0
670078204,2015,0,0.417408447681201,0
670078204,2020,0,0.417408447681201,0
670078204,2025,0,0.417408447681201,0
670084339,1985,1.71130859851837,0.122252594259648,13.9981372901076
670084339,1990,1.85079312324524,0.122252594259648,15.1390907853817
670084339,1995,2.02735233306885,0.122252594259648,16.5833072528753
670084339,2000,2.18799519538879,0.122252594259648,17.8973314115673
670084339,2005,2.39483428001404,0.122252594259648,19.5892307604347
670084339,2010,2.59993624687195,0.122252594259648,21.2669208585466
670084339,2015,2.7982542514801,0.122252594259648,22.8891196004969
670084339,2020,3.01736927032471,0.122252594259648,24.6814334583054
670084339,2025,3.07586336135864,0.122252594259648,25.1599025770032
670085363,1985,2.40138816833496,0.0796585563491227,30.1460166791161
670085363,1990,2.6285240650177,0.0796585563491227,32.997385158445
670085363,1995,2.8616795539856,0.0796585563491227,35.9243210665732
670085363,2000,3.08465600013733,0.0796585563491227,38.7234735540283
670085363,2005,3.29221081733704,0.0796585563491227,41.3290294002835
670085363,2010,3.53826355934143,0.0796585563491227,44.4178719965014
670085363,2015,3.78895783424377,0.0796585563491227,47.5649824437912
670085363,2020,4.03633737564087,0.0796585563491227,50.670481121333
670085363,2025,4.18152284622192,0.0796585563491227,52.4930784320945
