"comid","variable","n_years","value_mean","ols_slope","ols_pvalue","mk_tau","mk_pvalue","sen_slope","sen_slope_rel","trend_direction"
620003068,"pop_density",9,0.168726971989763,0.0028171503511836,1.76394120430729e-05,0.833333333333333,0.00249902885761126,0.0146245622154066,8.66759003788317,"aumento"
620003068,"population",9,4.63765358924866,0.0774325958887737,1.76394120430757e-05,0.833333333333333,0.00249902885761126,0.401972800493241,8.66759003788302,"aumento"
620003069,"pop_density",9,0,0,NA,NA,NA,0,NA,"sin tendencia"
620003069,"population",9,0,0,NA,NA,NA,0,NA,"sin tendencia"
620003071,"pop_density",9,41.8230232117871,0.506159767375125,3.24836401648272e-07,1,0.000263260802703515,2.53101930601794,6.05173684647603,"aumento"
620003071,"population",9,1177.66562906901,14.2526033528646,3.2483640164828e-07,1,0.000263260802703515,71.2692248026531,6.05173684647604,"aumento"
620003101,"pop_density",9,10.8861317498965,0.125033582119664,9.30632374875706e-09,1,0.000263260802703515,0.630489623025545,5.79167731486937,"aumento"
620003101,"population",9,185.70514594184,2.13293207804363,9.30632374875398e-09,1,0.000263260802703515,10.7554428100586,5.79167731486936,"aumento"
620003119,"pop_density",9,348.800388748479,6.62877279499192,3.15823387139368e-06,1,0.000263260802703515,32.4939731890063,9.31592229744841,"aumento"
620003119,"population",9,13674.2604166667,259.872317708333,3.15823387139343e-06,1,0.000263260802703515,1273.88347516741,9.3159222974484,"aumento"
620003127,"pop_density",9,16.0970712397071,0.156820424835314,2.34457990188591e-05,0.944444444444444,0.000580666545949214,0.826328247087038,5.13340740549567,"aumento"
620003127,"population",9,348.539574517144,3.39553222656249,2.34457990188609e-05,0.944444444444444,0.000580666545949214,17.891956329346,5.13340740549562,"aumento"
620004484,"pop_density",9,4.44778148185465,0.0542888564043747,7.84854794690021e-08,1,0.000263260802703515,0.27201884413226,6.11583202191923,"aumento"
620004484,"population",9,169.069171481662,2.06362925211589,7.84854794689918e-08,1,0.000263260802703515,10.3399865286693,6.11583202191939,"aumento"
620004485,"pop_density",9,4.78109047936932,0.052218281435435,1.49700546460565e-07,1,0.000263260802703515,0.253241879952237,5.29673891437508,"aumento"
620004485,"population",9,169.675584581163,1.85316874186198,1.49700546460624e-07,1,0.000263260802703515,8.98727271670383,5.29673891437506,"aumento"
620005821,"pop_density",9,0.220189637731981,0.00430548248887825,3.64185123969862e-05,1,0.000263260802703515,0.0214257331480812,9.73058195143632,"aumento"
620005821,"population",9,0.580662041902542,0.0113539868593216,3.64185123969868e-05,1,0.000263260802703515,0.0565017958482106,9.73058195143636,"aumento"
620005868,"pop_density",9,45.5711678646316,0.463547117671324,3.00936501147892e-07,1,0.000263260802703515,2.22530779385464,4.88314848648356,"aumento"
620005868,"population",9,949.533881293402,9.65860026041662,3.00936501147972e-07,1,0.000263260802703515,46.3671493530286,4.88314848648369,"aumento"
620005900,"pop_density",9,0,0,NA,NA,NA,0,NA,"sin tendencia"
620005900,"population",9,0,0,NA,NA,NA,0,NA,"sin tendencia"
620007234,"pop_density",9,247.422082494379,0.998854301171803,0.00747477566019671,0.666666666666667,0.0164886567276701,6.5804594398828,2.6596087841239,"aumento"
620007234,"population",9,4326.79538302951,17.4674715169271,0.00747477566019706,0.666666666666667,0.0164886567276701,115.075830078125,2.65960878412401,"aumento"
620007257,"pop_density",9,7.58279547547278,0.103019313038032,1.71587418818425e-07,1,0.000263260802703515,0.50336476513934,6.63824794915698,"aumento"
620007257,"population",9,475.159301757812,6.4554800415039,1.71587418818396e-07,1,0.000263260802703515,31.5422526041668,6.63824794915701,"aumento"
620007280,"pop_density",9,9.34924256053769,0.0972172152178997,1.0131731886655e-06,1,0.000263260802703515,0.476015795843319,5.09149048985571,"aumento"
620007280,"population",9,279.788184271919,2.90935099283856,1.01317318866534e-06,1,0.000263260802703515,14.2453887939454,5.09149048985596,"aumento"
620008574,"pop_density",9,0.333146816508795,0.0058178624521975,1.56288791451973e-07,1,0.000263260802703515,0.0289447402949155,8.68828362169005,"aumento"
620008574,"population",9,6.54267613093058,0.114257102012634,1.56288791451991e-07,1,0.000263260802703515,0.568446258703868,8.68828362169007,"aumento"
620008582,"pop_density",9,0,0,NA,NA,NA,0,NA,"sin tendencia"
620008582,"population",9,0,0,NA,NA,NA,0,NA,"sin tendencia"
620009972,"pop_density",9,243.350032039632,3.31156380119523,6.42644860817783e-11,1,0.000263260802703515,16.6760694709067,6.85270896869693,"aumento"
620009972,"population",9,5732.08175998264,78.0035009765625,6.42644860817643e-11,1,0.000263260802703515,392.802880859375,6.852708968697,"aumento"
620009985,"pop_density",9,36.9867698830956,0.362798222484483,4.11784591675256e-06,1,0.000263260802703515,1.68849388495643,4.56512934298741,"aumento"
620009985,"population",9,1200.69396294488,11.7774446614584,4.11784591675323e-06,1,0.000263260802703515,54.813232421875,4.5651293429874,"aumento"
620010011,"pop_density",9,0,0,NA,NA,NA,0,NA,"sin tendencia"
620010011,"population",9,0,0,NA,NA,NA,0,NA,"sin tendencia"
620010021,"pop_density",9,0.107308516741587,0.00241002602697306,1.70888022104081e-05,0.944444444444444,0.000580666545949214,0.0126510384097298,11.7894075828064,"aumento"
620010021,"population",9,5.14954294098748,0.115652819474538,1.70888022104084e-05,0.944444444444444,0.000580666545949214,0.607100605964664,11.7894075828067,"aumento"
620011368,"pop_density",9,0,0,NA,NA,NA,0,NA,"sin tendencia"
620011368,"population",9,0,0,NA,NA,NA,0,NA,"sin tendencia"
620011380,"pop_density",9,0,0,NA,NA,NA,0,NA,"sin tendencia"
620011380,"population",9,0,0,NA,NA,NA,0,NA,"sin tendencia"
620011390,"pop_density",9,5.04211312358289,0.0794818694296168,1.29781091219132e-05,0.944444444444444,0.000580666545949214,0.420939291427406,8.34846980046114,"aumento"
620011390,"population",9,161.055848015679,2.53882044474283,1.29781091219131e-05,0.944444444444444,0.000580666545949214,13.4456988334655,8.34846980046111,"aumento"
620011394,"pop_density",9,8.98174667680232,0.198701684467885,1.10162484859199e-09,1,0.000263260802703515,0.998775266872941,11.1200560738652,"aumento"
620011394,"population",9,139.116012573242,3.07764035542806,1.10162484859201e-09,1,0.000263260802703515,15.4697786058698,11.1200560738652,"aumento"
620011398,"pop_density",9,13.5456918260722,0.319856736658899,1.36085339589275e-10,1,0.000263260802703515,1.59548575741505,11.7785475847319,"aumento"
620011398,"population",9,327.797520955404,7.74033889770508,1.36085339589301e-10,1,0.000263260802703515,38.6097869873049,11.7785475847323,"aumento"
620012720,"pop_density",9,0,0,NA,NA,NA,0,NA,"sin tendencia"
620012720,"population",9,0,0,NA,NA,NA,0,NA,"sin tendencia"
620012728,"pop_density",9,0,0,NA,NA,NA,0,NA,"sin tendencia"
620012728,"population",9,0,0,NA,NA,NA,0,NA,"sin tendencia"
620012776,"pop_density",9,1.07596830631244,0.0250015506369046,4.90526667801309e-09,1,0.000263260802703515,0.125122767411976,11.6288525115388,"aumento"
620012776,"population",9,46.5065265231662,1.08064082463582,4.90526667801182e-09,1,0.000263260802703515,5.40817537761868,11.6288525115388,"aumento"
620014149,"pop_density",9,0,0,NA,NA,NA,0,NA,"sin tendencia"
620014149,"population",9,0,0,NA,NA,NA,0,NA,"sin tendencia"
620015505,"pop_density",9,0,0,NA,NA,NA,0,NA,"sin tendencia"
620015505,"population",9,0,0,NA,NA,NA,0,NA,"sin tendencia"
620015527,"pop_density",9,0,0,NA,NA,NA,0,NA,"sin tendencia"
620015527,"population",9,0,0,NA,NA,NA,0,NA,"sin tendencia"
620016852,"pop_density",9,0,0,NA,NA,NA,0,NA,"sin tendencia"
620016852,"population",9,0,0,NA,NA,NA,0,NA,"sin tendencia"
620018287,"pop_density",9,0,0,NA,NA,NA,0,NA,"sin tendencia"
620018287,"population",9,0,0,NA,NA,NA,0,NA,"sin tendencia"
620019630,"pop_density",9,6.31145459681978,0.146844541466344,1.17571966107468e-07,1,0.000263260802703515,0.712704533003438,11.2922389295576,"aumento"
620019630,"population",9,260.202994452583,6.05397516886394,1.17571966107457e-07,1,0.000263260802703515,29.3827438354492,11.2922389295576,"aumento"
620019649,"pop_density",9,5.46555558139923,0.0479590109949346,0.00714437875782781,0.611111111111111,0.028567681801513,0.282033947632911,5.16020637669022,"aumento"
620019649,"population",9,138.827534145779,1.21818013509114,0.00714437875782796,0.611111111111111,0.028567681801513,7.16378726959225,5.16020637669019,"aumento"
620019653,"pop_density",9,2.25657655223144,0.0498313058418657,3.23954810809544e-09,1,0.000263260802703515,0.253014474917273,11.2123151624117,"aumento"
620019653,"population",9,114.161646948921,2.52099754333497,3.23954810809551e-09,1,0.000263260802703515,12.8001636505128,11.2123151624117,"aumento"
620021002,"pop_density",9,7.72316609938794,0.208999058870489,1.1501906977843e-07,1,0.000263260802703515,1.05126358288171,13.6118214907358,"aumento"
620021002,"population",9,113.267155541314,3.06515858968099,1.15019069778444e-07,1,0.000263260802703515,15.4177230199177,13.6118214907358,"aumento"
620022391,"pop_density",9,20.5061798720416,0.483568011554642,5.51852847928799e-09,1,0.000263260802703515,2.43747622682243,11.8865446515746,"aumento"
620022391,"population",9,490.551537407769,11.5679777018229,5.51852847928746e-09,1,0.000263260802703515,58.309627532959,11.8865446515744,"aumento"
620027904,"pop_density",9,0,0,NA,NA,NA,0,NA,"sin tendencia"
620027904,"population",9,0,0,NA,NA,NA,0,NA,"sin tendencia"
620029271,"pop_density",9,0.650617164197969,0.018139632003233,5.20647253500786e-07,1,0.000263260802703515,0.092143535164815,14.1624814461209,"aumento"
620029271,"population",9,33.3186516231961,0.928945795694987,5.20647253500833e-07,1,0.000263260802703515,4.71874785423279,14.1624814461208,"aumento"
620030632,"pop_density",9,0,0,NA,NA,NA,0,NA,"sin tendencia"
620030632,"population",9,0,0,NA,NA,NA,0,NA,"sin tendencia"
620030642,"pop_density",9,0,0,NA,NA,NA,0,NA,"sin tendencia"
620030642,"population",9,0,0,NA,NA,NA,0,NA,"sin tendencia"
620030700,"pop_density",9,0,0,NA,NA,NA,0,NA,"sin tendencia"
620030700,"population",9,0,0,NA,NA,NA,0,NA,"sin tendencia"
620033387,"pop_density",9,0,0,NA,NA,NA,0,NA,"sin tendencia"
620033387,"population",9,0,0,NA,NA,NA,0,NA,"sin tendencia"
620033391,"pop_density",9,0,0,NA,NA,NA,0,NA,"sin tendencia"
620033391,"population",9,0,0,NA,NA,NA,0,NA,"sin tendencia"
620034815,"pop_density",9,0.0611794486973121,0.00168549562114398,2.05809691869149e-07,1,0.000263260802703515,0.00855847344208142,13.9891313575329,"aumento"
620034815,"population",9,1.84328526920742,0.0507825636863709,2.05809691869161e-07,1,0.000263260802703515,0.25785959760348,13.9891313575328,"aumento"
620036188,"pop_density",9,0,0,NA,NA,NA,0,NA,"sin tendencia"
620036188,"population",9,0,0,NA,NA,NA,0,NA,"sin tendencia"
620038918,"pop_density",9,0,0,NA,NA,NA,0,NA,"sin tendencia"
620038918,"population",9,0,0,NA,NA,NA,0,NA,"sin tendencia"
620040281,"pop_density",9,0,0,NA,NA,NA,0,NA,"sin tendencia"
620040281,"population",9,0,0,NA,NA,NA,0,NA,"sin tendencia"
620040292,"pop_density",9,0,0,NA,NA,NA,0,NA,"sin tendencia"
620040292,"population",9,0,0,NA,NA,NA,0,NA,"sin tendencia"
620040307,"pop_density",9,0,0,NA,NA,NA,0,NA,"sin tendencia"
620040307,"population",9,0,0,NA,NA,NA,0,NA,"sin tendencia"
620043042,"pop_density",9,0,0,NA,NA,NA,0,NA,"sin tendencia"
620043042,"population",9,0,0,NA,NA,NA,0,NA,"sin tendencia"
620044403,"pop_density",9,0,0,NA,NA,NA,0,NA,"sin tendencia"
620044403,"population",9,0,0,NA,NA,NA,0,NA,"sin tendencia"
620044412,"pop_density",9,0,0,NA,NA,NA,0,NA,"sin tendencia"
620044412,"population",9,0,0,NA,NA,NA,0,NA,"sin tendencia"
620048560,"pop_density",9,0,0,NA,NA,NA,0,NA,"sin tendencia"
620048560,"population",9,0,0,NA,NA,NA,0,NA,"sin tendencia"
620049936,"pop_density",9,0,0,NA,NA,NA,0,NA,"sin tendencia"
620049936,"population",9,0,0,NA,NA,NA,0,NA,"sin tendencia"
620059543,"pop_density",9,0,0,NA,NA,NA,0,NA,"sin tendencia"
620059543,"population",9,0,0,NA,NA,NA,0,NA,"sin tendencia"
620499909,"pop_density",9,19.8501349594997,0.450596608483961,4.36384649249734e-09,1,0.000263260802703515,2.26487444183161,11.4098692349077,"aumento"
620499909,"population",9,539.890696207682,12.2554792277018,4.36384649249761e-09,1,0.000263260802703515,61.6008224487308,11.409869234908,"aumento"
620501242,"pop_density",9,0,0,NA,NA,NA,0,NA,"sin tendencia"
620501242,"population",9,0,0,NA,NA,NA,0,NA,"sin tendencia"
620501243,"pop_density",9,0,0,NA,NA,NA,0,NA,"sin tendencia"
620501243,"population",9,0,0,NA,NA,NA,0,NA,"sin tendencia"
620501285,"pop_density",9,0.0444429847746064,0.000955376479083443,2.51095263624e-09,1,0.000263260802703515,0.00486269954710275,10.9414333257859,"aumento"
620501285,"population",9,2.2337435219023,0.0480180625120798,2.51095263624043e-09,1,0.000263260802703515,0.244403558117999,10.9414333257858,"aumento"
620502618,"pop_density",9,0,0,NA,NA,NA,0,NA,"sin tendencia"
620502618,"population",9,0,0,NA,NA,NA,0,NA,"sin tendencia"
620503994,"pop_density",9,0,0,NA,NA,NA,0,NA,"sin tendencia"
620503994,"population",9,0,0,NA,NA,NA,0,NA,"sin tendencia"
620503997,"pop_density",9,0,0,NA,NA,NA,0,NA,"sin tendencia"
620503997,"population",9,0,0,NA,NA,NA,0,NA,"sin tendencia"
620505351,"pop_density",9,0.082167102477995,0.00116006118748773,1.36237249205736e-05,0.944444444444444,0.000580666545949214,0.00570762967525635,6.94636844080623,"aumento"
620505351,"population",9,3.86111039585537,0.0545123799641928,1.36237249205722e-05,0.944444444444444,0.000580666545949214,0.26820695400238,6.94636844080608,"aumento"
620505370,"pop_density",9,0,0,NA,NA,NA,0,NA,"sin tendencia"
620505370,"population",9,0,0,NA,NA,NA,0,NA,"sin tendencia"
620506740,"pop_density",9,0,0,NA,NA,NA,0,NA,"sin tendencia"
620506740,"population",9,0,0,NA,NA,NA,0,NA,"sin tendencia"
620506746,"pop_density",9,0,0,NA,NA,NA,0,NA,"sin tendencia"
620506746,"population",9,0,0,NA,NA,NA,0,NA,"sin tendencia"
620508116,"pop_density",9,0,0,NA,NA,NA,0,NA,"sin tendencia"
620508116,"population",9,0,0,NA,NA,NA,0,NA,"sin tendencia"
620509492,"pop_density",9,0,0,NA,NA,NA,0,NA,"sin tendencia"
620509492,"population",9,0,0,NA,NA,NA,0,NA,"sin tendencia"
620510868,"pop_density",9,0,0,NA,NA,NA,0,NA,"sin tendencia"
620510868,"population",9,0,0,NA,NA,NA,0,NA,"sin tendencia"
620512244,"pop_density",9,0,0,NA,NA,NA,0,NA,"sin tendencia"
620512244,"population",9,0,0,NA,NA,NA,0,NA,"sin tendencia"
620512274,"pop_density",9,0,0,NA,NA,NA,0,NA,"sin tendencia"
620512274,"population",9,0,0,NA,NA,NA,0,NA,"sin tendencia"
620523241,"pop_density",9,292.568061490291,9.25368755363965,3.79232148034152e-09,1,0.000263260802703515,46.775028257886,15.9877424827652,"aumento"
620523241,"population",9,15339.0893012153,485.162799479167,3.79232148034148e-09,1,0.000263260802703515,2452.37409667969,15.9877424827652,"aumento"
620523273,"pop_density",9,0,0,NA,NA,NA,0,NA,"sin tendencia"
620523273,"population",9,0,0,NA,NA,NA,0,NA,"sin tendencia"
620523298,"pop_density",9,0.0143779216500156,0.000323845329325458,6.9636336365889e-08,1,0.000263260802703515,0.00162917531145898,11.3310904810586,"aumento"
620523298,"population",9,0.315504352251689,0.00710635468363761,6.96363363658774e-08,1,0.000263260802703515,0.0357500836253166,11.3310904810586,"aumento"
620525963,"pop_density",9,1.76939976954835,0.0589604851671261,1.53348271446622e-05,1,0.000263260802703515,0.292096107473397,16.5082030923942,"aumento"
620525963,"population",9,3.33284037643009,0.111057935555776,1.53348271446626e-05,1,0.000263260802703515,0.550192058086395,16.5082030923942,"aumento"
620526011,"pop_density",9,0,0,NA,NA,NA,0,NA,"sin tendencia"
620526011,"population",9,0,0,NA,NA,NA,0,NA,"sin tendencia"
620527387,"pop_density",9,0,0,NA,NA,NA,0,NA,"sin tendencia"
620527387,"population",9,0,0,NA,NA,NA,0,NA,"sin tendencia"
620527429,"pop_density",9,0,0,NA,NA,NA,0,NA,"sin tendencia"
620527429,"population",9,0,0,NA,NA,NA,0,NA,"sin tendencia"
620528731,"pop_density",9,0,0,NA,NA,NA,0,NA,"sin tendencia"
620528731,"population",9,0,0,NA,NA,NA,0,NA,"sin tendencia"
620528743,"pop_density",9,0.0348935621629896,-0.000118453289582848,0.177474909464496,-0.277777777777778,0.348082623632924,-0.000283301180650357,-0.811901001471398,"sin tendencia"
620528743,"population",9,0.491303837961621,-0.00166783074537912,0.177474909464503,-0.277777777777778,0.348082623632924,-0.0039889007806779,-0.811901001471416,"sin tendencia"
620528805,"pop_density",9,0,0,NA,NA,NA,0,NA,"sin tendencia"
620528805,"population",9,0,0,NA,NA,NA,0,NA,"sin tendencia"
620528811,"pop_density",9,0.799334108988489,0.018029451918886,6.84911629770537e-09,1,0.000263260802703515,0.0904881484310186,11.3204412789948,"aumento"
620528811,"population",9,26.4971512688531,0.597658863067626,6.84911629770437e-09,1,0.000263260802703515,2.99959444999694,11.3204412789948,"aumento"
620530138,"pop_density",9,2.83440278802599,0.0648337609243818,1.67055766187827e-09,1,0.000263260802703515,0.32653988967771,11.5205887835415,"aumento"
620530138,"population",9,140.351222568088,3.21037562052409,1.67055766187866e-09,1,0.000263260802703515,16.1692872047426,11.5205887835416,"aumento"
620534260,"pop_density",9,0,0,NA,NA,NA,0,NA,"sin tendencia"
620534260,"population",9,0,0,NA,NA,NA,0,NA,"sin tendencia"
620535636,"pop_density",9,0,0,NA,NA,NA,0,NA,"sin tendencia"
620535636,"population",9,0,0,NA,NA,NA,0,NA,"sin tendencia"
620536973,"pop_density",9,0,0,NA,NA,NA,0,NA,"sin tendencia"
620536973,"population",9,0,0,NA,NA,NA,0,NA,"sin tendencia"
620536975,"pop_density",9,0,0,NA,NA,NA,0,NA,"sin tendencia"
620536975,"population",9,0,0,NA,NA,NA,0,NA,"sin tendencia"
620537027,"pop_density",9,5.17001395113859,0.0466417533098122,0.00588088163186309,0.666666666666667,0.0164886567276701,0.293393254434913,5.67490256714489,"aumento"
620537027,"population",9,71.3530031840007,0.64371763865153,0.00588088163186302,0.666666666666667,0.0164886567276701,4.04921340942381,5.67490256714486,"aumento"
620538383,"pop_density",9,55.42432633705,0.456532967928341,3.35783198995681e-07,1,0.000263260802703515,2.22715362039445,4.01836840893752,"aumento"
620538383,"population",9,898.817267523872,7.40360310872405,3.35783198995672e-07,1,0.000263260802703515,36.117789132255,4.01836840893755,"aumento"
620539744,"pop_density",9,0,0,NA,NA,NA,0,NA,"sin tendencia"
620539744,"population",9,0,0,NA,NA,NA,0,NA,"sin tendencia"
620539759,"pop_density",9,0,0,NA,NA,NA,0,NA,"sin tendencia"
620539759,"population",9,0,0,NA,NA,NA,0,NA,"sin tendencia"
620539768,"pop_density",9,0,0,NA,NA,NA,0,NA,"sin tendencia"
620539768,"population",9,0,0,NA,NA,NA,0,NA,"sin tendencia"
620541113,"pop_density",9,330.641467136558,3.48462715993211,3.41652743559521e-09,1,0.000263260802703515,17.4727647820232,5.28450497553798,"aumento"
620541113,"population",9,6084.84765625,64.1281494140625,3.41652743559448e-09,1,0.000263260802703515,321.554077148438,5.28450497553798,"aumento"
620541144,"pop_density",9,0,0,NA,NA,NA,0,NA,"sin tendencia"
620541144,"population",9,0,0,NA,NA,NA,0,NA,"sin tendencia"
620542489,"pop_density",9,0,0,NA,NA,NA,0,NA,"sin tendencia"
620542489,"population",9,0,0,NA,NA,NA,0,NA,"sin tendencia"
620542492,"pop_density",9,4.75561085276358,0.0622520565463331,6.21085437294326e-08,1,0.000263260802703515,0.311203136114901,6.54391508788097,"aumento"
620542492,"population",9,121.996184455024,1.59695854187011,6.21085437294293e-08,1,0.000263260802703515,7.98332672119134,6.54391508788091,"aumento"
620542520,"pop_density",9,0,0,NA,NA,NA,0,NA,"sin tendencia"
620542520,"population",9,0,0,NA,NA,NA,0,NA,"sin tendencia"
620543865,"pop_density",9,0,0,NA,NA,NA,0,NA,"sin tendencia"
620543865,"population",9,0,0,NA,NA,NA,0,NA,"sin tendencia"
620543868,"pop_density",9,288.168298372035,3.21970309008566,9.39532386790379e-10,1,0.000263260802703515,16.344781189949,5.67195672885826,"aumento"
620543868,"population",9,7522.61528862847,84.050146484375,9.39532386790453e-10,1,0.000263260802703515,426.679484049479,5.67195672885821,"aumento"
620543903,"pop_density",9,1.52308360169698,0.0135206877307203,0.00661336922937901,0.666666666666667,0.0164886567276701,0.0791034027517761,5.19363498258672,"aumento"
620543903,"population",9,37.5003975762261,0.332897790273031,0.00661336922937887,0.666666666666667,0.0164886567276701,1.94763376712799,5.19363498258673,"aumento"
620545244,"pop_density",9,455.151357969486,3.84419679385082,6.89154715939972e-06,1,0.000263260802703515,16.7915614705529,3.68922583148233,"aumento"
620545244,"population",9,1379.83401150174,11.6540429687501,6.89154715940201e-06,1,0.000263260802703515,50.9051927839004,3.68922583148229,"aumento"
620545276,"pop_density",9,102.25361279521,1.08503947951891,9.65742054553018e-09,1,0.000263260802703515,5.45976095524111,5.3394308582287,"aumento"
620545276,"population",9,3999.1311577691,42.4358129882813,9.65742054552764e-09,1,0.000263260802703515,213.530843098958,5.33943085822859,"aumento"
620545279,"pop_density",9,0,0,NA,NA,NA,0,NA,"sin tendencia"
620545279,"population",9,0,0,NA,NA,NA,0,NA,"sin tendencia"
620545325,"pop_density",9,0,0,NA,NA,NA,0,NA,"sin tendencia"
620545325,"population",9,0,0,NA,NA,NA,0,NA,"sin tendencia"
620546636,"pop_density",9,1.73770207774345,0.0186163622839227,1.63588649149174e-08,1,0.000263260802703515,0.0931150921009729,5.35851877566324,"aumento"
620546636,"population",9,31.7208894093831,0.339832458496095,1.63588649149274e-08,1,0.000263260802703515,1.69976981480918,5.35851877566328,"aumento"
620546662,"pop_density",9,0,0,NA,NA,NA,0,NA,"sin tendencia"
620546662,"population",9,0,0,NA,NA,NA,0,NA,"sin tendencia"
620547979,"pop_density",9,0.11298359375729,0.00178231683999544,6.73240692230922e-07,1,0.000263260802703515,0.00897550769996642,7.94408055318855,"aumento"
620547979,"population",9,4.07238528463576,0.0642419012387595,6.73240692230888e-07,1,0.000263260802703515,0.323513567447663,7.9440805531886,"aumento"
620548009,"pop_density",9,30.5681994292267,0.294896342427388,9.78648670198718e-08,1,0.000263260802703515,1.41845479367059,4.64029553639455,"aumento"
620548009,"population",9,1323.15725368923,12.7647111002605,9.78648670198791e-08,1,0.000263260802703515,61.398406982425,4.64029553639476,"aumento"
620548016,"pop_density",9,1.27526366483263,0.00822799460247293,5.22795768389024e-05,0.944444444444444,0.000580666545949214,0.0408400735213948,3.20248076124357,"aumento"
620548016,"population",9,20.9043064117432,0.134874477386475,5.22795768388919e-05,0.944444444444444,0.000580666545949214,0.669456391107463,3.20248076124349,"aumento"
620548019,"pop_density",9,0,0,NA,NA,NA,0,NA,"sin tendencia"
620548019,"population",9,0,0,NA,NA,NA,0,NA,"sin tendencia"
620548056,"pop_density",9,0,0,NA,NA,NA,0,NA,"sin tendencia"
620548056,"population",9,0,0,NA,NA,NA,0,NA,"sin tendencia"
620549355,"pop_density",9,1.60497707178234,0.0234641534705402,2.45556329230248e-07,1,0.000263260802703515,0.122143461435038,7.61029322988374,"aumento"
620549355,"population",9,65.7184482150608,0.960778681437174,2.45556329230256e-07,1,0.000263260802703515,5.00136661529541,7.61029322988373,"aumento"
620549392,"pop_density",9,0,0,NA,NA,NA,0,NA,"sin tendencia"
620549392,"population",9,0,0,NA,NA,NA,0,NA,"sin tendencia"
620549395,"pop_density",9,0,0,NA,NA,NA,0,NA,"sin tendencia"
620549395,"population",9,0,0,NA,NA,NA,0,NA,"sin tendencia"
620549432,"pop_density",9,0,0,NA,NA,NA,0,NA,"sin tendencia"
620549432,"population",9,0,0,NA,NA,NA,0,NA,"sin tendencia"
620550727,"pop_density",9,3.94903309358756,0.0596732551452318,4.79576517589605e-08,1,0.000263260802703515,0.298986346783917,7.57112791152374,"aumento"
620550727,"population",9,165.779733445909,2.50507303873699,4.79576517589408e-08,1,0.000263260802703515,12.551395670573,7.57112791152381,"aumento"
620550793,"pop_density",9,0,0,NA,NA,NA,0,NA,"sin tendencia"
620550793,"population",9,0,0,NA,NA,NA,0,NA,"sin tendencia"
620550811,"pop_density",9,0,0,NA,NA,NA,0,NA,"sin tendencia"
620550811,"population",9,0,0,NA,NA,NA,0,NA,"sin tendencia"
620552097,"pop_density",9,55.0514930873732,0.741395569284548,1.15681128760026e-09,1,0.000263260802703515,3.75569529690892,6.82214974796086,"aumento"
620552097,"population",9,1340.87769911024,18.058016764323,1.15681128759949e-09,1,0.000263260802703515,91.476684570316,6.8221497479611,"aumento"
620552187,"pop_density",9,0,0,NA,NA,NA,0,NA,"sin tendencia"
620552187,"population",9,0,0,NA,NA,NA,0,NA,"sin tendencia"
620553473,"pop_density",9,556.826881522346,7.47026369387787,1.38744454285588e-08,1,0.000263260802703515,38.3877810257287,6.89402439062889,"aumento"
620553473,"population",9,971.112114800348,13.0282208251954,1.38744454285521e-08,1,0.000263260802703515,66.9487060546874,6.89402439062883,"aumento"
620553538,"pop_density",9,0.018831041266918,0.000454861233536472,1.53350437227504e-07,1,0.000263260802703515,0.00227123035198195,12.0610980550077,"aumento"
620553538,"population",9,0.29488336874379,0.00712286755442618,1.5335043722752e-07,1,0.000263260802703515,0.0355661722520986,12.0610980550077,"aumento"
620553543,"pop_density",9,0,0,NA,NA,NA,0,NA,"sin tendencia"
620553543,"population",9,0,0,NA,NA,NA,0,NA,"sin tendencia"
620553574,"pop_density",9,0,0,NA,NA,NA,0,NA,"sin tendencia"
620553574,"population",9,0,0,NA,NA,NA,0,NA,"sin tendencia"
620554897,"pop_density",9,0,0,NA,NA,NA,0,NA,"sin tendencia"
620554897,"population",9,0,0,NA,NA,NA,0,NA,"sin tendencia"
620554907,"pop_density",9,17.7924659973178,0.196990370327005,6.39152968564737e-08,1,0.000263260802703515,0.977220094043,5.49232520208449,"aumento"
620554907,"population",9,718.302191840278,7.95272644042969,6.39152968564678e-08,1,0.000263260802703515,39.4514923095705,5.49232520208472,"aumento"
620554910,"pop_density",9,0,0,NA,NA,NA,0,NA,"sin tendencia"
620554910,"population",9,0,0,NA,NA,NA,0,NA,"sin tendencia"
620554912,"pop_density",9,0,0,NA,NA,NA,0,NA,"sin tendencia"
620554912,"population",9,0,0,NA,NA,NA,0,NA,"sin tendencia"
620554914,"pop_density",9,0,0,NA,NA,NA,0,NA,"sin tendencia"
620554914,"population",9,0,0,NA,NA,NA,0,NA,"sin tendencia"
620554925,"pop_density",9,0,0,NA,NA,NA,0,NA,"sin tendencia"
620554925,"population",9,0,0,NA,NA,NA,0,NA,"sin tendencia"
620556283,"pop_density",9,0,0,NA,NA,NA,0,NA,"sin tendencia"
620556283,"population",9,0,0,NA,NA,NA,0,NA,"sin tendencia"
620556286,"pop_density",9,0,0,NA,NA,NA,0,NA,"sin tendencia"
620556286,"population",9,0,0,NA,NA,NA,0,NA,"sin tendencia"
620556288,"pop_density",9,0,0,NA,NA,NA,0,NA,"sin tendencia"
620556288,"population",9,0,0,NA,NA,NA,0,NA,"sin tendencia"
620556290,"pop_density",9,0,0,NA,NA,NA,0,NA,"sin tendencia"
620556290,"population",9,0,0,NA,NA,NA,0,NA,"sin tendencia"
620556299,"pop_density",9,0,0,NA,NA,NA,0,NA,"sin tendencia"
620556299,"population",9,0,0,NA,NA,NA,0,NA,"sin tendencia"
620557659,"pop_density",9,0,0,NA,NA,NA,0,NA,"sin tendencia"
620557659,"population",9,0,0,NA,NA,NA,0,NA,"sin tendencia"
620557662,"pop_density",9,0,0,NA,NA,NA,0,NA,"sin tendencia"
620557662,"population",9,0,0,NA,NA,NA,0,NA,"sin tendencia"
620557664,"pop_density",9,0.231076195944423,0.00560822063339838,1.33102044800341e-07,1,0.000263260802703515,0.0280063125130641,12.1199470151395,"aumento"
620557664,"population",9,6.16255640983581,0.149565280278524,1.33102044800339e-07,1,0.000263260802703515,0.746898571650189,12.1199470151396,"aumento"
620557675,"pop_density",9,0,0,NA,NA,NA,0,NA,"sin tendencia"
620557675,"population",9,0,0,NA,NA,NA,0,NA,"sin tendencia"
620557692,"pop_density",9,0,0,NA,NA,NA,0,NA,"sin tendencia"
620557692,"population",9,0,0,NA,NA,NA,0,NA,"sin tendencia"
620559003,"pop_density",9,10.0329643425982,0.115631527319628,1.68290571539355e-09,1,0.000263260802703515,0.588651026998861,5.86716953133732,"aumento"
620559003,"population",9,552.767432318793,6.37073354085286,1.68290571539258e-09,1,0.000263260802703515,32.4318023681643,5.86716953133739,"aumento"
620559038,"pop_density",9,0,0,NA,NA,NA,0,NA,"sin tendencia"
620559038,"population",9,0,0,NA,NA,NA,0,NA,"sin tendencia"
620559040,"pop_density",9,0,0,NA,NA,NA,0,NA,"sin tendencia"
620559040,"population",9,0,0,NA,NA,NA,0,NA,"sin tendencia"
620559051,"pop_density",9,0,0,NA,NA,NA,0,NA,"sin tendencia"
620559051,"population",9,0,0,NA,NA,NA,0,NA,"sin tendencia"
620560416,"pop_density",9,0,0,NA,NA,NA,0,NA,"sin tendencia"
620560416,"population",9,0,0,NA,NA,NA,0,NA,"sin tendencia"
620560419,"pop_density",9,0,0,NA,NA,NA,0,NA,"sin tendencia"
620560419,"population",9,0,0,NA,NA,NA,0,NA,"sin tendencia"
620561792,"pop_density",9,0,0,NA,NA,NA,0,NA,"sin tendencia"
620561792,"population",9,0,0,NA,NA,NA,0,NA,"sin tendencia"
620563161,"pop_density",9,0,0,NA,NA,NA,0,NA,"sin tendencia"
620563161,"population",9,0,0,NA,NA,NA,0,NA,"sin tendencia"
620564497,"pop_density",9,0.00447657107396066,7.51682436440263e-05,1.29991484551109e-05,0.944444444444444,0.000580666545949214,0.0003621438728351,8.08976037355066,"aumento"
620564497,"population",9,0.205943410595258,0.0034580941994985,1.29991484551106e-05,0.944444444444444,0.000580666545949214,0.0166603284222739,8.08976037355066,"aumento"
620564537,"pop_density",9,0,0,NA,NA,NA,0,NA,"sin tendencia"
620564537,"population",9,0,0,NA,NA,NA,0,NA,"sin tendencia"
620565868,"pop_density",9,156.245782763069,2.31199031539684,1.72933211886387e-10,1,0.000263260802703515,11.7721690957935,7.53439157692009,"aumento"
620565868,"population",9,3212.86233181424,47.5411653645834,1.72933211886483e-10,1,0.000263260802703515,242.06962890625,7.53439157692008,"aumento"
620565910,"pop_density",9,0,0,NA,NA,NA,0,NA,"sin tendencia"
620565910,"population",9,0,0,NA,NA,NA,0,NA,"sin tendencia"
620567266,"pop_density",9,0,0,NA,NA,NA,0,NA,"sin tendencia"
620567266,"population",9,0,0,NA,NA,NA,0,NA,"sin tendencia"
620567286,"pop_density",9,0,0,NA,NA,NA,0,NA,"sin tendencia"
620567286,"population",9,0,0,NA,NA,NA,0,NA,"sin tendencia"
620568662,"pop_density",9,0,0,NA,NA,NA,0,NA,"sin tendencia"
620568662,"population",9,0,0,NA,NA,NA,0,NA,"sin tendencia"
620568677,"pop_density",9,15.2692431208793,0.40764121247901,5.67497762268732e-07,1,0.000263260802703515,2.02291866465579,13.2483231070546,"aumento"
620568677,"population",9,645.205423990885,17.2249743652344,5.67497762268674e-07,1,0.000263260802703515,85.4788992745535,13.2483231070545,"aumento"
620570044,"pop_density",9,0,0,NA,NA,NA,0,NA,"sin tendencia"
620570044,"population",9,0,0,NA,NA,NA,0,NA,"sin tendencia"
620570047,"pop_density",9,0,0,NA,NA,NA,0,NA,"sin tendencia"
620570047,"population",9,0,0,NA,NA,NA,0,NA,"sin tendencia"
620571407,"pop_density",9,0,0,NA,NA,NA,0,NA,"sin tendencia"
620571407,"population",9,0,0,NA,NA,NA,0,NA,"sin tendencia"
620571410,"pop_density",9,0,0,NA,NA,NA,0,NA,"sin tendencia"
620571410,"population",9,0,0,NA,NA,NA,0,NA,"sin tendencia"
620571444,"pop_density",9,0,0,NA,NA,NA,0,NA,"sin tendencia"
620571444,"population",9,0,0,NA,NA,NA,0,NA,"sin tendencia"
620572754,"pop_density",9,54.6923708336418,0.689930283086829,1.50170625301739e-08,1,0.000263260802703515,3.50351639915124,6.40585943843596,"aumento"
620572754,"population",9,1396.54298231337,17.6170328776042,1.50170625301739e-08,1,0.000263260802703515,89.460580444336,6.40585943843597,"aumento"
620572783,"pop_density",9,0,0,NA,NA,NA,0,NA,"sin tendencia"
620572783,"population",9,0,0,NA,NA,NA,0,NA,"sin tendencia"
620572846,"pop_density",9,0.000226016333089288,5.31106068980259e-06,6.82215903341693e-08,1,0.000263260802703515,2.68734024931545e-05,11.8900267630385,"aumento"
620572846,"population",9,0.00325247799305038,7.64285827366014e-05,6.82215903341714e-08,1,0.000263260802703515,0.000386720503835627,11.8900267630385,"aumento"
620574130,"pop_density",9,315.703203661728,3.65572122002676,4.92856475106413e-09,1,0.000263260802703515,18.3138176712571,5.80096035100112,"aumento"
620574130,"population",9,1790.7207438151,20.7358548990887,4.92856475106143e-09,1,0.000263260802703515,103.879000345866,5.80096035100112,"aumento"
620574131,"pop_density",9,66.749482377264,0.931186959420962,4.16043210988286e-11,1,0.000263260802703515,4.67398530418861,7.00227947502504,"aumento"
620574131,"population",9,1158.43707953559,16.1607470703126,4.16043210988173e-11,1,0.000263260802703515,81.1170018514,7.00227947502502,"aumento"
620574158,"pop_density",9,4.5847498353156,0.124348046574905,1.0175284208823e-07,1,0.000263260802703515,0.622336386209754,13.574053297652,"aumento"
620574158,"population",9,80.749127705892,2.19008597056071,1.01752842088232e-07,1,0.000263260802703515,10.9609296321869,13.5740532976521,"aumento"
620574159,"pop_density",9,0,0,NA,NA,NA,0,NA,"sin tendencia"
620574159,"population",9,0,0,NA,NA,NA,0,NA,"sin tendencia"
620575497,"pop_density",9,3.5904216822757,0.0511535923889428,6.7231029065169e-08,1,0.000263260802703515,0.254811718392139,7.09698584013208,"aumento"
620575497,"population",9,98.4386062622071,1.40247825622559,6.72310290651981e-08,1,0.000263260802703515,6.98617394765225,7.09698584013212,"aumento"
620575506,"pop_density",9,0.00664265181309603,3.51487227867563e-05,0.627383528045415,0.111111111111111,0.754454177494089,0.00023077590417916,3.4741532549423,"sin tendencia"
620575506,"population",9,0.00957818686341246,5.06817223504183e-05,0.627383528045417,0.111111111111111,0.754454177494089,0.000332760890679698,3.47415325494229,"sin tendencia"
620575525,"pop_density",9,0.483029377159028,0.00960913670711532,2.43602872514732e-05,0.833333333333333,0.00249902885761126,0.0511895940110958,10.5976150585646,"aumento"
620575525,"population",9,0.25543293191327,0.00508145069082578,2.43602872514732e-05,0.833333333333333,0.00249902885761126,0.0270697988569737,10.5976150585646,"aumento"
620575531,"pop_density",9,3.14280596517333,0.0367339994819102,4.12234916604983e-09,1,0.000263260802703515,0.18354897597996,5.84028979243193,"aumento"
620575531,"population",9,107.408369276259,1.25541920979819,4.12234916604933e-09,1,0.000263260802703515,6.27296002705908,5.84028979243207,"aumento"
620575566,"pop_density",9,0,0,NA,NA,NA,0,NA,"sin tendencia"
620575566,"population",9,0,0,NA,NA,NA,0,NA,"sin tendencia"
620576867,"pop_density",9,43.3188317102622,0.608885066332921,1.09873963940655e-10,1,0.000263260802703515,3.08826141518244,7.12914289987841,"aumento"
620576867,"population",9,1193.345574273,16.7735432942709,1.09873963940696e-10,1,0.000263260802703515,85.0753112792978,7.12914289987847,"aumento"
620576889,"pop_density",9,0,0,NA,NA,NA,0,NA,"sin tendencia"
620576889,"population",9,0,0,NA,NA,NA,0,NA,"sin tendencia"
620576907,"pop_density",9,35.836974746352,0.378233737111656,2.04042359413626e-08,1,0.000263260802703515,1.9148739016643,5.34329115450579,"aumento"
620576907,"population",9,1123.1207546658,11.8537394205728,2.04042359413721e-08,1,0.000263260802703515,60.0116119384775,5.34329115450589,"aumento"
620576925,"pop_density",9,0,0,NA,NA,NA,0,NA,"sin tendencia"
620576925,"population",9,0,0,NA,NA,NA,0,NA,"sin tendencia"
620578283,"pop_density",9,0,0,NA,NA,NA,0,NA,"sin tendencia"
620578283,"population",9,0,0,NA,NA,NA,0,NA,"sin tendencia"
620578296,"pop_density",9,160.332951704378,1.60561643873809,3.94717167604425e-07,1,0.000263260802703515,8.12408383857049,5.0670082177179,"aumento"
620578296,"population",9,7754.36008029514,77.6542057291667,3.94717167604447e-07,1,0.000263260802703515,392.9140625,5.06700821771802,"aumento"
620578311,"pop_density",9,9.92536631990783,0.106473578053262,1.21975998607467e-06,1,0.000263260802703515,0.533802874786661,5.3781679948274,"aumento"
620578311,"population",9,445.015292697483,4.77386617024739,1.21975998607436e-06,1,0.000263260802703515,23.9336700439452,5.37816799482778,"aumento"
620578327,"pop_density",9,0.00762170254690289,0.000198468121666305,1.50273006602127e-05,0.944444444444444,0.000580666545949214,0.000916607622233957,12.0262843714155,"aumento"
620578327,"population",9,0.205990516477161,0.00536396568020184,1.50273006602119e-05,0.944444444444444,0.000580666545949214,0.0247730052896907,12.0262843714154,"aumento"
620579620,"pop_density",9,0.100993801686696,0.00137766178267315,3.2203931281688e-06,1,0.000263260802703515,0.00702497863179342,6.95585126460176,"aumento"
620579620,"population",9,1.52085721492767,0.0207460935910543,3.22039312816839e-06,1,0.000263260802703515,0.105788565817334,6.95585126460177,"aumento"
620579659,"pop_density",9,0,0,NA,NA,NA,0,NA,"sin tendencia"
620579659,"population",9,0,0,NA,NA,NA,0,NA,"sin tendencia"
620579671,"pop_density",9,0,0,NA,NA,NA,0,NA,"sin tendencia"
620579671,"population",9,0,0,NA,NA,NA,0,NA,"sin tendencia"
620579672,"pop_density",9,0,0,NA,NA,NA,0,NA,"sin tendencia"
620579672,"population",9,0,0,NA,NA,NA,0,NA,"sin tendencia"
620579686,"pop_density",9,0,0,NA,NA,NA,0,NA,"sin tendencia"
620579686,"population",9,0,0,NA,NA,NA,0,NA,"sin tendencia"
620579687,"pop_density",9,0,0,NA,NA,NA,0,NA,"sin tendencia"
620579687,"population",9,0,0,NA,NA,NA,0,NA,"sin tendencia"
620579696,"pop_density",9,0.641296550675195,0.00626551780820805,6.0936260169284e-06,1,0.000263260802703515,0.0311239330917925,4.85328247267561,"aumento"
620579696,"population",9,22.5147461361355,0.219970842997234,6.09362601692843e-06,1,0.000263260802703515,1.09270422799247,4.85328247267558,"aumento"
620579703,"pop_density",9,0,0,NA,NA,NA,0,NA,"sin tendencia"
620579703,"population",9,0,0,NA,NA,NA,0,NA,"sin tendencia"
620581021,"pop_density",9,0,0,NA,NA,NA,0,NA,"sin tendencia"
620581021,"population",9,0,0,NA,NA,NA,0,NA,"sin tendencia"
620581043,"pop_density",9,0,0,NA,NA,NA,0,NA,"sin tendencia"
620581043,"population",9,0,0,NA,NA,NA,0,NA,"sin tendencia"
620581048,"pop_density",9,0,0,NA,NA,NA,0,NA,"sin tendencia"
620581048,"population",9,0,0,NA,NA,NA,0,NA,"sin tendencia"
620581058,"pop_density",9,0,0,NA,NA,NA,0,NA,"sin tendencia"
620581058,"population",9,0,0,NA,NA,NA,0,NA,"sin tendencia"
620581079,"pop_density",9,0,0,NA,NA,NA,0,NA,"sin tendencia"
620581079,"population",9,0,0,NA,NA,NA,0,NA,"sin tendencia"
620582375,"pop_density",9,0.0361293015345638,0.000810257131216426,1.61014337983115e-05,1,0.000263260802703515,0.00400821953965941,11.0940963965906,"aumento"
620582375,"population",9,0.00190826896060672,4.27959708031266e-05,1.61014337983111e-05,1,0.000263260802703515,0.000211705197995928,11.0940963965907,"aumento"
620582419,"pop_density",9,2.22158578541808,0.0618919076064826,2.70686688438965e-07,1,0.000263260802703515,0.316429034037292,14.2433857883972,"aumento"
620582419,"population",9,97.7608901129828,2.7235536066691,2.70686688438959e-07,1,0.000263260802703515,13.9244607289632,14.2433857883972,"aumento"
620582420,"pop_density",9,0,0,NA,NA,NA,0,NA,"sin tendencia"
620582420,"population",9,0,0,NA,NA,NA,0,NA,"sin tendencia"
620582434,"pop_density",9,0,0,NA,NA,NA,0,NA,"sin tendencia"
620582434,"population",9,0,0,NA,NA,NA,0,NA,"sin tendencia"
620582438,"pop_density",9,0.0229007993326873,0.000575159575869895,2.66291295182189e-07,1,0.000263260802703515,0.00288366265104271,12.5919737959833,"aumento"
620582438,"population",9,0.994018707010481,0.0249650402863821,2.66291295182228e-07,1,0.000263260802703515,0.125166575113933,12.5919737959834,"aumento"
620583771,"pop_density",9,0.41174095957107,0.00617894133081206,1.76998156297022e-07,1,0.000263260802703515,0.0306911115513956,7.45398553094353,"aumento"
620583771,"population",9,13.7193344963921,0.205884211858113,1.76998156297007e-07,1,0.000263260802703515,1.02263720830281,7.4539855309435,"aumento"
620583793,"pop_density",9,0.800924627968682,0.0102697465747046,2.72044110763562e-06,1,0.000263260802703515,0.0475095409265968,5.93183668819016,"aumento"
620583793,"population",9,29.469399134318,0.377867342631022,2.7204411076355e-06,1,0.000263260802703515,1.74807662963868,5.93183668819018,"aumento"
620583812,"pop_density",9,0,0,NA,NA,NA,0,NA,"sin tendencia"
620583812,"population",9,0,0,NA,NA,NA,0,NA,"sin tendencia"
620585131,"pop_density",9,272.029471085525,3.64792940079426,9.35316409208905e-11,1,0.000263260802703515,18.3111020832853,6.73129349192038,"aumento"
620585131,"population",9,7117.4599609375,95.4455094401042,9.35316409208413e-11,1,0.000263260802703515,479.097119140625,6.73129349192038,"aumento"
620585147,"pop_density",9,0,0,NA,NA,NA,0,NA,"sin tendencia"
620585147,"population",9,0,0,NA,NA,NA,0,NA,"sin tendencia"
620585169,"pop_density",9,5.61057432371795,0.135542613219883,1.56668755339541e-07,1,0.000263260802703515,0.680621382561101,12.1310465433791,"aumento"
620585169,"population",9,223.187683105469,5.39186187744141,1.5666875533954e-07,1,0.000263260802703515,27.0750017166139,12.1310465433791,"aumento"
620585184,"pop_density",9,0,0,NA,NA,NA,0,NA,"sin tendencia"
620585184,"population",9,0,0,NA,NA,NA,0,NA,"sin tendencia"
620585213,"pop_density",9,0,0,NA,NA,NA,0,NA,"sin tendencia"
620585213,"population",9,0,0,NA,NA,NA,0,NA,"sin tendencia"
620585218,"pop_density",9,0,0,NA,NA,NA,0,NA,"sin tendencia"
620585218,"population",9,0,0,NA,NA,NA,0,NA,"sin tendencia"
620586541,"pop_density",9,0,0,NA,NA,NA,0,NA,"sin tendencia"
620586541,"population",9,0,0,NA,NA,NA,0,NA,"sin tendencia"
620586544,"pop_density",9,51.6640989688141,0.554877642371452,8.9816492595441e-08,1,0.000263260802703515,2.66388111136988,5.15615517262359,"aumento"
620586544,"population",9,1256.38141547309,13.4936633300781,8.98164925954528e-08,1,0.000263260802703515,64.7809753418,5.1561551726238,"aumento"
620586549,"pop_density",9,0,0,NA,NA,NA,0,NA,"sin tendencia"
620586549,"population",9,0,0,NA,NA,NA,0,NA,"sin tendencia"
620586596,"pop_density",9,0,0,NA,NA,NA,0,NA,"sin tendencia"
620586596,"population",9,0,0,NA,NA,NA,0,NA,"sin tendencia"
620587912,"pop_density",9,23.5376637465885,0.332731728433643,0.000248463787004258,0.833333333333333,0.00249902885761126,1.58709902267347,6.74280608203311,"aumento"
620587912,"population",9,1153.12951660156,16.300801188151,0.000248463787004288,0.833333333333333,0.00249902885761126,77.7532871791293,6.74280608203311,"aumento"
620587920,"pop_density",9,0,0,NA,NA,NA,0,NA,"sin tendencia"
620587920,"population",9,0,0,NA,NA,NA,0,NA,"sin tendencia"
620587925,"pop_density",9,0,0,NA,NA,NA,0,NA,"sin tendencia"
620587925,"population",9,0,0,NA,NA,NA,0,NA,"sin tendencia"
620589288,"pop_density",9,1.58855904355348,0.047127867619053,1.56556716406443e-08,1,0.000263260802703515,0.2396286222538,15.0846531783779,"aumento"
620589288,"population",9,56.5559270646837,1.67784776687622,1.56556716406453e-08,1,0.000263260802703515,8.53126544952392,15.0846531783779,"aumento"
620589296,"pop_density",9,0,0,NA,NA,NA,0,NA,"sin tendencia"
620589296,"population",9,0,0,NA,NA,NA,0,NA,"sin tendencia"
620589301,"pop_density",9,1.97485952137972,0.0446913667668814,1.2628708078367e-07,1,0.000263260802703515,0.210288320685837,10.6482673025229,"aumento"
620589301,"population",9,79.7420836554633,1.80457529703776,1.26287080783679e-07,1,0.000263260802703515,8.49115022023517,10.6482673025229,"aumento"
620590660,"pop_density",9,24.5806627033401,0.294584470756309,2.60051179963713e-08,1,0.000263260802703515,1.46302581706811,5.95193805279021,"aumento"
620590660,"population",9,198.910332573785,2.38382080078125,2.60051179963613e-08,1,0.000263260802703515,11.8390197753904,5.95193805279009,"aumento"
620592058,"pop_density",9,1.82136301708791,0.04186708587841,2.99508416402045e-08,1,0.000263260802703515,0.212272218092464,11.6545804488693,"aumento"
620592058,"population",9,36.4730368720161,0.838393967946371,2.99508416402032e-08,1,0.000263260802703515,4.25077942439492,11.6545804488694,"aumento"
620592062,"pop_density",9,0,0,NA,NA,NA,0,NA,"sin tendencia"
620592062,"population",9,0,0,NA,NA,NA,0,NA,"sin tendencia"
620593430,"pop_density",9,100.375400660754,0.99439475410409,8.33489044048413e-10,1,0.000263260802703515,5.03328946886146,5.01446513361658,"aumento"
620593430,"population",9,2599.82335069445,25.7558194986979,8.33489044048081e-10,1,0.000263260802703515,130.367235456195,5.01446513361656,"aumento"
620593433,"pop_density",9,0,0,NA,NA,NA,0,NA,"sin tendencia"
620593433,"population",9,0,0,NA,NA,NA,0,NA,"sin tendencia"
620593438,"pop_density",9,0,0,NA,NA,NA,0,NA,"sin tendencia"
620593438,"population",9,0,0,NA,NA,NA,0,NA,"sin tendencia"
620593453,"pop_density",9,3.42875861698496,0.0541254625654499,1.02296701992873e-07,1,0.000263260802703515,0.262042509251063,7.64248926573569,"aumento"
620593453,"population",9,79.8748465643989,1.26088287353515,1.02296701992881e-07,1,0.000263260802703515,6.10442657470703,7.64248926573568,"aumento"
620593473,"pop_density",9,0.184378854380278,0.00507964294328756,2.05809567827055e-07,1,0.000263260802703515,0.0257929995447285,13.9891310375164,"aumento"
620593473,"population",9,1.61556984980901,0.0445089975992839,2.05809567827068e-07,1,0.000263260802703515,0.22600418329239,13.9891310375164,"aumento"
620594806,"pop_density",9,1.83660587379788,0.04028693215814,1.659845631223e-08,1,0.000263260802703515,0.201793837927462,10.9873239983806,"aumento"
620594806,"population",9,72.0549405415853,1.58056365966797,1.65984563122265e-08,1,0.000263260802703515,7.91690977414448,10.9873239983806,"aumento"
620594814,"pop_density",9,0,0,NA,NA,NA,0,NA,"sin tendencia"
620594814,"population",9,0,0,NA,NA,NA,0,NA,"sin tendencia"
620594817,"pop_density",9,0,0,NA,NA,NA,0,NA,"sin tendencia"
620594817,"population",9,0,0,NA,NA,NA,0,NA,"sin tendencia"
620596193,"pop_density",9,0.130022894483024,0.00296047250521152,7.30094849321704e-08,1,0.000263260802703515,0.0147611208684596,11.352709018785,"aumento"
620596193,"population",9,5.79965233802795,0.132051446437836,7.30094849321686e-08,1,0.000263260802703515,0.658417654037478,11.3527090187851,"aumento"
620596207,"pop_density",9,0.960553423306766,0.00962289873856093,2.97915797940133e-07,1,0.000263260802703515,0.0490474290875334,5.10616358210297,"aumento"
620596207,"population",9,9.3645323117574,0.0938146114349355,2.97915797940125e-07,1,0.000263260802703515,0.478168338537207,5.10616358210281,"aumento"
620597569,"pop_density",9,0,0,NA,NA,NA,0,NA,"sin tendencia"
620597569,"population",9,0,0,NA,NA,NA,0,NA,"sin tendencia"
620597576,"pop_density",9,0,0,NA,NA,NA,0,NA,"sin tendencia"
620597576,"population",9,0,0,NA,NA,NA,0,NA,"sin tendencia"
620597587,"pop_density",9,0,0,NA,NA,NA,0,NA,"sin tendencia"
620597587,"population",9,0,0,NA,NA,NA,0,NA,"sin tendencia"
620598903,"pop_density",9,0,0,NA,NA,NA,0,NA,"sin tendencia"
620598903,"population",9,0,0,NA,NA,NA,0,NA,"sin tendencia"
620598926,"pop_density",9,14.5195703161382,0.111557768969686,2.74661910204855e-06,1,0.000263260802703515,0.519186920582621,3.57577331338488,"aumento"
620598926,"population",9,499.617258707682,3.83869394938152,2.74661910204947e-06,1,0.000263260802703515,17.8651806059339,3.57577331338477,"aumento"
620598940,"pop_density",9,0,0,NA,NA,NA,0,NA,"sin tendencia"
620598940,"population",9,0,0,NA,NA,NA,0,NA,"sin tendencia"
620598943,"pop_density",9,0,0,NA,NA,NA,0,NA,"sin tendencia"
620598943,"population",9,0,0,NA,NA,NA,0,NA,"sin tendencia"
620598945,"pop_density",9,0,0,NA,NA,NA,0,NA,"sin tendencia"
620598945,"population",9,0,0,NA,NA,NA,0,NA,"sin tendencia"
620598959,"pop_density",9,3.49765549914269,0.0400640541166705,1.25720631587958e-08,1,0.000263260802703515,0.200444422321607,5.73082232857805,"aumento"
620598959,"population",9,59.5133480495877,0.681698354085285,1.25720631587946e-08,1,0.000263260802703515,3.41060423851013,5.73082232857804,"aumento"
620598963,"pop_density",9,0,0,NA,NA,NA,0,NA,"sin tendencia"
620598963,"population",9,0,0,NA,NA,NA,0,NA,"sin tendencia"
620600273,"pop_density",9,4.54983104362318,0.0415102976191481,1.85467098677846e-05,0.888888888888889,0.00122938491894486,0.216951126938039,4.76833369982182,"aumento"
620600273,"population",9,140.711254543728,1.28377647399902,1.8546709867782e-05,0.888888888888889,0.00122938491894486,6.70958216985063,4.7683336998218,"aumento"
620600319,"pop_density",9,0,0,NA,NA,NA,0,NA,"sin tendencia"
620600319,"population",9,0,0,NA,NA,NA,0,NA,"sin tendencia"
620600328,"pop_density",9,0,0,NA,NA,NA,0,NA,"sin tendencia"
620600328,"population",9,0,0,NA,NA,NA,0,NA,"sin tendencia"
620600335,"pop_density",9,13.119690998212,0.149398959611686,6.25798589226763e-07,1,0.000263260802703515,0.776123707991914,5.91571636936944,"aumento"
620600335,"population",9,520.92492336697,5.93197214762369,6.25798589226843e-07,1,0.000263260802703515,30.816440963745,5.91571636936943,"aumento"
620601649,"pop_density",9,27.29955798432,0.255624169200462,1.00852983929869e-05,0.888888888888889,0.00122938491894486,1.38477289240883,5.0725103065925,"aumento"
620601649,"population",9,553.948530409071,5.18699361165363,1.00852983929872e-05,0.888888888888889,0.00122938491894486,28.0990962982177,5.07251030659248,"aumento"
620601684,"pop_density",9,20.2478122114002,0.199921891614323,5.65842032763918e-05,0.944444444444444,0.000580666545949214,1.01538777102739,5.01480239161685,"aumento"
620601684,"population",9,833.620646158854,8.23096415201823,5.65842032763916e-05,0.944444444444444,0.000580666545949214,41.8044281005859,5.01480239161683,"aumento"
620601695,"pop_density",9,0,0,NA,NA,NA,0,NA,"sin tendencia"
620601695,"population",9,0,0,NA,NA,NA,0,NA,"sin tendencia"
620601704,"pop_density",9,0,0,NA,NA,NA,0,NA,"sin tendencia"
620601704,"population",9,0,0,NA,NA,NA,0,NA,"sin tendencia"
620601711,"pop_density",9,1.36808936353805,0.0366072975394719,1.80434100086528e-07,1,0.000263260802703515,0.180845324589195,13.2188239605566,"aumento"
620601711,"population",9,61.0112936231825,1.63253851572672,1.80434100086511e-07,1,0.000263260802703515,8.06497550010682,13.2188239605566,"aumento"
620601719,"pop_density",9,0,0,NA,NA,NA,0,NA,"sin tendencia"
620601719,"population",9,0,0,NA,NA,NA,0,NA,"sin tendencia"
620601731,"pop_density",9,0,0,NA,NA,NA,0,NA,"sin tendencia"
620601731,"population",9,0,0,NA,NA,NA,0,NA,"sin tendencia"
620603060,"pop_density",9,0.0203125479417814,0.000220987133182289,2.04629839311499e-06,1,0.000263260802703515,0.00104859389752256,5.1622962344654,"aumento"
620603060,"population",9,0.890129738383823,0.00968402485052744,2.04629839311509e-06,1,0.000263260802703515,0.0459511339664457,5.1622962344655,"aumento"
620603087,"pop_density",9,0,0,NA,NA,NA,0,NA,"sin tendencia"
620603087,"population",9,0,0,NA,NA,NA,0,NA,"sin tendencia"
620603095,"pop_density",9,0,0,NA,NA,NA,0,NA,"sin tendencia"
620603095,"population",9,0,0,NA,NA,NA,0,NA,"sin tendencia"
620604397,"pop_density",9,93.3949198579353,1.17672921174364,1.5154338904644e-09,1,0.000263260802703515,5.77993964273069,6.18870882005431,"aumento"
620604397,"population",9,5889.26302083333,74.2017643229167,1.51543389046449e-09,1,0.000263260802703515,364.46934000651,6.18870882005433,"aumento"
620604400,"pop_density",9,105.173663663965,1.4425560373008,1.19028413742977e-10,1,0.000263260802703515,7.22823208679534,6.87266358799662,"aumento"
620604400,"population",9,3078.54044596354,42.225087076823,1.19028413743103e-10,1,0.000263260802703515,211.577728271484,6.8726635879966,"aumento"
620604436,"pop_density",9,0.623881138167024,0.00704186061929796,5.17336179278376e-07,1,0.000263260802703515,0.0350430802985306,5.61694819008119,"aumento"
620604436,"population",9,8.38694360521104,0.0946649678548176,5.17336179278402e-07,1,0.000263260802703515,0.47109027703603,5.61694819008117,"aumento"
620604445,"pop_density",9,0.24633912302981,0.00697855829430859,4.62925071432665e-07,1,0.000263260802703515,0.0353807174066016,14.362605895256,"aumento"
620604445,"population",9,11.478786415524,0.325183345476786,4.6292507143263e-07,1,0.000263260802703515,1.64865285441989,14.362605895256,"aumento"
620604463,"pop_density",9,0,0,NA,NA,NA,0,NA,"sin tendencia"
620604463,"population",9,0,0,NA,NA,NA,0,NA,"sin tendencia"
620605819,"pop_density",9,0,0,NA,NA,NA,0,NA,"sin tendencia"
620605819,"population",9,0,0,NA,NA,NA,0,NA,"sin tendencia"
620605821,"pop_density",9,0,0,NA,NA,NA,0,NA,"sin tendencia"
620605821,"population",9,0,0,NA,NA,NA,0,NA,"sin tendencia"
620605839,"pop_density",9,0,0,NA,NA,NA,0,NA,"sin tendencia"
620605839,"population",9,0,0,NA,NA,NA,0,NA,"sin tendencia"
620607169,"pop_density",9,0,0,NA,NA,NA,0,NA,"sin tendencia"
620607169,"population",9,0,0,NA,NA,NA,0,NA,"sin tendencia"
620607195,"pop_density",9,0,0,NA,NA,NA,0,NA,"sin tendencia"
620607195,"population",9,0,0,NA,NA,NA,0,NA,"sin tendencia"
620607209,"pop_density",9,0,0,NA,NA,NA,0,NA,"sin tendencia"
620607209,"population",9,0,0,NA,NA,NA,0,NA,"sin tendencia"
620608556,"pop_density",9,1.51276290080716,0.0197189264248251,9.66030956450646e-06,1,0.000263260802703515,0.0969487864992248,6.40872316788681,"aumento"
620608556,"population",9,11.5942959255642,0.151132122675578,9.66030956450484e-06,1,0.000263260802703515,0.743046329134988,6.40872316788678,"aumento"
620608563,"pop_density",9,0,0,NA,NA,NA,0,NA,"sin tendencia"
620608563,"population",9,0,0,NA,NA,NA,0,NA,"sin tendencia"
620608571,"pop_density",9,0,0,NA,NA,NA,0,NA,"sin tendencia"
620608571,"population",9,0,0,NA,NA,NA,0,NA,"sin tendencia"
620608580,"pop_density",9,0,0,NA,NA,NA,0,NA,"sin tendencia"
620608580,"population",9,0,0,NA,NA,NA,0,NA,"sin tendencia"
620608585,"pop_density",9,0,0,NA,NA,NA,0,NA,"sin tendencia"
620608585,"population",9,0,0,NA,NA,NA,0,NA,"sin tendencia"
620609932,"pop_density",9,10.1701355558697,0.112699218762814,1.96726544010849e-09,1,0.000263260802703515,0.564799775686046,5.55351275883508,"aumento"
620609932,"population",9,78.2120382520888,0.866697947184245,1.96726544010861e-09,1,0.000263260802703515,4.34351552327474,5.5535127588351,"aumento"
620609939,"pop_density",9,0,0,NA,NA,NA,0,NA,"sin tendencia"
620609939,"population",9,0,0,NA,NA,NA,0,NA,"sin tendencia"
620609956,"pop_density",9,0,0,NA,NA,NA,0,NA,"sin tendencia"
620609956,"population",9,0,0,NA,NA,NA,0,NA,"sin tendencia"
620609961,"pop_density",9,0,0,NA,NA,NA,0,NA,"sin tendencia"
620609961,"population",9,0,0,NA,NA,NA,0,NA,"sin tendencia"
620609964,"pop_density",9,0,0,NA,NA,NA,0,NA,"sin tendencia"
620609964,"population",9,0,0,NA,NA,NA,0,NA,"sin tendencia"
620611308,"pop_density",9,96.1089748667942,0.923434638926587,3.95094289832894e-07,1,0.000263260802703515,4.2730232736942,4.4460189900231,"aumento"
620611308,"population",9,230.073286268446,2.21059107462564,3.95094289832841e-07,1,0.000263260802703515,10.2291019984654,4.44601899002312,"aumento"
620611330,"pop_density",9,0,0,NA,NA,NA,0,NA,"sin tendencia"
620611330,"population",9,0,0,NA,NA,NA,0,NA,"sin tendencia"
620611332,"pop_density",9,0,0,NA,NA,NA,0,NA,"sin tendencia"
620611332,"population",9,0,0,NA,NA,NA,0,NA,"sin tendencia"
620612649,"pop_density",9,154.466814005322,1.74662235861088,2.42968863216147e-08,1,0.000263260802703515,8.26485999095497,5.35057322453107,"aumento"
620612649,"population",9,6694.00705295139,75.6920019531249,2.42968863216164e-08,1,0.000263260802703515,358.167749023438,5.35057322453106,"aumento"
620612675,"pop_density",9,285.246585520937,3.0911482648494,9.25826298620196e-10,1,0.000263260802703515,15.571244010777,5.45887130685181,"aumento"
620612675,"population",9,7268.86924913194,78.7709781901042,9.25826298620121e-10,1,0.000263260802703515,396.798217773438,5.4588713068518,"aumento"
620612684,"pop_density",9,0,0,NA,NA,NA,0,NA,"sin tendencia"
620612684,"population",9,0,0,NA,NA,NA,0,NA,"sin tendencia"
620612716,"pop_density",9,0.441470345611021,0.0082097030558507,3.31464290771546e-07,1,0.000263260802703515,0.0392949391692927,8.90092382420527,"aumento"
620612716,"population",9,16.8525190353393,0.313394044240315,3.31464290771521e-07,1,0.000263260802703515,1.50002988179524,8.9009238242052,"aumento"
620614036,"pop_density",9,0,0,NA,NA,NA,0,NA,"sin tendencia"
620614036,"population",9,0,0,NA,NA,NA,0,NA,"sin tendencia"
620614054,"pop_density",9,1.97239432157121,0.0383231601854439,9.39917101187392e-06,1,0.000263260802703515,0.200978662183552,10.1895782189969,"aumento"
620614054,"population",9,0.0520190431012048,0.00101071783651908,9.39917101187311e-06,1,0.000263260802703515,0.00530052108557096,10.1895782189969,"aumento"
620614063,"pop_density",9,0,0,NA,NA,NA,0,NA,"sin tendencia"
620614063,"population",9,0,0,NA,NA,NA,0,NA,"sin tendencia"
620614074,"pop_density",9,0,0,NA,NA,NA,0,NA,"sin tendencia"
620614074,"population",9,0,0,NA,NA,NA,0,NA,"sin tendencia"
620614109,"pop_density",9,0.867079107028874,0.0246731439437048,3.77587330655542e-07,1,0.000263260802703515,0.124269107141924,14.3319226740157,"aumento"
620614109,"population",9,30.2236246532864,0.860027459462483,3.77587330655559e-07,1,0.000263260802703515,4.33162651459376,14.3319226740157,"aumento"
620615404,"pop_density",9,13.0658411479383,0.179562712063362,2.51868569132524e-07,1,0.000263260802703515,0.934204328170014,7.14997463686005,"aumento"
620615404,"population",9,206.142618815104,2.83299997965496,2.51868569132565e-07,1,0.000263260802703515,14.7391449610392,7.14997463686011,"aumento"
620615448,"pop_density",9,0.044400099852685,0.000792672809584494,3.44107539992843e-05,0.944444444444444,0.000580666545949214,0.00408813450668747,9.20748944315775,"aumento"
620615448,"population",9,3.67426451047262,0.0655964644749959,3.44107539992846e-05,0.944444444444444,0.000580666545949214,0.338307516915457,9.20748944315774,"aumento"
620615450,"pop_density",9,0,0,NA,NA,NA,0,NA,"sin tendencia"
620615450,"population",9,0,0,NA,NA,NA,0,NA,"sin tendencia"
620615459,"pop_density",9,0,0,NA,NA,NA,0,NA,"sin tendencia"
620615459,"population",9,0,0,NA,NA,NA,0,NA,"sin tendencia"
620616780,"pop_density",9,36.9197284868478,0.491956542235913,1.35618815013822e-07,1,0.000263260802703515,2.42753952119778,6.5751824855986,"aumento"
620616780,"population",9,301.111022949219,4.01231384277343,1.35618815013854e-07,1,0.000263260802703515,19.7985992431638,6.57518248559858,"aumento"
620616814,"pop_density",9,0,0,NA,NA,NA,0,NA,"sin tendencia"
620616814,"population",9,0,0,NA,NA,NA,0,NA,"sin tendencia"
620616824,"pop_density",9,0,0,NA,NA,NA,0,NA,"sin tendencia"
620616824,"population",9,0,0,NA,NA,NA,0,NA,"sin tendencia"
620616832,"pop_density",9,0,0,NA,NA,NA,0,NA,"sin tendencia"
620616832,"population",9,0,0,NA,NA,NA,0,NA,"sin tendencia"
620616839,"pop_density",9,0,0,NA,NA,NA,0,NA,"sin tendencia"
620616839,"population",9,0,0,NA,NA,NA,0,NA,"sin tendencia"
620616848,"pop_density",9,0.748502594145178,0.0145354770316688,6.12224134150884e-08,1,0.000263260802703515,0.072588700223914,9.6978555307231,"aumento"
620616848,"population",9,39.7579154968262,0.772075169881185,6.12224134150843e-08,1,0.000263260802703515,3.85566520690918,9.6978555307231,"aumento"
620618147,"pop_density",9,0.0508347008893942,0.00160900265951911,7.13486721060529e-05,1,0.000263260802703515,0.00825808090207034,16.2449680190668,"aumento"
620618147,"population",9,0.00331005914550688,0.00010476886605223,7.13486721060525e-05,1,0.000263260802703515,0.000537718049599787,16.2449680190667,"aumento"
620618156,"pop_density",9,167.557402065653,2.24334654384003,4.53626773672306e-09,1,0.000263260802703515,11.2327601149556,6.70382804727082,"aumento"
620618156,"population",9,2237.86041937934,29.9616512044272,4.53626773672037e-09,1,0.000263260802703515,150.022314453125,6.70382804727083,"aumento"
620618159,"pop_density",9,0.67982407160786,0.00689117833371288,5.80826139816033e-05,0.833333333333333,0.00249902885761126,0.0352265626631385,5.1817174669652,"aumento"
620618159,"population",9,38.7900795406765,0.393203722635905,5.80826139815989e-05,0.833333333333333,0.00249902885761126,2.00999232700894,5.18171746696521,"aumento"
620618184,"pop_density",9,11.4042269389468,0.144920139281896,2.40502683608623e-09,1,0.000263260802703515,0.723015865297199,6.3398937005367,"aumento"
620618184,"population",9,361.330332438151,4.59163452148439,2.40502683608882e-09,1,0.000263260802703515,22.9079589843749,6.33989370053677,"aumento"
620618200,"pop_density",9,0,0,NA,NA,NA,0,NA,"sin tendencia"
620618200,"population",9,0,0,NA,NA,NA,0,NA,"sin tendencia"
620618222,"pop_density",9,0,0,NA,NA,NA,0,NA,"sin tendencia"
620618222,"population",9,0,0,NA,NA,NA,0,NA,"sin tendencia"
620618224,"pop_density",9,0,0,NA,NA,NA,0,NA,"sin tendencia"
620618224,"population",9,0,0,NA,NA,NA,0,NA,"sin tendencia"
620619523,"pop_density",9,0.0262089389386048,0.000841975535006126,7.43872414855624e-05,1,0.000263260802703515,0.00428957657438345,16.3668456187101,"aumento"
620619523,"population",9,0.00567503907303843,0.000182313525583595,7.43872414855584e-05,1,0.000263260802703515,0.000928824883885678,16.3668456187101,"aumento"
620619524,"pop_density",9,38.7633021828389,0.488575721590218,2.52832277132193e-09,1,0.000263260802703515,2.43098190728691,6.27134885418287,"aumento"
620619524,"population",9,68.6935992770725,0.865819549560547,2.52832277132281e-09,1,0.000263260802703515,4.30801525115966,6.27134885418288,"aumento"
620620900,"pop_density",9,134.990428781447,1.32640028076169,2.20024140041623e-07,1,0.000263260802703515,6.76334005662843,5.01023673876794,"aumento"
620620900,"population",9,3302.63256835937,32.4512841796875,2.20024140041637e-07,1,0.000263260802703515,165.469710286459,5.010236738768,"aumento"
620620921,"pop_density",9,0.230882151177774,0.00338664959971608,6.79914794098207e-07,1,0.000263260802703515,0.0170314757126942,7.37669656394547,"aumento"
620620921,"population",9,12.1384030448066,0.17804978688558,6.79914794098227e-07,1,0.000263260802703515,0.895413160324099,7.37669656394546,"aumento"
620620944,"pop_density",9,2.08050939758179,0.0519934596591853,1.45926699430976e-07,1,0.000263260802703515,0.257540790684114,12.3787371969316,"aumento"
620620944,"population",9,20.108115196228,0.502516584396362,1.45926699430987e-07,1,0.000263260802703515,2.48913073539733,12.3787371969316,"aumento"
620620945,"pop_density",9,0,0,NA,NA,NA,0,NA,"sin tendencia"
620620945,"population",9,0,0,NA,NA,NA,0,NA,"sin tendencia"
620620951,"pop_density",9,11.3436004415837,0.417867031203608,5.67220452831383e-06,1,0.000263260802703515,2.15279183120486,18.9780294386348,"aumento"
620620951,"population",9,418.520033094618,15.417126566569,5.67220452831347e-06,1,0.000263260802703515,79.4268550872801,18.9780294386347,"aumento"
620620974,"pop_density",9,11.2068877981696,0.198592689146143,7.98099719863049e-07,1,0.000263260802703515,0.999805937577433,8.92135225749948,"aumento"
620620974,"population",9,18.4609779781766,0.327139463424682,7.98099719862862e-07,1,0.000263260802703515,1.64696887561252,8.92135225749942,"aumento"
620620986,"pop_density",9,0,0,NA,NA,NA,0,NA,"sin tendencia"
620620986,"population",9,0,0,NA,NA,NA,0,NA,"sin tendencia"
620622272,"pop_density",9,48.6298298882791,0.970478848800463,7.8323392480099e-08,1,0.000263260802703515,4.97558712003421,10.2315536193834,"aumento"
620622272,"population",9,1205.80879720052,24.0636649576823,7.8323392480075e-08,1,0.000263260802703515,123.37297363281,10.2315536193831,"aumento"
620622324,"pop_density",9,0,0,NA,NA,NA,0,NA,"sin tendencia"
620622324,"population",9,0,0,NA,NA,NA,0,NA,"sin tendencia"
620622327,"pop_density",9,0,0,NA,NA,NA,0,NA,"sin tendencia"
620622327,"population",9,0,0,NA,NA,NA,0,NA,"sin tendencia"
620622341,"pop_density",9,0.0029017006552008,8.11618767193595e-05,2.21554490744396e-07,1,0.000263260802703515,0.000393894499169069,13.574608340908,"aumento"
620622341,"population",9,0.134285679294003,0.00375603104631106,2.21554490744401e-07,1,0.000263260802703515,0.0182287550220887,13.5746083409079,"aumento"
620622350,"pop_density",9,0,0,NA,NA,NA,0,NA,"sin tendencia"
620622350,"population",9,0,0,NA,NA,NA,0,NA,"sin tendencia"
620622362,"pop_density",9,0,0,NA,NA,NA,0,NA,"sin tendencia"
620622362,"population",9,0,0,NA,NA,NA,0,NA,"sin tendencia"
620623703,"pop_density",9,0,0,NA,NA,NA,0,NA,"sin tendencia"
620623703,"population",9,0,0,NA,NA,NA,0,NA,"sin tendencia"
620623710,"pop_density",9,0,0,NA,NA,NA,0,NA,"sin tendencia"
620623710,"population",9,0,0,NA,NA,NA,0,NA,"sin tendencia"
620623717,"pop_density",9,0,0,NA,NA,NA,0,NA,"sin tendencia"
620623717,"population",9,0,0,NA,NA,NA,0,NA,"sin tendencia"
620625069,"pop_density",9,51.3242047034564,0.542244826634683,4.03218046608417e-09,1,0.000263260802703515,2.71710170846995,5.29399671006877,"aumento"
620625069,"population",9,1401.76422797309,14.8097648111979,4.0321804660839e-09,1,0.000263260802703515,74.2093521118165,5.29399671006879,"aumento"
620625079,"pop_density",9,0,0,NA,NA,NA,0,NA,"sin tendencia"
620625079,"population",9,0,0,NA,NA,NA,0,NA,"sin tendencia"
620625091,"pop_density",9,0,0,NA,NA,NA,0,NA,"sin tendencia"
620625091,"population",9,0,0,NA,NA,NA,0,NA,"sin tendencia"
620625115,"pop_density",9,0,0,NA,NA,NA,0,NA,"sin tendencia"
620625115,"population",9,0,0,NA,NA,NA,0,NA,"sin tendencia"
620625127,"pop_density",9,0,0,NA,NA,NA,0,NA,"sin tendencia"
620625127,"population",9,0,0,NA,NA,NA,0,NA,"sin tendencia"
620626402,"pop_density",9,51.8981912986782,0.666150654953614,3.82415202530842e-08,1,0.000263260802703515,3.25336187271581,6.26873844984782,"aumento"
620626402,"population",9,2013.44371202257,25.8439998372396,3.82415202530864e-08,1,0.000263260802703515,126.217520141602,6.26873844984783,"aumento"
620626445,"pop_density",9,0,0,NA,NA,NA,0,NA,"sin tendencia"
620626445,"population",9,0,0,NA,NA,NA,0,NA,"sin tendencia"
620626459,"pop_density",9,0,0,NA,NA,NA,0,NA,"sin tendencia"
620626459,"population",9,0,0,NA,NA,NA,0,NA,"sin tendencia"
620626465,"pop_density",9,0,0,NA,NA,NA,0,NA,"sin tendencia"
620626465,"population",9,0,0,NA,NA,NA,0,NA,"sin tendencia"
620626467,"pop_density",9,0,0,NA,NA,NA,0,NA,"sin tendencia"
620626467,"population",9,0,0,NA,NA,NA,0,NA,"sin tendencia"
620626503,"pop_density",9,0,0,NA,NA,NA,0,NA,"sin tendencia"
620626503,"population",9,0,0,NA,NA,NA,0,NA,"sin tendencia"
620627778,"pop_density",9,134.611437064091,1.60072530295014,2.15732629594979e-08,1,0.000263260802703515,7.76149998820679,5.76585478729521,"aumento"
620627778,"population",9,567.89645046658,6.75311279296875,2.15732629595063e-08,1,0.000263260802703515,32.7440846761068,5.76585478729519,"aumento"
620627818,"pop_density",9,758.878485607905,22.3235949250466,3.99503047630117e-08,1,0.000263260802703515,110.464944227196,14.5563415384885,"aumento"
620627818,"population",9,15987.8729383681,470.308232421875,3.9950304763016e-08,1,0.000263260802703515,2327.24938964844,14.5563415384885,"aumento"
620627821,"pop_density",9,0,0,NA,NA,NA,0,NA,"sin tendencia"
620627821,"population",9,0,0,NA,NA,NA,0,NA,"sin tendencia"
620627839,"pop_density",9,0,0,NA,NA,NA,0,NA,"sin tendencia"
620627839,"population",9,0,0,NA,NA,NA,0,NA,"sin tendencia"
620627841,"pop_density",9,0,0,NA,NA,NA,0,NA,"sin tendencia"
620627841,"population",9,0,0,NA,NA,NA,0,NA,"sin tendencia"
620627843,"pop_density",9,0,0,NA,NA,NA,0,NA,"sin tendencia"
620627843,"population",9,0,0,NA,NA,NA,0,NA,"sin tendencia"
620627878,"pop_density",9,0.323578856175399,0.00692441429345909,1.95995602028827e-07,1,0.000263260802703515,0.0331553254771539,10.2464437476044,"aumento"
620627878,"population",9,5.25018866856893,0.11235122680664,1.95995602028811e-07,1,0.000263260802703515,0.537957628568014,10.2464437476044,"aumento"
620629197,"pop_density",9,2.37636860599259,0.0509982448157312,3.85149109884715e-07,0.944444444444444,0.000580666545949214,0.249661894462091,10.5060256154078,"aumento"
620629197,"population",9,61.3936822679308,1.31754393259684,3.85149109884717e-07,0.944444444444444,0.000580666545949214,6.45003598531088,10.5060256154078,"aumento"
620629250,"pop_density",9,0.456648005623256,0.0102692784118507,2.74498727219484e-08,1,0.000263260802703515,0.0516390316036358,11.3082792364671,"aumento"
620629250,"population",9,31.5400657653809,0.7092852973938,2.74498727219501e-08,1,0.000263260802703515,3.56663870811464,11.3082792364671,"aumento"
620629254,"pop_density",9,0.174933578672473,0.00390813550970304,2.46000574825167e-08,1,0.000263260802703515,0.0193278678905462,11.0486894724389,"aumento"
620629254,"population",9,4.90983414649963,0.109689044952393,2.46000574825197e-08,1,0.000263260802703515,0.542472328458513,11.0486894724389,"aumento"
620629260,"pop_density",9,12.5578823359457,0.290505554632344,1.38106294754953e-09,1,0.000263260802703515,1.45268412326751,11.5679067887851,"aumento"
620629260,"population",9,226.827567206489,5.24727549235025,1.38106294754914e-09,1,0.000263260802703515,26.2392015457151,11.5679067887849,"aumento"
620630561,"pop_density",9,206.700228085,2.23300892308319,1.65455469575039e-08,1,0.000263260802703515,11.0622117969486,5.35181402528474,"aumento"
620630561,"population",9,6853.36219618056,74.0377457682291,1.65455469574971e-08,1,0.000263260802703515,366.77919921875,5.35181402528469,"aumento"
620630626,"pop_density",9,0,0,NA,NA,NA,0,NA,"sin tendencia"
620630626,"population",9,0,0,NA,NA,NA,0,NA,"sin tendencia"
620633306,"pop_density",9,0.461657805708754,0.00753424270907867,2.63532929416062e-06,1,0.000263260802703515,0.0375861561295235,8.14156192416585,"aumento"
620633306,"population",9,17.577392578125,0.286862564086914,2.63532929416089e-06,1,0.000263260802703515,1.43107430140177,8.14156192416583,"aumento"
620633324,"pop_density",9,154.206712170386,1.45103277877708,5.0998145125975e-08,1,0.000263260802703515,7.0356698279342,4.56249259770245,"aumento"
620633324,"population",9,330.275444878472,3.10777974446614,5.09981451259958e-08,1,0.000263260802703515,15.0687927246094,4.56249259770252,"aumento"
620633354,"pop_density",9,0,0,NA,NA,NA,0,NA,"sin tendencia"
620633354,"population",9,0,0,NA,NA,NA,0,NA,"sin tendencia"
620633365,"pop_density",9,0,0,NA,NA,NA,0,NA,"sin tendencia"
620633365,"population",9,0,0,NA,NA,NA,0,NA,"sin tendencia"
620634700,"pop_density",9,0,0,NA,NA,NA,0,NA,"sin tendencia"
620634700,"population",9,0,0,NA,NA,NA,0,NA,"sin tendencia"
620634717,"pop_density",9,0,0,NA,NA,NA,0,NA,"sin tendencia"
620634717,"population",9,0,0,NA,NA,NA,0,NA,"sin tendencia"
620634722,"pop_density",9,0,0,NA,NA,NA,0,NA,"sin tendencia"
620634722,"population",9,0,0,NA,NA,NA,0,NA,"sin tendencia"
620636052,"pop_density",9,10.1580941747645,0.166832374619479,1.79686292426691e-08,1,0.000263260802703515,0.834220863927035,8.21237576236959,"aumento"
620636052,"population",9,324.084016587999,5.32262303670248,1.7968629242665e-08,1,0.000263260802703515,26.6149972279867,8.21237576236959,"aumento"
620636082,"pop_density",9,3822.37178473889,83.1832923575387,6.89455470794856e-06,1,0.000263260802703515,413.695008087455,10.8229924085136,"aumento"
620636082,"population",9,4940.12896050347,107.508168945313,6.89455470794902e-06,1,0.000263260802703515,534.669782366071,10.8229924085136,"aumento"
620636093,"pop_density",9,0,0,NA,NA,NA,0,NA,"sin tendencia"
620636093,"population",9,0,0,NA,NA,NA,0,NA,"sin tendencia"
620636098,"pop_density",9,0,0,NA,NA,NA,0,NA,"sin tendencia"
620636098,"population",9,0,0,NA,NA,NA,0,NA,"sin tendencia"
620636115,"pop_density",9,0,0,NA,NA,NA,0,NA,"sin tendencia"
620636115,"population",9,0,0,NA,NA,NA,0,NA,"sin tendencia"
620637428,"pop_density",9,35.960526766178,0.513712898120474,2.15979414609678e-10,1,0.000263260802703515,2.57392241060111,7.15763266577608,"aumento"
620637428,"population",9,937.071146647136,13.386498413086,2.1597941460964e-10,1,0.000263260802703515,67.0721104939786,7.15763266577615,"aumento"
620637432,"pop_density",9,680.199319218379,7.75954850767357,5.09161660768807e-10,1,0.000263260802703515,39.2710277137398,5.77345883833967,"aumento"
620637432,"population",9,4399.15139431424,50.1844498697916,5.0916166076876e-10,1,0.000263260802703515,253.983194986977,5.77345883833966,"aumento"
620637435,"pop_density",9,0,0,NA,NA,NA,0,NA,"sin tendencia"
620637435,"population",9,0,0,NA,NA,NA,0,NA,"sin tendencia"
620637458,"pop_density",9,0,0,NA,NA,NA,0,NA,"sin tendencia"
620637458,"population",9,0,0,NA,NA,NA,0,NA,"sin tendencia"
620637462,"pop_density",9,0,0,NA,NA,NA,0,NA,"sin tendencia"
620637462,"population",9,0,0,NA,NA,NA,0,NA,"sin tendencia"
620637491,"pop_density",9,0,0,NA,NA,NA,0,NA,"sin tendencia"
620637491,"population",9,0,0,NA,NA,NA,0,NA,"sin tendencia"
620638811,"pop_density",9,0,0,NA,NA,NA,0,NA,"sin tendencia"
620638811,"population",9,0,0,NA,NA,NA,0,NA,"sin tendencia"
620638830,"pop_density",9,130.597914771668,1.21936549095943,4.08759052285655e-07,1,0.000263260802703515,5.993354063035,4.58916520490663,"aumento"
620638830,"population",9,4763.62356228299,44.4769596354166,4.08759052285434e-07,1,0.000263260802703515,218.610555013021,4.58916520490655,"aumento"
620638834,"pop_density",9,0,0,NA,NA,NA,0,NA,"sin tendencia"
620638834,"population",9,0,0,NA,NA,NA,0,NA,"sin tendencia"
620638838,"pop_density",9,4.2143676568778,0.117062552108448,2.69276791140981e-07,1,0.000263260802703515,0.59761881691148,14.1805097601339,"aumento"
620638838,"population",9,88.4697329203289,2.45742506663005,2.69276791140986e-07,1,0.000263260802703515,12.5454591115316,14.1805097601339,"aumento"
620640183,"pop_density",9,106.835022965801,1.20933446426103,9.45137673202571e-08,1,0.000263260802703515,5.90639195635488,5.52851657854332,"aumento"
620640183,"population",9,5070.2418891059,57.3933349609376,9.45137673203028e-08,1,0.000263260802703515,280.309163411458,5.52851657854313,"aumento"
620640198,"pop_density",9,54.4568474561934,0.252837058210735,0.00197618450983905,0.777777777777778,0.00487856447503363,1.47459893472814,2.70783015104638,"aumento"
620640198,"population",9,602.084611680773,2.79541158040365,0.00197618450983907,0.777777777777778,0.00487856447503363,16.3034286499024,2.70783015104636,"aumento"
620640206,"pop_density",9,0,0,NA,NA,NA,0,NA,"sin tendencia"
620640206,"population",9,0,0,NA,NA,NA,0,NA,"sin tendencia"
620640210,"pop_density",9,0,0,NA,NA,NA,0,NA,"sin tendencia"
620640210,"population",9,0,0,NA,NA,NA,0,NA,"sin tendencia"
620640211,"pop_density",9,44.2325732973644,0.446858782937828,6.51730721822026e-09,1,0.000263260802703515,2.24031431752184,5.06485187389116,"aumento"
620640211,"population",9,1068.95754665799,10.7991245524088,6.5173072182226e-09,1,0.000263260802703515,54.1411163330084,5.06485187389119,"aumento"
620640214,"pop_density",9,1.78261472226662,0.0426104784477851,1.08324190635503e-07,1,0.000263260802703515,0.21322881881764,11.9615762258777,"aumento"
620640214,"population",9,34.2756396399604,0.81930289586385,1.08324190635513e-07,1,0.000263260802703515,4.099906762441,11.9615762258776,"aumento"
620641582,"pop_density",9,0,0,NA,NA,NA,0,NA,"sin tendencia"
620641582,"population",9,0,0,NA,NA,NA,0,NA,"sin tendencia"
620641605,"pop_density",9,1.22234832635128,0.0257145328187266,1.3972546581414e-08,1,0.000263260802703515,0.126000484339227,10.3080669906376,"aumento"
620641605,"population",9,34.1487416161431,0.718386828104656,1.39725465814155e-08,1,0.000263260802703515,3.52007516225178,10.3080669906376,"aumento"
620641609,"pop_density",9,35.5184474714331,0.849075386864779,7.18381926948803e-09,1,0.000263260802703515,4.23842071406391,11.9330123240122,"aumento"
620641609,"population",9,1987.9622124566,47.5226228841147,7.18381926949005e-09,1,0.000263260802703515,237.223775809151,11.9330123240122,"aumento"
620642943,"pop_density",9,504.528084270225,5.55018962350549,3.06669238425137e-08,1,0.000263260802703515,28.3980356604726,5.62863328045434,"aumento"
620642943,"population",9,21656.8205295139,238.2413671875,3.06669238425156e-08,1,0.000263260802703515,1218.9830078125,5.6286332804544,"aumento"
620642961,"pop_density",9,0.23033537459867,0.00630436446436168,8.5973745163364e-08,1,0.000263260802703515,0.0321732791536492,13.9680147739821,"aumento"
620642961,"population",9,4.96407429377238,0.135868550936381,8.59737451633631e-08,1,0.000263260802703515,0.693382630745569,13.968014773982,"aumento"
620642985,"pop_density",9,0,0,NA,NA,NA,0,NA,"sin tendencia"
620642985,"population",9,0,0,NA,NA,NA,0,NA,"sin tendencia"
620643008,"pop_density",9,0,0,NA,NA,NA,0,NA,"sin tendencia"
620643008,"population",9,0,0,NA,NA,NA,0,NA,"sin tendencia"
620644310,"pop_density",9,136.213291050928,1.55881460046045,5.71321738754656e-09,1,0.000263260802703515,7.60665832443371,5.58437305621644,"aumento"
620644310,"population",9,7264.60633680556,83.1356054687499,5.71321738754489e-09,1,0.000263260802703515,405.68271891276,5.58437305621642,"aumento"
620644316,"pop_density",9,35.2602011950339,0.463253447589906,1.27618207467526e-08,1,0.000263260802703515,2.31819856602161,6.57454718763234,"aumento"
620644316,"population",9,1874.42993164063,24.6265222167969,1.27618207467466e-08,1,0.000263260802703515,123.235280354817,6.57454718763234,"aumento"
620644335,"pop_density",9,0,0,NA,NA,NA,0,NA,"sin tendencia"
620644335,"population",9,0,0,NA,NA,NA,0,NA,"sin tendencia"
620645672,"pop_density",9,7.49376094133289,0.116388253020389,1.50569759300534e-06,1,0.000263260802703515,0.577252898302173,7.70311333416381,"aumento"
620645672,"population",9,48.9200816684299,0.759795099894207,1.5056975930053e-06,1,0.000263260802703515,3.76836933408466,7.70311333416383,"aumento"
620645686,"pop_density",9,0,0,NA,NA,NA,0,NA,"sin tendencia"
620645686,"population",9,0,0,NA,NA,NA,0,NA,"sin tendencia"
620645692,"pop_density",9,135.67625992182,1.63370967813093,4.63134143174216e-09,1,0.000263260802703515,8.16819972783501,6.02036032872789,"aumento"
620645692,"population",9,496.738135443793,5.98134043375651,4.63134143174137e-09,1,0.000263260802703515,29.9054256439209,6.02036032872791,"aumento"
620645698,"pop_density",9,0,0,NA,NA,NA,0,NA,"sin tendencia"
620645698,"population",9,0,0,NA,NA,NA,0,NA,"sin tendencia"
620645704,"pop_density",9,1.48235294244787,0.0198462341668798,1.01881072063537e-05,0.944444444444444,0.000580666545949214,0.0985730753589358,6.64977095105016,"aumento"
620645704,"population",9,25.2851958804661,0.338526611328127,1.01881072063547e-05,0.944444444444444,0.000580666545949214,1.68140761057536,6.64977095105014,"aumento"
620645711,"pop_density",9,0,0,NA,NA,NA,0,NA,"sin tendencia"
620645711,"population",9,0,0,NA,NA,NA,0,NA,"sin tendencia"
620645734,"pop_density",9,9.94702240280464,0.107910622701253,5.83442143747142e-08,1,0.000263260802703515,0.538916794626713,5.41787052248682,"aumento"
620645734,"population",9,102.590654161241,1.1129583231608,5.83442143747023e-08,1,0.000263260802703515,5.55822881062831,5.41787052248684,"aumento"
620645752,"pop_density",9,0,0,NA,NA,NA,0,NA,"sin tendencia"
620645752,"population",9,0,0,NA,NA,NA,0,NA,"sin tendencia"
620645763,"pop_density",9,0,0,NA,NA,NA,0,NA,"sin tendencia"
620645763,"population",9,0,0,NA,NA,NA,0,NA,"sin tendencia"
620647048,"pop_density",9,28.7217562209996,0.420325015698473,3.58763606655627e-08,1,0.000263260802703515,2.08850210225204,7.27149860259956,"aumento"
620647048,"population",9,288.045555962457,4.21536732991536,3.58763606655729e-08,1,0.000263260802703515,20.9452285766601,7.27149860259954,"aumento"
620647068,"pop_density",9,781.45349046914,11.5504149716465,5.09574991748606e-08,1,0.000263260802703515,60.6908983654913,7.76641209050789,"aumento"
620647068,"population",9,27619.6351996528,408.237024739583,5.09574991748589e-08,1,0.000263260802703515,2145.0546875,7.76641209050787,"aumento"
620647080,"pop_density",9,89.5097068659474,2.20659492574968,2.01349047677899e-05,0.944444444444444,0.000580666545949214,11.8219135555812,13.2074095307742,"aumento"
620647080,"population",9,799.514597574869,19.7096484374999,2.01349047677898e-05,0.944444444444444,0.000580666545949214,105.595167160034,13.2074095307741,"aumento"
620647101,"pop_density",9,0,0,NA,NA,NA,0,NA,"sin tendencia"
620647101,"population",9,0,0,NA,NA,NA,0,NA,"sin tendencia"
620647139,"pop_density",9,0,0,NA,NA,NA,0,NA,"sin tendencia"
620647139,"population",9,0,0,NA,NA,NA,0,NA,"sin tendencia"
620648502,"pop_density",9,0,0,NA,NA,NA,0,NA,"sin tendencia"
620648502,"population",9,0,0,NA,NA,NA,0,NA,"sin tendencia"
620649809,"pop_density",9,162.307741307023,2.22399698303079,5.79280051551344e-11,1,0.000263260802703515,11.1614707676636,6.87673346803001,"aumento"
620649809,"population",9,2745.16560872396,37.6152115885417,5.79280051551035e-11,1,0.000263260802703515,188.777722167968,6.87673346802994,"aumento"
620649813,"pop_density",9,41.9987865672805,0.485778740161271,3.64663107729125e-09,1,0.000263260802703515,2.44064057510466,5.81121688169453,"aumento"
620649813,"population",9,1440.01900227865,16.6559720865886,3.64663107728973e-09,1,0.000263260802703515,83.6826273600267,5.81121688169459,"aumento"
620649831,"pop_density",9,2.62297296406846,0.0320005762904132,1.84584380001639e-06,1,0.000263260802703515,0.147279316762102,5.6149765468287,"aumento"
620649831,"population",9,47.4050072564019,0.578346621195474,1.84584380001663e-06,1,0.000263260802703515,2.66178003946938,5.61497654682864,"aumento"
620649844,"pop_density",9,52.0876641609924,1.22835786332697,3.03814493676429e-09,1,0.000263260802703515,6.11401038446934,11.7379239076112,"aumento"
620649844,"population",9,3678.76475694444,86.7545068359374,3.03814493676468e-09,1,0.000263260802703515,431.810607910156,11.7379239076112,"aumento"
620649849,"pop_density",9,0,0,NA,NA,NA,0,NA,"sin tendencia"
620649849,"population",9,0,0,NA,NA,NA,0,NA,"sin tendencia"
620649859,"pop_density",9,0,0,NA,NA,NA,0,NA,"sin tendencia"
620649859,"population",9,0,0,NA,NA,NA,0,NA,"sin tendencia"
620649860,"pop_density",9,0,0,NA,NA,NA,0,NA,"sin tendencia"
620649860,"population",9,0,0,NA,NA,NA,0,NA,"sin tendencia"
620651185,"pop_density",9,749.253766816782,7.6618898617757,4.33252489737589e-08,1,0.000263260802703515,39.4290769050044,5.26244627004273,"aumento"
620651185,"population",9,3455.87849934896,35.3399096679688,4.33252489737626e-08,1,0.000263260802703515,181.863749186198,5.26244627004273,"aumento"
620651189,"pop_density",9,0.0147370452640274,0.000184216796083343,1.03788312875011e-05,0.888888888888889,0.00122938491894486,0.000947160274463147,6.42707040315014,"aumento"
620651189,"population",9,0.434880478514565,0.00543611605962117,1.03788312875019e-05,0.888888888888889,0.00122938491894486,0.0279500745236874,6.42707040315014,"aumento"
620651207,"pop_density",9,16.7189473748884,0.241886721409995,3.45827296976453e-06,1,0.000263260802703515,1.12784822852937,6.74592845613821,"aumento"
620651207,"population",9,133.198630438911,1.92709381103515,3.45827296976394e-06,1,0.000263260802703515,8.985484313965,6.74592845613833,"aumento"
620651216,"pop_density",9,8.66540808551813,0.208565962512017,5.3427795298089e-08,1,0.000263260802703515,0.956524682191947,11.0384262662773,"aumento"
620651216,"population",9,389.843929714627,9.38307505289714,5.34277952980789e-08,1,0.000263260802703515,43.0326347351075,11.0384262662774,"aumento"
620651220,"pop_density",9,1.51072097166665,0.0169605632839981,0.000429707450781835,0.833333333333333,0.00249902885761126,0.0942555133403318,6.23910802246611,"aumento"
620651220,"population",9,10.0202261606852,0.112495082219442,0.00042970745078184,0.833333333333333,0.00249902885761126,0.625172734260557,6.23910802246608,"aumento"
620651225,"pop_density",9,0,0,NA,NA,NA,0,NA,"sin tendencia"
620651225,"population",9,0,0,NA,NA,NA,0,NA,"sin tendencia"
620651227,"pop_density",9,112.042234845989,1.15151325657177,9.93751906299883e-08,1,0.000263260802703515,5.75998909614962,5.14090878682237,"aumento"
620651227,"population",9,8510.369140625,87.4652571614583,9.93751906299299e-08,1,0.000263260802703515,437.510314941406,5.14090878682233,"aumento"
620651235,"pop_density",9,0,0,NA,NA,NA,0,NA,"sin tendencia"
620651235,"population",9,0,0,NA,NA,NA,0,NA,"sin tendencia"
620651236,"pop_density",9,0,0,NA,NA,NA,0,NA,"sin tendencia"
620651236,"population",9,0,0,NA,NA,NA,0,NA,"sin tendencia"
620651256,"pop_density",9,0,0,NA,NA,NA,0,NA,"sin tendencia"
620651256,"population",9,0,0,NA,NA,NA,0,NA,"sin tendencia"
620652565,"pop_density",9,0,0,NA,NA,NA,0,NA,"sin tendencia"
620652565,"population",9,0,0,NA,NA,NA,0,NA,"sin tendencia"
620652596,"pop_density",9,0,0,NA,NA,NA,0,NA,"sin tendencia"
620652596,"population",9,0,0,NA,NA,NA,0,NA,"sin tendencia"
620652602,"pop_density",9,0,0,NA,NA,NA,0,NA,"sin tendencia"
620652602,"population",9,0,0,NA,NA,NA,0,NA,"sin tendencia"
620652607,"pop_density",9,0.207875210052352,0.00215125236055811,5.14626306065006e-07,1,0.000263260802703515,0.010751522761605,5.17210434033827,"aumento"
620652607,"population",9,2.24096916781531,0.0231912704308827,5.14626306064887e-07,1,0.000263260802703515,0.115905263594219,5.17210434033829,"aumento"
620652622,"pop_density",9,0,0,NA,NA,NA,0,NA,"sin tendencia"
620652622,"population",9,0,0,NA,NA,NA,0,NA,"sin tendencia"
620652628,"pop_density",9,0.229567555409787,0.00625401381414465,1.94899506044108e-07,1,0.000263260802703515,0.031635724190772,13.7805728402261,"aumento"
620652628,"population",9,1.72177555163701,0.0469056181112925,1.94899506044108e-07,1,0.000263260802703515,0.237270534038544,13.7805728402261,"aumento"
620653963,"pop_density",9,41.1005054077858,0.467239175258226,2.96779519447261e-08,1,0.000263260802703515,2.33292265143,5.67614103107372,"aumento"
620653963,"population",9,1242.37053087023,14.1235290527345,2.96779519447159e-08,1,0.000263260802703515,70.5187034606937,5.67614103107375,"aumento"
620653975,"pop_density",9,0,0,NA,NA,NA,0,NA,"sin tendencia"
620653975,"population",9,0,0,NA,NA,NA,0,NA,"sin tendencia"
620653983,"pop_density",9,25.1904673518541,0.255916127184141,3.2093198956211e-09,1,0.000263260802703515,1.2825533147252,5.09142326266051,"aumento"
620653983,"population",9,386.251505533854,3.92402364095052,3.20931989562083e-09,1,0.000263260802703515,19.6656990051268,5.09142326266045,"aumento"
620653984,"pop_density",9,0,0,NA,NA,NA,0,NA,"sin tendencia"
620653984,"population",9,0,0,NA,NA,NA,0,NA,"sin tendencia"
620653998,"pop_density",9,0,0,NA,NA,NA,0,NA,"sin tendencia"
620653998,"population",9,0,0,NA,NA,NA,0,NA,"sin tendencia"
620654004,"pop_density",9,0,0,NA,NA,NA,0,NA,"sin tendencia"
620654004,"population",9,0,0,NA,NA,NA,0,NA,"sin tendencia"
620655299,"pop_density",9,0.0420131427186095,0.00129073002330005,6.58248969528179e-05,1,0.000263260802703515,0.00668928044178158,15.9218758915138,"aumento"
620655299,"population",9,1.56338114870919,0.0480302794774372,6.58248969528183e-05,1,0.000263260802703515,0.2489196062088,15.9218758915138,"aumento"
620655311,"pop_density",9,88.2653064558138,0.832292066482895,1.13331245010042e-06,1,0.000263260802703515,4.24552801304757,4.80996235499722,"aumento"
620655311,"population",9,5739.07872178819,54.1162760416666,1.13331245010037e-06,1,0.000263260802703515,276.047526041667,4.8099623549972,"aumento"
620655327,"pop_density",9,0,0,NA,NA,NA,0,NA,"sin tendencia"
620655327,"population",9,0,0,NA,NA,NA,0,NA,"sin tendencia"
620655351,"pop_density",9,0,0,NA,NA,NA,0,NA,"sin tendencia"
620655351,"population",9,0,0,NA,NA,NA,0,NA,"sin tendencia"
620655356,"pop_density",9,40.0248805328464,0.445427592319051,1.67211315368074e-09,1,0.000263260802703515,2.30663739384176,5.76300881635067,"aumento"
620655356,"population",9,821.85341389974,9.14621561686197,1.67211315368073e-09,1,0.000263260802703515,47.3634847005207,5.76300881635064,"aumento"
620655359,"pop_density",9,0,0,NA,NA,NA,0,NA,"sin tendencia"
620655359,"population",9,0,0,NA,NA,NA,0,NA,"sin tendencia"
620655374,"pop_density",9,0,0,NA,NA,NA,0,NA,"sin tendencia"
620655374,"population",9,0,0,NA,NA,NA,0,NA,"sin tendencia"
620655380,"pop_density",9,0,0,NA,NA,NA,0,NA,"sin tendencia"
620655380,"population",9,0,0,NA,NA,NA,0,NA,"sin tendencia"
620656675,"pop_density",9,0.00012840637106888,1.35421487141936e-05,0.0263764044158648,0.645497224367903,0.0425827975150111,0,0,"disminucion"
620656675,"population",9,0.000155948852706287,1.64468673756346e-05,0.0263764044158648,0.645497224367903,0.0425827975150111,0,0,"disminucion"
620656687,"pop_density",9,28.1544720818263,0.379588437305296,5.27013090837352e-07,1,0.000263260802703515,1.89303507818159,6.72374560133748,"aumento"
620656687,"population",9,660.695417616102,8.9077266438802,5.27013090837337e-07,1,0.000263260802703515,44.4234790802004,6.72374560133739,"aumento"
620656703,"pop_density",9,0,0,NA,NA,NA,0,NA,"sin tendencia"
620656703,"population",9,0,0,NA,NA,NA,0,NA,"sin tendencia"
620656721,"pop_density",9,0,0,NA,NA,NA,0,NA,"sin tendencia"
620656721,"population",9,0,0,NA,NA,NA,0,NA,"sin tendencia"
620656731,"pop_density",9,0,0,NA,NA,NA,0,NA,"sin tendencia"
620656731,"population",9,0,0,NA,NA,NA,0,NA,"sin tendencia"
620656756,"pop_density",9,0,0,NA,NA,NA,0,NA,"sin tendencia"
620656756,"population",9,0,0,NA,NA,NA,0,NA,"sin tendencia"
620656779,"pop_density",9,0,0,NA,NA,NA,0,NA,"sin tendencia"
620656779,"population",9,0,0,NA,NA,NA,0,NA,"sin tendencia"
620658052,"pop_density",9,0.00283070711342443,3.47560100958181e-05,0.00098643804593348,0.611111111111111,0.028567681801513,0.000167261812304098,5.90883498723236,"aumento"
620658052,"population",9,0.0328785706725385,0.000403689922144016,0.000986438045933475,0.611111111111111,0.028567681801513,0.00194274048720086,5.90883498723233,"aumento"
620658107,"pop_density",9,1.63130871931691,0.0362568345797919,1.60559735857958e-08,1,0.000263260802703515,0.18219336456456,11.1685398604901,"aumento"
620658107,"population",9,45.1971018049452,1.00453324635824,1.60559735858014e-08,1,0.000263260802703515,5.04785633087157,11.16853986049,"aumento"
620659428,"pop_density",9,0.175527066522164,0.00244546792796224,1.06104998342651e-05,0.944444444444444,0.000580666545949214,0.0127772027842657,7.27933477008929,"aumento"
620659428,"population",9,2.23070079750485,0.0310784391562143,1.06104998342659e-05,0.944444444444444,0.000580666545949214,0.16238017876943,7.27933477008931,"aumento"
620659478,"pop_density",9,0,0,NA,NA,NA,0,NA,"sin tendencia"
620659478,"population",9,0,0,NA,NA,NA,0,NA,"sin tendencia"
620659483,"pop_density",9,0,0,NA,NA,NA,0,NA,"sin tendencia"
620659483,"population",9,0,0,NA,NA,NA,0,NA,"sin tendencia"
620659501,"pop_density",9,0,0,NA,NA,NA,0,NA,"sin tendencia"
620659501,"population",9,0,0,NA,NA,NA,0,NA,"sin tendencia"
620659504,"pop_density",9,0,0,NA,NA,NA,0,NA,"sin tendencia"
620659504,"population",9,0,0,NA,NA,NA,0,NA,"sin tendencia"
620659506,"pop_density",9,0,0,NA,NA,NA,0,NA,"sin tendencia"
620659506,"population",9,0,0,NA,NA,NA,0,NA,"sin tendencia"
620660804,"pop_density",9,1.86988546286213,0.025135095612688,3.61628830975803e-08,1,0.000263260802703515,0.126089440074043,6.74316382357694,"aumento"
620660804,"population",9,40.1104145050049,0.53916623433431,3.61628830975909e-08,1,0.000263260802703515,2.70471096038818,6.74316382357678,"aumento"
620660854,"pop_density",9,0,0,NA,NA,NA,0,NA,"sin tendencia"
620660854,"population",9,0,0,NA,NA,NA,0,NA,"sin tendencia"
620660862,"pop_density",9,0,0,NA,NA,NA,0,NA,"sin tendencia"
620660862,"population",9,0,0,NA,NA,NA,0,NA,"sin tendencia"
620660872,"pop_density",9,0,0,NA,NA,NA,0,NA,"sin tendencia"
620660872,"population",9,0,0,NA,NA,NA,0,NA,"sin tendencia"
620660879,"pop_density",9,0.556270360720165,0.00634819184139314,1.9297577285425e-06,1,0.000263260802703515,0.0309825036220638,5.56968442143006,"aumento"
620660879,"population",9,4.05294953452216,0.0462525113423664,1.92975772854246e-06,1,0.000263260802703515,0.225736498832702,5.56968442143005,"aumento"
620662226,"pop_density",9,0,0,NA,NA,NA,0,NA,"sin tendencia"
620662226,"population",9,0,0,NA,NA,NA,0,NA,"sin tendencia"
620662238,"pop_density",9,0,0,NA,NA,NA,0,NA,"sin tendencia"
620662238,"population",9,0,0,NA,NA,NA,0,NA,"sin tendencia"
620662248,"pop_density",9,0,0,NA,NA,NA,0,NA,"sin tendencia"
620662248,"population",9,0,0,NA,NA,NA,0,NA,"sin tendencia"
620662249,"pop_density",9,0,0,NA,NA,NA,0,NA,"sin tendencia"
620662249,"population",9,0,0,NA,NA,NA,0,NA,"sin tendencia"
620663596,"pop_density",9,59.8833294137231,0.653050278623102,6.77105816791412e-09,1,0.000263260802703515,3.26815270121328,5.45753339570385,"aumento"
620663596,"population",9,844.740498860677,9.21221354166662,6.771058167918e-09,1,0.000263260802703515,46.1019948323568,5.45753339570386,"aumento"
620663602,"pop_density",9,0,0,NA,NA,NA,0,NA,"sin tendencia"
620663602,"population",9,0,0,NA,NA,NA,0,NA,"sin tendencia"
620663609,"pop_density",9,0,0,NA,NA,NA,0,NA,"sin tendencia"
620663609,"population",9,0,0,NA,NA,NA,0,NA,"sin tendencia"
620663613,"pop_density",9,0,0,NA,NA,NA,0,NA,"sin tendencia"
620663613,"population",9,0,0,NA,NA,NA,0,NA,"sin tendencia"
620663625,"pop_density",9,0.555213658624779,0.012122042723753,1.73731069677073e-08,1,0.000263260802703515,0.0606266640534571,10.9195195600239,"aumento"
620663625,"population",9,5.36154500643412,0.117059219678243,1.73731069677085e-08,1,0.000263260802703515,0.58545495569706,10.9195195600239,"aumento"
620664945,"pop_density",9,0.207570907053226,0.00353093722596535,1.05598318585565e-06,1,0.000263260802703515,0.0177426619592117,8.54775951557702,"aumento"
620664945,"population",9,11.9054267671373,0.20252026240031,1.0559831858555e-06,1,0.000263260802703515,1.01764724935804,8.54775951557704,"aumento"
620664972,"pop_density",9,0,0,NA,NA,NA,0,NA,"sin tendencia"
620664972,"population",9,0,0,NA,NA,NA,0,NA,"sin tendencia"
620664978,"pop_density",9,0,0,NA,NA,NA,0,NA,"sin tendencia"
620664978,"population",9,0,0,NA,NA,NA,0,NA,"sin tendencia"
620664985,"pop_density",9,0,0,NA,NA,NA,0,NA,"sin tendencia"
620664985,"population",9,0,0,NA,NA,NA,0,NA,"sin tendencia"
620664989,"pop_density",9,0,0,NA,NA,NA,0,NA,"sin tendencia"
620664989,"population",9,0,0,NA,NA,NA,0,NA,"sin tendencia"
620665001,"pop_density",9,0,0,NA,NA,NA,0,NA,"sin tendencia"
620665001,"population",9,0,0,NA,NA,NA,0,NA,"sin tendencia"
620665022,"pop_density",9,0,0,NA,NA,NA,0,NA,"sin tendencia"
620665022,"population",9,0,0,NA,NA,NA,0,NA,"sin tendencia"
620666361,"pop_density",9,0,0,NA,NA,NA,0,NA,"sin tendencia"
620666361,"population",9,0,0,NA,NA,NA,0,NA,"sin tendencia"
620666365,"pop_density",9,0,0,NA,NA,NA,0,NA,"sin tendencia"
620666365,"population",9,0,0,NA,NA,NA,0,NA,"sin tendencia"
620666377,"pop_density",9,0,0,NA,NA,NA,0,NA,"sin tendencia"
620666377,"population",9,0,0,NA,NA,NA,0,NA,"sin tendencia"
620667716,"pop_density",9,297.082733758612,2.89540411067573,3.04705191667416e-08,1,0.000263260802703515,13.9351077715676,4.69064882878392,"aumento"
620667716,"population",9,7763.53900824653,75.6643863932292,3.04705191667374e-08,1,0.000263260802703515,364.1603515625,4.69064882878394,"aumento"
620667717,"pop_density",9,0.0744052413305007,0.000750851323379568,1.13283574234411e-08,1,0.000263260802703515,0.00373279639725474,5.01684603195362,"aumento"
620667717,"population",9,3.00867933697171,0.030361716747284,1.13283574234379e-08,1,0.000263260802703515,0.150940809931074,5.01684603195364,"aumento"
620667722,"pop_density",9,7.80255184568929,0.213085128617513,1.051771329445e-07,1,0.000263260802703515,1.06982434976809,13.7112110361579,"aumento"
620667722,"population",9,101.499175601536,2.7719091542562,1.05177132944485e-07,1,0.000263260802703515,13.9167661666871,13.711211036158,"aumento"
620667725,"pop_density",9,1.80426834772053,0.0388411982979168,5.93786931647169e-08,1,0.000263260802703515,0.190299236421079,10.5471692534815,"aumento"
620667725,"population",9,44.3560668097602,0.954870592753093,5.93786931647213e-08,1,0.000263260802703515,4.67830944061279,10.5471692534816,"aumento"
620667737,"pop_density",9,0,0,NA,NA,NA,0,NA,"sin tendencia"
620667737,"population",9,0,0,NA,NA,NA,0,NA,"sin tendencia"
620667753,"pop_density",9,0,0,NA,NA,NA,0,NA,"sin tendencia"
620667753,"population",9,0,0,NA,NA,NA,0,NA,"sin tendencia"
620667768,"pop_density",9,0,0,NA,NA,NA,0,NA,"sin tendencia"
620667768,"population",9,0,0,NA,NA,NA,0,NA,"sin tendencia"
620669076,"pop_density",9,0.35554696058128,0.00412060963246991,3.91808519280391e-06,0.944444444444444,0.000580666545949214,0.0194377721899883,5.46700558435646,"aumento"
620669076,"population",9,5.65178579754299,0.0655013418197632,3.91808519280361e-06,0.944444444444444,0.000580666545949214,0.308983445167541,5.46700558435647,"aumento"
620669092,"pop_density",9,0.00483817105797866,0.000154629479989303,3.19607227982382e-06,1,0.000263260802703515,0.000762648822797422,15.7631636760699,"aumento"
620669092,"population",9,0.00292184090034829,9.33829609615108e-05,3.19607227982372e-06,1,0.000263260802703515,0.000460574563476257,15.7631636760699,"aumento"
620669093,"pop_density",9,8.40263501752615,0.0988507382587346,1.88565885187922e-08,1,0.000263260802703515,0.491017961029984,5.84361881726177,"aumento"
620669093,"population",9,53.5658187866211,0.630161933898925,1.88565885187809e-08,1,0.000263260802703515,3.13018226623534,5.84361881726179,"aumento"
620669098,"pop_density",9,0.457842065758935,0.0123485191391105,2.34111670212665e-07,1,0.000263260802703515,0.0635643403647381,13.8834644342633,"aumento"
620669098,"population",9,9.85516415701971,0.265804940859476,2.34111670212671e-07,1,0.000263260802703515,1.36823821067809,13.8834644342633,"aumento"
620669133,"pop_density",9,0.413842009335946,0.0111546709691822,3.90303908040362e-07,1,0.000263260802703515,0.0547674625931391,13.2339060215321,"aumento"
620669133,"population",9,4.34071408377753,0.116999328931173,3.90303908040356e-07,1,0.000263260802703515,0.574446022510529,13.2339060215322,"aumento"
620669144,"pop_density",9,0,0,NA,NA,NA,0,NA,"sin tendencia"
620669144,"population",9,0,0,NA,NA,NA,0,NA,"sin tendencia"
620669159,"pop_density",9,0,0,NA,NA,NA,0,NA,"sin tendencia"
620669159,"population",9,0,0,NA,NA,NA,0,NA,"sin tendencia"
620670445,"pop_density",9,319.678727264273,4.41858578127402,3.53250955362081e-07,1,0.000263260802703515,21.7413891349133,6.80101216648678,"aumento"
620670445,"population",9,8594.97976345486,118.799444986979,3.53250955362025e-07,1,0.000263260802703515,584.545619419643,6.80101216648679,"aumento"
620670452,"pop_density",9,0.0748634935291841,0.000918150311548537,7.66448597720585e-06,0.944444444444444,0.000580666545949214,0.00428163605367405,5.71925761386615,"aumento"
620670452,"population",9,0.694830695788066,0.00852163036664329,7.66448597720601e-06,0.944444444444444,0.000580666545949214,0.039739157472338,5.71925761386614,"aumento"
620670474,"pop_density",9,0.244275061087556,0.00676310147468515,8.61105636401343e-08,1,0.000263260802703515,0.0345695641713524,14.1519007374075,"aumento"
620670474,"population",9,1.36777551306619,0.0378688047329584,8.61105636401377e-08,1,0.000263260802703515,0.193566232919692,14.1519007374075,"aumento"
620670495,"pop_density",9,0,0,NA,NA,NA,0,NA,"sin tendencia"
620670495,"population",9,0,0,NA,NA,NA,0,NA,"sin tendencia"
620670520,"pop_density",9,0,0,NA,NA,NA,0,NA,"sin tendencia"
620670520,"population",9,0,0,NA,NA,NA,0,NA,"sin tendencia"
620671821,"pop_density",9,1134.6389684393,19.6822611396436,6.74760725385537e-08,1,0.000263260802703515,98.9424332104753,8.72016879048061,"aumento"
620671821,"population",9,8045.43370225694,139.561861979167,6.74760725385468e-08,1,0.000263260802703515,701.575398763021,8.72016879048063,"aumento"
620671828,"pop_density",9,2.48535113018901,0.0276558524306837,2.92223138626367e-08,1,0.000263260802703515,0.136986941283809,5.51177415616886,"aumento"
620671828,"population",9,17.6388523313734,0.196277093887329,2.92223138626315e-08,1,0.000263260802703515,0.97221370424543,5.51177415616887,"aumento"
620671829,"pop_density",9,0,0,NA,NA,NA,0,NA,"sin tendencia"
620671829,"population",9,0,0,NA,NA,NA,0,NA,"sin tendencia"
620671871,"pop_density",9,6.50130606878201,0.103197748758839,1.42501638267957e-05,0.944444444444444,0.000580666545949214,0.54035375668559,8.31146466523492,"aumento"
620671871,"population",9,261.855904473199,4.15654017130535,1.42501638267958e-05,0.944444444444444,0.000580666545949214,21.7640609741213,8.31146466523493,"aumento"
620673197,"pop_density",9,93.36467183302,1.30241294559489,2.00795703539543e-08,1,0.000263260802703515,6.39101466571472,6.84521729712162,"aumento"
620673197,"population",9,988.794019911025,13.7934200032553,2.00795703539553e-08,1,0.000263260802703515,67.6850992838542,6.84521729712167,"aumento"
620673230,"pop_density",9,0,0,NA,NA,NA,0,NA,"sin tendencia"
620673230,"population",9,0,0,NA,NA,NA,0,NA,"sin tendencia"
620673231,"pop_density",9,0,0,NA,NA,NA,0,NA,"sin tendencia"
620673231,"population",9,0,0,NA,NA,NA,0,NA,"sin tendencia"
620673237,"pop_density",9,0,0,NA,NA,NA,0,NA,"sin tendencia"
620673237,"population",9,0,0,NA,NA,NA,0,NA,"sin tendencia"
620673242,"pop_density",9,0,0,NA,NA,NA,0,NA,"sin tendencia"
620673242,"population",9,0,0,NA,NA,NA,0,NA,"sin tendencia"
620673247,"pop_density",9,26.267305460639,0.325162983247914,0.000160067202504338,0.833333333333333,0.00249902885761126,1.74869067231981,6.65728989576105,"aumento"
620673247,"population",9,15.2614526748657,0.18892152786255,0.000160067202504335,0.833333333333333,0.00249902885761126,1.01599914687021,6.65728989576116,"aumento"
620674600,"pop_density",9,0.154287377796622,0.00242610534723233,0.000542577776422718,0.888888888888889,0.00122938491894486,0.0109275813686965,7.08261526299385,"aumento"
620674600,"population",9,8.5570370886061,0.134555877049765,0.000542577776422728,0.888888888888889,0.00122938491894486,0.606062014897668,7.08261526299393,"aumento"
620674601,"pop_density",9,832.919288337881,22.3478362495215,5.86107904449684e-06,1,0.000263260802703515,115.318564506291,13.8451067373422,"aumento"
620674601,"population",9,9907.22021484375,265.817994791667,5.86107904449659e-06,1,0.000263260802703515,1371.66521344866,13.8451067373422,"aumento"
620674612,"pop_density",9,0,0,NA,NA,NA,0,NA,"sin tendencia"
620674612,"population",9,0,0,NA,NA,NA,0,NA,"sin tendencia"
620674623,"pop_density",9,4.6581781644799,0.0558941953757909,0.000676066344360678,0.777777777777778,0.00487856447503363,0.313686779465047,6.73410866628094,"aumento"
620674623,"population",9,78.4168959723579,0.94093638102214,0.000676066344360689,0.777777777777778,0.00487856447503363,5.28067898750308,6.73410866628096,"aumento"
620675932,"pop_density",9,0.660468112468119,0.0107899375995242,1.76280193832892e-09,1,0.000263260802703515,0.0541858424209473,8.20415723303567,"aumento"
620675932,"population",9,20.766159163581,0.339252656300862,1.76280193832935e-09,1,0.000263260802703515,1.70368834904261,8.20415723303558,"aumento"
620676002,"pop_density",9,0.249221185615746,0.00308017048889967,1.82501964690647e-07,1,0.000263260802703515,0.0151561284388658,6.08139649180298,"aumento"
620676002,"population",9,8.48615550994873,0.10488195737203,1.82501964690677e-07,1,0.000263260802703515,0.516076763470969,6.081396491803,"aumento"
620676004,"pop_density",9,0.0525472287828088,0.00112344572928843,4.28833684422579e-05,0.944444444444444,0.000580666545949214,0.00584181412071587,11.1172639471847,"aumento"
620676004,"population",9,0.801187839772965,0.0171291822195052,4.28833684422571e-05,0.944444444444444,0.000580666545949214,0.0890701668603047,11.1172639471843,"aumento"
620676021,"pop_density",9,1.95219643481052,0.028923135256533,5.74015575611648e-08,1,0.000263260802703515,0.137401374958315,7.03829658267209,"aumento"
620676021,"population",9,27.1188858879937,0.401784979502359,5.74015575611682e-08,1,0.000263260802703515,1.90870761871335,7.03829658267189,"aumento"
620677397,"pop_density",9,0.225271010082393,0.00321108912552171,1.4123400962599e-07,1,0.000263260802703515,0.0155697515682913,6.91156468051378,"aumento"
620677397,"population",9,10.1077825228373,0.144079748789468,1.4123400962596e-07,1,0.000263260802703515,0.698605926831562,6.91156468051372,"aumento"
620677408,"pop_density",9,0,0,NA,NA,NA,0,NA,"sin tendencia"
620677408,"population",9,0,0,NA,NA,NA,0,NA,"sin tendencia"
620678731,"pop_density",9,0,0,NA,NA,NA,0,NA,"sin tendencia"
620678731,"population",9,0,0,NA,NA,NA,0,NA,"sin tendencia"
620678757,"pop_density",9,5.13458006351034,0.11214096761801,3.76322239452847e-09,1,0.000263260802703515,0.561519288249314,10.9360314047849,"aumento"
620678757,"population",9,284.693766276042,6.21780827840169,3.76322239452848e-09,1,0.000263260802703515,31.1341996874128,10.9360314047849,"aumento"
620678762,"pop_density",9,0,0,NA,NA,NA,0,NA,"sin tendencia"
620678762,"population",9,0,0,NA,NA,NA,0,NA,"sin tendencia"
620678773,"pop_density",9,1.54493203431314e-05,3.98182918574485e-07,5.86020479414334e-07,1,0.000263260802703515,2.08728875721298e-06,13.5105539328205,"aumento"
620678773,"population",9,0.00080100250003549,2.06446307129227e-05,5.86020479414319e-07,1,0.000263260802703515,0.000108219874770537,13.5105539328207,"aumento"
620680107,"pop_density",9,0,0,NA,NA,NA,0,NA,"sin tendencia"
620680107,"population",9,0,0,NA,NA,NA,0,NA,"sin tendencia"
620680133,"pop_density",9,13.6773892641037,0.296848184317816,1.5218786237148e-08,1,0.000263260802703515,1.48204661484704,10.8357420135484,"aumento"
620680133,"population",9,319.773115370009,6.94021840413412,1.52187862371511e-08,1,0.000263260802703515,34.6497898101807,10.8357420135484,"aumento"
620680134,"pop_density",9,0,0,NA,NA,NA,0,NA,"sin tendencia"
620680134,"population",9,0,0,NA,NA,NA,0,NA,"sin tendencia"
620680140,"pop_density",9,0,0,NA,NA,NA,0,NA,"sin tendencia"
620680140,"population",9,0,0,NA,NA,NA,0,NA,"sin tendencia"
620680149,"pop_density",9,0,0,NA,NA,NA,0,NA,"sin tendencia"
620680149,"population",9,0,0,NA,NA,NA,0,NA,"sin tendencia"
620681470,"pop_density",9,0.326245212218524,0.00301857998148376,3.3922022455321e-05,0.833333333333333,0.00249902885761126,0.0147102190816414,4.50894558164068,"aumento"
620681470,"population",9,4.18601955307854,0.0387310965855916,3.39220224553231e-05,0.833333333333333,0.00249902885761126,0.188745343685151,4.50894558164071,"aumento"
620681472,"pop_density",9,20.926705611911,0.255938370221159,3.16824259653856e-10,1,0.000263260802703515,1.30914741341742,6.25586959407638,"aumento"
620681472,"population",9,676.194088406033,8.27000752766927,3.16824259653866e-10,1,0.000263260802703515,42.3018203735352,6.25586959407641,"aumento"
620681509,"pop_density",9,0,0,NA,NA,NA,0,NA,"sin tendencia"
620681509,"population",9,0,0,NA,NA,NA,0,NA,"sin tendencia"
620681510,"pop_density",9,0,0,NA,NA,NA,0,NA,"sin tendencia"
620681510,"population",9,0,0,NA,NA,NA,0,NA,"sin tendencia"
620681513,"pop_density",9,0,0,NA,NA,NA,0,NA,"sin tendencia"
620681513,"population",9,0,0,NA,NA,NA,0,NA,"sin tendencia"
620682844,"pop_density",9,0,0,NA,NA,NA,0,NA,"sin tendencia"
620682844,"population",9,0,0,NA,NA,NA,0,NA,"sin tendencia"
620682847,"pop_density",9,0,0,NA,NA,NA,0,NA,"sin tendencia"
620682847,"population",9,0,0,NA,NA,NA,0,NA,"sin tendencia"
620682848,"pop_density",9,168.094424519004,1.76194851377823,1.19386396809778e-08,1,0.000263260802703515,8.75963133625383,5.21113734814181,"aumento"
620682848,"population",9,6113.41965060764,64.0802376302084,1.19386396809779e-08,1,0.000263260802703515,318.578694661458,5.21113734814186,"aumento"
620682885,"pop_density",9,0,0,NA,NA,NA,0,NA,"sin tendencia"
620682885,"population",9,0,0,NA,NA,NA,0,NA,"sin tendencia"
620684243,"pop_density",9,0.538067455332448,0.00596423511335702,4.74868342614885e-07,1,0.000263260802703515,0.0291076728189859,5.40966983424068,"aumento"
620684243,"population",9,16.6828473409017,0.184921840031942,4.74868342614868e-07,1,0.000263260802703515,0.902486960093174,5.40966983424064,"aumento"
620684256,"pop_density",9,0,0,NA,NA,NA,0,NA,"sin tendencia"
620684256,"population",9,0,0,NA,NA,NA,0,NA,"sin tendencia"
620684261,"pop_density",9,0,0,NA,NA,NA,0,NA,"sin tendencia"
620684261,"population",9,0,0,NA,NA,NA,0,NA,"sin tendencia"
620685603,"pop_density",9,0.528843104441166,0.00277108919459036,0.00283037500715793,0.833333333333333,0.00249902885761126,0.0115050140683968,2.17550611358624,"aumento"
620685603,"population",9,11.6571982701619,0.0610826460520425,0.00283037500715795,0.833333333333333,0.00249902885761126,0.25360306104025,2.1755061135863,"aumento"
620685632,"pop_density",9,0,0,NA,NA,NA,0,NA,"sin tendencia"
620685632,"population",9,0,0,NA,NA,NA,0,NA,"sin tendencia"
620685633,"pop_density",9,0,0,NA,NA,NA,0,NA,"sin tendencia"
620685633,"population",9,0,0,NA,NA,NA,0,NA,"sin tendencia"
620685658,"pop_density",9,0,0,NA,NA,NA,0,NA,"sin tendencia"
620685658,"population",9,0,0,NA,NA,NA,0,NA,"sin tendencia"
620687008,"pop_density",9,0,0,NA,NA,NA,0,NA,"sin tendencia"
620687008,"population",9,0,0,NA,NA,NA,0,NA,"sin tendencia"
620688346,"pop_density",9,94.1656502751492,1.31490447705234,4.36070514840156e-08,1,0.000263260802703515,6.59842994226544,7.00725787267971,"aumento"
620688346,"population",9,947.759304470486,13.2342626953125,4.36070514840156e-08,1,0.000263260802703515,66.4119384765627,7.00725787267972,"aumento"
620688374,"pop_density",9,8.27450760144094,0.132954925344669,1.38963628238244e-05,0.833333333333333,0.00249902885761126,0.706051353719057,8.53285038491116,"aumento"
620688374,"population",9,273.714875962999,4.39805516560873,1.38963628238238e-05,0.833333333333333,0.00249902885761126,23.3556808471679,8.53285038491119,"aumento"
620688404,"pop_density",9,0,0,NA,NA,NA,0,NA,"sin tendencia"
620688404,"population",9,0,0,NA,NA,NA,0,NA,"sin tendencia"
620689697,"pop_density",9,341.217368310382,4.25861929021706,3.23737889118683e-09,1,0.000263260802703515,21.3955731642462,6.27036462715581,"aumento"
620689697,"population",9,2471.65938313802,30.8479500325521,3.23737889118473e-09,1,0.000263260802703515,154.98205566406,6.27036462715565,"aumento"
620689714,"pop_density",9,0.17721892212141,0.00265819882655601,4.95058850914858e-06,1,0.000263260802703515,0.0128702264267372,7.26233196358121,"aumento"
620689714,"population",9,2.14893401993645,0.0322329795360565,4.95058850914837e-06,1,0.000263260802703515,0.156062722206116,7.26233196358122,"aumento"
620689750,"pop_density",9,0,0,NA,NA,NA,0,NA,"sin tendencia"
620689750,"population",9,0,0,NA,NA,NA,0,NA,"sin tendencia"
620689758,"pop_density",9,0,0,NA,NA,NA,0,NA,"sin tendencia"
620689758,"population",9,0,0,NA,NA,NA,0,NA,"sin tendencia"
620689768,"pop_density",9,0,0,NA,NA,NA,0,NA,"sin tendencia"
620689768,"population",9,0,0,NA,NA,NA,0,NA,"sin tendencia"
620689778,"pop_density",9,0.081749460522167,0.00117987181988692,1.06415916029251e-05,1,0.000263260802703515,0.00590860278326814,7.22769636096373,"aumento"
620689778,"population",9,1.41765297783746,0.0204606707890828,1.06415916029239e-05,1,0.000263260802703515,0.102463652690252,7.22769636096372,"aumento"
620691073,"pop_density",9,0.388931017568088,0.00627590643559741,2.05606668300327e-07,1,0.000263260802703515,0.031799462730706,8.17611897594128,"aumento"
620691073,"population",9,24.322996351454,0.392483094533284,2.05606668300336e-07,1,0.000263260802703515,1.98867712020874,8.1761189759413,"aumento"
620691090,"pop_density",9,15.0532809725361,0.25145475339799,4.07482369072856e-08,1,0.000263260802703515,1.25687361498904,8.34949946979757,"aumento"
620691090,"population",9,125.990330166287,2.10458221435548,4.07482369072877e-08,1,0.000263260802703515,10.5195619492305,8.34949946979766,"aumento"
620691099,"pop_density",9,0,0,NA,NA,NA,0,NA,"sin tendencia"
620691099,"population",9,0,0,NA,NA,NA,0,NA,"sin tendencia"
620691101,"pop_density",9,0,0,NA,NA,NA,0,NA,"sin tendencia"
620691101,"population",9,0,0,NA,NA,NA,0,NA,"sin tendencia"
620691120,"pop_density",9,334.856088930732,1.2597392708494,0.0145146202100539,0.722222222222222,0.00914914757959376,4.22667128346163,1.26223515808188,"aumento"
620691120,"population",9,6795.33696831597,25.5642740885417,0.0145146202100538,0.722222222222222,0.00914914757959376,85.7731323242188,1.26223515808187,"aumento"
620691126,"pop_density",9,0,0,NA,NA,NA,0,NA,"sin tendencia"
620691126,"population",9,0,0,NA,NA,NA,0,NA,"sin tendencia"
620691154,"pop_density",9,0.269837702851616,0.00388992315450823,1.04257459394162e-05,1,0.000263260802703515,0.0194823026304047,7.22000759142173,"aumento"
620691154,"population",9,4.89380174212986,0.0705480090777078,1.04257459394153e-05,1,0.000263260802703515,0.353332857290903,7.22000759142171,"aumento"
620692449,"pop_density",9,56.1957701118166,0.754639388074288,3.71253765315561e-10,1,0.000263260802703515,3.76486996831453,6.69956112501583,"aumento"
620692449,"population",9,970.316663953993,13.0301475016277,3.71253765315489e-10,1,0.000263260802703515,65.0069580078115,6.69956112501576,"aumento"
620692475,"pop_density",9,0,0,NA,NA,NA,0,NA,"sin tendencia"
620692475,"population",9,0,0,NA,NA,NA,0,NA,"sin tendencia"
620692501,"pop_density",9,0,0,NA,NA,NA,0,NA,"sin tendencia"
620692501,"population",9,0,0,NA,NA,NA,0,NA,"sin tendencia"
620692502,"pop_density",9,0,0,NA,NA,NA,0,NA,"sin tendencia"
620692502,"population",9,0,0,NA,NA,NA,0,NA,"sin tendencia"
620693831,"pop_density",9,48.9692931572447,0.688928900957313,1.15607339170018e-09,1,0.000263260802703515,3.47051929995072,7.08713374482777,"aumento"
620693831,"population",9,1638.35626898872,23.0493623860677,1.15607339170087e-09,1,0.000263260802703515,116.112499999999,7.08713374482765,"aumento"
620693854,"pop_density",9,79.91091881769,0.877262398661682,4.29112653968421e-09,1,0.000263260802703515,4.39838467480527,5.50410975105894,"aumento"
620693854,"population",9,2365.70193142361,25.9706856282552,4.29112653968624e-09,1,0.000263260802703515,130.210830688477,5.50410975105896,"aumento"
620693877,"pop_density",9,0,0,NA,NA,NA,0,NA,"sin tendencia"
620693877,"population",9,0,0,NA,NA,NA,0,NA,"sin tendencia"
620693879,"pop_density",9,0.714224077079002,0.0196424261355066,4.59561256363993e-07,1,0.000263260802703515,0.0995815241756993,13.9426165221092,"aumento"
620693879,"population",9,7.39389941427443,0.203345319430033,4.59561256363907e-07,1,0.000263260802703515,1.03090304136276,13.9426165221092,"aumento"
620693881,"pop_density",9,2.61901171750759,0.0469807579009742,1.98587914046223e-06,1,0.000263260802703515,0.245864564929789,9.38768480057694,"aumento"
620693881,"population",9,90.3206804063585,1.62020428975423,1.98587914046214e-06,1,0.000263260802703515,8.47902078628537,9.38768480057692,"aumento"
620693891,"pop_density",9,0,0,NA,NA,NA,0,NA,"sin tendencia"
620693891,"population",9,0,0,NA,NA,NA,0,NA,"sin tendencia"
620693903,"pop_density",9,0,0,NA,NA,NA,0,NA,"sin tendencia"
620693903,"population",9,0,0,NA,NA,NA,0,NA,"sin tendencia"
620695255,"pop_density",9,0.400123245790117,0.00990268417624097,4.8399278059513e-07,1,0.000263260802703515,0.0499428656350478,12.4818705637625,"aumento"
620695255,"population",9,4.1414680480957,0.102497544288635,4.8399278059512e-07,1,0.000263260802703515,0.516932681202888,12.4818705637625,"aumento"
620695267,"pop_density",9,0,0,NA,NA,NA,0,NA,"sin tendencia"
620695267,"population",9,0,0,NA,NA,NA,0,NA,"sin tendencia"
620695279,"pop_density",9,0,0,NA,NA,NA,0,NA,"sin tendencia"
620695279,"population",9,0,0,NA,NA,NA,0,NA,"sin tendencia"
620695281,"pop_density",9,0,0,NA,NA,NA,0,NA,"sin tendencia"
620695281,"population",9,0,0,NA,NA,NA,0,NA,"sin tendencia"
620696631,"pop_density",9,0,0,NA,NA,NA,0,NA,"sin tendencia"
620696631,"population",9,0,0,NA,NA,NA,0,NA,"sin tendencia"
620696636,"pop_density",9,0,0,NA,NA,NA,0,NA,"sin tendencia"
620696636,"population",9,0,0,NA,NA,NA,0,NA,"sin tendencia"
620696663,"pop_density",9,0,0,NA,NA,NA,0,NA,"sin tendencia"
620696663,"population",9,0,0,NA,NA,NA,0,NA,"sin tendencia"
620696679,"pop_density",9,1.65551559978479,0.036872327258315,1.48877350200611e-08,1,0.000263260802703515,0.188531380447415,11.3880763474487,"aumento"
620696679,"population",9,126.318196614583,2.81341105143229,1.48877350200591e-08,1,0.000263260802703515,14.3852126711891,11.3880763474487,"aumento"
620697998,"pop_density",9,50.6680709697797,0.63863239451009,1.37830162050291e-08,1,0.000263260802703515,3.23470782908964,6.38411482256536,"aumento"
620697998,"population",9,923.995557996961,11.6462593587239,1.37830162050211e-08,1,0.000263260802703515,58.9889373779292,6.38411482256533,"aumento"
620698035,"pop_density",9,0,0,NA,NA,NA,0,NA,"sin tendencia"
620698035,"population",9,0,0,NA,NA,NA,0,NA,"sin tendencia"
620699374,"pop_density",9,0.0704311757689266,0.00154981571386878,6.15067617321374e-08,1,0.000263260802703515,0.00806125498057605,11.4455777467406,"aumento"
620699374,"population",9,1.34283462497923,0.0295486505826315,6.15067617321436e-08,1,0.000263260802703515,0.153695181012155,11.4455777467409,"aumento"
620699405,"pop_density",9,0.135322140470036,0.0024342037163607,0.186479326307646,0.388888888888889,0.175308080808274,0.0126450859253751,9.34443239033378,"sin tendencia"
620699405,"population",9,1.866145087613,0.033568618496259,0.186479326307645,0.388888888888889,0.175308080808274,0.174380666017532,9.34443239033378,"sin tendencia"
620700750,"pop_density",9,0,0,NA,NA,NA,0,NA,"sin tendencia"
620700750,"population",9,0,0,NA,NA,NA,0,NA,"sin tendencia"
620700751,"pop_density",9,0,0,NA,NA,NA,0,NA,"sin tendencia"
620700751,"population",9,0,0,NA,NA,NA,0,NA,"sin tendencia"
620700766,"pop_density",9,0,0,NA,NA,NA,0,NA,"sin tendencia"
620700766,"population",9,0,0,NA,NA,NA,0,NA,"sin tendencia"
620702120,"pop_density",9,18.8664008076644,0.595138706927523,6.26839069766485e-08,1,0.000263260802703515,3.07162087760552,16.2809054515459,"aumento"
620702120,"population",9,821.885223388671,25.9262863159179,6.2683906976644e-08,1,0.000263260802703515,133.810356140136,16.2809054515459,"aumento"
620702132,"pop_density",9,0,0,NA,NA,NA,0,NA,"sin tendencia"
620702132,"population",9,0,0,NA,NA,NA,0,NA,"sin tendencia"
620702141,"pop_density",9,0,0,NA,NA,NA,0,NA,"sin tendencia"
620702141,"population",9,0,0,NA,NA,NA,0,NA,"sin tendencia"
620702181,"pop_density",9,4.28413802632352,0.0980879677655866,2.59568046640742e-08,1,0.000263260802703515,0.48999191914587,11.4373513676533,"aumento"
620702181,"population",9,73.3686048719618,1.67981920878092,2.59568046640692e-08,1,0.000263260802703515,8.39142513275127,11.437351367653,"aumento"
620703490,"pop_density",9,0,0,NA,NA,NA,0,NA,"sin tendencia"
620703490,"population",9,0,0,NA,NA,NA,0,NA,"sin tendencia"
620703544,"pop_density",9,0.0454012136669357,0.000672808136555517,5.79651639388648e-08,1,0.000263260802703515,0.00318076520676527,7.00590347672077,"aumento"
620703544,"population",9,2.00271005100674,0.0296784933408102,5.79651639388714e-08,1,0.000263260802703515,0.140307933092115,7.00590347672065,"aumento"
620704850,"pop_density",9,23.2461416946329,0.294147318567951,1.2009772886613e-06,1,0.000263260802703515,1.50496338947125,6.47403517211941,"aumento"
620704850,"population",9,437.310123019748,5.53354624430339,1.2009772886614e-06,1,0.000263260802703515,28.3116111755372,6.47403517211941,"aumento"
620704912,"pop_density",9,0.0768139689161936,0.00206679061052754,3.27440682812245e-07,1,0.000263260802703515,0.0101643826014786,13.2324663663302,"aumento"
620704912,"population",9,2.67844796180725,0.072067505121231,3.27440682812255e-07,1,0.000263260802703515,0.354424725685801,13.2324663663302,"aumento"
620704920,"pop_density",9,0,0,NA,NA,NA,0,NA,"sin tendencia"
620704920,"population",9,0,0,NA,NA,NA,0,NA,"sin tendencia"
620706226,"pop_density",9,22.6648249830371,0.365380487618148,2.63885279904023e-08,1,0.000263260802703515,1.83287661230787,8.08687741325879,"aumento"
620706226,"population",9,368.817270914713,5.94571695963542,2.63885279904042e-08,1,0.000263260802703515,29.8258005777995,8.08687741325881,"aumento"
620706244,"pop_density",9,7.48262318779678,0.0776715833739466,2.87493687756858e-08,1,0.000263260802703515,0.382217691086731,5.10807081278769,"aumento"
620706244,"population",9,196.590799967448,2.04066385904948,2.8749368775689e-08,1,0.000263260802703515,10.0419972737632,5.10807081278776,"aumento"
620706283,"pop_density",9,0,0,NA,NA,NA,0,NA,"sin tendencia"
620706283,"population",9,0,0,NA,NA,NA,0,NA,"sin tendencia"
620707602,"pop_density",9,35.0856152024542,0.516043621475279,4.69958547301763e-09,1,0.000263260802703515,2.60111432814189,7.41362040577799,"aumento"
620707602,"population",9,293.429970635308,4.31580474853516,4.6995854730163e-09,1,0.000263260802703515,21.7537841796875,7.41362040577796,"aumento"
620707627,"pop_density",9,74.8384143555555,0.918831371332494,0.00167871871466388,0.722222222222222,0.00914914757959376,4.2133643506461,5.6299487194217,"aumento"
620707627,"population",9,241.163550482856,2.96089431762694,0.00167871871466399,0.722222222222222,0.00914914757959376,13.5773842221214,5.62994871942166,"aumento"
620707659,"pop_density",9,0,0,NA,NA,NA,0,NA,"sin tendencia"
620707659,"population",9,0,0,NA,NA,NA,0,NA,"sin tendencia"
620707681,"pop_density",9,0,0,NA,NA,NA,0,NA,"sin tendencia"
620707681,"population",9,0,0,NA,NA,NA,0,NA,"sin tendencia"
620708988,"pop_density",9,185.078927684321,2.10352352251823,6.95446749058876e-08,1,0.000263260802703515,10.0212288323348,5.41457039854232,"aumento"
620708988,"population",9,247.356113009983,2.811337890625,6.95446749058811e-08,1,0.000263260802703515,13.3932708740234,5.41457039854231,"aumento"
620708990,"pop_density",9,0,0,NA,NA,NA,0,NA,"sin tendencia"
620708990,"population",9,0,0,NA,NA,NA,0,NA,"sin tendencia"
620709003,"pop_density",9,32.0901558362767,0.827085668597861,3.63382466910928e-07,1,0.000263260802703515,4.19874118056796,13.0842031493703,"aumento"
620709003,"population",9,1185.11779106988,30.5450040690104,3.63382466910925e-07,1,0.000263260802703515,155.063219342913,13.0842031493703,"aumento"
620709012,"pop_density",9,0,0,NA,NA,NA,0,NA,"sin tendencia"
620709012,"population",9,0,0,NA,NA,NA,0,NA,"sin tendencia"
620709035,"pop_density",9,0.000245067628892251,6.31624834271236e-06,5.860206283558e-07,1,0.000263260802703515,3.31099922828045e-05,13.5105531613733,"aumento"
620709035,"population",9,0.00163910553480188,4.22454718500376e-05,5.86020628355813e-07,1,0.000263260802703515,0.00022145222465042,13.5105531613733,"aumento"
620709060,"pop_density",9,0.340220478950783,0.00767196766175189,6.88929470274391e-08,1,0.000263260802703515,0.0396504996034742,11.6543541781358,"aumento"
620709060,"population",9,13.0786289638943,0.294922924041748,6.88929470274551e-08,1,0.000263260802703515,1.52422974109649,11.6543541781357,"aumento"
620709070,"pop_density",9,0.579638078232703,0.0142856574489305,8.35925765593782e-07,1,0.000263260802703515,0.0700973805889819,12.0933015309668,"aumento"
620709070,"population",9,1.04098763730791,0.0256559969981512,8.35925765593808e-07,1,0.000263260802703515,0.125889773879732,12.0933015309668,"aumento"
620710350,"pop_density",9,97.2186694371554,1.25349346583011,4.83176820529882e-07,1,0.000263260802703515,6.32794412085075,6.50898038153185,"aumento"
620710350,"population",9,1597.94759114583,20.603212076823,4.83176820529853e-07,1,0.000263260802703515,104.010095214843,6.50898038153184,"aumento"
620710364,"pop_density",9,326.094987019683,3.16560727078748,6.64058140452546e-11,1,0.000263260802703515,15.9357267325846,4.8868358505685,"aumento"
620710364,"population",9,1676.68052842882,16.2765828450522,6.64058140451776e-11,1,0.000263260802703515,81.9366251627583,4.88683585056834,"aumento"
620710405,"pop_density",9,22.396886276313,0.235791530212133,1.36518005249305e-07,1,0.000263260802703515,1.21680732386105,5.43293076032606,"aumento"
620710405,"population",9,987.95480685764,10.4010607910157,1.36518005249325e-07,1,0.000263260802703515,53.6749005998882,5.43293076032602,"aumento"
620710406,"pop_density",9,1.23699788305123,0.0264830871695592,5.2963966037633e-09,1,0.000263260802703515,0.133441053857895,10.7874924998856,"aumento"
620710406,"population",9,2.52534405390422,0.0540654981136322,5.2963966037615e-09,1,0.000263260802703515,0.272421300411224,10.7874924998856,"aumento"
620710407,"pop_density",9,0,0,NA,NA,NA,0,NA,"sin tendencia"
620710407,"population",9,0,0,NA,NA,NA,0,NA,"sin tendencia"
620710411,"pop_density",9,0,0,NA,NA,NA,0,NA,"sin tendencia"
620710411,"population",9,0,0,NA,NA,NA,0,NA,"sin tendencia"
620710413,"pop_density",9,0,0,NA,NA,NA,0,NA,"sin tendencia"
620710413,"population",9,0,0,NA,NA,NA,0,NA,"sin tendencia"
620711718,"pop_density",9,45.1873017621453,0.580531931431724,4.33317842609837e-11,1,0.000263260802703515,2.90081580254979,6.41953754578877,"aumento"
620711718,"population",9,862.258965386285,11.0776444498698,4.33317842610402e-11,1,0.000263260802703515,55.3530380249027,6.41953754578881,"aumento"
620711731,"pop_density",9,67.9297143578517,0.900530948152029,3.0754634673439e-11,1,0.000263260802703515,4.53809613284002,6.68057590958423,"aumento"
620711731,"population",9,1137.92385525174,15.0852341715495,3.07546346734631e-11,1,0.000263260802703515,76.0198669433566,6.68057590958397,"aumento"
620711740,"pop_density",9,102.474948760698,1.05640443261639,5.68544838392583e-09,1,0.000263260802703515,5.17726781009564,5.05222776171932,"aumento"
620711740,"population",9,621.855007595486,6.4106437174479,5.68544838392373e-09,1,0.000263260802703515,31.41753133138,5.05222776171918,"aumento"
620711762,"pop_density",9,16.3962171524724,0.202604655030613,1.39697971614792e-08,1,0.000263260802703515,1.02620828585779,6.25881126307872,"aumento"
620711762,"population",9,318.745651245117,3.93867390950521,1.39697971614771e-08,1,0.000263260802703515,19.9496887207031,6.25881126307875,"aumento"
620711771,"pop_density",9,0,0,NA,NA,NA,0,NA,"sin tendencia"
620711771,"population",9,0,0,NA,NA,NA,0,NA,"sin tendencia"
620711780,"pop_density",9,38.7199517870046,0.412621465604204,3.49234125394523e-06,1,0.000263260802703515,2.09081997725229,5.39985170630823,"aumento"
620711780,"population",9,1995.68344455295,21.2671191406251,3.49234125394542e-06,1,0.000263260802703515,107.763946533204,5.39985170630827,"aumento"
620711784,"pop_density",9,0,0,NA,NA,NA,0,NA,"sin tendencia"
620711784,"population",9,0,0,NA,NA,NA,0,NA,"sin tendencia"
620711785,"pop_density",9,0,0,NA,NA,NA,0,NA,"sin tendencia"
620711785,"population",9,0,0,NA,NA,NA,0,NA,"sin tendencia"
620713107,"pop_density",9,99.0195681909348,1.09895350795378,8.96236267494656e-10,1,0.000263260802703515,5.56475444380974,5.61985327292024,"aumento"
620713107,"population",9,33.5122409396701,0.37193047205607,8.96236267494366e-10,1,0.000263260802703515,1.88333876927692,5.6198532729201,"aumento"
620713120,"pop_density",9,0,0,NA,NA,NA,0,NA,"sin tendencia"
620713120,"population",9,0,0,NA,NA,NA,0,NA,"sin tendencia"
620713136,"pop_density",9,0,0,NA,NA,NA,0,NA,"sin tendencia"
620713136,"population",9,0,0,NA,NA,NA,0,NA,"sin tendencia"
620713158,"pop_density",9,0,0,NA,NA,NA,0,NA,"sin tendencia"
620713158,"population",9,0,0,NA,NA,NA,0,NA,"sin tendencia"
620713160,"pop_density",9,0,0,NA,NA,NA,0,NA,"sin tendencia"
620713160,"population",9,0,0,NA,NA,NA,0,NA,"sin tendencia"
620714483,"pop_density",9,105.096996344621,1.21629471198559,8.76378061481887e-09,1,0.000263260802703515,5.82976114104177,5.54702926230691,"aumento"
620714483,"population",9,1535.92339409722,17.7753462727866,8.76378061481173e-09,1,0.000263260802703515,85.19812011719,5.54702926230689,"aumento"
620714518,"pop_density",9,51.0852842508023,0.555406291736982,0.000270536867053588,0.888888888888889,0.00122938491894486,2.97622979358649,5.8260022181236,"aumento"
620714518,"population",9,6.05135260687934,0.0657911443710327,0.000270536867053585,0.888888888888889,0.00122938491894486,0.352551937103272,5.82600221812362,"aumento"
620714522,"pop_density",9,0,0,NA,NA,NA,0,NA,"sin tendencia"
620714522,"population",9,0,0,NA,NA,NA,0,NA,"sin tendencia"
620715894,"pop_density",9,84.8070215202913,0.766456620068859,3.24347901906801e-05,0.944444444444444,0.000580666545949214,4.07070842577058,4.79996626788338,"aumento"
620715894,"population",9,850.438917371962,7.6859737141927,3.24347901906787e-05,0.944444444444444,0.000580666545949214,40.820781162807,4.7999662678834,"aumento"
620715898,"pop_density",9,0,0,NA,NA,NA,0,NA,"sin tendencia"
620715898,"population",9,0,0,NA,NA,NA,0,NA,"sin tendencia"
620715900,"pop_density",9,0,0,NA,NA,NA,0,NA,"sin tendencia"
620715900,"population",9,0,0,NA,NA,NA,0,NA,"sin tendencia"
620715911,"pop_density",9,5.51525204710985,0.111180654557651,7.14838894757438e-08,1,0.000263260802703515,0.566561351150489,10.2726284548933,"aumento"
620715911,"population",9,455.640930175781,9.18515716552734,7.14838894757423e-08,1,0.000263260802703515,46.8062998453777,10.2726284548933,"aumento"
620717261,"pop_density",9,21.5973890739928,0.241322499312729,2.21040097894193e-09,1,0.000263260802703515,1.20370354353917,5.57337527890651,"aumento"
620717261,"population",9,522.121636284722,5.83402455647787,2.21040097894204e-09,1,0.000263260802703515,29.0997982025146,5.57337527890646,"aumento"
620717262,"pop_density",9,0,0,NA,NA,NA,0,NA,"sin tendencia"
620717262,"population",9,0,0,NA,NA,NA,0,NA,"sin tendencia"
620717270,"pop_density",9,0,0,NA,NA,NA,0,NA,"sin tendencia"
620717270,"population",9,0,0,NA,NA,NA,0,NA,"sin tendencia"
620717272,"pop_density",9,0,0,NA,NA,NA,0,NA,"sin tendencia"
620717272,"population",9,0,0,NA,NA,NA,0,NA,"sin tendencia"
620717274,"pop_density",9,0,0,NA,NA,NA,0,NA,"sin tendencia"
620717274,"population",9,0,0,NA,NA,NA,0,NA,"sin tendencia"
620717276,"pop_density",9,0,0,NA,NA,NA,0,NA,"sin tendencia"
620717276,"population",9,0,0,NA,NA,NA,0,NA,"sin tendencia"
620718610,"pop_density",9,0,0,NA,NA,NA,0,NA,"sin tendencia"
620718610,"population",9,0,0,NA,NA,NA,0,NA,"sin tendencia"
620718637,"pop_density",9,139.698507543314,1.3446166689436,1.01438470444908e-07,1,0.000263260802703515,6.60756454403916,4.72987482846978,"aumento"
620718637,"population",9,585.588033040365,5.63636250813803,1.01438470444907e-07,1,0.000263260802703515,27.6975809733073,4.72987482846975,"aumento"
620718648,"pop_density",9,0,0,NA,NA,NA,0,NA,"sin tendencia"
620718648,"population",9,0,0,NA,NA,NA,0,NA,"sin tendencia"
620718672,"pop_density",9,0,0,NA,NA,NA,0,NA,"sin tendencia"
620718672,"population",9,0,0,NA,NA,NA,0,NA,"sin tendencia"
620718677,"pop_density",9,0,0,NA,NA,NA,0,NA,"sin tendencia"
620718677,"population",9,0,0,NA,NA,NA,0,NA,"sin tendencia"
620720003,"pop_density",9,29.9606454865176,0.320217679834217,2.03655053201626e-09,1,0.000263260802703515,1.57289507465499,5.24987045209956,"aumento"
620720003,"population",9,252.943115234375,2.70344167073567,2.03655053201643e-09,1,0.000263260802703515,13.2791858673094,5.2498704520995,"aumento"
620720005,"pop_density",9,29.0984296071522,0.214309629586527,8.19756136546e-05,1,0.000263260802703515,0.893387265180774,3.0702250164084,"aumento"
620720005,"population",9,1447.56032986111,10.6612666829427,8.19756136545897e-05,1,0.000263260802703515,44.443359375,3.07022501640841,"aumento"
620720015,"pop_density",9,338.511114966553,3.62203570951013,9.89764223764558e-11,1,0.000263260802703515,18.1139303414458,5.35105925347104,"aumento"
620720015,"population",9,3093.0908203125,33.0957682291668,9.89764223764227e-11,1,0.000263260802703515,165.513122558595,5.35105925347103,"aumento"
620720031,"pop_density",9,0.0529391768644098,0.00128546746019913,4.79453068626921e-07,1,0.000263260802703515,0.00640429376678728,12.097456262288,"aumento"
620720031,"population",9,0.855034338103401,0.0207619174321493,4.79453068626935e-07,1,0.000263260802703515,0.103437405079603,12.0974562622881,"aumento"
620720048,"pop_density",9,0,0,NA,NA,NA,0,NA,"sin tendencia"
620720048,"population",9,0,0,NA,NA,NA,0,NA,"sin tendencia"
620720053,"pop_density",9,0,0,NA,NA,NA,0,NA,"sin tendencia"
620720053,"population",9,0,0,NA,NA,NA,0,NA,"sin tendencia"
620720058,"pop_density",9,0,0,NA,NA,NA,0,NA,"sin tendencia"
620720058,"population",9,0,0,NA,NA,NA,0,NA,"sin tendencia"
620721374,"pop_density",9,1344.36889939605,15.2016242606289,1.73591616490881e-08,1,0.000263260802703515,74.129340129571,5.51406240972051,"aumento"
620721374,"population",9,10639.6342773438,120.309033203125,1.73591616490862e-08,1,0.000263260802703515,586.67607421875,5.51406240972051,"aumento"
620721391,"pop_density",9,0,0,NA,NA,NA,0,NA,"sin tendencia"
620721391,"population",9,0,0,NA,NA,NA,0,NA,"sin tendencia"
620721403,"pop_density",9,0,0,NA,NA,NA,0,NA,"sin tendencia"
620721403,"population",9,0,0,NA,NA,NA,0,NA,"sin tendencia"
620721405,"pop_density",9,0,0,NA,NA,NA,0,NA,"sin tendencia"
620721405,"population",9,0,0,NA,NA,NA,0,NA,"sin tendencia"
620721406,"pop_density",9,0,0,NA,NA,NA,0,NA,"sin tendencia"
620721406,"population",9,0,0,NA,NA,NA,0,NA,"sin tendencia"
620721452,"pop_density",9,0,0,NA,NA,NA,0,NA,"sin tendencia"
620721452,"population",9,0,0,NA,NA,NA,0,NA,"sin tendencia"
620722751,"pop_density",9,17.8140112546984,0.206979888794696,6.88933528973815e-09,1,0.000263260802703515,1.03841152532158,5.82918417685236,"aumento"
620722751,"population",9,657.162322998047,7.63552815755208,6.88933528973259e-09,1,0.000263260802703515,38.3072021484373,5.82918417685233,"aumento"
620722767,"pop_density",9,0,0,NA,NA,NA,0,NA,"sin tendencia"
620722767,"population",9,0,0,NA,NA,NA,0,NA,"sin tendencia"
620722782,"pop_density",9,0,0,NA,NA,NA,0,NA,"sin tendencia"
620722782,"population",9,0,0,NA,NA,NA,0,NA,"sin tendencia"
620722799,"pop_density",9,0,0,NA,NA,NA,0,NA,"sin tendencia"
620722799,"population",9,0,0,NA,NA,NA,0,NA,"sin tendencia"
620722811,"pop_density",9,0,0,NA,NA,NA,0,NA,"sin tendencia"
620722811,"population",9,0,0,NA,NA,NA,0,NA,"sin tendencia"
620724148,"pop_density",9,159.219198639273,1.11238132125362,9.0549289498514e-05,0.944444444444444,0.000580666545949214,5.95566379566331,3.74054375763846,"aumento"
620724148,"population",9,1402.67750379774,9.79977457682289,9.0549289498514e-05,0.944444444444444,0.000580666545949214,52.467765808105,3.74054375763843,"aumento"
620724158,"pop_density",9,0,0,NA,NA,NA,0,NA,"sin tendencia"
620724158,"population",9,0,0,NA,NA,NA,0,NA,"sin tendencia"
620724162,"pop_density",9,0,0,NA,NA,NA,0,NA,"sin tendencia"
620724162,"population",9,0,0,NA,NA,NA,0,NA,"sin tendencia"
620724190,"pop_density",9,0,0,NA,NA,NA,0,NA,"sin tendencia"
620724190,"population",9,0,0,NA,NA,NA,0,NA,"sin tendencia"
620725494,"pop_density",9,256.991770563231,3.00221472820177,7.90604979857036e-09,1,0.000263260802703515,15.0963773281241,5.87426488211603,"aumento"
620725494,"population",9,101.448188781738,1.18513229370117,7.90604979856746e-09,1,0.000263260802703515,5.95933532714849,5.87426488211609,"aumento"
620725524,"pop_density",9,0,0,NA,NA,NA,0,NA,"sin tendencia"
620725524,"population",9,0,0,NA,NA,NA,0,NA,"sin tendencia"
620725527,"pop_density",9,0,0,NA,NA,NA,0,NA,"sin tendencia"
620725527,"population",9,0,0,NA,NA,NA,0,NA,"sin tendencia"
620725531,"pop_density",9,0,0,NA,NA,NA,0,NA,"sin tendencia"
620725531,"population",9,0,0,NA,NA,NA,0,NA,"sin tendencia"
620725532,"pop_density",9,169.610056790724,1.72048576709173,1.36136774686127e-08,1,0.000263260802703515,8.56940535760443,5.05241582943276,"aumento"
620725532,"population",9,4919.45136176215,49.9017936197917,1.36136774686086e-08,1,0.000263260802703515,248.551139322917,5.05241582943276,"aumento"
620725538,"pop_density",9,0,0,NA,NA,NA,0,NA,"sin tendencia"
620725538,"population",9,0,0,NA,NA,NA,0,NA,"sin tendencia"
620726870,"pop_density",9,157.750298168649,2.11079998442918,1.42742912178158e-10,1,0.000263260802703515,10.6350282204846,6.74168501990076,"aumento"
620726870,"population",9,1056.74936930339,14.1399831136067,1.42742912178186e-10,1,0.000263260802703515,71.2427139282233,6.74168501990087,"aumento"
620726884,"pop_density",9,0,0,NA,NA,NA,0,NA,"sin tendencia"
620726884,"population",9,0,0,NA,NA,NA,0,NA,"sin tendencia"
620726898,"pop_density",9,0,0,NA,NA,NA,0,NA,"sin tendencia"
620726898,"population",9,0,0,NA,NA,NA,0,NA,"sin tendencia"
620726903,"pop_density",9,0,0,NA,NA,NA,0,NA,"sin tendencia"
620726903,"population",9,0,0,NA,NA,NA,0,NA,"sin tendencia"
620726914,"pop_density",9,0,0,NA,NA,NA,0,NA,"sin tendencia"
620726914,"population",9,0,0,NA,NA,NA,0,NA,"sin tendencia"
620728290,"pop_density",9,0,0,NA,NA,NA,0,NA,"sin tendencia"
620728290,"population",9,0,0,NA,NA,NA,0,NA,"sin tendencia"
620729666,"pop_density",9,0,0,NA,NA,NA,0,NA,"sin tendencia"
620729666,"population",9,0,0,NA,NA,NA,0,NA,"sin tendencia"
620731050,"pop_density",9,0,0,NA,NA,NA,0,NA,"sin tendencia"
620731050,"population",9,0,0,NA,NA,NA,0,NA,"sin tendencia"
620732363,"pop_density",9,270.302359782761,3.33230658969644,2.19658234946926e-09,1,0.000263260802703515,16.2640739881815,6.01699297085409,"aumento"
620732363,"population",9,7245.98779296875,89.3290494791667,2.19658234946964e-09,1,0.000263260802703515,435.990576171875,6.01699297085409,"aumento"
620732450,"pop_density",9,0,0,NA,NA,NA,0,NA,"sin tendencia"
620732450,"population",9,0,0,NA,NA,NA,0,NA,"sin tendencia"
620733734,"pop_density",9,175.377223635771,2.44555999157834,2.02556131987635e-10,1,0.000263260802703515,12.305584090725,7.01663752887414,"aumento"
620733734,"population",9,3729.71226671007,52.0092342122397,2.02556131987631e-10,1,0.000263260802703515,261.700390625,7.01663752887411,"aumento"
620733826,"pop_density",9,0.000150054209935427,3.97021030314203e-06,1.3292703819755e-07,1,0.000263260802703515,2.03684243467657e-05,13.5740439108845,"aumento"
620733826,"population",9,0.00203153502661735,5.37513828991602e-05,1.32927038197526e-07,1,0.000263260802703515,0.000275761456578039,13.5740439108845,"aumento"
620735123,"pop_density",9,38.0089590693078,0.383084022451671,1.46977007844868e-05,0.888888888888889,0.00122938491894486,2.09921256977792,5.52294148847931,"aumento"
620735123,"population",9,727.246297200521,7.32975708007812,1.46977007844855e-05,0.888888888888889,0.00122938491894486,40.1653874715168,5.52294148847927,"aumento"
620735135,"pop_density",9,24.298356283849,0.20343314656579,8.98394872558898e-07,1,0.000263260802703515,0.980478433684446,4.03516362271865,"aumento"
620735135,"population",9,63.5007226732042,0.531647148132323,8.98394872559036e-07,1,0.000263260802703515,2.56235806147258,4.03516362271863,"aumento"
620735158,"pop_density",9,0,0,NA,NA,NA,0,NA,"sin tendencia"
620735158,"population",9,0,0,NA,NA,NA,0,NA,"sin tendencia"
620735168,"pop_density",9,0,0,NA,NA,NA,0,NA,"sin tendencia"
620735168,"population",9,0,0,NA,NA,NA,0,NA,"sin tendencia"
620735172,"pop_density",9,0,0,NA,NA,NA,0,NA,"sin tendencia"
620735172,"population",9,0,0,NA,NA,NA,0,NA,"sin tendencia"
620735204,"pop_density",9,1.59227026565308,0.0363942410877518,1.90909522876697e-09,1,0.000263260802703515,0.182124445269254,11.4380359413767,"aumento"
620735204,"population",9,34.4196114010281,0.786722997029623,1.909095228767e-09,1,0.000263260802703515,3.93692752293178,11.4380359413767,"aumento"
620736498,"pop_density",9,0,0,NA,NA,NA,0,NA,"sin tendencia"
620736498,"population",9,0,0,NA,NA,NA,0,NA,"sin tendencia"
620736499,"pop_density",9,10.6134735499808,0.0910772457468061,4.85904375600394e-06,0.944444444444444,0.000580666545949214,0.488966470262837,4.60703527417487,"aumento"
620736499,"population",9,9.86138682895236,0.0846233749389643,4.85904375600475e-06,0.944444444444444,0.000580666545949214,0.454317569732664,4.60703527417482,"aumento"
620736534,"pop_density",9,0,0,NA,NA,NA,0,NA,"sin tendencia"
620736534,"population",9,0,0,NA,NA,NA,0,NA,"sin tendencia"
620736542,"pop_density",9,159.792132465991,1.75702596428321,3.01526448630748e-08,1,0.000263260802703515,8.75056199087906,5.47621579100051,"aumento"
620736542,"population",9,1012.76663547092,11.1360756429036,3.01526448630903e-08,1,0.000263260802703515,55.4612864176434,5.47621579100055,"aumento"
620737861,"pop_density",9,256.261005673058,4.44537622741314,3.77185956609013e-07,1,0.000263260802703515,22.4558499475373,8.7628821593664,"aumento"
620737861,"population",9,574.143035888672,9.95969635009765,3.77185956609049e-07,1,0.000263260802703515,50.3114776611328,8.76288215936635,"aumento"
620737932,"pop_density",9,0,0,NA,NA,NA,0,NA,"sin tendencia"
620737932,"population",9,0,0,NA,NA,NA,0,NA,"sin tendencia"
620739265,"pop_density",9,0,0,NA,NA,NA,0,NA,"sin tendencia"
620739265,"population",9,0,0,NA,NA,NA,0,NA,"sin tendencia"
620739293,"pop_density",9,65.0594141737293,0.6921455107144,2.29871114885582e-08,1,0.000263260802703515,3.53856332690584,5.43897201019479,"aumento"
620739293,"population",9,2597.90314398872,27.6382291666667,2.29871114885635e-08,1,0.000263260802703515,141.299224853516,5.43897201019477,"aumento"
620740625,"pop_density",9,1224.39905827938,17.5093316905163,4.07971150422885e-10,1,0.000263260802703515,88.3161227042679,7.21301785615358,"aumento"
620740625,"population",9,7133.62608506944,102.013330078125,4.07971150422682e-10,1,0.000263260802703515,514.549723307292,7.21301785615362,"aumento"
620740634,"pop_density",9,0,0,NA,NA,NA,0,NA,"sin tendencia"
620740634,"population",9,0,0,NA,NA,NA,0,NA,"sin tendencia"
620740653,"pop_density",9,0,0,NA,NA,NA,0,NA,"sin tendencia"
620740653,"population",9,0,0,NA,NA,NA,0,NA,"sin tendencia"
620740655,"pop_density",9,0,0,NA,NA,NA,0,NA,"sin tendencia"
620740655,"population",9,0,0,NA,NA,NA,0,NA,"sin tendencia"
620740669,"pop_density",9,322.557239607328,3.14632910410256,2.62828619894273e-07,1,0.000263260802703515,15.0453258402223,4.66438944558741,"aumento"
620740669,"population",9,92.479734632704,0.902077662150063,2.62828619894341e-07,1,0.000263260802703515,4.31361498151505,4.66438944558736,"aumento"
620741986,"pop_density",9,152.235032215846,1.9488489258325,3.72301472132012e-09,1,0.000263260802703515,9.85470726126358,6.47335052768347,"aumento"
620741986,"population",9,6194.98464626736,79.3055908203125,3.72301472132251e-09,1,0.000263260802703515,401.023071289062,6.47335052768354,"aumento"
620742010,"pop_density",9,0,0,NA,NA,NA,0,NA,"sin tendencia"
620742010,"population",9,0,0,NA,NA,NA,0,NA,"sin tendencia"
620742022,"pop_density",9,3.24968315294774,0.0386927127009571,1.68336982842517e-07,1,0.000263260802703515,0.201636485331407,6.20480446373689,"aumento"
620742022,"population",9,60.2235060797797,0.717057851155599,1.68336982842524e-07,1,0.000263260802703515,3.73675079345703,6.20480446373689,"aumento"
620742045,"pop_density",9,156.863600262689,1.75991243873533,1.7866106247691e-09,1,0.000263260802703515,9.008507701629,5.74289235140787,"aumento"
620742045,"population",9,2239.8391655816,25.1296081542968,1.78661062476888e-09,1,0.000263260802703515,128.631552124022,5.7428923514078,"aumento"
620744774,"pop_density",9,38.1833320463245,1.06601786515001,7.74310642149148e-08,1,0.000263260802703515,5.2342836334768,13.7082945698047,"aumento"
620744774,"population",9,22.8087803522746,0.636784849166869,7.74310642149145e-08,1,0.000263260802703515,3.12669479846954,13.7082945698047,"aumento"
620746150,"pop_density",9,2.09834867004341,0.0548658520965172,4.07567983968928e-07,1,0.000263260802703515,0.28007682200271,13.3474872885123,"aumento"
620746150,"population",9,3.62107809384664,0.094680897394816,4.07567983968966e-07,1,0.000263260802703515,0.483322938283284,13.3474872885123,"aumento"
620746160,"pop_density",9,0,0,NA,NA,NA,0,NA,"sin tendencia"
620746160,"population",9,0,0,NA,NA,NA,0,NA,"sin tendencia"
620746164,"pop_density",9,0,0,NA,NA,NA,0,NA,"sin tendencia"
620746164,"population",9,0,0,NA,NA,NA,0,NA,"sin tendencia"
620746186,"pop_density",9,0,0,NA,NA,NA,0,NA,"sin tendencia"
620746186,"population",9,0,0,NA,NA,NA,0,NA,"sin tendencia"
620747492,"pop_density",9,11.6428805295426,0.159055358161571,4.67019691316368e-08,1,0.000263260802703515,0.793873060782425,6.81852793016346,"aumento"
620747492,"population",9,292.62601047092,3.99761337280274,4.6701969131662e-08,1,0.000263260802703515,19.9527862548825,6.81852793016338,"aumento"
620747540,"pop_density",9,0,0,NA,NA,NA,0,NA,"sin tendencia"
620747540,"population",9,0,0,NA,NA,NA,0,NA,"sin tendencia"
620747547,"pop_density",9,3.61053487356967,0.0777475190049339,8.3549987372758e-08,1,0.000263260802703515,0.398706864286872,11.0428753148333,"aumento"
620747547,"population",9,29.242798699273,0.629700342814126,8.35499873727458e-08,1,0.000263260802703515,3.22924579892839,11.0428753148332,"aumento"
620747550,"pop_density",9,0,0,NA,NA,NA,0,NA,"sin tendencia"
620747550,"population",9,0,0,NA,NA,NA,0,NA,"sin tendencia"
620747562,"pop_density",9,0,0,NA,NA,NA,0,NA,"sin tendencia"
620747562,"population",9,0,0,NA,NA,NA,0,NA,"sin tendencia"
620748893,"pop_density",9,0.699558045533397,0.0108305118095148,4.23638428406656e-06,1,0.000263260802703515,0.0538374031154656,7.69591650888896,"aumento"
620748893,"population",9,0.847750624020895,0.0131248195966085,4.23638428406611e-06,1,0.000263260802703515,0.0652421802282325,7.69591650888888,"aumento"
620748916,"pop_density",9,0.0748952204244142,0.0020934390651509,3.27605164207673e-07,1,0.000263260802703515,0.0106452626215311,14.2135406788402,"aumento"
620748916,"population",9,1.22473177644941,0.0342331771055857,3.27605164207642e-07,1,0.000263260802703515,0.17407774925232,14.2135406788402,"aumento"
620748923,"pop_density",9,2.26881173743608,0.0506463735515019,2.54285910408235e-08,1,0.000263260802703515,0.255864536224844,11.2774688178398,"aumento"
620748923,"population",9,27.1229368845622,0.605461603800456,2.54285910408212e-08,1,0.000263260802703515,3.05878074963887,11.2774688178398,"aumento"
620748926,"pop_density",9,0,0,NA,NA,NA,0,NA,"sin tendencia"
620748926,"population",9,0,0,NA,NA,NA,0,NA,"sin tendencia"
620748938,"pop_density",9,0,0,NA,NA,NA,0,NA,"sin tendencia"
620748938,"population",9,0,0,NA,NA,NA,0,NA,"sin tendencia"
620750269,"pop_density",9,27.1103541324789,0.320730678159258,1.98665329182559e-10,1,0.000263260802703515,1.62835514573187,6.00639570318655,"aumento"
620750269,"population",9,208.311063978407,2.46443659464519,1.98665329182422e-10,1,0.000263260802703515,12.5119867960611,6.0063957031865,"aumento"
620750302,"pop_density",9,50.6773992007713,0.530212890662191,2.16265321675746e-08,1,0.000263260802703515,2.67962160371672,5.28760679509364,"aumento"
620750302,"population",9,3501.51955837674,36.6346899414062,2.16265321675718e-08,1,0.000263260802703515,185.146586100261,5.28760679509363,"aumento"
620750311,"pop_density",9,13.3272776082535,0.295456826994367,6.05589490863881e-09,1,0.000263260802703515,1.49793473158762,11.2396152884213,"aumento"
620750311,"population",9,193.72740427653,4.29480692545572,6.05589490864006e-09,1,0.000263260802703515,21.7742149489266,11.2396152884213,"aumento"
620750314,"pop_density",9,1.9644498656823,0.027483717633403,1.8480770078194e-06,1,0.000263260802703515,0.13720427610995,6.98436129660633,"aumento"
620750314,"population",9,75.8866911994086,1.06169591267904,1.84807700781965e-06,1,0.000263260802703515,5.30020068940661,6.98436129660627,"aumento"
620751663,"pop_density",9,119.105991456936,1.23347871618833,3.0063617296184e-09,1,0.000263260802703515,6.2767015453669,5.26984534412468,"aumento"
620751663,"population",9,1625.19547526042,16.8307572428386,3.00636172962053e-09,1,0.000263260802703515,85.645288085939,5.26984534412487,"aumento"
620751665,"pop_density",9,63.0354381581876,0.676194260562948,4.57363116705677e-09,1,0.000263260802703515,3.43453066155043,5.44857109255189,"aumento"
620751665,"population",9,648.287811279297,6.95431823730469,4.57363116705744e-09,1,0.000263260802703515,35.3224222819011,5.44857109255189,"aumento"
620751682,"pop_density",9,0,0,NA,NA,NA,0,NA,"sin tendencia"
620751682,"population",9,0,0,NA,NA,NA,0,NA,"sin tendencia"
620751687,"pop_density",9,0.24780929120099,0.00481991928177018,7.47394415537768e-06,0.944444444444444,0.000580666545949214,0.0244229088647598,9.85552589509292,"aumento"
620751687,"population",9,1.4684515926573,0.0285615527629853,7.47394415537747e-06,0.944444444444444,0.000580666545949214,0.144723626971245,9.85552589509295,"aumento"
620751690,"pop_density",9,0.796041552068415,0.0102726993204997,1.05085909991209e-06,1,0.000263260802703515,0.050773202044231,6.37821002085922,"aumento"
620751690,"population",9,6.91798082987467,0.0892746575673422,1.05085909991208e-06,1,0.000263260802703515,0.441243346532186,6.37821002085922,"aumento"
620751691,"pop_density",9,0,0,NA,NA,NA,0,NA,"sin tendencia"
620751691,"population",9,0,0,NA,NA,NA,0,NA,"sin tendencia"
620753011,"pop_density",9,60.849778603584,0.75983969505633,8.84979410438377e-10,1,0.000263260802703515,3.75878962953331,6.17716237559477,"aumento"
620753011,"population",9,273.351735432943,3.41338134765625,8.84979410438188e-10,1,0.000263260802703515,16.8853805541992,6.17716237559481,"aumento"
620753039,"pop_density",9,2.70928485608074,0.0765348705963533,3.06430759072964e-07,1,0.000263260802703515,0.39110374389637,14.4356819113566,"aumento"
620753039,"population",9,207.320156521267,5.85660873413087,3.06430759072963e-07,1,0.000263260802703515,29.9280783335368,14.4356819113566,"aumento"
620753049,"pop_density",9,0,0,NA,NA,NA,0,NA,"sin tendencia"
620753049,"population",9,0,0,NA,NA,NA,0,NA,"sin tendencia"
620753058,"pop_density",9,0,0,NA,NA,NA,0,NA,"sin tendencia"
620753058,"population",9,0,0,NA,NA,NA,0,NA,"sin tendencia"
620753066,"pop_density",9,0,0,NA,NA,NA,0,NA,"sin tendencia"
620753066,"population",9,0,0,NA,NA,NA,0,NA,"sin tendencia"
620753067,"pop_density",9,0,0,NA,NA,NA,0,NA,"sin tendencia"
620753067,"population",9,0,0,NA,NA,NA,0,NA,"sin tendencia"
620754415,"pop_density",9,0,0,NA,NA,NA,0,NA,"sin tendencia"
620754415,"population",9,0,0,NA,NA,NA,0,NA,"sin tendencia"
620754425,"pop_density",9,0.0601115279817314,0.00148770535943338,4.83992090474817e-07,1,0.000263260802703515,0.00750304314768691,12.4818706155119,"aumento"
620754425,"population",9,0.875878201590644,0.0216771847009659,4.83992090474867e-07,1,0.000263260802703515,0.109325983872017,12.4818706155119,"aumento"
620754426,"pop_density",9,9.65663485569825,0.209938509553532,2.3439969216789e-08,1,0.000263260802703515,1.06475474233222,11.0261468745908,"aumento"
620754426,"population",9,160.7265786065,3.49425020853678,2.34399692167882e-08,1,0.000263260802703515,17.7219486236572,11.0261468745907,"aumento"
620754434,"pop_density",9,0,0,NA,NA,NA,0,NA,"sin tendencia"
620754434,"population",9,0,0,NA,NA,NA,0,NA,"sin tendencia"
620754453,"pop_density",9,16.0568335528945,0.437429641037466,1.94899632487901e-07,1,0.000263260802703515,2.21272359316442,13.7805725261787,"aumento"
620754453,"population",9,46.8616481357151,1.27663239796956,1.94899632487903e-07,1,0.000263260802703515,6.45780340830485,13.7805725261786,"aumento"
620754461,"pop_density",9,0,0,NA,NA,NA,0,NA,"sin tendencia"
620754461,"population",9,0,0,NA,NA,NA,0,NA,"sin tendencia"
620755765,"pop_density",9,0,0,NA,NA,NA,0,NA,"sin tendencia"
620755765,"population",9,0,0,NA,NA,NA,0,NA,"sin tendencia"
620755801,"pop_density",9,0,0,NA,NA,NA,0,NA,"sin tendencia"
620755801,"population",9,0,0,NA,NA,NA,0,NA,"sin tendencia"
620755802,"pop_density",9,0,0,NA,NA,NA,0,NA,"sin tendencia"
620755802,"population",9,0,0,NA,NA,NA,0,NA,"sin tendencia"
620755828,"pop_density",9,0,0,NA,NA,NA,0,NA,"sin tendencia"
620755828,"population",9,0,0,NA,NA,NA,0,NA,"sin tendencia"
620757141,"pop_density",9,0.143608242951697,0.00249340914075825,6.9287171909191e-05,0.888888888888889,0.00122938491894486,0.0124882923997169,8.69608327700059,"aumento"
620757141,"population",9,2.48944765991635,0.043223226070404,6.92871719091928e-05,0.888888888888889,0.00122938491894486,0.21648444164367,8.69608327700066,"aumento"
620757171,"pop_density",9,0,0,NA,NA,NA,0,NA,"sin tendencia"
620757171,"population",9,0,0,NA,NA,NA,0,NA,"sin tendencia"
620757176,"pop_density",9,0,0,NA,NA,NA,0,NA,"sin tendencia"
620757176,"population",9,0,0,NA,NA,NA,0,NA,"sin tendencia"
620757180,"pop_density",9,0,0,NA,NA,NA,0,NA,"sin tendencia"
620757180,"population",9,0,0,NA,NA,NA,0,NA,"sin tendencia"
620758514,"pop_density",9,45.6091487545859,0.42055061706811,3.34423736845225e-07,1,0.000263260802703515,2.19156963765546,4.80510971482471,"aumento"
620758514,"population",9,456.811726888021,4.21214731852214,3.34423736845257e-07,1,0.000263260802703515,21.9503046671548,4.80510971482471,"aumento"
620758552,"pop_density",9,0,0,NA,NA,NA,0,NA,"sin tendencia"
620758552,"population",9,0,0,NA,NA,NA,0,NA,"sin tendencia"
620758561,"pop_density",9,22.443714413703,0.304069180087578,1.27342385368957e-08,1,0.000263260802703515,1.51751814740197,6.76143939202618,"aumento"
620758561,"population",9,154.70959048801,2.0960175069173,1.27342385369011e-08,1,0.000263260802703515,10.4605951944986,6.76143939202613,"aumento"
620759880,"pop_density",9,21.3585293751192,0.25733948819206,1.52240881682672e-09,1,0.000263260802703515,1.29746613345327,6.07469789078596,"aumento"
620759880,"population",9,187.369874742296,2.25753687540691,1.52240881682747e-09,1,0.000263260802703515,11.3821538289385,6.07469789078592,"aumento"
620759890,"pop_density",9,121.138842385288,1.47529277632261,4.50201301800479e-10,1,0.000263260802703515,7.23438124897515,5.97197488974336,"aumento"
620759890,"population",9,1539.54051378038,18.749337158203,4.50201301800971e-10,1,0.000263260802703515,91.9409729003905,5.97197488974337,"aumento"
620759925,"pop_density",9,0,0,NA,NA,NA,0,NA,"sin tendencia"
620759925,"population",9,0,0,NA,NA,NA,0,NA,"sin tendencia"
620759935,"pop_density",9,12.732081553845,0.133321717031705,4.56537716630266e-08,1,0.000263260802703515,0.675260196489524,5.30361193206151,"aumento"
620759935,"population",9,629.117418077257,6.58769063313803,4.56537716629865e-08,1,0.000263260802703515,33.3659464518228,5.30361193206153,"aumento"
620759937,"pop_density",9,13.8718699232057,0.159240339868487,4.00641822296721e-08,1,0.000263260802703515,0.802678005958591,5.78637206376786,"aumento"
620759937,"population",9,368.884568956163,4.23456278483073,4.00641822296503e-08,1,0.000263260802703515,21.3450336456299,5.78637206376785,"aumento"
620759959,"pop_density",9,0,0,NA,NA,NA,0,NA,"sin tendencia"
620759959,"population",9,0,0,NA,NA,NA,0,NA,"sin tendencia"
620761279,"pop_density",9,34.6966614825833,0.474645193950724,2.17412372159342e-08,1,0.000263260802703515,2.38651903587457,6.87823823359068,"aumento"
620761279,"population",9,120.235920376248,1.64480959574381,2.17412372159239e-08,1,0.000263260802703515,8.27011304582868,6.87823823359064,"aumento"
620761297,"pop_density",9,0,0,NA,NA,NA,0,NA,"sin tendencia"
620761297,"population",9,0,0,NA,NA,NA,0,NA,"sin tendencia"
620761324,"pop_density",9,0,0,NA,NA,NA,0,NA,"sin tendencia"
620761324,"population",9,0,0,NA,NA,NA,0,NA,"sin tendencia"
620761325,"pop_density",9,0,0,NA,NA,NA,0,NA,"sin tendencia"
620761325,"population",9,0,0,NA,NA,NA,0,NA,"sin tendencia"
620761330,"pop_density",9,0,0,NA,NA,NA,0,NA,"sin tendencia"
620761330,"population",9,0,0,NA,NA,NA,0,NA,"sin tendencia"
620762655,"pop_density",9,28.2299242249758,0.458853992714796,1.05385533592037e-07,1,0.000263260802703515,2.27675216502665,8.06503108857922,"aumento"
620762655,"population",9,185.181888156467,3.00997792561848,1.05385533592022e-07,1,0.000263260802703515,14.9349768502372,8.0650310885793,"aumento"
620762666,"pop_density",9,148.78987860859,1.60426500494204,0.00285138134623813,0.666666666666667,0.0164886567276701,7.773101860111,5.22421412854239,"aumento"
620762666,"population",9,523.78621758355,5.64750712076823,0.00285138134623798,0.666666666666667,0.0164886567276701,27.3637135823569,5.22421412854225,"aumento"
620764003,"pop_density",9,112.588054957567,1.15110998873048,9.69559094414927e-07,1,0.000263260802703515,5.76624471276225,5.12154216975814,"aumento"
620764003,"population",9,42.8899103800456,0.438510144551596,9.69559094414599e-07,1,0.000263260802703515,2.1966248466855,5.12154216975812,"aumento"
620764031,"pop_density",9,81.5244167079771,1.07516710730714,3.60518271136163e-09,1,0.000263260802703515,5.46035557774683,6.69781618592377,"aumento"
620764031,"population",9,686.258958604601,9.05057759602864,3.60518271136165e-09,1,0.000263260802703515,45.9643636067708,6.69781618592377,"aumento"
620764082,"pop_density",9,0,0,NA,NA,NA,0,NA,"sin tendencia"
620764082,"population",9,0,0,NA,NA,NA,0,NA,"sin tendencia"
620764091,"pop_density",9,0,0,NA,NA,NA,0,NA,"sin tendencia"
620764091,"population",9,0,0,NA,NA,NA,0,NA,"sin tendencia"
620764092,"pop_density",9,5.15848215542375,0.117227614907109,3.0311113033032e-09,1,0.000263260802703515,0.587477618295544,11.3885751776394,"aumento"
620764092,"population",9,165.02259657118,3.75017395019531,3.03111130330363e-09,1,0.000263260802703515,18.7937224706013,11.3885751776393,"aumento"
620764104,"pop_density",9,0,0,NA,NA,NA,0,NA,"sin tendencia"
620764104,"population",9,0,0,NA,NA,NA,0,NA,"sin tendencia"
620765420,"pop_density",9,0,0,NA,NA,NA,0,NA,"sin tendencia"
620765420,"population",9,0,0,NA,NA,NA,0,NA,"sin tendencia"
620765468,"pop_density",9,0,0,NA,NA,NA,0,NA,"sin tendencia"
620765468,"population",9,0,0,NA,NA,NA,0,NA,"sin tendencia"
620765476,"pop_density",9,14.6790744032419,0.327844311751732,1.6195466695952e-08,1,0.000263260802703515,1.64927097331536,11.2355243117448,"aumento"
620765476,"population",9,66.2362026638455,1.4793277613322,1.61954666959475e-08,1,0.000263260802703515,7.44198465347291,11.2355243117448,"aumento"
620765481,"pop_density",9,0,0,NA,NA,NA,0,NA,"sin tendencia"
620765481,"population",9,0,0,NA,NA,NA,0,NA,"sin tendencia"
620766787,"pop_density",9,559.362488154891,6.94604550251415,7.1736696066795e-09,1,0.000263260802703515,34.996941244116,6.25657636777837,"aumento"
620766787,"population",9,434.94874742296,5.40110188802084,7.17366960667958e-09,1,0.000263260802703515,27.2129005432129,6.25657636777835,"aumento"
620766796,"pop_density",9,0,0,NA,NA,NA,0,NA,"sin tendencia"
620766796,"population",9,0,0,NA,NA,NA,0,NA,"sin tendencia"
620766802,"pop_density",9,0,0,NA,NA,NA,0,NA,"sin tendencia"
620766802,"population",9,0,0,NA,NA,NA,0,NA,"sin tendencia"
620766809,"pop_density",9,0,0,NA,NA,NA,0,NA,"sin tendencia"
620766809,"population",9,0,0,NA,NA,NA,0,NA,"sin tendencia"
620766811,"pop_density",9,0,0,NA,NA,NA,0,NA,"sin tendencia"
620766811,"population",9,0,0,NA,NA,NA,0,NA,"sin tendencia"
620768163,"pop_density",9,367.219656075357,3.97542186525942,8.00956531918957e-09,1,0.000263260802703515,19.760131236298,5.38101131281575,"aumento"
620768163,"population",9,9678.7171766493,104.779205729167,8.00956531918991e-09,1,0.000263260802703515,520.812866210938,5.38101131281572,"aumento"
620768172,"pop_density",9,0,0,NA,NA,NA,0,NA,"sin tendencia"
620768172,"population",9,0,0,NA,NA,NA,0,NA,"sin tendencia"
620768178,"pop_density",9,0,0,NA,NA,NA,0,NA,"sin tendencia"
620768178,"population",9,0,0,NA,NA,NA,0,NA,"sin tendencia"
620768187,"pop_density",9,0,0,NA,NA,NA,0,NA,"sin tendencia"
620768187,"population",9,0,0,NA,NA,NA,0,NA,"sin tendencia"
620768198,"pop_density",9,23.6160680594563,0.505948217449473,2.48954845839304e-09,1,0.000263260802703515,2.53063516251965,10.7157345420435,"aumento"
620768198,"population",9,481.084632025825,10.3067077636719,2.48954845839273e-09,1,0.000263260802703515,51.5517520904542,10.7157345420435,"aumento"
620768205,"pop_density",9,13.2533170585669,0.262596333561927,2.48745617394787e-08,1,0.000263260802703515,1.31945004317403,9.95562120292852,"aumento"
620768205,"population",9,351.540681627062,6.9652973429362,2.4874561739472e-08,1,0.000263260802703515,34.9980586369832,9.95562120292854,"aumento"
620768212,"pop_density",9,0,0,NA,NA,NA,0,NA,"sin tendencia"
620768212,"population",9,0,0,NA,NA,NA,0,NA,"sin tendencia"
620768224,"pop_density",9,3.45392836749019,0.0795225121979037,9.43339260425597e-09,1,0.000263260802703515,0.400304097656629,11.589820490328,"aumento"
620768224,"population",9,186.897108289931,4.30307927449543,9.43339260425489e-09,1,0.000263260802703515,21.6610393524169,11.589820490328,"aumento"
620769540,"pop_density",9,524.512748849875,5.04580179255805,4.82932945632747e-08,1,0.000263260802703515,24.4878373785826,4.66868296953284,"aumento"
620769540,"population",9,520.008531358507,5.00247131347658,4.8293294563267e-08,1,0.000263260802703515,24.2775497436525,4.66868296953285,"aumento"
620769549,"pop_density",9,113.984585983775,1.16906177022939,5.72735968385251e-06,1,0.000263260802703515,5.43740118477358,4.77029515687986,"aumento"
620769549,"population",9,15.0812411838108,0.154677953720093,5.72735968385356e-06,1,0.000263260802703515,0.719419717788687,4.77029515687981,"aumento"
620769554,"pop_density",9,0,0,NA,NA,NA,0,NA,"sin tendencia"
620769554,"population",9,0,0,NA,NA,NA,0,NA,"sin tendencia"
620769565,"pop_density",9,0,0,NA,NA,NA,0,NA,"sin tendencia"
620769565,"population",9,0,0,NA,NA,NA,0,NA,"sin tendencia"
620769571,"pop_density",9,0,0,NA,NA,NA,0,NA,"sin tendencia"
620769571,"population",9,0,0,NA,NA,NA,0,NA,"sin tendencia"
620769574,"pop_density",9,18.4261209017393,0.407770645831289,5.66531370020399e-09,1,0.000263260802703515,2.06144110672279,11.187602196446,"aumento"
620769574,"population",9,741.181769476997,16.4023763020834,5.66531370020449e-09,1,0.000263260802703515,82.9204679216658,11.187602196446,"aumento"
620770877,"pop_density",9,0.711184516280458,0.0124879881118478,1.1960236162371e-07,1,0.000263260802703515,0.0624221648186709,8.77721089108393,"aumento"
620770877,"population",9,8.91657161712646,0.156569832166035,1.19602361623704e-07,1,0.000263260802703515,0.782626295089721,8.77721089108392,"aumento"
620770916,"pop_density",9,434.480150990726,6.77526243712959,2.63247564781289e-07,1,0.000263260802703515,33.721802931867,7.76141392304635,"aumento"
620770916,"population",9,6429.84966362847,100.266764322917,2.63247564781303e-07,1,0.000263260802703515,499.04724702381,7.76141392304636,"aumento"
620770925,"pop_density",9,93.3992339026758,0.983553994575798,3.53993235772964e-10,1,0.000263260802703515,5.01209861600131,5.36631662442118,"aumento"
620770925,"population",9,2516.50708007813,26.5004378255208,3.53993235773285e-10,1,0.000263260802703515,135.043737792969,5.36631662442122,"aumento"
620770941,"pop_density",9,0,0,NA,NA,NA,0,NA,"sin tendencia"
620770941,"population",9,0,0,NA,NA,NA,0,NA,"sin tendencia"
620770947,"pop_density",9,0,0,NA,NA,NA,0,NA,"sin tendencia"
620770947,"population",9,0,0,NA,NA,NA,0,NA,"sin tendencia"
620770957,"pop_density",9,0,0,NA,NA,NA,0,NA,"sin tendencia"
620770957,"population",9,0,0,NA,NA,NA,0,NA,"sin tendencia"
620772301,"pop_density",9,0,0,NA,NA,NA,0,NA,"sin tendencia"
620772301,"population",9,0,0,NA,NA,NA,0,NA,"sin tendencia"
620772317,"pop_density",9,0,0,NA,NA,NA,0,NA,"sin tendencia"
620772317,"population",9,0,0,NA,NA,NA,0,NA,"sin tendencia"
620773686,"pop_density",9,0,0,NA,NA,NA,0,NA,"sin tendencia"
620773686,"population",9,0,0,NA,NA,NA,0,NA,"sin tendencia"
620773693,"pop_density",9,0,0,NA,NA,NA,0,NA,"sin tendencia"
620773693,"population",9,0,0,NA,NA,NA,0,NA,"sin tendencia"
620775055,"pop_density",9,83.7915694962639,0.646657339733363,2.81096909732191e-06,1,0.000263260802703515,2.92312793104771,3.48857044762486,"aumento"
620775055,"population",9,2046.64533148872,15.7948852539064,2.81096909732185e-06,1,0.000263260802703515,71.3986642020093,3.48857044762486,"aumento"
620775062,"pop_density",9,0,0,NA,NA,NA,0,NA,"sin tendencia"
620775062,"population",9,0,0,NA,NA,NA,0,NA,"sin tendencia"
620775069,"pop_density",9,0,0,NA,NA,NA,0,NA,"sin tendencia"
620775069,"population",9,0,0,NA,NA,NA,0,NA,"sin tendencia"
620775083,"pop_density",9,0,0,NA,NA,NA,0,NA,"sin tendencia"
620775083,"population",9,0,0,NA,NA,NA,0,NA,"sin tendencia"
620775101,"pop_density",9,0,0,NA,NA,NA,0,NA,"sin tendencia"
620775101,"population",9,0,0,NA,NA,NA,0,NA,"sin tendencia"
620776414,"pop_density",9,1150.31732441479,5.89714405885104,0.0042172437004416,0.944444444444444,0.000580666545949214,19.3478039952006,1.68195363005973,"aumento"
620776414,"population",9,8905.7994249132,45.6559082031249,0.00421724370044138,0.944444444444444,0.000580666545949214,149.79141671317,1.68195363005977,"aumento"
620776451,"pop_density",9,56.0986153021611,0.582025980772314,1.32251533589172e-05,1,0.000263260802703515,2.82739882034579,5.04005099790203,"aumento"
620776451,"population",9,612.913923475478,6.35901306152345,1.32251533589187e-05,1,0.000263260802703515,30.8911743164061,5.040050997902,"aumento"
620777808,"pop_density",9,0,0,NA,NA,NA,0,NA,"sin tendencia"
620777808,"population",9,0,0,NA,NA,NA,0,NA,"sin tendencia"
620777823,"pop_density",9,0.354206843401572,0.00375418734865385,0.00102686080254185,0.833333333333333,0.00249902885761126,0.0188598978083784,5.32454359923153,"aumento"
620777823,"population",9,3.30696203973558,0.0350500146547953,0.00102686080254182,0.833333333333333,0.00249902885761126,0.176080635615757,5.32454359923152,"aumento"
620777827,"pop_density",9,88.1767139714676,0.948486379047148,3.49976026910257e-06,1,0.000263260802703515,4.80863049780717,5.45340178968696,"aumento"
620777827,"population",9,843.200941297743,9.0700205485026,3.49976026910089e-06,1,0.000263260802703515,45.9831352233887,5.45340178968699,"aumento"
620777831,"pop_density",9,0,0,NA,NA,NA,0,NA,"sin tendencia"
620777831,"population",9,0,0,NA,NA,NA,0,NA,"sin tendencia"
620777833,"pop_density",9,0,0,NA,NA,NA,0,NA,"sin tendencia"
620777833,"population",9,0,0,NA,NA,NA,0,NA,"sin tendencia"
620779173,"pop_density",9,79.3652635766937,0.813888960312235,7.6544765536375e-10,1,0.000263260802703515,4.09296020990624,5.15711789446911,"aumento"
620779173,"population",9,2559.45445421007,26.2471468098958,7.65447655363486e-10,1,0.000263260802703515,131.994083658853,5.15711789446908,"aumento"
620779199,"pop_density",9,0,0,NA,NA,NA,0,NA,"sin tendencia"
620779199,"population",9,0,0,NA,NA,NA,0,NA,"sin tendencia"
620779203,"pop_density",9,282.189984356118,2.79407398393487,1.56476832388309e-09,1,0.000263260802703515,14.3983243972442,5.10235132196391,"aumento"
620779203,"population",9,6720.80788845486,66.545361328125,1.56476832388336e-09,1,0.000263260802703515,342.919230143229,5.10235132196388,"aumento"
620780549,"pop_density",9,213.428225291888,2.32011324078848,5.55983138312488e-08,1,0.000263260802703515,11.1733673494192,5.23518730202543,"aumento"
620780549,"population",9,3706.89792209201,40.2965584309896,5.55983138312391e-08,1,0.000263260802703515,194.063049316404,5.23518730202539,"aumento"
620780563,"pop_density",9,164.055447064387,1.31663166039785,1.2298715943636e-05,1,0.000263260802703515,6.35696259237887,3.87488663505574,"aumento"
620780563,"population",9,195.041185167101,1.56530858357748,1.22987159436357e-05,1,0.000263260802703515,7.55762481689475,3.87488663505597,"aumento"
620780579,"pop_density",9,7.01226672400712,0.149420202278675,6.46390753438809e-09,1,0.000263260802703515,0.750959465723002,10.7092256367264,"aumento"
620780579,"population",9,118.10087246365,2.51654093424479,6.46390753438508e-09,1,0.000263260802703515,12.6476889110746,10.7092256367263,"aumento"
620781943,"pop_density",9,0,0,NA,NA,NA,0,NA,"sin tendencia"
620781943,"population",9,0,0,NA,NA,NA,0,NA,"sin tendencia"
620781948,"pop_density",9,0,0,NA,NA,NA,0,NA,"sin tendencia"
620781948,"population",9,0,0,NA,NA,NA,0,NA,"sin tendencia"
620781949,"pop_density",9,0,0,NA,NA,NA,0,NA,"sin tendencia"
620781949,"population",9,0,0,NA,NA,NA,0,NA,"sin tendencia"
620781956,"pop_density",9,10.3483515888986,0.108487937046952,6.56451265330355e-06,1,0.000263260802703515,0.576263997249654,5.56865499107948,"aumento"
620781956,"population",9,140.6949089898,1.4749885813395,6.56451265330355e-06,1,0.000263260802703515,7.83481407165526,5.56865499107949,"aumento"
620783324,"pop_density",9,0,0,NA,NA,NA,0,NA,"sin tendencia"
620783324,"population",9,0,0,NA,NA,NA,0,NA,"sin tendencia"
620783328,"pop_density",9,7.05152662723906,0.175874782288145,1.86603474010404e-07,1,0.000263260802703515,0.879752781942739,12.4760612623141,"aumento"
620783328,"population",9,84.6314392089844,2.11082461039225,1.86603474010405e-07,1,0.000263260802703515,10.558670202891,12.4760612623141,"aumento"
620783330,"pop_density",9,0,0,NA,NA,NA,0,NA,"sin tendencia"
620783330,"population",9,0,0,NA,NA,NA,0,NA,"sin tendencia"
620783332,"pop_density",9,10.4264519744959,0.112119435588492,7.5462690190075e-06,1,0.000263260802703515,0.599163837758607,5.74657457037368,"aumento"
620783332,"population",9,61.5947418212891,0.662350692749025,7.54626901901015e-06,1,0.000263260802703515,3.53958777018956,5.74657457037374,"aumento"
620783337,"pop_density",9,0,0,NA,NA,NA,0,NA,"sin tendencia"
620783337,"population",9,0,0,NA,NA,NA,0,NA,"sin tendencia"
620784700,"pop_density",9,0,0,NA,NA,NA,0,NA,"sin tendencia"
620784700,"population",9,0,0,NA,NA,NA,0,NA,"sin tendencia"
620784704,"pop_density",9,13.0359149399029,0.313259779203662,1.39649285672608e-07,1,0.000263260802703515,1.57138988621039,12.0543122094206,"aumento"
620784704,"population",9,157.50304667155,3.78487968444825,1.39649285672591e-07,1,0.000263260802703515,18.985908985138,12.0543122094206,"aumento"
620784706,"pop_density",9,0,0,NA,NA,NA,0,NA,"sin tendencia"
620784706,"population",9,0,0,NA,NA,NA,0,NA,"sin tendencia"
620784713,"pop_density",9,0,0,NA,NA,NA,0,NA,"sin tendencia"
620784713,"population",9,0,0,NA,NA,NA,0,NA,"sin tendencia"
620786046,"pop_density",9,0,0,NA,NA,NA,0,NA,"sin tendencia"
620786046,"population",9,0,0,NA,NA,NA,0,NA,"sin tendencia"
620787438,"pop_density",9,0,0,NA,NA,NA,0,NA,"sin tendencia"
620787438,"population",9,0,0,NA,NA,NA,0,NA,"sin tendencia"
620787491,"pop_density",9,0,0,NA,NA,NA,0,NA,"sin tendencia"
620787491,"population",9,0,0,NA,NA,NA,0,NA,"sin tendencia"
620788814,"pop_density",9,0,0,NA,NA,NA,0,NA,"sin tendencia"
620788814,"population",9,0,0,NA,NA,NA,0,NA,"sin tendencia"
620788821,"pop_density",9,0,0,NA,NA,NA,0,NA,"sin tendencia"
620788821,"population",9,0,0,NA,NA,NA,0,NA,"sin tendencia"
620788833,"pop_density",9,0,0,NA,NA,NA,0,NA,"sin tendencia"
620788833,"population",9,0,0,NA,NA,NA,0,NA,"sin tendencia"
620788871,"pop_density",9,0,0,NA,NA,NA,0,NA,"sin tendencia"
620788871,"population",9,0,0,NA,NA,NA,0,NA,"sin tendencia"
620790209,"pop_density",9,0,0,NA,NA,NA,0,NA,"sin tendencia"
620790209,"population",9,0,0,NA,NA,NA,0,NA,"sin tendencia"
620790225,"pop_density",9,0,0,NA,NA,NA,0,NA,"sin tendencia"
620790225,"population",9,0,0,NA,NA,NA,0,NA,"sin tendencia"
620790247,"pop_density",9,0,0,NA,NA,NA,0,NA,"sin tendencia"
620790247,"population",9,0,0,NA,NA,NA,0,NA,"sin tendencia"
620791525,"pop_density",9,161.896138118618,2.10411329084888,8.41959181900505e-08,1,0.000263260802703515,10.7471324377316,6.63828832646857,"aumento"
620791525,"population",9,3214.37896050347,41.7762744140625,8.41959181900448e-08,1,0.000263260802703515,213.379743303576,6.63828832646897,"aumento"
620791553,"pop_density",9,3.0712282818323,0.0377653650479285,4.37660793265386e-10,1,0.000263260802703515,0.193448105429825,6.298721152516,"aumento"
620791553,"population",9,49.6408276028103,0.610408541361492,4.3766079326549e-10,1,0.000263260802703515,3.12673730850221,6.29872115251598,"aumento"
620791557,"pop_density",9,49.9143114035916,0.282716412734452,0.00486462028338243,0.944444444444444,0.000580666545949214,0.976992389357459,1.95733921170985,"aumento"
620791557,"population",9,47.9975111219618,0.271859588623047,0.00486462028338223,0.944444444444444,0.000580666545949214,0.93947410583496,1.95733921170986,"aumento"
620791565,"pop_density",9,0,0,NA,NA,NA,0,NA,"sin tendencia"
620791565,"population",9,0,0,NA,NA,NA,0,NA,"sin tendencia"
620791571,"pop_density",9,0,0,NA,NA,NA,0,NA,"sin tendencia"
620791571,"population",9,0,0,NA,NA,NA,0,NA,"sin tendencia"
620791585,"pop_density",9,0,0,NA,NA,NA,0,NA,"sin tendencia"
620791585,"population",9,0,0,NA,NA,NA,0,NA,"sin tendencia"
620791601,"pop_density",9,0,0,NA,NA,NA,0,NA,"sin tendencia"
620791601,"population",9,0,0,NA,NA,NA,0,NA,"sin tendencia"
620791607,"pop_density",9,10.6809431609055,0.303056129415186,1.54660173574792e-07,1,0.000263260802703515,1.52864958426325,14.3119344540511,"aumento"
620791607,"population",9,100.983084784614,2.86524723052979,1.54660173574756e-07,1,0.000263260802703515,14.4526329040527,14.3119344540511,"aumento"
620792925,"pop_density",9,0,0,NA,NA,NA,0,NA,"sin tendencia"
620792925,"population",9,0,0,NA,NA,NA,0,NA,"sin tendencia"
620792929,"pop_density",9,10.6627013946066,0.137389403551587,2.10425055763016e-09,1,0.000263260802703515,0.684890835573939,6.42323938584993,"aumento"
620792929,"population",9,21.0898208618164,0.271743323008219,2.10425055762913e-09,1,0.000263260802703515,1.35464968000139,6.42323938584993,"aumento"
620792941,"pop_density",9,0,0,NA,NA,NA,0,NA,"sin tendencia"
620792941,"population",9,0,0,NA,NA,NA,0,NA,"sin tendencia"
620792945,"pop_density",9,31.7980137157726,0.343262176994236,2.55497530593579e-09,1,0.000263260802703515,1.71987538003622,5.40875098491802,"aumento"
620792945,"population",9,225.107369316949,2.43005259195963,2.55497530593483e-09,1,0.000263260802703515,12.1754970550534,5.40875098491795,"aumento"
620792977,"pop_density",9,0,0,NA,NA,NA,0,NA,"sin tendencia"
620792977,"population",9,0,0,NA,NA,NA,0,NA,"sin tendencia"
620794301,"pop_density",9,0,0,NA,NA,NA,0,NA,"sin tendencia"
620794301,"population",9,0,0,NA,NA,NA,0,NA,"sin tendencia"
620794320,"pop_density",9,20.019552337212,0.102995389749199,0.00331226017385768,0.777777777777778,0.00487856447503363,0.42109437280455,2.10341552953622,"aumento"
620794320,"population",9,193.595152113173,0.995996704101561,0.0033122601738576,0.777777777777778,0.00487856447503363,4.07211049397775,2.10341552953622,"aumento"
620794321,"pop_density",9,139.63717246517,1.24766029919701,1.72137560487559e-07,1,0.000263260802703515,6.06862894288887,4.34599815776318,"aumento"
620794321,"population",9,3136.75520833333,28.0269563802084,1.72137560487534e-07,1,0.000263260802703515,136.323323567708,4.34599815776322,"aumento"
620795704,"pop_density",9,0.0803706357599115,0.00222410064097841,5.09036481296581e-07,1,0.000263260802703515,0.0110780569413396,13.783711969671,"aumento"
620795704,"population",9,1.56435370445251,0.0432904386520386,5.09036481296583e-07,1,0.000263260802703515,0.215626008808613,13.783711969671,"aumento"
620795749,"pop_density",9,0,0,NA,NA,NA,0,NA,"sin tendencia"
620795749,"population",9,0,0,NA,NA,NA,0,NA,"sin tendencia"
620797053,"pop_density",9,0,0,NA,NA,NA,0,NA,"sin tendencia"
620797053,"population",9,0,0,NA,NA,NA,0,NA,"sin tendencia"
620797085,"pop_density",9,1.83304681468185,0.0410141576855082,2.03452028759596e-07,1,0.000263260802703515,0.209195880561055,11.4124679678387,"aumento"
620797085,"population",9,27.2705023023817,0.610173549652099,2.03452028759609e-07,1,0.000263260802703515,3.11223733992803,11.4124679678387,"aumento"
620798409,"pop_density",9,9.39552740016004,0.10444270470417,2.71478085228531e-06,1,0.000263260802703515,0.497485781831279,5.29492130290425,"aumento"
620798409,"population",9,87.0159547593858,0.967288080851237,2.71478085228559e-06,1,0.000263260802703515,4.60742632548013,5.29492130290412,"aumento"
620798418,"pop_density",9,0,0,NA,NA,NA,0,NA,"sin tendencia"
620798418,"population",9,0,0,NA,NA,NA,0,NA,"sin tendencia"
620798429,"pop_density",9,0,0,NA,NA,NA,0,NA,"sin tendencia"
620798429,"population",9,0,0,NA,NA,NA,0,NA,"sin tendencia"
620799785,"pop_density",9,16.8247183149951,0.181840198084543,7.22857277717639e-06,1,0.000263260802703515,0.813566038580035,4.83554032435086,"aumento"
620799785,"population",9,321.423529730903,3.47391957600912,7.22857277717523e-06,1,0.000263260802703515,15.5425643920899,4.83554032435092,"aumento"
620802533,"pop_density",9,0.122239963658938,0.0021091383209213,1.32720568197911e-07,1,0.000263260802703515,0.0104898815738214,8.58138472872028,"aumento"
620802533,"population",9,5.85298580593533,0.100987895329793,1.32720568197908e-07,1,0.000263260802703515,0.502267230124701,8.5813847287203,"aumento"
620802581,"pop_density",9,233.166279663525,2.99786264882108,2.72566652307113e-07,1,0.000263260802703515,14.5942243857122,6.2591487957747,"aumento"
620802581,"population",9,7944.65814887153,102.145961914063,2.7256665230709e-07,1,0.000263260802703515,497.267974853516,6.25914879577479,"aumento"
620802590,"pop_density",9,270.268021710423,2.56886037644725,7.14976074122999e-07,1,0.000263260802703515,11.9870194104682,4.43523408156354,"aumento"
620802590,"population",9,663.681983100044,6.3082059733073,7.14976074123017e-07,1,0.000263260802703515,29.4358495076496,4.43523408156349,"aumento"
620802601,"pop_density",9,0,0,NA,NA,NA,0,NA,"sin tendencia"
620802601,"population",9,0,0,NA,NA,NA,0,NA,"sin tendencia"
620803909,"pop_density",9,0.0811971892816456,0.00155631274004835,1.78915921380884e-06,1,0.000263260802703515,0.00768354163801687,9.46281725512106,"aumento"
620803909,"population",9,0.831656118233999,0.0159404164552689,1.78915921380889e-06,1,0.000263260802703515,0.0786980986595116,9.46281725512042,"aumento"
620803957,"pop_density",9,183.930051713413,1.76945143390209,1.05151887968479e-08,1,0.000263260802703515,8.86529635684683,4.81992815978766,"aumento"
620803957,"population",9,2100.94137912326,20.2115625000001,1.05151887968388e-08,1,0.000263260802703515,101.263865152995,4.81992815978773,"aumento"
620803958,"pop_density",9,8.5474498547339,0.245295286801221,9.24453019914114e-08,1,0.000263260802703515,1.22906166797827,14.3792790699739,"aumento"
620803958,"population",9,469.298599243164,13.4679625447591,9.24453019914095e-08,1,0.000263260802703515,67.4817552566529,14.3792790699739,"aumento"
620803959,"pop_density",9,0,0,NA,NA,NA,0,NA,"sin tendencia"
620803959,"population",9,0,0,NA,NA,NA,0,NA,"sin tendencia"
620803966,"pop_density",9,0,0,NA,NA,NA,0,NA,"sin tendencia"
620803966,"population",9,0,0,NA,NA,NA,0,NA,"sin tendencia"
620805285,"pop_density",9,0.226981705224304,0.00337119938234462,5.40505396766513e-07,1,0.000263260802703515,0.0169132905849519,7.45138933917081,"aumento"
620805285,"population",9,1.77251618438297,0.0263259343306222,5.40505396766459e-07,1,0.000263260802703515,0.132077081998188,7.45138933917072,"aumento"
620805333,"pop_density",9,0,0,NA,NA,NA,0,NA,"sin tendencia"
620805333,"population",9,0,0,NA,NA,NA,0,NA,"sin tendencia"
620805335,"pop_density",9,0,0,NA,NA,NA,0,NA,"sin tendencia"
620805335,"population",9,0,0,NA,NA,NA,0,NA,"sin tendencia"
620805348,"pop_density",9,0,0,NA,NA,NA,0,NA,"sin tendencia"
620805348,"population",9,0,0,NA,NA,NA,0,NA,"sin tendencia"
620805352,"pop_density",9,0,0,NA,NA,NA,0,NA,"sin tendencia"
620805352,"population",9,0,0,NA,NA,NA,0,NA,"sin tendencia"
620805356,"pop_density",9,0,0,NA,NA,NA,0,NA,"sin tendencia"
620805356,"population",9,0,0,NA,NA,NA,0,NA,"sin tendencia"
620805358,"pop_density",9,0,0,NA,NA,NA,0,NA,"sin tendencia"
620805358,"population",9,0,0,NA,NA,NA,0,NA,"sin tendencia"
620805386,"pop_density",9,0.0159346956532697,0.00033593276662849,2.10557306634044e-06,0.944444444444444,0.000580666545949214,0.0017112885591881,10.7393865337928,"aumento"
620805386,"population",9,0.0854379290507899,0.00180118908484777,2.10557306634028e-06,0.944444444444444,0.000580666545949214,0.00917550944723187,10.7393865337927,"aumento"
620806661,"pop_density",9,1.66993435943116,0.0232967302411126,3.42656520566177e-07,0.944444444444444,0.000580666545949214,0.11659650189777,6.98210089751598,"aumento"
620806661,"population",9,26.6737374199761,0.372116940816243,3.42656520566168e-07,0.944444444444444,0.000580666545949214,1.86238725980122,6.98210089751604,"aumento"
620806721,"pop_density",9,0,0,NA,NA,NA,0,NA,"sin tendencia"
620806721,"population",9,0,0,NA,NA,NA,0,NA,"sin tendencia"
620806730,"pop_density",9,0,0,NA,NA,NA,0,NA,"sin tendencia"
620806730,"population",9,0,0,NA,NA,NA,0,NA,"sin tendencia"
620806734,"pop_density",9,0.885423611883067,0.0165406911544114,4.7576953039683e-08,1,0.000263260802703515,0.082901298839346,9.36289677920791,"aumento"
620806734,"population",9,12.6555577384101,0.236419798533122,4.75769530396759e-08,1,0.000263260802703515,1.1849268078804,9.36289677920793,"aumento"
620808110,"pop_density",9,0,0,NA,NA,NA,0,NA,"sin tendencia"
620808110,"population",9,0,0,NA,NA,NA,0,NA,"sin tendencia"
620809515,"pop_density",9,5.47793929750559,0.125695095508981,2.67563613070444e-08,1,0.000263260802703515,0.628818402212738,11.4791049710805,"aumento"
620809515,"population",9,101.206197950575,2.32224601745605,2.67563613070425e-08,1,0.000263260802703515,11.6175656999861,11.4791049710805,"aumento"
620810832,"pop_density",9,177.75430063072,3.63307021657351,3.65241905005551e-06,0.944444444444444,0.000580666545949214,18.0154903892884,10.1350517682917,"aumento"
620810832,"population",9,1880.97398546007,38.4446988932291,3.65241905005585e-06,0.944444444444444,0.000580666545949214,190.637687174479,10.1350517682918,"aumento"
620810833,"pop_density",9,659.347276436388,4.22218305367225,0.000532038810353839,0.944444444444444,0.000580666545949214,17.487218332137,2.6522014964028,"aumento"
620810833,"population",9,16697.7107204861,106.925126953125,0.000532038810353834,0.944444444444444,0.000580666545949214,442.85693359375,2.65220149640284,"aumento"
620810865,"pop_density",9,0,0,NA,NA,NA,0,NA,"sin tendencia"
620810865,"population",9,0,0,NA,NA,NA,0,NA,"sin tendencia"
620812201,"pop_density",9,0,0,NA,NA,NA,0,NA,"sin tendencia"
620812201,"population",9,0,0,NA,NA,NA,0,NA,"sin tendencia"
620812208,"pop_density",9,2248.66349361447,61.2230224057091,1.20478740999674e-05,0.944444444444444,0.000580666545949214,304.007402571515,13.5194707182646,"aumento"
620812208,"population",9,142.907877604167,3.89086771647135,1.20478740999682e-05,0.944444444444444,0.000580666545949214,19.3203886667888,13.5194707182646,"aumento"
620812209,"pop_density",9,138.579634215478,1.21785404631333,5.15806230492919e-07,1,0.000263260802703515,5.56916050312959,4.01874383249568,"aumento"
620812209,"population",9,770.141201443142,6.76809102376302,5.1580623049286e-07,1,0.000263260802703515,30.9500020345054,4.01874383249581,"aumento"
620812211,"pop_density",9,0,0,NA,NA,NA,0,NA,"sin tendencia"
620812211,"population",9,0,0,NA,NA,NA,0,NA,"sin tendencia"
620812222,"pop_density",9,2.43478612035587,0.0223281432114353,0.00502360623349431,0.666666666666667,0.0164886567276701,0.12942665966128,5.31573014069765,"aumento"
620812222,"population",9,88.9183832804362,0.815423736572265,0.00502360623349421,0.666666666666667,0.0164886567276701,4.72666130065916,5.3157301406976,"aumento"
620812237,"pop_density",9,0.0373371748526696,0.000320775429453753,0.000939275377676797,0.777777777777778,0.00487856447503363,0.00177976828589406,4.76674599220998,"aumento"
620812237,"population",9,0.360647688309352,0.00309843788544337,0.000939275377676829,0.777777777777778,0.00487856447503363,0.0171911592284838,4.76674599220995,"aumento"
620812242,"pop_density",9,1.07460917845189,0.0157346597995544,2.04534004631018e-07,1,0.000263260802703515,0.0778544008481925,7.24490376681421,"aumento"
620812242,"population",9,14.5443649291992,0.212961734135946,2.04534004631129e-07,1,0.000263260802703515,1.05372524261477,7.24490376681428,"aumento"
620813584,"pop_density",9,288.816298700788,5.37072797309164,1.50491110671627e-06,1,0.000263260802703515,26.4689725454697,9.16463948348407,"aumento"
620813584,"population",9,5721.40199110243,106.393212076823,1.50491110671621e-06,1,0.000263260802703515,524.345865885417,9.16463948348406,"aumento"
620813585,"pop_density",9,1.64125501741986,0.0434875992955042,1.37103964562923e-07,1,0.000263260802703515,0.219525267328067,13.375451407495,"aumento"
620813585,"population",9,16.7411359151205,0.443582382202149,1.37103964562895e-07,1,0.000263260802703515,2.23920249938966,13.3754514074952,"aumento"
620813623,"pop_density",9,0,0,NA,NA,NA,0,NA,"sin tendencia"
620813623,"population",9,0,0,NA,NA,NA,0,NA,"sin tendencia"
620813626,"pop_density",9,0,0,NA,NA,NA,0,NA,"sin tendencia"
620813626,"population",9,0,0,NA,NA,NA,0,NA,"sin tendencia"
620813639,"pop_density",9,0,0,NA,NA,NA,0,NA,"sin tendencia"
620813639,"population",9,0,0,NA,NA,NA,0,NA,"sin tendencia"
620814956,"pop_density",9,13.4614861093779,0.14185961723923,1.24176851647991e-07,1,0.000263260802703515,0.68204533618445,5.06664220163112,"aumento"
620814956,"population",9,488.129011366102,5.14399332682291,1.24176851647998e-07,1,0.000263260802703515,24.7317504882805,5.06664220163129,"aumento"
620814960,"pop_density",9,335.57443751409,2.99081142617786,5.54549088397199e-09,1,0.000263260802703515,14.8641880986351,4.4294756801942,"aumento"
620814960,"population",9,66.3783688015408,0.591598052978515,5.54549088397021e-09,1,0.000263260802703515,2.94021370297386,4.42947568019419,"aumento"
620814970,"pop_density",9,0,0,NA,NA,NA,0,NA,"sin tendencia"
620814970,"population",9,0,0,NA,NA,NA,0,NA,"sin tendencia"
620814975,"pop_density",9,0,0,NA,NA,NA,0,NA,"sin tendencia"
620814975,"population",9,0,0,NA,NA,NA,0,NA,"sin tendencia"
620814977,"pop_density",9,0,0,NA,NA,NA,0,NA,"sin tendencia"
620814977,"population",9,0,0,NA,NA,NA,0,NA,"sin tendencia"
620814984,"pop_density",9,0,0,NA,NA,NA,0,NA,"sin tendencia"
620814984,"population",9,0,0,NA,NA,NA,0,NA,"sin tendencia"
620814988,"pop_density",9,1.36780462078537,0.0416000770545582,6.4116437000453e-07,1,0.000263260802703515,0.210731917868282,15.4065803453188,"aumento"
620814988,"population",9,30.0324237611559,0.913398831685385,6.41164370004505e-07,1,0.000263260802703515,4.62696949640911,15.4065803453189,"aumento"
620816331,"pop_density",9,0.487531216075404,0.010803207136483,3.26571034048352e-09,1,0.000263260802703515,0.0536859139029453,11.0117900419,"aumento"
620816331,"population",9,8.56363418367175,0.189761621157329,3.26571034048325e-09,1,0.000263260802703515,0.943009416262318,11.0117900419001,"aumento"
620816332,"pop_density",9,5.1893066417432,0.0501708044048135,0.005685195055742,0.666666666666667,0.0164886567276701,0.264253758154334,5.09227487211212,"aumento"
620816332,"population",9,15.6547152201335,0.151351559956869,0.00568519505574248,0.666666666666667,0.0164886567276701,0.797181129455571,5.09227487211214,"aumento"
620816336,"pop_density",9,144.147341236255,0.0130796775211239,0.965354469330568,-0.111111111111111,0.754454177494089,-0.621829857380394,-0.431384895515502,"sin tendencia"
620816336,"population",9,72.5563189188639,0.00658363342285241,0.965354469330576,-0.111111111111111,0.754454177494089,-0.312997000558036,-0.431384895515502,"sin tendencia"
620816346,"pop_density",9,0,0,NA,NA,NA,0,NA,"sin tendencia"
620816346,"population",9,0,0,NA,NA,NA,0,NA,"sin tendencia"
620816353,"pop_density",9,0,0,NA,NA,NA,0,NA,"sin tendencia"
620816353,"population",9,0,0,NA,NA,NA,0,NA,"sin tendencia"
620816360,"pop_density",9,0,0,NA,NA,NA,0,NA,"sin tendencia"
620816360,"population",9,0,0,NA,NA,NA,0,NA,"sin tendencia"
620816364,"pop_density",9,0,0,NA,NA,NA,0,NA,"sin tendencia"
620816364,"population",9,0,0,NA,NA,NA,0,NA,"sin tendencia"
620817663,"pop_density",9,18.8539019443593,0.206147264580076,4.71477270759138e-08,1,0.000263260802703515,0.970204927997818,5.1459105434039,"aumento"
620817663,"population",9,311.670801798503,3.4077870686849,4.71477270759235e-08,1,0.000263260802703515,16.0383006504603,5.14591054340379,"aumento"
620817707,"pop_density",9,0.0984156817948009,0.00233986967228876,1.77396118689449e-05,0.944444444444444,0.000580666545949214,0.0111566760324984,11.3362787606962,"aumento"
620817707,"population",9,1.38807743787766,0.0330020606517793,1.77396118689445e-05,0.944444444444444,0.000580666545949214,0.15735632777214,11.3362787606961,"aumento"
620817712,"pop_density",9,64.7012238980328,0.27522474035345,0.00835218104094213,0.666666666666667,0.0164886567276701,1.20288992804865,1.85914555487292,"aumento"
620817712,"population",9,226.744086371528,0.964519348144534,0.00835218104094282,0.666666666666667,0.0164886567276701,4.21550260271349,1.85914555487293,"aumento"
620817722,"pop_density",9,0,0,NA,NA,NA,0,NA,"sin tendencia"
620817722,"population",9,0,0,NA,NA,NA,0,NA,"sin tendencia"
620817729,"pop_density",9,0,0,NA,NA,NA,0,NA,"sin tendencia"
620817729,"population",9,0,0,NA,NA,NA,0,NA,"sin tendencia"
620817740,"pop_density",9,0,0,NA,NA,NA,0,NA,"sin tendencia"
620817740,"population",9,0,0,NA,NA,NA,0,NA,"sin tendencia"
620817743,"pop_density",9,3.49521321853851,0.0392279740015858,1.72126575117053e-06,1,0.000263260802703515,0.191418344809757,5.47658562843832,"aumento"
620817743,"population",9,11.7867574691772,0.132286812464396,1.72126575117051e-06,1,0.000263260802703515,0.645511865615823,5.47658562843817,"aumento"
620819088,"pop_density",9,44.1984617246735,1.18702464744033,2.61239647746066e-06,1,0.000263260802703515,6.02060475023101,13.6217517879588,"aumento"
620819088,"population",9,2595.49506293403,69.7064217122396,2.61239647746093e-06,1,0.000263260802703515,353.551895141601,13.6217517879589,"aumento"
620819093,"pop_density",9,0,0,NA,NA,NA,0,NA,"sin tendencia"
620819093,"population",9,0,0,NA,NA,NA,0,NA,"sin tendencia"
620819098,"pop_density",9,0,0,NA,NA,NA,0,NA,"sin tendencia"
620819098,"population",9,0,0,NA,NA,NA,0,NA,"sin tendencia"
620819119,"pop_density",9,0,0,NA,NA,NA,0,NA,"sin tendencia"
620819119,"population",9,0,0,NA,NA,NA,0,NA,"sin tendencia"
620820448,"pop_density",9,20.0866299093298,0.119616913838489,6.13189796489728e-05,1,0.000263260802703515,0.558543362201044,2.78067234136481,"aumento"
620820448,"population",9,478.754726833767,2.85100901285807,6.13189796489792e-05,1,0.000263260802703515,13.312600272042,2.78067234136456,"aumento"
620820464,"pop_density",9,0,0,NA,NA,NA,0,NA,"sin tendencia"
620820464,"population",9,0,0,NA,NA,NA,0,NA,"sin tendencia"
620820469,"pop_density",9,0,0,NA,NA,NA,0,NA,"sin tendencia"
620820469,"population",9,0,0,NA,NA,NA,0,NA,"sin tendencia"
620820495,"pop_density",9,0,0,NA,NA,NA,0,NA,"sin tendencia"
620820495,"population",9,0,0,NA,NA,NA,0,NA,"sin tendencia"
620821826,"pop_density",9,5.94426796495881,0.0603575038219543,2.15568501170367e-08,1,0.000263260802703515,0.298539573909094,5.0223101594506,"aumento"
620821826,"population",9,160.247677273221,1.62713892618815,2.15568501170251e-08,1,0.000263260802703515,8.04813537597636,5.02231015945048,"aumento"
620821845,"pop_density",9,0,0,NA,NA,NA,0,NA,"sin tendencia"
620821845,"population",9,0,0,NA,NA,NA,0,NA,"sin tendencia"
620823223,"pop_density",9,0,0,NA,NA,NA,0,NA,"sin tendencia"
620823223,"population",9,0,0,NA,NA,NA,0,NA,"sin tendencia"
620824563,"pop_density",9,138.247136906782,1.10574687011337,1.64204002446499e-05,0.944444444444444,0.000580666545949214,5.85493117671351,4.235119299911,"aumento"
620824563,"population",9,1707.69923231337,13.65875,1.64204002446402e-05,0.944444444444444,0.000580666545949214,72.323099772135,4.23511929991098,"aumento"
620824593,"pop_density",9,0,0,NA,NA,NA,0,NA,"sin tendencia"
620824593,"population",9,0,0,NA,NA,NA,0,NA,"sin tendencia"
620825931,"pop_density",9,59.9026159071713,0.703006971166895,2.62647368356631e-07,1,0.000263260802703515,3.602919454459,6.01462790880837,"aumento"
620825931,"population",9,487.538804796007,5.7216729736328,2.62647368356649e-07,1,0.000263260802703515,29.323645019531,6.01462790880829,"aumento"
620825960,"pop_density",9,0.00315952090655426,4.03545845352911e-05,1.33960832785542e-05,0.888888888888889,0.00122938491894486,0.00020121003374561,6.36837165179729,"aumento"
620825960,"population",9,0.213157410422961,0.00272252629200618,1.3396083278555e-05,0.888888888888889,0.00122938491894486,0.0135746560990809,6.36837165179723,"aumento"
620825972,"pop_density",9,359.844783561405,2.36809077544578,5.60690480628884e-05,1,0.000263260802703515,11.1792956887698,3.1066993880327,"aumento"
620825972,"population",9,14675.0179036458,96.574345703125,5.60690480628989e-05,1,0.000263260802703515,455.90869140625,3.10669938803267,"aumento"
620825979,"pop_density",9,0,0,NA,NA,NA,0,NA,"sin tendencia"
620825979,"population",9,0,0,NA,NA,NA,0,NA,"sin tendencia"
620825994,"pop_density",9,0,0,NA,NA,NA,0,NA,"sin tendencia"
620825994,"population",9,0,0,NA,NA,NA,0,NA,"sin tendencia"
620825995,"pop_density",9,0,0,NA,NA,NA,0,NA,"sin tendencia"
620825995,"population",9,0,0,NA,NA,NA,0,NA,"sin tendencia"
620825997,"pop_density",9,1.68899735515815,0.0274267220690923,4.07814536718037e-07,1,0.000263260802703515,0.141375155229944,8.37035977576805,"aumento"
620825997,"population",9,0.44329532318645,0.00719843496878943,4.0781453671801e-07,1,0.000263260802703515,0.0371054134198597,8.37035977576808,"aumento"
620826014,"pop_density",9,0,0,NA,NA,NA,0,NA,"sin tendencia"
620826014,"population",9,0,0,NA,NA,NA,0,NA,"sin tendencia"
620827307,"pop_density",9,69.148950682832,0.734874442792637,1.81138412806429e-05,1,0.000263260802703515,3.29616528042268,4.76676109741899,"aumento"
620827307,"population",9,427.239817301432,4.54045389811197,1.8113841280643e-05,1,0.000263260802703515,20.3655014038086,4.76676109741898,"aumento"
620827327,"pop_density",9,0,0,NA,NA,NA,0,NA,"sin tendencia"
620827327,"population",9,0,0,NA,NA,NA,0,NA,"sin tendencia"
620827346,"pop_density",9,183.833229201644,1.9959951502728,5.12160060909853e-07,1,0.000263260802703515,10.0092972771792,5.44477041536386,"aumento"
620827346,"population",9,377.871049669054,4.1027880859375,5.12160060909848e-07,1,0.000263260802703515,20.5742111206055,5.44477041536385,"aumento"
620827348,"pop_density",9,2688.23004710519,30.5467027908019,4.9403863161323e-07,1,0.000263260802703515,141.93492190943,5.27986516861798,"aumento"
620827348,"population",9,72981.5876736111,829.299140625001,4.94038631613249e-07,1,0.000263260802703515,3853.32942708333,5.27986516861791,"aumento"
620827355,"pop_density",9,0,0,NA,NA,NA,0,NA,"sin tendencia"
620827355,"population",9,0,0,NA,NA,NA,0,NA,"sin tendencia"
620827371,"pop_density",9,2.70892052768768,0.121198985626936,1.1602504385181e-05,1,0.000263260802703515,0.609593173625066,22.5031767227742,"aumento"
620827371,"population",9,43.8622753355238,1.9624286588033,1.16025043851808e-05,1,0.000263260802703515,9.87040533338273,22.5031767227742,"aumento"
620827372,"pop_density",9,0,0,NA,NA,NA,0,NA,"sin tendencia"
620827372,"population",9,0,0,NA,NA,NA,0,NA,"sin tendencia"
620827374,"pop_density",9,0.120138857141488,0.000976587248750964,1.97431801517696e-06,1,0.000263260802703515,0.00486553428781499,4.04992556412023,"aumento"
620827374,"population",9,1.39190063211653,0.0113145109017691,1.97431801517675e-06,1,0.000263260802703515,0.0563709395272394,4.0499255641203,"aumento"
620827378,"pop_density",9,0,0,NA,NA,NA,0,NA,"sin tendencia"
620827378,"population",9,0,0,NA,NA,NA,0,NA,"sin tendencia"
620828683,"pop_density",9,1793.77058481882,25.2352320179651,1.39268386000848e-08,1,0.000263260802703515,124.784854292711,6.9565670966399,"aumento"
620828683,"population",9,5730.39078776042,80.616630859375,1.39268386000839e-08,1,0.000263260802703515,398.638480050223,6.95656709663987,"aumento"
620828706,"pop_density",9,16.378647479467,0.190550524755657,1.81524045893271e-09,1,0.000263260802703515,0.95546339042135,5.8335915198075,"aumento"
620828706,"population",9,444.945468478733,5.17653198242188,1.81524045893342e-09,1,0.000263260802703515,25.9563011169435,5.83359151980758,"aumento"
620828722,"pop_density",9,193.948601408825,1.71670010931443,1.57432262556381e-08,1,0.000263260802703515,8.46949501405335,4.36687604475191,"aumento"
620828722,"population",9,5744.11968315972,50.8430110677084,1.57432262556378e-08,1,0.000263260802703515,250.838586425781,4.36687604475191,"aumento"
620828731,"pop_density",9,0,0,NA,NA,NA,0,NA,"sin tendencia"
620828731,"population",9,0,0,NA,NA,NA,0,NA,"sin tendencia"
620828734,"pop_density",9,11.0694611329922,0.106144749343953,0.00344417869422276,0.722222222222222,0.00914914757959376,0.610795231928298,5.51784070236119,"aumento"
620828734,"population",9,98.2870347764756,0.942471593221025,0.00344417869422272,0.722222222222222,0.00914914757959376,5.42332201004025,5.51784070236117,"aumento"
620828750,"pop_density",9,0.105860462587052,0.00106278492442394,1.65073156381643e-05,0.944444444444444,0.000580666545949214,0.0055192242784458,5.21367859497795,"aumento"
620828750,"population",9,2.90564356909858,0.0291711759567261,1.65073156381679e-05,0.944444444444444,0.000580666545949214,0.151490916808447,5.21367859497798,"aumento"
620828752,"pop_density",9,0.0256938465888295,0.000359213959469777,7.74964698606009e-07,1,0.000263260802703515,0.00172341253938152,6.70749135760301,"aumento"
620828752,"population",9,0.17159193340275,0.00239894861976306,7.74964698606236e-07,1,0.000263260802703515,0.0115095141033335,6.70749135760308,"aumento"
620830059,"pop_density",9,5003.75276665225,49.0331047552352,2.19635082148533e-11,1,0.000263260802703515,245.991625285667,4.91614267845306,"aumento"
620830059,"population",9,2024.30919053819,19.8367443847656,2.19635082148513e-11,1,0.000263260802703515,99.5179280598973,4.91614267845313,"aumento"
620830083,"pop_density",9,0,0,NA,NA,NA,0,NA,"sin tendencia"
620830083,"population",9,0,0,NA,NA,NA,0,NA,"sin tendencia"
620830098,"pop_density",9,0,0,NA,NA,NA,0,NA,"sin tendencia"
620830098,"population",9,0,0,NA,NA,NA,0,NA,"sin tendencia"
620830107,"pop_density",9,0,0,NA,NA,NA,0,NA,"sin tendencia"
620830107,"population",9,0,0,NA,NA,NA,0,NA,"sin tendencia"
620830128,"pop_density",9,0.111325526774146,0.00154676326729761,3.87025348372957e-07,1,0.000263260802703515,0.00760324813801088,6.82974368801874,"aumento"
620830128,"population",9,5.51520042949253,0.0766285117467245,3.87025348373016e-07,1,0.000263260802703515,0.376674053214845,6.82974368801869,"aumento"
620831442,"pop_density",9,26.9214205955389,0.293603486772783,2.9728975977201e-09,1,0.000263260802703515,1.46504463041647,5.44192913303856,"aumento"
620831442,"population",9,683.985365125868,7.45950561523438,2.97289759772075e-09,1,0.000263260802703515,37.2219988505045,5.44192913303853,"aumento"
620831456,"pop_density",9,14.49694932157,0.18233624432055,1.26834142328318e-08,1,0.000263260802703515,0.929270738781412,6.41011234962896,"aumento"
620831456,"population",9,193.921190049913,2.43905532836914,1.26834142328275e-08,1,0.000263260802703515,12.4305661519368,6.4101123496289,"aumento"
620831459,"pop_density",9,7.50311348371297,0.0558524413082338,5.61624940812977e-05,0.888888888888889,0.00122938491894486,0.27261351955954,3.63333861538017,"aumento"
620831459,"population",9,142.615889655219,1.06161870320637,5.61624940812968e-05,0.888888888888889,0.00122938491894486,5.18171819051125,3.63333861538031,"aumento"
620831475,"pop_density",9,0.702587890994401,0.0116297652338684,7.16682340008579e-06,1,0.000263260802703515,0.0593441003029264,8.44650200545505,"aumento"
620831475,"population",9,3.0164783000946,0.0499310262997944,7.16682340008592e-06,1,0.000263260802703515,0.254786900111607,8.44650200545504,"aumento"
620831481,"pop_density",9,0,0,NA,NA,NA,0,NA,"sin tendencia"
620831481,"population",9,0,0,NA,NA,NA,0,NA,"sin tendencia"
620831504,"pop_density",9,0,0,NA,NA,NA,0,NA,"sin tendencia"
620831504,"population",9,0,0,NA,NA,NA,0,NA,"sin tendencia"
620832832,"pop_density",9,29.7305822669352,0.370214893015075,1.78954135090655e-09,1,0.000263260802703515,1.90122942479199,6.39486104820235,"aumento"
620832832,"population",9,430.084737141927,5.35555521647136,1.78954135090692e-09,1,0.000263260802703515,27.5033213297527,6.39486104820238,"aumento"
620832858,"pop_density",9,0,0,NA,NA,NA,0,NA,"sin tendencia"
620832858,"population",9,0,0,NA,NA,NA,0,NA,"sin tendencia"
620834208,"pop_density",9,4.78296441864804,0.059389682096457,1.07383772509738e-09,1,0.000263260802703515,0.298593987089749,6.24286448641719,"aumento"
620834208,"population",9,49.0973642137316,0.609637997945151,1.07383772509698e-09,1,0.000263260802703515,3.06508191426596,6.24286448641721,"aumento"
620834240,"pop_density",9,0,0,NA,NA,NA,0,NA,"sin tendencia"
620834240,"population",9,0,0,NA,NA,NA,0,NA,"sin tendencia"
620835585,"pop_density",9,324.624255267948,3.55129019542632,3.71745294267454e-09,1,0.000263260802703515,17.5714353626735,5.41285349986244,"aumento"
620835585,"population",9,1564.11641438802,17.110955810547,3.71745294267758e-09,1,0.000263260802703515,84.663330078125,5.41285349986244,"aumento"
620835598,"pop_density",9,0,0,NA,NA,NA,0,NA,"sin tendencia"
620835598,"population",9,0,0,NA,NA,NA,0,NA,"sin tendencia"
620835612,"pop_density",9,0,0,NA,NA,NA,0,NA,"sin tendencia"
620835612,"population",9,0,0,NA,NA,NA,0,NA,"sin tendencia"
620835616,"pop_density",9,0,0,NA,NA,NA,0,NA,"sin tendencia"
620835616,"population",9,0,0,NA,NA,NA,0,NA,"sin tendencia"
620835617,"pop_density",9,0,0,NA,NA,NA,0,NA,"sin tendencia"
620835617,"population",9,0,0,NA,NA,NA,0,NA,"sin tendencia"
620836941,"pop_density",9,633.7338358993,13.011244760071,7.66653496617343e-07,1,0.000263260802703515,63.9982888423906,10.0986068941031,"aumento"
620836941,"population",9,108.387479146322,2.22531280517579,7.66653496617338e-07,1,0.000263260802703515,10.945625441415,10.0986068941031,"aumento"
620836969,"pop_density",9,0,0,NA,NA,NA,0,NA,"sin tendencia"
620836969,"population",9,0,0,NA,NA,NA,0,NA,"sin tendencia"
620836973,"pop_density",9,0,0,NA,NA,NA,0,NA,"sin tendencia"
620836973,"population",9,0,0,NA,NA,NA,0,NA,"sin tendencia"
620836992,"pop_density",9,0,0,NA,NA,NA,0,NA,"sin tendencia"
620836992,"population",9,0,0,NA,NA,NA,0,NA,"sin tendencia"
620836993,"pop_density",9,4.68067701678486,0.101516465100151,1.22500400392242e-08,1,0.000263260802703515,0.504840138403725,10.7856221780177,"aumento"
620836993,"population",9,62.5139185587565,1.3558278020223,1.22500400392241e-08,1,0.000263260802703515,6.74251506442115,10.7856221780177,"aumento"
620838305,"pop_density",9,478.503579358629,10.3784762233684,1.8639310493991e-08,1,0.000263260802703515,51.6868386190666,10.8017663500754,"aumento"
620838305,"population",9,50.913523779975,1.10428598403931,1.86393104939895e-08,1,0.000263260802703515,5.49955987930297,10.8017663500754,"aumento"
620838308,"pop_density",9,18.5329444958468,0.268631507629819,3.18981859012447e-10,1,0.000263260802703515,1.35248946970702,7.29775816255268,"aumento"
620838308,"population",9,602.02138264974,8.7261855061849,3.18981859012406e-10,1,0.000263260802703515,43.9340645926341,7.29775816255271,"aumento"
620838349,"pop_density",9,0,0,NA,NA,NA,0,NA,"sin tendencia"
620838349,"population",9,0,0,NA,NA,NA,0,NA,"sin tendencia"
620838354,"pop_density",9,1.36418957869654,0.0348733354986271,2.00678084166109e-07,1,0.000263260802703515,0.171516659275816,12.5727876795318,"aumento"
620838354,"population",9,0.416249250372251,0.0106407496333122,2.0067808416612e-07,1,0.000263260802703515,0.0523341344669461,12.5727876795319,"aumento"
620839684,"pop_density",9,87.3266597481207,1.30418451697364,3.87727912302088e-10,1,0.000263260802703515,6.38266598776456,7.30895468368342,"aumento"
620839684,"population",9,194.653967963325,2.90706975301108,3.87727912302205e-10,1,0.000263260802703515,14.227170308431,7.3089546836834,"aumento"
620839748,"pop_density",9,0,0,NA,NA,NA,0,NA,"sin tendencia"
620839748,"population",9,0,0,NA,NA,NA,0,NA,"sin tendencia"
620839749,"pop_density",9,7.35466069785186,0.235744779345222,3.01371045412723e-06,1,0.000263260802703515,1.23478017778243,16.7890842081006,"aumento"
620839749,"population",9,17.3109957377116,0.554883092244466,3.01371045412702e-06,1,0.000263260802703515,2.90635765166509,16.7890842081005,"aumento"
620841059,"pop_density",9,245.101046290573,3.20803623188653,2.41200664291069e-10,1,0.000263260802703515,16.1765846139743,6.59996554841162,"aumento"
620841059,"population",9,4407.32052951389,57.6857755533853,2.41200664291159e-10,1,0.000263260802703515,290.881636555989,6.59996554841161,"aumento"
620841124,"pop_density",9,0,0,NA,NA,NA,0,NA,"sin tendencia"
620841124,"population",9,0,0,NA,NA,NA,0,NA,"sin tendencia"
620841126,"pop_density",9,0,0,NA,NA,NA,0,NA,"sin tendencia"
620841126,"population",9,0,0,NA,NA,NA,0,NA,"sin tendencia"
620841133,"pop_density",9,4.08627507431261,0.0842144984884667,5.85554840087617e-05,0.944444444444444,0.000580666545949214,0.378024301533823,9.25107327967669,"aumento"
620841133,"population",9,0.35224612057209,0.00725947956244151,5.85554840087642e-05,0.944444444444444,0.000580666545949214,0.0325865467389425,9.25107327967672,"aumento"
620842494,"pop_density",9,0.968156765223939,0.00941578983267425,1.94433554088368e-06,0.888888888888889,0.00122938491894486,0.0481034914639155,4.96856430609034,"aumento"
620842494,"population",9,5.04741470019023,0.0490885337193807,1.94433554088321e-06,0.888888888888889,0.00122938491894486,0.250784045174008,4.96856430609033,"aumento"
620842502,"pop_density",9,0,0,NA,NA,NA,0,NA,"sin tendencia"
620842502,"population",9,0,0,NA,NA,NA,0,NA,"sin tendencia"
620843870,"pop_density",9,33.8271829942687,0.402365440859144,1.53847139795784e-07,1,0.000263260802703515,1.99630614775484,5.90148505151336,"aumento"
620843870,"population",9,912.055541992188,10.8486606852214,1.53847139795784e-07,1,0.000263260802703515,53.8248214721686,5.90148505151341,"aumento"
620845214,"pop_density",9,38.9644326085558,0.369819455327838,2.34831890771544e-09,1,0.000263260802703515,1.85513481840032,4.76109799169247,"aumento"
620845214,"population",9,36.1897532145182,0.343484401702881,2.34831890771617e-09,1,0.000263260802703515,1.72302961349489,4.76109799169247,"aumento"
620845215,"pop_density",9,55.2785935666196,0.623693726194684,1.70812968886925e-08,1,0.000263260802703515,3.05591224570695,5.52820187442736,"aumento"
620845215,"population",9,608.825256347656,6.86921407063802,1.70812968886948e-08,1,0.000263260802703515,33.6570892333985,5.52820187442739,"aumento"
620845228,"pop_density",9,0.557849116609666,0.0147796283341732,2.84442564363802e-07,1,0.000263260802703515,0.0759904880978784,13.6220504497186,"aumento"
620845228,"population",9,7.12679929203457,0.188817086219787,2.84442564363776e-07,1,0.000263260802703515,0.970816195011135,13.6220504497186,"aumento"
620845230,"pop_density",9,18.3109219439504,0.468571658873374,9.96787288866692e-08,1,0.000263260802703515,2.33108060978217,12.7305474673399,"aumento"
620845230,"population",9,137.37459564209,3.51537963867187,9.96787288866437e-08,1,0.000263260802703515,17.4885381062825,12.7305474673399,"aumento"
620845246,"pop_density",9,0,0,NA,NA,NA,0,NA,"sin tendencia"
620845246,"population",9,0,0,NA,NA,NA,0,NA,"sin tendencia"
620845257,"pop_density",9,0,0,NA,NA,NA,0,NA,"sin tendencia"
620845257,"population",9,0,0,NA,NA,NA,0,NA,"sin tendencia"
620846580,"pop_density",9,81.7482927132485,0.890984069475838,1.20150305504916e-08,1,0.000263260802703515,4.43151973232644,5.42093245649918,"aumento"
620846580,"population",9,1147.75840250651,12.509551188151,1.2015030550491e-08,1,0.000263260802703515,62.2192077636704,5.42093245649905,"aumento"
620846590,"pop_density",9,20.4835862821188,0.248008544674536,1.45593850059908e-09,1,0.000263260802703515,1.28061576312151,6.25191187462827,"aumento"
620846590,"population",9,219.850533379449,2.66187815348307,1.45593850059921e-09,1,0.000263260802703515,13.7448616027831,6.25191187462817,"aumento"
620846604,"pop_density",9,0.593831358460223,0.013161873494531,5.70699252402505e-08,1,0.000263260802703515,0.062587342907154,10.5395819899845,"aumento"
620846604,"population",9,5.17967406908671,0.114803999265035,5.70699252402499e-08,1,0.000263260802703515,0.545915995325362,10.5395819899845,"aumento"
620846611,"pop_density",9,477.186491184541,7.31520216955531,1.67689941137314e-05,0.888888888888889,0.00122938491894486,36.3290252450418,7.61317135253781,"aumento"
620846611,"population",9,10905.505859375,167.179879557292,1.67689941137317e-05,0.888888888888889,0.00122938491894486,830.254847935268,7.61317135253779,"aumento"
620846618,"pop_density",9,0,0,NA,NA,NA,0,NA,"sin tendencia"
620846618,"population",9,0,0,NA,NA,NA,0,NA,"sin tendencia"
620846622,"pop_density",9,0,0,NA,NA,NA,0,NA,"sin tendencia"
620846622,"population",9,0,0,NA,NA,NA,0,NA,"sin tendencia"
620846633,"pop_density",9,0,0,NA,NA,NA,0,NA,"sin tendencia"
620846633,"population",9,0,0,NA,NA,NA,0,NA,"sin tendencia"
620847946,"pop_density",9,27.5509939892057,0.284952122422568,1.53927170956953e-05,1,0.000263260802703515,1.24722815931751,4.52698062293566,"aumento"
620847946,"population",9,406.784193250868,4.20725362141926,1.5392717095696e-05,1,0.000263260802703515,18.4150416056312,4.52698062293549,"aumento"
620847980,"pop_density",9,0.0411606676210701,0.00109796473235036,5.4686741881194e-07,1,0.000263260802703515,0.00568626786130862,13.8148095984668,"aumento"
620847980,"population",9,0.17849049386051,0.00476125093797844,5.46867418811909e-07,1,0.000263260802703515,0.0246581218781926,13.8148095984669,"aumento"
620847987,"pop_density",9,1346.56837222317,9.75368935802707,5.46775691880836e-05,1,0.000263260802703515,45.2073644746375,3.35722755763233,"aumento"
620847987,"population",9,747.650892469618,5.41551005045573,5.46775691880675e-05,1,0.000263260802703515,25.1003417968752,3.35722755763248,"aumento"
620847998,"pop_density",9,0,0,NA,NA,NA,0,NA,"sin tendencia"
620847998,"population",9,0,0,NA,NA,NA,0,NA,"sin tendencia"
620849365,"pop_density",9,0.959797138062363,0.0137554773718981,7.79324430916607e-05,0.833333333333333,0.00249902885761126,0.0741671351759223,7.72737615426222,"aumento"
620849365,"population",9,9.48235289255778,0.135897769927979,7.79324430916579e-05,0.833333333333333,0.00249902885761126,0.732737076282505,7.72737615426223,"aumento"
620849367,"pop_density",9,0,0,NA,NA,NA,0,NA,"sin tendencia"
620849367,"population",9,0,0,NA,NA,NA,0,NA,"sin tendencia"
620849368,"pop_density",9,0,0,NA,NA,NA,0,NA,"sin tendencia"
620849368,"population",9,0,0,NA,NA,NA,0,NA,"sin tendencia"
620849369,"pop_density",9,0.231449602269125,0.00651699047385599,1.14794592366967e-05,0.944444444444444,0.000580666545949214,0.0318214050883501,13.7487404499183,"aumento"
620849369,"population",9,0.0641149696376588,0.00180530293534199,1.14794592366965e-05,0.944444444444444,0.000580666545949214,0.00881500076502563,13.7487404499183,"aumento"
620849394,"pop_density",9,0,0,NA,NA,NA,0,NA,"sin tendencia"
620849394,"population",9,0,0,NA,NA,NA,0,NA,"sin tendencia"
620850743,"pop_density",9,0,0,NA,NA,NA,0,NA,"sin tendencia"
620850743,"population",9,0,0,NA,NA,NA,0,NA,"sin tendencia"
620850744,"pop_density",9,0,0,NA,NA,NA,0,NA,"sin tendencia"
620850744,"population",9,0,0,NA,NA,NA,0,NA,"sin tendencia"
620850771,"pop_density",9,0,0,NA,NA,NA,0,NA,"sin tendencia"
620850771,"population",9,0,0,NA,NA,NA,0,NA,"sin tendencia"
620852113,"pop_density",9,0,0,NA,NA,NA,0,NA,"sin tendencia"
620852113,"population",9,0,0,NA,NA,NA,0,NA,"sin tendencia"
620852120,"pop_density",9,0,0,NA,NA,NA,0,NA,"sin tendencia"
620852120,"population",9,0,0,NA,NA,NA,0,NA,"sin tendencia"
620852123,"pop_density",9,0,0,NA,NA,NA,0,NA,"sin tendencia"
620852123,"population",9,0,0,NA,NA,NA,0,NA,"sin tendencia"
620852125,"pop_density",9,0,0,NA,NA,NA,0,NA,"sin tendencia"
620852125,"population",9,0,0,NA,NA,NA,0,NA,"sin tendencia"
620853501,"pop_density",9,0,0,NA,NA,NA,0,NA,"sin tendencia"
620853501,"population",9,0,0,NA,NA,NA,0,NA,"sin tendencia"
620853510,"pop_density",9,1.92164700376919,0.0207673893277839,3.83768428107512e-05,0.944444444444444,0.000580666545949214,0.104311114749481,5.42821415925405,"aumento"
620853510,"population",9,14.2192294862535,0.153668324152628,3.83768428107449e-05,0.944444444444444,0.000580666545949214,0.771850228309625,5.42821415925394,"aumento"
620853536,"pop_density",9,0,0,NA,NA,NA,0,NA,"sin tendencia"
620853536,"population",9,0,0,NA,NA,NA,0,NA,"sin tendencia"
620854859,"pop_density",9,9.1755078025824,0.0667029075690005,0.0346751792882305,0.555555555555556,0.0476039547278715,0.342160890125378,3.72906761660732,"aumento"
620854859,"population",9,34.2278690338135,0.248825289408367,0.0346751792882305,0.555555555555556,0.0476039547278715,1.27638037999472,3.72906761660736,"aumento"
620854908,"pop_density",9,0,0,NA,NA,NA,0,NA,"sin tendencia"
620854908,"population",9,0,0,NA,NA,NA,0,NA,"sin tendencia"
620856253,"pop_density",9,2.06946260575296,0.034025906144521,2.41212093747403e-05,0.888888888888889,0.00122938491894486,0.178867446096076,8.64318328820426,"aumento"
620856253,"population",9,26.9979856279161,0.443898296356201,2.41212093747398e-05,0.888888888888889,0.00122938491894486,2.33348538194383,8.64318328820426,"aumento"
620856255,"pop_density",9,87.677192822831,0.981860209028493,6.45639238224212e-07,1,0.000263260802703515,4.92037992156796,5.61192684568557,"aumento"
620856255,"population",9,2459.30539279514,27.5407324218751,6.45639238224101e-07,1,0.000263260802703515,138.014419555664,5.61192684568561,"aumento"
620857620,"pop_density",9,0,0,NA,NA,NA,0,NA,"sin tendencia"
620857620,"population",9,0,0,NA,NA,NA,0,NA,"sin tendencia"
620857629,"pop_density",9,6.12664691164626,0.137342813249061,1.20688273529183e-08,1,0.000263260802703515,0.694094608304448,11.3291106589647,"aumento"
620857629,"population",9,147.610500759549,3.30902722676595,1.206882735292e-08,1,0.000263260802703515,16.722956975301,11.3291106589646,"aumento"
620857635,"pop_density",9,8.22555225120406,0.175942155861371,2.22267897013952e-07,1,0.000263260802703515,0.878680434848131,10.6823275570283,"aumento"
620857635,"population",9,19.0421798494127,0.407306655248006,2.22267897013934e-07,1,0.000263260802703515,2.03414802551269,10.6823275570282,"aumento"
620858957,"pop_density",9,547.034853839244,8.54821866285702,4.93943781498996e-10,1,0.000263260802703515,42.4662272264579,7.76298382606117,"aumento"
620858957,"population",9,9403.91596137153,146.949923502604,4.93943781499019e-10,1,0.000263260802703515,730.024475097656,7.76298382606117,"aumento"
620858999,"pop_density",9,0,0,NA,NA,NA,0,NA,"sin tendencia"
620858999,"population",9,0,0,NA,NA,NA,0,NA,"sin tendencia"
620859003,"pop_density",9,0,0,NA,NA,NA,0,NA,"sin tendencia"
620859003,"population",9,0,0,NA,NA,NA,0,NA,"sin tendencia"
620859005,"pop_density",9,0,0,NA,NA,NA,0,NA,"sin tendencia"
620859005,"population",9,0,0,NA,NA,NA,0,NA,"sin tendencia"
620859011,"pop_density",9,0.993798408637393,0.0114614939326606,0.00335381529215077,0.666666666666667,0.0164886567276701,0.0624348316891022,6.28244432134957,"aumento"
620859011,"population",9,5.91859017478095,0.0682592010498047,0.00335381529215079,0.666666666666667,0.0164886567276701,0.371832132339478,6.28244432134955,"aumento"
620859032,"pop_density",9,0,0,NA,NA,NA,0,NA,"sin tendencia"
620859032,"population",9,0,0,NA,NA,NA,0,NA,"sin tendencia"
620860352,"pop_density",9,0,0,NA,NA,NA,0,NA,"sin tendencia"
620860352,"population",9,0,0,NA,NA,NA,0,NA,"sin tendencia"
620860360,"pop_density",9,0,0,NA,NA,NA,0,NA,"sin tendencia"
620860360,"population",9,0,0,NA,NA,NA,0,NA,"sin tendencia"
620860367,"pop_density",9,0,0,NA,NA,NA,0,NA,"sin tendencia"
620860367,"population",9,0,0,NA,NA,NA,0,NA,"sin tendencia"
620860375,"pop_density",9,0,0,NA,NA,NA,0,NA,"sin tendencia"
620860375,"population",9,0,0,NA,NA,NA,0,NA,"sin tendencia"
620860380,"pop_density",9,0,0,NA,NA,NA,0,NA,"sin tendencia"
620860380,"population",9,0,0,NA,NA,NA,0,NA,"sin tendencia"
620860381,"pop_density",9,0,0,NA,NA,NA,0,NA,"sin tendencia"
620860381,"population",9,0,0,NA,NA,NA,0,NA,"sin tendencia"
620861702,"pop_density",9,135.416371505041,1.7566490356693,1.92756952890766e-11,1,0.000263260802703515,8.84000559749741,6.52801836236496,"aumento"
620861702,"population",9,1083.19239637587,14.0513946533203,1.9275695289052e-11,1,0.000263260802703515,70.7109985351555,6.52801836236476,"aumento"
620861736,"pop_density",9,0,0,NA,NA,NA,0,NA,"sin tendencia"
620861736,"population",9,0,0,NA,NA,NA,0,NA,"sin tendencia"
620861742,"pop_density",9,0.069650090630007,0.00153954037727564,1.11621396027611e-07,1,0.000263260802703515,0.00735264754005665,10.5565512888061,"aumento"
620861742,"population",9,1.48709895875719,0.032870723803838,1.11621396027613e-07,1,0.000263260802703515,0.156986364296504,10.5565512888061,"aumento"
620861751,"pop_density",9,0,0,NA,NA,NA,0,NA,"sin tendencia"
620861751,"population",9,0,0,NA,NA,NA,0,NA,"sin tendencia"
620861756,"pop_density",9,0,0,NA,NA,NA,0,NA,"sin tendencia"
620861756,"population",9,0,0,NA,NA,NA,0,NA,"sin tendencia"
620861757,"pop_density",9,0.656765748343884,0.0049566508386375,0.0156808376098152,0.611111111111111,0.028567681801513,0.0298708967548617,4.54818127013853,"aumento"
620861757,"population",9,4.68292119767931,0.0353422896067301,0.0156808376098152,0.611111111111111,0.028567681801513,0.212987744808197,4.54818127013852,"aumento"
620861761,"pop_density",9,0,0,NA,NA,NA,0,NA,"sin tendencia"
620861761,"population",9,0,0,NA,NA,NA,0,NA,"sin tendencia"
620861764,"pop_density",9,1.86476887653038,0.0275090732961721,0.00726823947885958,0.611111111111111,0.028567681801513,0.120909592354166,6.48389158977882,"aumento"
620861764,"population",9,1.64120550950368,0.0242110661665598,0.00726823947885992,0.611111111111111,0.028567681801513,0.106413986001696,6.48389158977881,"aumento"
620861765,"pop_density",9,0,0,NA,NA,NA,0,NA,"sin tendencia"
620861765,"population",9,0,0,NA,NA,NA,0,NA,"sin tendencia"
620863078,"pop_density",9,73.3862620683086,0.954540811793123,1.01014122832226e-09,1,0.000263260802703515,4.77479262698116,6.50638483608382,"aumento"
620863078,"population",9,1636.36518012153,21.2843290201823,1.01014122832309e-09,1,0.000263260802703515,106.468215942382,6.50638483608381,"aumento"
620863105,"pop_density",9,0.135052859575245,0.000897060892847437,1.12573305666835e-05,0.888888888888889,0.00122938491894486,0.00438838598447354,3.2493839806691,"aumento"
620863105,"population",9,3.05345959133572,0.020281978448232,1.12573305666837e-05,0.888888888888889,0.00122938491894486,0.0992186268170662,3.24938398066907,"aumento"
620863106,"pop_density",9,1.99524953628165,0.000168952394735228,0.9398883701701,0.166666666666667,0.602167527748196,0.0122001727546841,0.61146099938058,"sin tendencia"
620863106,"population",9,20.8745043012831,0.00176759719848632,0.9398883701701,0.166666666666667,0.602167527748196,0.127639452616371,0.611460999380595,"sin tendencia"
620863118,"pop_density",9,68.8411208736196,2.04284094383144,1.54560193542583e-07,1,0.000263260802703515,10.4789589568434,15.2219470337808,"aumento"
620863118,"population",9,630.910261366102,18.7220849609374,1.54560193542584e-07,1,0.000263260802703515,96.0368258158366,15.2219470337809,"aumento"
620863127,"pop_density",9,0,0,NA,NA,NA,0,NA,"sin tendencia"
620863127,"population",9,0,0,NA,NA,NA,0,NA,"sin tendencia"
620863132,"pop_density",9,0,0,NA,NA,NA,0,NA,"sin tendencia"
620863132,"population",9,0,0,NA,NA,NA,0,NA,"sin tendencia"
620863137,"pop_density",9,7.89510863521627,0.200005429241428,5.46627643834367e-08,1,0.000263260802703515,0.999455564158756,12.6591743107963,"aumento"
620863137,"population",9,150.67759958903,3.81708971659343,5.46627643834337e-08,1,0.000263260802703515,19.0745399792989,12.6591743107962,"aumento"
620863139,"pop_density",9,0,0,NA,NA,NA,0,NA,"sin tendencia"
620863139,"population",9,0,0,NA,NA,NA,0,NA,"sin tendencia"
620864482,"pop_density",9,2.30207208169746,0.0191533545700474,1.80717327087361e-06,1,0.000263260802703515,0.0868742665487675,3.7737422402825,"aumento"
620864482,"population",9,31.8860952589247,0.265293903350829,1.80717327087387e-06,1,0.000263260802703515,1.20329904556274,3.77374224028244,"aumento"
620864508,"pop_density",9,0,0,NA,NA,NA,0,NA,"sin tendencia"
620864508,"population",9,0,0,NA,NA,NA,0,NA,"sin tendencia"
620864513,"pop_density",9,0,0,NA,NA,NA,0,NA,"sin tendencia"
620864513,"population",9,0,0,NA,NA,NA,0,NA,"sin tendencia"
620864518,"pop_density",9,7.50061977340645,0.211494186596834,1.04964351294072e-07,1,0.000263260802703515,1.06013365805158,14.1339474613858,"aumento"
620864518,"population",9,116.766408284505,3.29245012919109,1.04964351294086e-07,1,0.000263260802703515,16.5037027994792,14.1339474613858,"aumento"
620865871,"pop_density",9,8.25397830897841,0.193026665137526,5.2962889648169e-08,1,0.000263260802703515,0.958337709090531,11.6106157929696,"aumento"
620865871,"population",9,116.788131713867,2.73119491577148,5.29628896481641e-08,1,0.000263260802703515,13.5598212650844,11.6106157929696,"aumento"
620865922,"pop_density",9,0,0,NA,NA,NA,0,NA,"sin tendencia"
620865922,"population",9,0,0,NA,NA,NA,0,NA,"sin tendencia"
620867267,"pop_density",9,0,0,NA,NA,NA,0,NA,"sin tendencia"
620867267,"population",9,0,0,NA,NA,NA,0,NA,"sin tendencia"
620867284,"pop_density",9,0,0,NA,NA,NA,0,NA,"sin tendencia"
620867284,"population",9,0,0,NA,NA,NA,0,NA,"sin tendencia"
620868630,"pop_density",9,0,0,NA,NA,NA,0,NA,"sin tendencia"
620868630,"population",9,0,0,NA,NA,NA,0,NA,"sin tendencia"
620868655,"pop_density",9,0,0,NA,NA,NA,0,NA,"sin tendencia"
620868655,"population",9,0,0,NA,NA,NA,0,NA,"sin tendencia"
620870019,"pop_density",9,4.49844939041709,0.0432579976372147,1.55819460276058e-06,1,0.000263260802703515,0.19685084895016,4.37597118174777,"aumento"
620870019,"population",9,63.7068663703071,0.612618090311687,1.55819460276066e-06,1,0.000263260802703515,2.78779411315917,4.37597118174772,"aumento"
620870031,"pop_density",9,0,0,NA,NA,NA,0,NA,"sin tendencia"
620870031,"population",9,0,0,NA,NA,NA,0,NA,"sin tendencia"
620871330,"pop_density",9,366.327467019937,6.1098355898361,5.35982438611279e-09,1,0.000263260802703515,30.8560371531862,8.42307496191841,"aumento"
620871330,"population",9,5938.94227430556,99.0533447265625,5.35982438611296e-09,1,0.000263260802703515,500.241559709821,8.42307496191845,"aumento"
620871382,"pop_density",9,0,0,NA,NA,NA,0,NA,"sin tendencia"
620871382,"population",9,0,0,NA,NA,NA,0,NA,"sin tendencia"
620872713,"pop_density",9,357.981872964858,4.90036160308544,2.21756947964099e-10,1,0.000263260802703515,24.5681282993519,6.8629531701913,"aumento"
620872713,"population",9,10796.7770182292,147.795504557292,2.21756947964076e-10,1,0.000263260802703515,740.977750651042,6.86295317019128,"aumento"
620872747,"pop_density",9,0,0,NA,NA,NA,0,NA,"sin tendencia"
620872747,"population",9,0,0,NA,NA,NA,0,NA,"sin tendencia"
620874089,"pop_density",9,884.374237230323,10.7863673768276,1.20004916988512e-08,1,0.000263260802703515,52.185197439641,5.90080479990849,"aumento"
620874089,"population",9,5681.67664930556,69.2971923828125,1.2000491698849e-08,1,0.000263260802703515,335.2646484375,5.90080479990845,"aumento"
620874123,"pop_density",9,0.477335378139796,0.00546440279407104,2.15132720096647e-06,1,0.000263260802703515,0.0272231163482546,5.70314240154264,"aumento"
620874123,"population",9,14.7896069420708,0.169307311375937,2.15132720096644e-06,1,0.000263260802703515,0.843472344534746,5.70314240154271,"aumento"
620874129,"pop_density",9,0,0,NA,NA,NA,0,NA,"sin tendencia"
620874129,"population",9,0,0,NA,NA,NA,0,NA,"sin tendencia"
620874138,"pop_density",9,0,0,NA,NA,NA,0,NA,"sin tendencia"
620874138,"population",9,0,0,NA,NA,NA,0,NA,"sin tendencia"
620875461,"pop_density",9,93.8833435118467,1.19848833594438,1.22644437494595e-09,1,0.000263260802703515,5.88953636631948,6.27324948815475,"aumento"
620875461,"population",9,2244.8597547743,28.657247721354,1.22644437494648e-09,1,0.000263260802703515,140.825653076172,6.27324948815478,"aumento"
620875503,"pop_density",9,11.7206073235582,0.35702511526559,9.901580972425e-08,1,0.000263260802703515,1.87548968714269,16.0016425375244,"aumento"
620875503,"population",9,265.651841057671,8.0921044921875,9.90158097242334e-08,1,0.000263260802703515,42.508658000401,16.0016425375244,"aumento"
620875505,"pop_density",9,0,0,NA,NA,NA,0,NA,"sin tendencia"
620875505,"population",9,0,0,NA,NA,NA,0,NA,"sin tendencia"
620875514,"pop_density",9,0,0,NA,NA,NA,0,NA,"sin tendencia"
620875514,"population",9,0,0,NA,NA,NA,0,NA,"sin tendencia"
620876832,"pop_density",9,108.291416338475,1.68296481053485,8.07368303455605e-09,1,0.000263260802703515,8.57728938033302,7.92056256197066,"aumento"
620876832,"population",9,126.645118713379,1.96820103963216,8.0736830345499e-09,1,0.000263260802703515,10.0310058593755,7.92056256197088,"aumento"
620876837,"pop_density",9,72.0228546201966,0.885199014839785,6.32454672519832e-10,1,0.000263260802703515,4.49792660554024,6.24513792081624,"aumento"
620876837,"population",9,1478.4254828559,18.1706319173177,6.32454672519883e-10,1,0.000263260802703515,92.3297104608433,6.24513792081616,"aumento"
620876864,"pop_density",9,488.649183112954,5.05743165944175,3.17429865434373e-09,1,0.000263260802703515,25.2844691640579,5.17436026455267,"aumento"
620876864,"population",9,9536.65440538195,98.7026676432291,3.17429865434338e-09,1,0.000263260802703515,493.460856119792,5.17436026455263,"aumento"
620876879,"pop_density",9,7.60563270436963,0.282045551605564,3.26247940048627e-06,1,0.000263260802703515,1.46271135559409,19.2319483789129,"aumento"
620876879,"population",9,189.647731357151,7.03285329182942,3.26247940048617e-06,1,0.000263260802703515,36.4729537963867,19.231948378913,"aumento"
620876890,"pop_density",9,0,0,NA,NA,NA,0,NA,"sin tendencia"
620876890,"population",9,0,0,NA,NA,NA,0,NA,"sin tendencia"
620878225,"pop_density",9,1601.71682725318,22.5143106802061,1.25130698597319e-08,1,0.000263260802703515,112.147462295618,7.00170344641648,"aumento"
620878225,"population",9,1138.16042751736,15.9983943684895,1.25130698597308e-08,1,0.000263260802703515,79.6906178792314,7.00170344641647,"aumento"
620878240,"pop_density",9,303.828691426032,3.12600549746715,3.5081732920669e-09,1,0.000263260802703515,15.4462788584696,5.08387762392414,"aumento"
620878240,"population",9,11779.9086371528,121.200071614583,3.50817329206704e-09,1,0.000263260802703515,598.876139322917,5.08387762392414,"aumento"
620878265,"pop_density",9,0,0,NA,NA,NA,0,NA,"sin tendencia"
620878265,"population",9,0,0,NA,NA,NA,0,NA,"sin tendencia"
620878266,"pop_density",9,0,0,NA,NA,NA,0,NA,"sin tendencia"
620878266,"population",9,0,0,NA,NA,NA,0,NA,"sin tendencia"
620878271,"pop_density",9,0,0,NA,NA,NA,0,NA,"sin tendencia"
620878271,"population",9,0,0,NA,NA,NA,0,NA,"sin tendencia"
620878292,"pop_density",9,0,0,NA,NA,NA,0,NA,"sin tendencia"
620878292,"population",9,0,0,NA,NA,NA,0,NA,"sin tendencia"
620879614,"pop_density",9,56.012019659498,0.75003394567692,4.33403248368992e-09,1,0.000263260802703515,3.85169070498081,6.87654315697877,"aumento"
620879614,"population",9,1250.38038465712,16.743330078125,4.33403248369295e-09,1,0.000263260802703515,85.9829467773442,6.8765431569788,"aumento"
620879669,"pop_density",9,0,0,NA,NA,NA,0,NA,"sin tendencia"
620879669,"population",9,0,0,NA,NA,NA,0,NA,"sin tendencia"
620880958,"pop_density",9,0.0883347318097003,0.00118100534129789,0.133470179301639,0.5,0.0763327403763572,0.00708818071346616,8.0242284866345,"sin tendencia"
620880958,"population",9,0.067645721965366,0.000904400311410425,0.13347017930164,0.5,0.0763327403763572,0.00542804729193448,8.02422848663452,"sin tendencia"
620880990,"pop_density",9,68.0378100991637,0.913609742439185,3.69736734468988e-09,1,0.000263260802703515,4.63351697618138,6.81020886684642,"aumento"
620880990,"population",9,817.537258572049,10.9778666178386,3.69736734468744e-09,1,0.000263260802703515,55.6759948730469,6.81020886684643,"aumento"
620881020,"pop_density",9,0,0,NA,NA,NA,0,NA,"sin tendencia"
620881020,"population",9,0,0,NA,NA,NA,0,NA,"sin tendencia"
620881023,"pop_density",9,0,0,NA,NA,NA,0,NA,"sin tendencia"
620881023,"population",9,0,0,NA,NA,NA,0,NA,"sin tendencia"
620881032,"pop_density",9,0,0,NA,NA,NA,0,NA,"sin tendencia"
620881032,"population",9,0,0,NA,NA,NA,0,NA,"sin tendencia"
620881045,"pop_density",9,0,0,NA,NA,NA,0,NA,"sin tendencia"
620881045,"population",9,0,0,NA,NA,NA,0,NA,"sin tendencia"
620882366,"pop_density",9,120.274574529546,1.40151625044822,1.26301092620786e-10,1,0.000263260802703515,7.05379211273626,5.86474085676641,"aumento"
620882366,"population",9,594.058451334635,6.92234893798827,1.26301092620925e-10,1,0.000263260802703515,34.8399887084962,5.86474085676641,"aumento"
620882396,"pop_density",9,0,0,NA,NA,NA,0,NA,"sin tendencia"
620882396,"population",9,0,0,NA,NA,NA,0,NA,"sin tendencia"
620882399,"pop_density",9,0,0,NA,NA,NA,0,NA,"sin tendencia"
620882399,"population",9,0,0,NA,NA,NA,0,NA,"sin tendencia"
620882400,"pop_density",9,0,0,NA,NA,NA,0,NA,"sin tendencia"
620882400,"population",9,0,0,NA,NA,NA,0,NA,"sin tendencia"
620882403,"pop_density",9,0,0,NA,NA,NA,0,NA,"sin tendencia"
620882403,"population",9,0,0,NA,NA,NA,0,NA,"sin tendencia"
620882421,"pop_density",9,0,0,NA,NA,NA,0,NA,"sin tendencia"
620882421,"population",9,0,0,NA,NA,NA,0,NA,"sin tendencia"
620883720,"pop_density",9,394.284679903555,5.07285489601944,1.41388813149294e-08,1,0.000263260802703515,25.3393476008945,6.4266629905815,"aumento"
620883720,"population",9,2359.29252115885,30.3545869954427,1.41388813149319e-08,1,0.000263260802703515,151.62377929688,6.42666299058179,"aumento"
620883742,"pop_density",9,256.503306941687,2.86132200899404,3.31687376229992e-09,1,0.000263260802703515,14.3132280982415,5.58013394404129,"aumento"
620883742,"population",9,2663.16200086806,29.7078588867187,3.31687376229896e-09,1,0.000263260802703515,148.608006795247,5.58013394404128,"aumento"
620883766,"pop_density",9,155.860492328716,1.08776578732524,5.92992763638466e-05,1,0.000263260802703515,4.73097011314313,3.03538763573602,"aumento"
620883766,"population",9,5192.58355034722,36.2395540364583,5.92992763638592e-05,1,0.000263260802703515,157.6150390625,3.03538763573598,"aumento"
620883775,"pop_density",9,0,0,NA,NA,NA,0,NA,"sin tendencia"
620883775,"population",9,0,0,NA,NA,NA,0,NA,"sin tendencia"
620885118,"pop_density",9,334.503980958266,3.79989554055909,6.39513065904142e-10,1,0.000263260802703515,19.3412019257618,5.78205433321131,"aumento"
620885118,"population",9,2349.69104003906,26.6920007324219,6.39513065904139e-10,1,0.000263260802703515,135.860412597656,5.78205433321129,"aumento"
620885142,"pop_density",9,241.666931045272,1.7243934406517,3.65992107615709e-05,1,0.000263260802703515,7.59211079975257,3.141559652748,"aumento"
620885142,"population",9,509.359313964844,3.63448923746745,3.65992107615717e-05,1,0.000263260802703515,16.0018266950336,3.14155965274802,"aumento"
620885149,"pop_density",9,0,0,NA,NA,NA,0,NA,"sin tendencia"
620885149,"population",9,0,0,NA,NA,NA,0,NA,"sin tendencia"
620885151,"pop_density",9,0,0,NA,NA,NA,0,NA,"sin tendencia"
620885151,"population",9,0,0,NA,NA,NA,0,NA,"sin tendencia"
620885167,"pop_density",9,9.39223137625202,0.172791175524945,0.000147781414791035,0.777777777777778,0.00487856447503363,0.815847657938879,8.68640928077779,"aumento"
620885167,"population",9,1.57098995976978,0.0289018861452738,0.000147781414791035,0.777777777777778,0.00487856447503363,0.136462617665529,8.68640928077779,"aumento"
620885175,"pop_density",9,0,0,NA,NA,NA,0,NA,"sin tendencia"
620885175,"population",9,0,0,NA,NA,NA,0,NA,"sin tendencia"
620886471,"pop_density",9,67.6448615246326,1.00920395340508,5.27703561688037e-09,1,0.000263260802703515,5.12351865290524,7.5741431609547,"aumento"
620886471,"population",9,55.4549848768446,0.827341334025064,5.27703561687967e-09,1,0.000263260802703515,4.20023994445802,7.57414316095475,"aumento"
620886494,"pop_density",9,301.107832042006,3.06157246163374,8.95856283354815e-09,1,0.000263260802703515,15.1094451062623,5.01795154373615,"aumento"
620886494,"population",9,6681.69254557292,67.9374088541667,8.95856283354914e-09,1,0.000263260802703515,335.284094238281,5.01795154373618,"aumento"
620886518,"pop_density",9,0.0412539583772604,0.00110954431410572,9.98616097568726e-06,1,0.000263260802703515,0.0054431971535447,13.1943633233145,"aumento"
620886518,"population",9,0.10442625068956,0.00280859236915907,9.98616097568761e-06,1,0.000263260802703515,0.0137783789208957,13.1943633233145,"aumento"
620886527,"pop_density",9,0,0,NA,NA,NA,0,NA,"sin tendencia"
620886527,"population",9,0,0,NA,NA,NA,0,NA,"sin tendencia"
620886573,"pop_density",9,5.78966732070682,0.131488380351966,5.72032806613469e-09,1,0.000263260802703515,0.660007423966783,11.3997469527525,"aumento"
620886573,"population",9,162.834547254774,3.69811419169108,5.72032806613416e-09,1,0.000263260802703515,18.5627263387044,11.3997469527525,"aumento"
620887903,"pop_density",9,0,0,NA,NA,NA,0,NA,"sin tendencia"
620887903,"population",9,0,0,NA,NA,NA,0,NA,"sin tendencia"
620887925,"pop_density",9,0,0,NA,NA,NA,0,NA,"sin tendencia"
620887925,"population",9,0,0,NA,NA,NA,0,NA,"sin tendencia"
620889232,"pop_density",9,262.452233477277,2.90416081944088,3.80498928266598e-07,1,0.000263260802703515,15.0350784917777,5.72869138607632,"aumento"
620889232,"population",9,6280.29372829861,69.4944856770833,3.80498928266595e-07,1,0.000263260802703515,359.778645833333,5.72869138607631,"aumento"
620889235,"pop_density",9,271.778894645248,2.94095241501573,3.44678222423574e-07,1,0.000263260802703515,15.2451562654068,5.60939666978417,"aumento"
620889235,"population",9,2436.28244357639,26.3633081054688,3.44678222423716e-07,1,0.000263260802703515,136.66074625651,5.60939666978415,"aumento"
620889279,"pop_density",9,0,0,NA,NA,NA,0,NA,"sin tendencia"
620889279,"population",9,0,0,NA,NA,NA,0,NA,"sin tendencia"
620889281,"pop_density",9,2477.65942265239,28.5124182454618,2.0118649822705e-07,1,0.000263260802703515,139.57401847411,5.63330121961206,"aumento"
620889281,"population",9,1423.15094672309,16.3773417154949,2.01186498227125e-07,1,0.000263260802703515,80.1703796386725,5.63330121961206,"aumento"
620889289,"pop_density",9,0.539622079878348,0.00596823237540585,4.22334170689706e-07,1,0.000263260802703515,0.0298454184586633,5.53080008612539,"aumento"
620889289,"population",9,12.4003822538588,0.137148507436117,4.22334170689682e-07,1,0.000263260802703515,0.6858403523763,5.53080008612539,"aumento"
620889293,"pop_density",9,0,0,NA,NA,NA,0,NA,"sin tendencia"
620889293,"population",9,0,0,NA,NA,NA,0,NA,"sin tendencia"
620889296,"pop_density",9,0,0,NA,NA,NA,0,NA,"sin tendencia"
620889296,"population",9,0,0,NA,NA,NA,0,NA,"sin tendencia"
620889297,"pop_density",9,0.0010656809706178,2.32968644176359e-06,0.437890975941515,0.166666666666667,0.602167527748196,2.02713059454193e-05,1.90219272974983,"sin tendencia"
620889297,"population",9,0.0217524530986945,4.75530636807291e-05,0.437890975941489,0.166666666666667,0.602167527748196,0.00041377358138562,1.90219272974988,"sin tendencia"
620889299,"pop_density",9,0,0,NA,NA,NA,0,NA,"sin tendencia"
620889299,"population",9,0,0,NA,NA,NA,0,NA,"sin tendencia"
620889301,"pop_density",9,0.00269013822390422,-8.07041467171267e-05,0.725369135954555,-0.117851130197758,0.846450596876591,0,0,"sin tendencia"
620889301,"population",9,0.0417561564180586,-0.00125268469254176,0.725369135954555,-0.117851130197758,0.846450596876591,0,0,"sin tendencia"
620889305,"pop_density",9,0,0,NA,NA,NA,0,NA,"sin tendencia"
620889305,"population",9,0,0,NA,NA,NA,0,NA,"sin tendencia"
620890611,"pop_density",9,197.262593085441,2.46532431878379,1.33512365647934e-09,1,0.000263260802703515,12.2399971175675,6.2049255898537,"aumento"
620890611,"population",9,2309.61866590712,28.8648697916667,1.33512365648018e-09,1,0.000263260802703515,143.31011962891,6.20492558985377,"aumento"
620890641,"pop_density",9,7.58579777094207,0.2172476552436,8.86936497379904e-08,1,0.000263260802703515,1.09088508762302,14.380624432169,"aumento"
620890641,"population",9,62.2172114054362,1.78182225545248,8.86936497379989e-08,1,0.000263260802703515,8.94722350438437,14.380624432169,"aumento"
620890649,"pop_density",9,0,0,NA,NA,NA,0,NA,"sin tendencia"
620890649,"population",9,0,0,NA,NA,NA,0,NA,"sin tendencia"
620890656,"pop_density",9,0,0,NA,NA,NA,0,NA,"sin tendencia"
620890656,"population",9,0,0,NA,NA,NA,0,NA,"sin tendencia"
620890657,"pop_density",9,0,0,NA,NA,NA,0,NA,"sin tendencia"
620890657,"population",9,0,0,NA,NA,NA,0,NA,"sin tendencia"
620890665,"pop_density",9,0,0,NA,NA,NA,0,NA,"sin tendencia"
620890665,"population",9,0,0,NA,NA,NA,0,NA,"sin tendencia"
620890681,"pop_density",9,0,0,NA,NA,NA,0,NA,"sin tendencia"
620890681,"population",9,0,0,NA,NA,NA,0,NA,"sin tendencia"
620890702,"pop_density",9,2.08131768546005,0.0464132734706332,3.56078826932215e-08,1,0.000263260802703515,0.229429757779203,11.0232935309196,"aumento"
620890702,"population",9,3.0514583322737,0.068047358194987,3.56078826932248e-08,1,0.000263260802703515,0.336371208940234,11.0232935309196,"aumento"
620892017,"pop_density",9,6.23162799565595,0.170999159756479,1.36668446873498e-07,1,0.000263260802703515,0.857516982402696,13.7607216444959,"aumento"
620892017,"population",9,19.7148568895128,0.540986073811849,1.3666844687349e-07,1,0.000263260802703515,2.71290657917659,13.7607216444959,"aumento"
620892025,"pop_density",9,0,0,NA,NA,NA,0,NA,"sin tendencia"
620892025,"population",9,0,0,NA,NA,NA,0,NA,"sin tendencia"
620892032,"pop_density",9,0.00357020322267184,9.9450716006518e-05,4.67583855477346e-08,1,0.000263260802703515,0.00051130385433005,14.3214215673528,"aumento"
620892032,"population",9,0.0742682723535432,0.00206879900147518,4.67583855477394e-08,1,0.000263260802703515,0.0106362723745406,14.3214215673527,"aumento"
620892035,"pop_density",9,0,0,NA,NA,NA,0,NA,"sin tendencia"
620892035,"population",9,0,0,NA,NA,NA,0,NA,"sin tendencia"
620893371,"pop_density",9,146.834010436686,1.67340301568951,6.56536974102351e-09,1,0.000263260802703515,8.3211369064065,5.66703645950919,"aumento"
620893371,"population",9,1363.007941352,15.5336055501301,6.56536974102558e-09,1,0.000263260802703515,77.2421569824208,5.667036459509,"aumento"
620893374,"pop_density",9,258.737886973395,2.14231769160555,5.85697907124241e-05,1,0.000263260802703515,9.76974064547625,3.77592194160603,"aumento"
620893374,"population",9,1386.25408257378,11.4780122884113,5.8569790712426e-05,1,0.000263260802703515,52.34387207031,3.77592194160582,"aumento"
620893391,"pop_density",9,6.52109952496071,0.209936948219827,1.06829334669992e-06,1,0.000263260802703515,1.05159250756646,16.1259999719571,"aumento"
620893391,"population",9,181.365830315484,5.83879892985027,1.06829334669994e-06,1,0.000263260802703515,29.2470537458148,16.1259999719571,"aumento"
620893401,"pop_density",9,0,0,NA,NA,NA,0,NA,"sin tendencia"
620893401,"population",9,0,0,NA,NA,NA,0,NA,"sin tendencia"
620893406,"pop_density",9,0,0,NA,NA,NA,0,NA,"sin tendencia"
620893406,"population",9,0,0,NA,NA,NA,0,NA,"sin tendencia"
620893412,"pop_density",9,0,0,NA,NA,NA,0,NA,"sin tendencia"
620893412,"population",9,0,0,NA,NA,NA,0,NA,"sin tendencia"
620893426,"pop_density",9,0,0,NA,NA,NA,0,NA,"sin tendencia"
620893426,"population",9,0,0,NA,NA,NA,0,NA,"sin tendencia"
620893432,"pop_density",9,0,0,NA,NA,NA,0,NA,"sin tendencia"
620893432,"population",9,0,0,NA,NA,NA,0,NA,"sin tendencia"
620894751,"pop_density",9,252.084181254131,2.73824239505966,3.71882734238585e-09,1,0.000263260802703515,13.7718448616287,5.46319280849481,"aumento"
620894751,"population",9,1675.96674262153,18.2050423177082,3.71882734238841e-09,1,0.000263260802703515,91.5612945556631,5.46319280849476,"aumento"
620894802,"pop_density",9,0,0,NA,NA,NA,0,NA,"sin tendencia"
620894802,"population",9,0,0,NA,NA,NA,0,NA,"sin tendencia"
620894803,"pop_density",9,2.69859675199435,0.039400784026698,1.11591662271185e-07,1,0.000263260802703515,0.189528045587555,7.02320735572988,"aumento"
620894803,"population",9,43.0471585591634,0.628508796691893,1.11591662271174e-07,1,0.000263260802703515,3.02329120635986,7.02320735572986,"aumento"
620894808,"pop_density",9,0,0,NA,NA,NA,0,NA,"sin tendencia"
620894808,"population",9,0,0,NA,NA,NA,0,NA,"sin tendencia"
620896107,"pop_density",9,2621.31615824219,31.4172872817087,9.08212517218696e-11,1,0.000263260802703515,155.76988506977,5.94243027801067,"aumento"
620896107,"population",9,8795.09716796875,105.411967773437,9.08212517218474e-11,1,0.000263260802703515,522.642517089844,5.94243027801078,"aumento"
620896164,"pop_density",9,0,0,NA,NA,NA,0,NA,"sin tendencia"
620896164,"population",9,0,0,NA,NA,NA,0,NA,"sin tendencia"
620896175,"pop_density",9,0,0,NA,NA,NA,0,NA,"sin tendencia"
620896175,"population",9,0,0,NA,NA,NA,0,NA,"sin tendencia"
620896184,"pop_density",9,0,0,NA,NA,NA,0,NA,"sin tendencia"
620896184,"population",9,0,0,NA,NA,NA,0,NA,"sin tendencia"
620897483,"pop_density",9,1290.52942223618,18.6166724045946,3.98887492946228e-10,1,0.000263260802703515,94.1044145642256,7.29192321715263,"aumento"
620897483,"population",9,8206.6900499132,118.386499023437,3.98887492945943e-10,1,0.000263260802703515,598.425537109375,7.29192321715263,"aumento"
620897538,"pop_density",9,0,0,NA,NA,NA,0,NA,"sin tendencia"
620897538,"population",9,0,0,NA,NA,NA,0,NA,"sin tendencia"
620897541,"pop_density",9,0,0,NA,NA,NA,0,NA,"sin tendencia"
620897541,"population",9,0,0,NA,NA,NA,0,NA,"sin tendencia"
620897551,"pop_density",9,0,0,NA,NA,NA,0,NA,"sin tendencia"
620897551,"population",9,0,0,NA,NA,NA,0,NA,"sin tendencia"
620898852,"pop_density",9,138.60123242861,3.00673885991698,2.6205416000044e-07,1,0.000263260802703515,15.0393197132932,10.8507835390566,"aumento"
620898852,"population",9,475.253777398003,10.3098939005534,2.62054160000434e-07,1,0.000263260802703515,51.5687586466472,10.8507835390566,"aumento"
620898855,"pop_density",9,500.73285651317,7.05312015042642,4.08569444293417e-11,1,0.000263260802703515,35.7044732796197,7.13044347204337,"aumento"
620898855,"population",9,13377.0777994792,188.424098307292,4.08569444293393e-11,1,0.000263260802703515,953.844970703125,7.13044347204337,"aumento"
620898893,"pop_density",9,20.1200158591603,0.425635067262246,1.36087975819711e-07,1,0.000263260802703515,2.07600978426,10.318131947768,"aumento"
620898893,"population",9,488.607398139106,10.3363955688477,1.36087975819687e-07,1,0.000263260802703515,50.4151560465495,10.3181319477681,"aumento"
620898901,"pop_density",9,0,0,NA,NA,NA,0,NA,"sin tendencia"
620898901,"population",9,0,0,NA,NA,NA,0,NA,"sin tendencia"
620898913,"pop_density",9,0,0,NA,NA,NA,0,NA,"sin tendencia"
620898913,"population",9,0,0,NA,NA,NA,0,NA,"sin tendencia"
620898933,"pop_density",9,0.00828484257786725,0.000225899792251304,2.33719482465313e-07,1,0.000263260802703515,0.00112628890290436,13.5945721637876,"aumento"
620898933,"population",9,0.856445954905617,0.0233524006605149,2.33719482465325e-07,1,0.000263260802703515,0.116430163383485,13.5945721637877,"aumento"
620900236,"pop_density",9,1537.16409327629,22.1870064972736,2.01960743083701e-09,1,0.000263260802703515,110.844734642589,7.21098906274453,"aumento"
620900236,"population",9,14500.6090494792,209.297828776042,2.01960743083655e-09,1,0.000263260802703515,1045.63733258929,7.21098906274452,"aumento"
620900270,"pop_density",9,0.0484461742382937,0.00113660906901771,7.5598011377862e-08,1,0.000263260802703515,0.0055876219542502,11.5336701857327,"aumento"
620900270,"population",9,0.632215744919247,0.0148325881361961,7.55980113778593e-08,1,0.000263260802703515,0.0729176788812592,11.5336701857327,"aumento"
620900277,"pop_density",9,0,0,NA,NA,NA,0,NA,"sin tendencia"
620900277,"population",9,0,0,NA,NA,NA,0,NA,"sin tendencia"
620900279,"pop_density",9,0.0214308137744997,0.000576391647218764,9.98617937138266e-06,1,0.000263260802703515,0.00282765922534798,13.1943623564709,"aumento"
620900279,"population",9,0.430603727698326,0.0115812863906225,9.9861793713822e-06,1,0.000263260802703515,0.0568154161529883,13.1943623564709,"aumento"
620900285,"pop_density",9,0,0,NA,NA,NA,0,NA,"sin tendencia"
620900285,"population",9,0,0,NA,NA,NA,0,NA,"sin tendencia"
620900286,"pop_density",9,0,0,NA,NA,NA,0,NA,"sin tendencia"
620900286,"population",9,0,0,NA,NA,NA,0,NA,"sin tendencia"
620901612,"pop_density",9,2193.38790753245,30.9779396524612,3.38940755393657e-11,1,0.000263260802703515,157.095893572412,7.16224854860004,"aumento"
620901612,"population",9,12147.6720920139,171.565572916667,3.38940755393672e-11,1,0.000263260802703515,870.046468098958,7.16224854860005,"aumento"
620901658,"pop_density",9,165.869214730802,1.71769093721925,1.0696842199614e-05,0.944444444444444,0.000580666545949214,8.23380924327502,4.96403703160838,"aumento"
620901658,"population",9,3299.83913845486,34.1721264648436,1.0696842199618e-05,0.944444444444444,0.000580666545949214,163.805236816405,4.96403703160833,"aumento"
620901661,"pop_density",9,0,0,NA,NA,NA,0,NA,"sin tendencia"
620901661,"population",9,0,0,NA,NA,NA,0,NA,"sin tendencia"
620901662,"pop_density",9,0,0,NA,NA,NA,0,NA,"sin tendencia"
620901662,"population",9,0,0,NA,NA,NA,0,NA,"sin tendencia"
620903023,"pop_density",9,0,0,NA,NA,NA,0,NA,"sin tendencia"
620903023,"population",9,0,0,NA,NA,NA,0,NA,"sin tendencia"
620903034,"pop_density",9,16.5352574234533,0.18408634358191,7.73973472859265e-09,1,0.000263260802703515,0.919244257292804,5.55929813338716,"aumento"
620903034,"population",9,576.963439941406,6.42331034342449,7.73973472858957e-09,1,0.000263260802703515,32.075117746989,5.55929813338716,"aumento"
620903038,"pop_density",9,0,0,NA,NA,NA,0,NA,"sin tendencia"
620903038,"population",9,0,0,NA,NA,NA,0,NA,"sin tendencia"
620903064,"pop_density",9,0,0,NA,NA,NA,0,NA,"sin tendencia"
620903064,"population",9,0,0,NA,NA,NA,0,NA,"sin tendencia"
620904386,"pop_density",9,3.65731972009229,0.0372889334026118,5.32285604245097e-05,1,0.000263260802703515,0.194474214874786,5.31739715853658,"aumento"
620904386,"population",9,57.809886932373,0.58941224416097,5.32285604245122e-05,1,0.000263260802703515,3.0739812850952,5.31739715853656,"aumento"
620904410,"pop_density",9,0.309963831716858,0.00626873798755479,0.00356719018262962,0.611111111111111,0.028567681801513,0.0317217991085246,10.2340324459214,"aumento"
620904410,"population",9,0.611099623971515,0.0123589368661245,0.00356719018262966,0.611111111111111,0.028567681801513,0.0625401337941487,10.2340324459214,"aumento"
620904437,"pop_density",9,0,0,NA,NA,NA,0,NA,"sin tendencia"
620904437,"population",9,0,0,NA,NA,NA,0,NA,"sin tendencia"
620904440,"pop_density",9,0,0,NA,NA,NA,0,NA,"sin tendencia"
620904440,"population",9,0,0,NA,NA,NA,0,NA,"sin tendencia"
620905734,"pop_density",9,104.930052985449,1.436277962683,1.11365729641999e-10,1,0.000263260802703515,7.30165355259622,6.95859131378575,"aumento"
620905734,"population",9,436.895890977648,5.9802117919922,1.11365729642012e-10,1,0.000263260802703515,30.4017995198567,6.95859131378557,"aumento"
620905779,"pop_density",9,0.667061051598921,0.0186501040728068,3.25627794252655e-07,1,0.000263260802703515,0.0947305694444738,14.2011843169989,"aumento"
620905779,"population",9,8.00983397165935,0.223943875630697,3.25627794252679e-07,1,0.000263260802703515,1.13749128580094,14.2011843169989,"aumento"
620905784,"pop_density",9,0.173757128170391,0.00477623503847463,2.78779872123102e-07,1,0.000263260802703515,0.0241844243735762,13.9185221511375,"aumento"
620905784,"population",9,11.5995391739739,0.318848072687784,2.78779872123127e-07,1,0.000263260802703515,1.61448442935943,13.9185221511375,"aumento"
620905796,"pop_density",9,0,0,NA,NA,NA,0,NA,"sin tendencia"
620905796,"population",9,0,0,NA,NA,NA,0,NA,"sin tendencia"
620905816,"pop_density",9,0,0,NA,NA,NA,0,NA,"sin tendencia"
620905816,"population",9,0,0,NA,NA,NA,0,NA,"sin tendencia"
620907170,"pop_density",9,20.845259478607,0.538830692929199,1.02690072463347e-07,1,0.000263260802703515,2.6819084068176,12.8657952642421,"aumento"
620907170,"population",9,231.895942687988,5.99429580688475,1.02690072463359e-07,1,0.000263260802703515,29.8352572123209,12.8657952642422,"aumento"
620907174,"pop_density",9,0,0,NA,NA,NA,0,NA,"sin tendencia"
620907174,"population",9,0,0,NA,NA,NA,0,NA,"sin tendencia"
620907192,"pop_density",9,0,0,NA,NA,NA,0,NA,"sin tendencia"
620907192,"population",9,0,0,NA,NA,NA,0,NA,"sin tendencia"
620908545,"pop_density",9,0,0,NA,NA,NA,0,NA,"sin tendencia"
620908545,"population",9,0,0,NA,NA,NA,0,NA,"sin tendencia"
620909891,"pop_density",9,111.352240111492,0.980781095094281,1.61300638705597e-06,1,0.000263260802703515,4.39064004389964,3.94301905332439,"aumento"
620909891,"population",9,1157.94331190321,10.1990665690104,1.61300638705638e-06,1,0.000263260802703515,45.6579254150387,3.94301905332436,"aumento"
620909896,"pop_density",9,0,0,NA,NA,NA,0,NA,"sin tendencia"
620909896,"population",9,0,0,NA,NA,NA,0,NA,"sin tendencia"
620909946,"pop_density",9,0,0,NA,NA,NA,0,NA,"sin tendencia"
620909946,"population",9,0,0,NA,NA,NA,0,NA,"sin tendencia"
620909950,"pop_density",9,0,0,NA,NA,NA,0,NA,"sin tendencia"
620909950,"population",9,0,0,NA,NA,NA,0,NA,"sin tendencia"
620911286,"pop_density",9,0.838975984811096,0.0225646472423465,9.98617803891403e-06,1,0.000263260802703515,0.110697536788306,13.1943629844459,"aumento"
620911286,"population",9,0.00879816498814358,0.000236630717602869,9.98617803891396e-06,1,0.000263260802703515,0.00116086182450609,13.1943629844458,"aumento"
620911291,"pop_density",9,0.415503470076418,0.0113580061245329,2.96712532658705e-07,1,0.000263260802703515,0.0577506850957734,13.8989657740168,"aumento"
620911291,"population",9,22.9258762995402,0.626690899531047,2.96712532658677e-07,1,0.000263260802703515,3.18645970026652,13.8989657740168,"aumento"
620911335,"pop_density",9,0,0,NA,NA,NA,0,NA,"sin tendencia"
620911335,"population",9,0,0,NA,NA,NA,0,NA,"sin tendencia"
620912648,"pop_density",9,0,0,NA,NA,NA,0,NA,"sin tendencia"
620912648,"population",9,0,0,NA,NA,NA,0,NA,"sin tendencia"
620912657,"pop_density",9,0,0,NA,NA,NA,0,NA,"sin tendencia"
620912657,"population",9,0,0,NA,NA,NA,0,NA,"sin tendencia"
620912665,"pop_density",9,0,0,NA,NA,NA,0,NA,"sin tendencia"
620912665,"population",9,0,0,NA,NA,NA,0,NA,"sin tendencia"
620912684,"pop_density",9,0,0,NA,NA,NA,0,NA,"sin tendencia"
620912684,"population",9,0,0,NA,NA,NA,0,NA,"sin tendencia"
620914040,"pop_density",9,0,0,NA,NA,NA,0,NA,"sin tendencia"
620914040,"population",9,0,0,NA,NA,NA,0,NA,"sin tendencia"
620914041,"pop_density",9,0,0,NA,NA,NA,0,NA,"sin tendencia"
620914041,"population",9,0,0,NA,NA,NA,0,NA,"sin tendencia"
620914059,"pop_density",9,0,0,NA,NA,NA,0,NA,"sin tendencia"
620914059,"population",9,0,0,NA,NA,NA,0,NA,"sin tendencia"
620914060,"pop_density",9,0,0,NA,NA,NA,0,NA,"sin tendencia"
620914060,"population",9,0,0,NA,NA,NA,0,NA,"sin tendencia"
620915389,"pop_density",9,459.858254147984,4.80126312183994,2.06085472364728e-07,1,0.000263260802703515,23.6043902094644,5.13297086581562,"aumento"
620915389,"population",9,3886.86499023438,40.5817692057291,2.06085472364715e-07,1,0.000263260802703515,199.511647542317,5.13297086581561,"aumento"
620915409,"pop_density",9,0,0,NA,NA,NA,0,NA,"sin tendencia"
620915409,"population",9,0,0,NA,NA,NA,0,NA,"sin tendencia"
620915410,"pop_density",9,13.8083468422125,0.398521266612031,3.54423318171727e-08,1,0.000263260802703515,1.9914298838652,14.4219283207556,"aumento"
620915410,"population",9,738.060685899522,21.3010929361979,3.54423318171735e-08,1,0.000263260802703515,106.442583084107,14.4219283207556,"aumento"
620915427,"pop_density",9,0,0,NA,NA,NA,0,NA,"sin tendencia"
620915427,"population",9,0,0,NA,NA,NA,0,NA,"sin tendencia"
620915446,"pop_density",9,0,0,NA,NA,NA,0,NA,"sin tendencia"
620915446,"population",9,0,0,NA,NA,NA,0,NA,"sin tendencia"
620915447,"pop_density",9,0.95054386009664,0.0269376089345545,1.40096864314498e-07,1,0.000263260802703515,0.135961089499609,14.3035050992582,"aumento"
620915447,"population",9,29.1667096879747,0.826559880574544,1.400968643145e-07,1,0.000263260802703515,4.1718618075053,14.3035050992582,"aumento"
620916765,"pop_density",9,2745.2586301592,47.4326242299269,2.45870124453867e-11,1,0.000263260802703515,236.444332044226,8.61282537997209,"aumento"
620916765,"population",9,46829.9728732639,809.129049479167,2.4587012445392e-11,1,0.000263260802703515,4033.3837890625,8.61282537997205,"aumento"
620916798,"pop_density",9,0,0,NA,NA,NA,0,NA,"sin tendencia"
620916798,"population",9,0,0,NA,NA,NA,0,NA,"sin tendencia"
620916807,"pop_density",9,5.56149221833948,0.0530617296241318,4.19389380877199e-07,1,0.000263260802703515,0.253146872273558,4.55177967234739,"aumento"
620916807,"population",9,166.537809583876,1.58892323811848,4.19389380877172e-07,1,0.000263260802703515,7.58043416341146,4.55177967234738,"aumento"
620916813,"pop_density",9,0,0,NA,NA,NA,0,NA,"sin tendencia"
620916813,"population",9,0,0,NA,NA,NA,0,NA,"sin tendencia"
620918169,"pop_density",9,0,0,NA,NA,NA,0,NA,"sin tendencia"
620918169,"population",9,0,0,NA,NA,NA,0,NA,"sin tendencia"
620918175,"pop_density",9,0,0,NA,NA,NA,0,NA,"sin tendencia"
620918175,"population",9,0,0,NA,NA,NA,0,NA,"sin tendencia"
620918177,"pop_density",9,1504.50460167775,16.5665693697777,1.41766414765302e-06,1,0.000263260802703515,78.1329610852369,5.19326833551101,"aumento"
620918177,"population",9,4614.6725531684,50.8135986328125,1.41766414765295e-06,1,0.000263260802703515,239.652328491211,5.19326833551099,"aumento"
620919535,"pop_density",9,0,0,NA,NA,NA,0,NA,"sin tendencia"
620919535,"population",9,0,0,NA,NA,NA,0,NA,"sin tendencia"
620919548,"pop_density",9,0,0,NA,NA,NA,0,NA,"sin tendencia"
620919548,"population",9,0,0,NA,NA,NA,0,NA,"sin tendencia"
620919551,"pop_density",9,0,0,NA,NA,NA,0,NA,"sin tendencia"
620919551,"population",9,0,0,NA,NA,NA,0,NA,"sin tendencia"
620919553,"pop_density",9,95.3158449230784,1.16181861299539,3.74792402602178e-08,1,0.000263260802703515,5.7788970205445,6.06289229792609,"aumento"
620919553,"population",9,807.894205729166,9.84753926595047,3.74792402602174e-08,1,0.000263260802703515,48.9817555745439,6.06289229792598,"aumento"
620919555,"pop_density",9,0,0,NA,NA,NA,0,NA,"sin tendencia"
620919555,"population",9,0,0,NA,NA,NA,0,NA,"sin tendencia"
620919557,"pop_density",9,0,0,NA,NA,NA,0,NA,"sin tendencia"
620919557,"population",9,0,0,NA,NA,NA,0,NA,"sin tendencia"
620920909,"pop_density",9,9.2945881569752,0.24934947744763,1.16281082929018e-07,1,0.000263260802703515,1.25002872073421,13.4489952607111,"aumento"
620920909,"population",9,250.152903238932,6.71094777425129,1.1628108292902e-07,1,0.000263260802703515,33.6430521011351,13.4489952607111,"aumento"
620920911,"pop_density",9,0,0,NA,NA,NA,0,NA,"sin tendencia"
620920911,"population",9,0,0,NA,NA,NA,0,NA,"sin tendencia"
620920915,"pop_density",9,3.29489858744276,0.0676899942524065,1.71821752571798e-07,1,0.000263260802703515,0.338863271014584,10.2844825727272,"aumento"
620920915,"population",9,43.8328954908583,0.900497652689615,1.71821752571794e-07,1,0.000263260802703515,4.50798649787902,10.2844825727271,"aumento"
620920924,"pop_density",9,0.0136318725516215,0.000379471740518048,4.55107713431668e-07,1,0.000263260802703515,0.00189528636606463,13.9033456987476,"aumento"
620920924,"population",9,0.344107076525688,0.00957894161343575,4.55107713431667e-07,1,0.000263260802703515,0.0478423964232206,13.9033456987477,"aumento"
620920929,"pop_density",9,79.3877437533461,0.724768228737524,1.85358341448216e-05,1,0.000263260802703515,3.42110100969005,4.30935664366435,"aumento"
620920929,"population",9,3783.18760850694,34.5385074869792,1.85358341448212e-05,1,0.000263260802703515,163.03104654948,4.30935664366434,"aumento"
620920933,"pop_density",9,0,0,NA,NA,NA,0,NA,"sin tendencia"
620920933,"population",9,0,0,NA,NA,NA,0,NA,"sin tendencia"
620920936,"pop_density",9,0.153276501795964,0.00174152221098652,7.10794969349494e-07,1,0.000263260802703515,0.0085150702097752,5.55536570185438,"aumento"
620920936,"population",9,2.51392873128255,0.0285631696383158,7.10794969349522e-07,1,0.000263260802703515,0.139657934506734,5.55536570185439,"aumento"
620920939,"pop_density",9,1.63162010664405,0.0455721725746899,6.10801683044733e-08,1,0.000263260802703515,0.228114617697474,13.9808658135909,"aumento"
620920939,"population",9,59.1138159434001,1.65108594258626,6.10801683044816e-08,1,0.000263260802703515,8.26462328433991,13.980865813591,"aumento"
620922282,"pop_density",9,0,0,NA,NA,NA,0,NA,"sin tendencia"
620922282,"population",9,0,0,NA,NA,NA,0,NA,"sin tendencia"
620922285,"pop_density",9,9.95433284992178,0.259787285250421,1.31930737480828e-07,1,0.000263260802703515,1.30318433244541,13.0916290633746,"aumento"
620922285,"population",9,116.880909813775,3.0503474934896,1.31930737480846e-07,1,0.000263260802703515,15.3016151587169,13.0916290633747,"aumento"
620922292,"pop_density",9,0,0,NA,NA,NA,0,NA,"sin tendencia"
620922292,"population",9,0,0,NA,NA,NA,0,NA,"sin tendencia"
620922307,"pop_density",9,0,0,NA,NA,NA,0,NA,"sin tendencia"
620922307,"population",9,0,0,NA,NA,NA,0,NA,"sin tendencia"
620922309,"pop_density",9,0.129803064427615,0.00356796087752909,1.76232365954453e-07,1,0.000263260802703515,0.0180384686700943,13.8967972363654,"aumento"
620922309,"population",9,2.22702960173289,0.0612154614925384,1.76232365954457e-07,1,0.000263260802703515,0.309485788146655,13.8967972363654,"aumento"
620922312,"pop_density",9,0,0,NA,NA,NA,0,NA,"sin tendencia"
620922312,"population",9,0,0,NA,NA,NA,0,NA,"sin tendencia"
620923686,"pop_density",9,6.41434442124975,0.184157773143154,7.91562929194159e-08,1,0.000263260802703515,0.922155140927153,14.3764519078862,"aumento"
620923686,"population",9,359.424031575521,10.3191729227702,7.91562929194181e-08,1,0.000263260802703515,51.6724230448405,14.3764519078862,"aumento"
620923688,"pop_density",9,0,0,NA,NA,NA,0,NA,"sin tendencia"
620923688,"population",9,0,0,NA,NA,NA,0,NA,"sin tendencia"
620925020,"pop_density",9,1340.97705299295,16.1972394688122,5.39011548424051e-09,1,0.000263260802703515,81.2961187129604,6.0624541286157,"aumento"
620925020,"population",9,11912.9022352431,143.892194010417,5.3901154842453e-09,1,0.000263260802703515,722.214233398438,6.06245412861564,"aumento"
620925039,"pop_density",9,0.102993587484233,0.00281897254987491,8.59738749725396e-08,1,0.000263260802703515,0.014386157873131,13.9680131788141,"aumento"
620925039,"population",9,1.90519256061978,0.052145824432373,8.59738749725524e-08,1,0.000263260802703515,0.266117547949155,13.968013178814,"aumento"
620925041,"pop_density",9,0,0,NA,NA,NA,0,NA,"sin tendencia"
620925041,"population",9,0,0,NA,NA,NA,0,NA,"sin tendencia"
620925062,"pop_density",9,0.180110291315169,0.00474134523906892,1.5463386305322e-08,1,0.000263260802703515,0.0237300322114626,13.1752783464984,"aumento"
620925062,"population",9,2.94139173295763,0.0774311872323353,1.54633863053212e-08,1,0.000263260802703515,0.38753654807806,13.1752783464984,"aumento"
620925071,"pop_density",9,0,0,NA,NA,NA,0,NA,"sin tendencia"
620925071,"population",9,0,0,NA,NA,NA,0,NA,"sin tendencia"
620926396,"pop_density",9,2046.37882302219,18.2003172613683,0.000126105239777073,1,0.000263260802703515,85.06723451324,4.15696417282157,"aumento"
620926396,"population",9,26765.9952256944,238.054459635417,0.000126105239777075,1,0.000263260802703515,1112.65283203125,4.15696417282157,"aumento"
620926417,"pop_density",9,0,0,NA,NA,NA,0,NA,"sin tendencia"
620926417,"population",9,0,0,NA,NA,NA,0,NA,"sin tendencia"
620926418,"pop_density",9,70.0652172239439,0.622036502962259,1.14930932589809e-07,1,0.000263260802703515,2.95879289255834,4.22291260883611,"aumento"
620926418,"population",9,1329.54188368056,11.8036254882812,1.14930932589795e-07,1,0.000263260802703515,56.145391845704,4.22291260883616,"aumento"
620926425,"pop_density",9,0,0,NA,NA,NA,0,NA,"sin tendencia"
620926425,"population",9,0,0,NA,NA,NA,0,NA,"sin tendencia"
620926433,"pop_density",9,0,0,NA,NA,NA,0,NA,"sin tendencia"
620926433,"population",9,0,0,NA,NA,NA,0,NA,"sin tendencia"
620926438,"pop_density",9,0.00651340280162891,0.000171463223819137,1.5463377726052e-08,1,0.000263260802703515,0.000858158948387853,13.1752783379717,"aumento"
620926438,"population",9,0.132172063820892,0.00347938686609267,1.54633777260528e-08,1,0.000263260802703515,0.017414037293444,13.1752783379717,"aumento"
620926456,"pop_density",9,0,0,NA,NA,NA,0,NA,"sin tendencia"
620926456,"population",9,0,0,NA,NA,NA,0,NA,"sin tendencia"
620927772,"pop_density",9,3392.37552650812,54.7604061343295,5.06219764071005e-10,1,0.000263260802703515,274.784720277211,8.10006787662613,"aumento"
620927772,"population",9,78865.5138888889,1273.06294270833,5.06219764071129e-10,1,0.000263260802703515,6388.16015625,8.10006787662612,"aumento"
620927810,"pop_density",9,66.8612986039873,1.71720153206917,1.259376493319e-09,1,0.000263260802703515,8.81553195735725,13.1848051734244,"aumento"
620927810,"population",9,947.416222466362,24.3325305175781,1.2593764933189e-09,1,0.000263260802703515,124.914983113607,13.1848051734244,"aumento"
620927814,"pop_density",9,1.28512802894534,0.0368348780373668,4.42453761792068e-07,1,0.000263260802703515,0.178235473624873,13.8690830493476,"aumento"
620927814,"population",9,10.6539884673225,0.305369081497192,4.42453761792014e-07,1,0.000263260802703515,1.47761050860087,13.8690830493477,"aumento"
620929149,"pop_density",9,1195.81857462542,14.1924137957087,1.11148121191426e-07,1,0.000263260802703515,71.6963684242507,5.99558912577595,"aumento"
620929149,"population",9,3820.65367296007,45.3449202473958,1.11148121191391e-07,1,0.000263260802703515,229.070696149552,5.99558912577592,"aumento"
620929175,"pop_density",9,479.845936591114,4.92923636840829,2.78001393905264e-07,1,0.000263260802703515,23.8608081865727,4.97259773753277,"aumento"
620929175,"population",9,2116.18341742622,21.7385778808593,2.78001393905312e-07,1,0.000263260802703515,105.22928873698,4.97259773753279,"aumento"
620929184,"pop_density",9,0,0,NA,NA,NA,0,NA,"sin tendencia"
620929184,"population",9,0,0,NA,NA,NA,0,NA,"sin tendencia"
620929186,"pop_density",9,0,0,NA,NA,NA,0,NA,"sin tendencia"
620929186,"population",9,0,0,NA,NA,NA,0,NA,"sin tendencia"
620929190,"pop_density",9,5.32747235328851,0.152698246397511,4.42454808456616e-07,1,0.000263260802703515,0.738871579665115,13.8690833225822,"aumento"
620929190,"population",9,4.4097753100925,0.126394828955332,4.42454808456622e-07,1,0.000263260802703515,0.611595412095387,13.8690833225822,"aumento"
620929191,"pop_density",9,366.801469578166,10.5328232698267,6.83152766142068e-08,1,0.000263260802703515,52.7018844688806,14.3679589205271,"aumento"
620929191,"population",9,31.9317070643107,0.916929334004721,6.83152766142002e-08,1,0.000263260802703515,4.58793455362319,14.367958920527,"aumento"
620929194,"pop_density",9,0,0,NA,NA,NA,0,NA,"sin tendencia"
620929194,"population",9,0,0,NA,NA,NA,0,NA,"sin tendencia"
620929214,"pop_density",9,0,0,NA,NA,NA,0,NA,"sin tendencia"
620929214,"population",9,0,0,NA,NA,NA,0,NA,"sin tendencia"
620930537,"pop_density",9,4.14951242726004,0.0474455873454925,3.42653585440294e-09,1,0.000263260802703515,0.236624459461738,5.7024641716276,"aumento"
620930537,"population",9,98.3034540812174,1.12400316874186,3.42653585440095e-09,1,0.000263260802703515,5.6057192484537,5.70246417162749,"aumento"
620930544,"pop_density",9,0,0,NA,NA,NA,0,NA,"sin tendencia"
620930544,"population",9,0,0,NA,NA,NA,0,NA,"sin tendencia"
620930551,"pop_density",9,0,0,NA,NA,NA,0,NA,"sin tendencia"
620930551,"population",9,0,0,NA,NA,NA,0,NA,"sin tendencia"
620930560,"pop_density",9,0,0,NA,NA,NA,0,NA,"sin tendencia"
620930560,"population",9,0,0,NA,NA,NA,0,NA,"sin tendencia"
620930562,"pop_density",9,0,0,NA,NA,NA,0,NA,"sin tendencia"
620930562,"population",9,0,0,NA,NA,NA,0,NA,"sin tendencia"
620930570,"pop_density",9,0,0,NA,NA,NA,0,NA,"sin tendencia"
620930570,"population",9,0,0,NA,NA,NA,0,NA,"sin tendencia"
620931942,"pop_density",9,0,0,NA,NA,NA,0,NA,"sin tendencia"
620931942,"population",9,0,0,NA,NA,NA,0,NA,"sin tendencia"
620931950,"pop_density",9,0,0,NA,NA,NA,0,NA,"sin tendencia"
620931950,"population",9,0,0,NA,NA,NA,0,NA,"sin tendencia"
620933266,"pop_density",9,762.768695964012,14.5533701114062,1.24113558680759e-07,1,0.000263260802703515,72.8693817146082,9.55327376440291,"aumento"
620933266,"population",9,9245.26177300347,176.396484375,1.24113558680754e-07,1,0.000263260802703515,883.225167410714,9.55327376440293,"aumento"
620933298,"pop_density",9,0,0,NA,NA,NA,0,NA,"sin tendencia"
620933298,"population",9,0,0,NA,NA,NA,0,NA,"sin tendencia"
620933305,"pop_density",9,0,0,NA,NA,NA,0,NA,"sin tendencia"
620933305,"population",9,0,0,NA,NA,NA,0,NA,"sin tendencia"
620933310,"pop_density",9,72.4193233702778,0.610870109041294,2.44057560298541e-08,1,0.000263260802703515,3.03954810944397,4.19715066088488,"aumento"
620933310,"population",9,2.29529574182298,0.0193612353006999,2.440575602986e-08,1,0.000263260802703515,0.0963370203971884,4.19715066088499,"aumento"
620934634,"pop_density",9,2135.29094024445,28.4016777298258,3.95254442600194e-09,1,0.000263260802703515,143.498209624351,6.72031182822907,"aumento"
620934634,"population",9,7044.70627170139,93.7022086588541,3.95254442600202e-09,1,0.000263260802703515,473.426228841146,6.7203118282291,"aumento"
620934642,"pop_density",9,122.963276877413,1.31771197174048,2.8360759650661e-06,1,0.000263260802703515,6.73642658690582,5.47840522631942,"aumento"
620934642,"population",9,67.3049447801378,0.721260312398275,2.83607596506668e-06,1,0.000263260802703515,3.68723761240641,5.47840522631933,"aumento"
620934686,"pop_density",9,22.5418715976957,0.202000733815362,3.28278606315193e-09,1,0.000263260802703515,1.01154687787925,4.48741300603741,"aumento"
620934686,"population",9,252.854512532552,2.26586318969726,3.28278606315228e-09,1,0.000263260802703515,11.3466262817383,4.48741300603742,"aumento"
620934690,"pop_density",9,1.73904716646621,0.0417744207621535,1.02056738864527e-07,1,0.000263260802703515,0.209095805582363,12.023584501578,"aumento"
620934690,"population",9,25.3908499611749,0.60992483139038,1.02056738864525e-07,1,0.000263260802703515,3.05289030075074,12.023584501578,"aumento"
620934711,"pop_density",9,0,0,NA,NA,NA,0,NA,"sin tendencia"
620934711,"population",9,0,0,NA,NA,NA,0,NA,"sin tendencia"
620936044,"pop_density",9,0,0,NA,NA,NA,0,NA,"sin tendencia"
620936044,"population",9,0,0,NA,NA,NA,0,NA,"sin tendencia"
620936052,"pop_density",9,116.342648894597,0.87565634007684,3.84436065042709e-05,1,0.000263260802703515,3.6272097929765,3.11769572675162,"aumento"
620936052,"population",9,623.159678141276,4.69022949218751,3.84436065042732e-05,1,0.000263260802703515,19.42822265625,3.11769572675167,"aumento"
620936056,"pop_density",9,0,0,NA,NA,NA,0,NA,"sin tendencia"
620936056,"population",9,0,0,NA,NA,NA,0,NA,"sin tendencia"
620936060,"pop_density",9,5.39186325820356,0.0466124585095672,3.11893480314548e-05,0.944444444444444,0.000580666545949214,0.233263818200811,4.32621910145638,"aumento"
620936060,"population",9,106.465386284722,0.920389328002934,3.11893480314438e-05,0.944444444444444,0.000580666545949214,4.60592587788907,4.32621910145647,"aumento"
620936062,"pop_density",9,0.307933929267322,0.00319084292925585,2.48816676288809e-07,1,0.000263260802703515,0.0160784271226742,5.22138861441158,"aumento"
620936062,"population",9,4.08139549361335,0.0422918383280437,2.48816676288812e-07,1,0.000263260802703515,0.21310551961263,5.22138861441146,"aumento"
620936063,"pop_density",9,0,0,NA,NA,NA,0,NA,"sin tendencia"
620936063,"population",9,0,0,NA,NA,NA,0,NA,"sin tendencia"
620936066,"pop_density",9,9.63922056711252,0.249302569631828,1.37794118291494e-07,1,0.000263260802703515,1.24947148180234,12.962370485279,"aumento"
620936066,"population",9,177.59733666314,4.5932627105713,1.37794118291503e-07,1,0.000263260802703515,23.0208247502645,12.962370485279,"aumento"
620936070,"pop_density",9,0,0,NA,NA,NA,0,NA,"sin tendencia"
620936070,"population",9,0,0,NA,NA,NA,0,NA,"sin tendencia"
620936089,"pop_density",9,0.147773840084075,0.00407809149973071,1.59521971165117e-07,1,0.000263260802703515,0.0200309898840944,13.5551663763342,"aumento"
620936089,"population",9,2.35204659567939,0.0649090611934661,1.59521971165135e-07,1,0.000263260802703515,0.318823829293251,13.5551663763344,"aumento"
620937418,"pop_density",9,0,0,NA,NA,NA,0,NA,"sin tendencia"
620937418,"population",9,0,0,NA,NA,NA,0,NA,"sin tendencia"
620937420,"pop_density",9,0,0,NA,NA,NA,0,NA,"sin tendencia"
620937420,"population",9,0,0,NA,NA,NA,0,NA,"sin tendencia"
620937431,"pop_density",9,0,0,NA,NA,NA,0,NA,"sin tendencia"
620937431,"population",9,0,0,NA,NA,NA,0,NA,"sin tendencia"
620937432,"pop_density",9,0,0,NA,NA,NA,0,NA,"sin tendencia"
620937432,"population",9,0,0,NA,NA,NA,0,NA,"sin tendencia"
620937446,"pop_density",9,0,0,NA,NA,NA,0,NA,"sin tendencia"
620937446,"population",9,0,0,NA,NA,NA,0,NA,"sin tendencia"
620938800,"pop_density",9,0,0,NA,NA,NA,0,NA,"sin tendencia"
620938800,"population",9,0,0,NA,NA,NA,0,NA,"sin tendencia"
620938807,"pop_density",9,0,0,NA,NA,NA,0,NA,"sin tendencia"
620938807,"population",9,0,0,NA,NA,NA,0,NA,"sin tendencia"
620938819,"pop_density",9,3.71575915710896,0.0804851622633376,9.45271286373057e-08,1,0.000263260802703515,0.402582382364427,10.8344584603717,"aumento"
620938819,"population",9,54.4821671379937,1.18011041005452,9.45271286373067e-08,1,0.000263260802703515,5.90284776687621,10.8344584603717,"aumento"
620938822,"pop_density",9,0.146596561750833,0.00842781151568792,7.00414176301144e-05,1,0.000263260802703515,0.0422562987371571,28.8248907290057,"aumento"
620938822,"population",9,4.74698538250394,0.272903385957083,7.00414176301147e-05,1,0.000263260802703515,1.36831334942863,28.8248907290057,"aumento"
620938841,"pop_density",9,0,0,NA,NA,NA,0,NA,"sin tendencia"
620938841,"population",9,0,0,NA,NA,NA,0,NA,"sin tendencia"
620940179,"pop_density",9,2.52242547907665,0.048363614447583,2.34001924626934e-07,1,0.000263260802703515,0.238087859318581,9.43884611432543,"aumento"
620940179,"population",9,17.6187022527059,0.337811415990193,2.34001924626955e-07,1,0.000263260802703515,1.66300219297409,9.43884611432538,"aumento"
620940183,"pop_density",9,0,0,NA,NA,NA,0,NA,"sin tendencia"
620940183,"population",9,0,0,NA,NA,NA,0,NA,"sin tendencia"
620940195,"pop_density",9,0.240450260465585,0.0057676624247904,1.25989447838167e-07,1,0.000263260802703515,0.028928034764407,12.0307770548443,"aumento"
620940195,"population",9,7.02207194434271,0.168437914848327,1.25989447838152e-07,1,0.000263260802703515,0.844809820254641,12.0307770548443,"aumento"
620940222,"pop_density",9,0,0,NA,NA,NA,0,NA,"sin tendencia"
620940222,"population",9,0,0,NA,NA,NA,0,NA,"sin tendencia"
620941545,"pop_density",9,20.7090242143084,0.461767376437186,1.84658026549869e-05,0.944444444444444,0.000580666545949214,2.47613374853308,11.9567861957603,"aumento"
620941545,"population",9,477.288343641493,10.642519124349,1.84658026549861e-05,0.944444444444444,0.000580666545949214,57.068346786499,11.9567861957603,"aumento"
620941555,"pop_density",9,0.047189421157232,0.000588880665945602,0.000164773759237339,0.833333333333333,0.00249902885761126,0.0032024679358044,6.7864107193305,"aumento"
620941555,"population",9,0.303483511010806,0.00378719568252563,0.000164773759237334,0.833333333333333,0.00249902885761126,0.0205956375226378,6.78641071933047,"aumento"
620941556,"pop_density",9,0,0,NA,NA,NA,0,NA,"sin tendencia"
620941556,"population",9,0,0,NA,NA,NA,0,NA,"sin tendencia"
620941559,"pop_density",9,0,0,NA,NA,NA,0,NA,"sin tendencia"
620941559,"population",9,0,0,NA,NA,NA,0,NA,"sin tendencia"
620941570,"pop_density",9,2.44317556019683,0.0593349676853896,1.27038827859966e-07,1,0.000263260802703515,0.296093281790884,12.1191979248118,"aumento"
620941570,"population",9,28.3998514811198,0.689718863169352,1.27038827859968e-07,1,0.000263260802703515,3.44183421134949,12.1191979248118,"aumento"
620941573,"pop_density",9,2.4694093223706,0.0270404799647952,5.60997760939298e-07,1,0.000263260802703515,0.131682957068571,5.33256904295465,"aumento"
620941573,"population",9,23.9380893707275,0.26212642033895,5.60997760939106e-07,1,0.000263260802703515,1.27651514325825,5.3325690429547,"aumento"
620941600,"pop_density",9,0,0,NA,NA,NA,0,NA,"sin tendencia"
620941600,"population",9,0,0,NA,NA,NA,0,NA,"sin tendencia"
620942929,"pop_density",9,0,0,NA,NA,NA,0,NA,"sin tendencia"
620942929,"population",9,0,0,NA,NA,NA,0,NA,"sin tendencia"
620942932,"pop_density",9,0,0,NA,NA,NA,0,NA,"sin tendencia"
620942932,"population",9,0,0,NA,NA,NA,0,NA,"sin tendencia"
620942943,"pop_density",9,0,0,NA,NA,NA,0,NA,"sin tendencia"
620942943,"population",9,0,0,NA,NA,NA,0,NA,"sin tendencia"
620942946,"pop_density",9,3.5536091766721,0.0859535690314038,1.31200753938067e-07,1,0.000263260802703515,0.430607162098834,12.1174597624743,"aumento"
620942946,"population",9,65.0418701171875,1.57321207682291,1.31200753938045e-07,1,0.000263260802703515,7.88142244021096,12.1174597624743,"aumento"
620942949,"pop_density",9,0.350150558223263,0.00290373222785232,2.02322103229957e-07,1,0.000263260802703515,0.0146703483627428,4.18972582456621,"aumento"
620942949,"population",9,10.3923060099284,0.0861814244588213,2.02322103230114e-07,1,0.000263260802703515,0.43540912866592,4.18972582456625,"aumento"
620944285,"pop_density",9,124.312928017913,0.0188630084509767,0.914335197727579,-0.166666666666667,0.602167527748196,-0.74012447869591,-0.595372090816862,"sin tendencia"
620944285,"population",9,865.874172634549,0.131386108398447,0.914335197727567,-0.166666666666667,0.602167527748196,-5.15517316545757,-0.595372090816868,"sin tendencia"
620944301,"pop_density",9,18.5441692604886,0.448871142682842,1.43535666694991e-07,1,0.000263260802703515,2.23302761464644,12.0416697198956,"aumento"
620944301,"population",9,338.702475653754,8.19846740722655,1.43535666694984e-07,1,0.000263260802703515,40.7854334513348,12.0416697198956,"aumento"
620944322,"pop_density",9,0,0,NA,NA,NA,0,NA,"sin tendencia"
620944322,"population",9,0,0,NA,NA,NA,0,NA,"sin tendencia"
620944323,"pop_density",9,0,0,NA,NA,NA,0,NA,"sin tendencia"
620944323,"population",9,0,0,NA,NA,NA,0,NA,"sin tendencia"
620945668,"pop_density",9,36.3718932186913,0.358584525752067,3.55648013453704e-05,0.833333333333333,0.00249902885761126,1.88660409863868,5.18698349655652,"aumento"
620945668,"population",9,341.054311116536,3.36239847819011,3.55648013453692e-05,0.833333333333333,0.00249902885761126,17.6904308319092,5.1869834965565,"aumento"
620945696,"pop_density",9,243.007942097947,2.5331119971974,1.15531638823027e-08,1,0.000263260802703515,12.9083288455041,5.31189587223501,"aumento"
620945696,"population",9,4873.17824978299,50.7979541015626,1.15531638823008e-08,1,0.000263260802703515,258.858154296875,5.31189587223497,"aumento"
620945697,"pop_density",9,8.06043769551181,0.171949362015992,2.58435775697312e-08,1,0.000263260802703515,0.863075366375715,10.7075496266945,"aumento"
620945697,"population",9,118.711546156141,2.53241516113281,2.58435775697315e-08,1,0.000263260802703515,12.7110977172852,10.7075496266945,"aumento"
620945699,"pop_density",9,0.121798400063009,0.00339278688986921,4.67583271274519e-08,1,0.000263260802703515,0.0174432620170165,14.3214213060211,"aumento"
620945699,"population",9,0.818338572978973,0.022795442144076,4.67583271274561e-08,1,0.000263260802703515,0.117197714745999,14.321421306021,"aumento"
620945702,"pop_density",9,0.658973523477464,0.0189621349724005,1.47845798657069e-07,1,0.000263260802703515,0.0951157544123304,14.4339265575339,"aumento"
620945702,"population",9,3.04377432664235,0.0875853999455769,1.47845798657077e-07,1,0.000263260802703515,0.439336150884627,14.4339265575338,"aumento"
620945725,"pop_density",9,0,0,NA,NA,NA,0,NA,"sin tendencia"
620945725,"population",9,0,0,NA,NA,NA,0,NA,"sin tendencia"
620947036,"pop_density",9,901.20348461838,7.31231268152216,4.47650253735073e-06,1,0.000263260802703515,37.4921516899575,4.16023154924148,"aumento"
620947036,"population",9,10795.4149305556,87.593369140625,4.47650253735088e-06,1,0.000263260802703515,449.1142578125,4.1602315492415,"aumento"
620947067,"pop_density",9,0,0,NA,NA,NA,0,NA,"sin tendencia"
620947067,"population",9,0,0,NA,NA,NA,0,NA,"sin tendencia"
620947075,"pop_density",9,0.35443666609089,0.00987310221507726,4.67584154367925e-08,1,0.000263260802703515,0.0507603765289049,14.3214236520011,"aumento"
620947075,"population",9,2.47304595841302,0.0688885712623597,4.6758415436791e-08,1,0.000263260802703515,0.354175388813023,14.3214236520012,"aumento"
620948391,"pop_density",9,285.446752672385,4.19455741594473,1.95642246171201e-10,1,0.000263260802703515,21.3411806424884,7.47641388199018,"aumento"
620948391,"population",9,2451.52510579427,36.0244519042968,1.95642246171107e-10,1,0.000263260802703515,183.286163330077,7.47641388199019,"aumento"
620948409,"pop_density",9,358.585541206775,4.29261371795146,2.9967831076776e-09,1,0.000263260802703515,21.7078790493133,6.05375190986736,"aumento"
620948409,"population",9,10717.2609049479,128.29591796875,2.99678310767728e-09,1,0.000263260802703515,648.79638671875,6.05375190986734,"aumento"
620948412,"pop_density",9,474.455160840751,7.16925353079273,4.66816234932725e-06,1,0.000263260802703515,37.2010908448521,7.8408022328033,"aumento"
620948412,"population",9,1679.74362521701,25.3817618815104,4.66816234932738e-06,1,0.000263260802703515,131.705375671387,7.84080223280331,"aumento"
620948443,"pop_density",9,0,0,NA,NA,NA,0,NA,"sin tendencia"
620948443,"population",9,0,0,NA,NA,NA,0,NA,"sin tendencia"
620948480,"pop_density",9,13.498870492213,0.310527084901875,1.37210213670405e-09,1,0.000263260802703515,1.55503834544918,11.5197663859819,"aumento"
620948480,"population",9,224.295311821832,5.15967386881509,1.37210213670405e-09,1,0.000263260802703515,25.8382959365845,11.5197663859818,"aumento"
620949823,"pop_density",9,0,0,NA,NA,NA,0,NA,"sin tendencia"
620949823,"population",9,0,0,NA,NA,NA,0,NA,"sin tendencia"
620951186,"pop_density",9,3.71342397550866,0.0979106467124063,1.67709270660502e-07,1,0.000263260802703515,0.483722733396244,13.026326554322,"aumento"
620951186,"population",9,4.13378540674845,0.10899418036143,1.67709270660488e-07,1,0.000263260802703515,0.538480386137963,13.026326554322,"aumento"
620951192,"pop_density",9,0,0,NA,NA,NA,0,NA,"sin tendencia"
620951192,"population",9,0,0,NA,NA,NA,0,NA,"sin tendencia"
620951194,"pop_density",9,0,0,NA,NA,NA,0,NA,"sin tendencia"
620951194,"population",9,0,0,NA,NA,NA,0,NA,"sin tendencia"
620951202,"pop_density",9,23.5839852279096,0.526360130618521,1.48026941526219e-07,1,0.000263260802703515,2.66958144561782,11.3194670867526,"aumento"
620951202,"population",9,377.265577528212,8.42001708984374,1.48026941526216e-07,1,0.000263260802703515,42.7044528779529,11.3194670867525,"aumento"
620951220,"pop_density",9,0,0,NA,NA,NA,0,NA,"sin tendencia"
620951220,"population",9,0,0,NA,NA,NA,0,NA,"sin tendencia"
620951225,"pop_density",9,0,0,NA,NA,NA,0,NA,"sin tendencia"
620951225,"population",9,0,0,NA,NA,NA,0,NA,"sin tendencia"
620952562,"pop_density",9,1.89403646548919,0.0546678767562035,1.22042325498148e-07,1,0.000263260802703515,0.274180663734501,14.475997095636,"aumento"
620952562,"population",9,7.9659914970398,0.229923683802287,1.22042325498146e-07,1,0.000263260802703515,1.15315669775009,14.475997095636,"aumento"
620952567,"pop_density",9,14.7672580216466,0.412446140167059,3.68133701116405e-08,1,0.000263260802703515,2.08299095354521,14.1054686692131,"aumento"
620952567,"population",9,194.217244466146,5.42444323221843,3.68133701116418e-08,1,0.000263260802703515,27.3952525683812,14.1054686692131,"aumento"
620952578,"pop_density",9,14.8040373687444,0.192807384859943,0.000303674617725717,0.833333333333333,0.00249902885761126,1.00279960403653,6.77382513336351,"aumento"
620952578,"population",9,2.28828500376807,0.0298025623957317,0.000303674617725714,0.833333333333333,0.00249902885761126,0.155004424708231,6.77382513336354,"aumento"
620953909,"pop_density",9,226.00250418578,2.4086177806045,6.47575502064796e-09,1,0.000263260802703515,11.9531611620228,5.28895075967698,"aumento"
620953909,"population",9,4030.24905056424,42.9523095703125,6.47575502065125e-09,1,0.000263260802703515,213.157887776691,5.28895075967697,"aumento"
620953932,"pop_density",9,0,0,NA,NA,NA,0,NA,"sin tendencia"
620953932,"population",9,0,0,NA,NA,NA,0,NA,"sin tendencia"
620953937,"pop_density",9,0.00808578072475328,0.000221310812513409,8.59739189400064e-08,1,0.000263260802703515,0.00112942303820412,13.9680146747806,"aumento"
620953937,"population",9,0.0448310799482796,0.00122704325864712,8.59739189399988e-08,1,0.000263260802703515,0.00626201182603835,13.9680146747807,"aumento"
620953939,"pop_density",9,0,0,NA,NA,NA,0,NA,"sin tendencia"
620953939,"population",9,0,0,NA,NA,NA,0,NA,"sin tendencia"
620953947,"pop_density",9,0.329950465518998,0.00746985577174339,1.77802204938005e-06,1,0.000263260802703515,0.0383892534580198,11.6348535522249,"aumento"
620953947,"population",9,2.98549690511492,0.0675896342595418,1.77802204937998e-06,1,0.000263260802703515,0.347358192716326,11.6348535522249,"aumento"
620953954,"pop_density",9,0,0,NA,NA,NA,0,NA,"sin tendencia"
620953954,"population",9,0,0,NA,NA,NA,0,NA,"sin tendencia"
620953969,"pop_density",9,0,0,NA,NA,NA,0,NA,"sin tendencia"
620953969,"population",9,0,0,NA,NA,NA,0,NA,"sin tendencia"
620953981,"pop_density",9,0,0,NA,NA,NA,0,NA,"sin tendencia"
620953981,"population",9,0,0,NA,NA,NA,0,NA,"sin tendencia"
620953986,"pop_density",9,1.48265747575195,0.0329737014651039,1.86447910878461e-08,1,0.000263260802703515,0.167962990448021,11.3285093283488,"aumento"
620953986,"population",9,98.3834033542209,2.18800702412923,1.864479108784e-08,1,0.000263260802703515,11.1453730265299,11.3285093283487,"aumento"
620955285,"pop_density",9,175.185705598028,1.94839233463887,6.22584098192091e-10,1,0.000263260802703515,9.99363938213666,5.70459750013369,"aumento"
620955285,"population",9,3202.3088921441,35.6156575520832,6.22584098192379e-10,1,0.000263260802703515,182.678833007812,5.70459750013371,"aumento"
620955328,"pop_density",9,0,0,NA,NA,NA,0,NA,"sin tendencia"
620955328,"population",9,0,0,NA,NA,NA,0,NA,"sin tendencia"
620955343,"pop_density",9,0,0,NA,NA,NA,0,NA,"sin tendencia"
620955343,"population",9,0,0,NA,NA,NA,0,NA,"sin tendencia"
620956670,"pop_density",9,539.907215405031,7.65160780667988,1.37031929276896e-07,1,0.000263260802703515,37.4863775433012,6.94311475633447,"aumento"
620956670,"population",9,18863.3714192708,267.333193359375,1.37031929276914e-07,1,0.000263260802703515,1309.70552455357,6.94311475633447,"aumento"
620956671,"pop_density",9,492.091945300342,5.68061152983642,4.60375074284717e-09,1,0.000263260802703515,28.8975544658836,5.87238924389351,"aumento"
620956671,"population",9,4616.38406032986,53.2906193033855,4.60375074284837e-09,1,0.000263260802703515,271.092041015625,5.87238924389351,"aumento"
620956683,"pop_density",9,89.5231641224276,0.821230464394582,1.08946482343139e-08,1,0.000263260802703515,4.04748173232617,4.52115580587727,"aumento"
620956683,"population",9,398.516788058811,3.65574798583984,1.08946482343098e-08,1,0.000263260802703515,18.0175649007161,4.52115580587716,"aumento"
620956694,"pop_density",9,18.2107826665432,0.505919605899115,2.84192855376272e-07,1,0.000263260802703515,2.58772864903895,14.209870582845,"aumento"
620956694,"population",9,563.097039116753,15.6435798136393,2.84192855376307e-07,1,0.000263260802703515,80.015360514323,14.209870582845,"aumento"
620956702,"pop_density",9,0.0393936841433565,0.000854028243815589,0.000296309348234004,0.666666666666667,0.0164886567276701,0.00415229078433649,10.5404987490533,"aumento"
620956702,"population",9,0.389870754546589,0.00845213244358699,0.000296309348234011,0.666666666666667,0.0164886567276701,0.0410943220059078,10.5404987490533,"aumento"
620956704,"pop_density",9,4.0840507583617,0.0981691472689479,1.87030931234784e-07,1,0.000263260802703515,0.492934814028471,12.0697523903011,"aumento"
620956704,"population",9,33.9300384521484,0.815583140055339,1.87030931234794e-07,1,0.000263260802703515,4.09527162710826,12.0697523903011,"aumento"
620956711,"pop_density",9,0.107770560953514,0.00310663207891714,3.58568959833284e-07,1,0.000263260802703515,0.0158736805457626,14.7291434741715,"aumento"
620956711,"population",9,5.63095876905653,0.162319997151693,3.58568959833223e-07,1,0.000263260802703515,0.829391996065775,14.7291434741715,"aumento"
620956731,"pop_density",9,0.0095992824389638,0.000232380020646738,0.000894880493123865,0.777777777777778,0.00487856447503363,0.00117450111571736,12.2353011611579,"aumento"
620956731,"population",9,0.159611027273867,0.00386387358109156,0.000894880493123865,0.777777777777778,0.00487856447503363,0.0195288898733755,12.2353011611579,"aumento"
620958044,"pop_density",9,193.994606499628,1.81007453712765,1.11264915345479e-07,1,0.000263260802703515,9.20477278470025,4.74486015399502,"aumento"
620958044,"population",9,226.457555135091,2.11297139485677,1.11264915345557e-07,1,0.000263260802703515,10.7450942993163,4.74486015399506,"aumento"
620958064,"pop_density",9,0,0,NA,NA,NA,0,NA,"sin tendencia"
620958064,"population",9,0,0,NA,NA,NA,0,NA,"sin tendencia"
620958070,"pop_density",9,3363.3163926354,25.0234591795944,5.68674601348682e-05,0.944444444444444,0.000580666545949214,125.631143557185,3.73533527301439,"aumento"
620958070,"population",9,42293.1909722222,314.666184895833,5.68674601348711e-05,0.944444444444444,0.000580666545949214,1579.79248046875,3.73533527301438,"aumento"
620958078,"pop_density",9,0.550958810123536,0.014900946357945,1.87806994296297e-07,1,0.000263260802703515,0.075859261603754,13.7685903573708,"aumento"
620958078,"population",9,16.494968202379,0.446114358901977,1.87806994296283e-07,1,0.000263260802703515,2.27112460136413,13.7685903573707,"aumento"
620959416,"pop_density",9,546.487819756804,5.04510199961974,1.68619611251925e-07,1,0.000263260802703515,24.5243575936559,4.48763114328324,"aumento"
620959416,"population",9,1741.5263671875,16.0775370279949,1.68619611251899e-07,1,0.000263260802703515,78.1532796223967,4.48763114328331,"aumento"
620959428,"pop_density",9,245.024696944856,1.94393274832765,1.34148046124506e-07,1,0.000263260802703515,10.019323174634,4.08910746531354,"aumento"
620959428,"population",9,3310.31518554687,26.2627815755209,1.34148046124479e-07,1,0.000263260802703515,135.362345377605,4.08910746531354,"aumento"
620959450,"pop_density",9,25.6677257732035,0.766938648718374,1.28166277264207e-07,1,0.000263260802703515,3.97314724730696,15.4791557398312,"aumento"
620959450,"population",9,405.325875176324,12.1109319051107,1.28166277264207e-07,1,0.000263260802703515,62.7410234723773,15.4791557398313,"aumento"
620959454,"pop_density",9,4.10836656470903,0.114320287894762,4.48380675830581e-07,1,0.000263260802703515,0.570685818709756,13.8908203472388,"aumento"
620959454,"population",9,6.27338303460016,0.174564499855042,4.48380675830623e-07,1,0.000263260802703515,0.871424367030465,13.8908203472388,"aumento"
620959457,"pop_density",9,18.8035003873859,0.196628995151877,1.01220551332297e-07,1,0.000263260802703515,0.957768607668825,5.09356549545068,"aumento"
620959457,"population",9,308.1455078125,3.2222905476888,1.01220551332283e-07,1,0.000263260802703515,15.6955932617187,5.09356549545065,"aumento"
620960804,"pop_density",9,219.409740474601,2.73373197073378,2.48451940754157e-08,1,0.000263260802703515,13.4043328615029,6.10926973091906,"aumento"
620960804,"population",9,2211.23008897569,27.5507840983074,2.48451940754037e-08,1,0.000263260802703515,135.090010506767,6.10926973091906,"aumento"
620960815,"pop_density",9,105.594698429673,0.874934525566681,2.14971391852003e-06,1,0.000263260802703515,3.97873672066359,3.76793227295729,"aumento"
620960815,"population",9,390.910868326823,3.23900177001955,2.14971391851941e-06,1,0.000263260802703515,14.7292567661831,3.76793227295709,"aumento"
620960830,"pop_density",9,0,0,NA,NA,NA,0,NA,"sin tendencia"
620960830,"population",9,0,0,NA,NA,NA,0,NA,"sin tendencia"
620960871,"pop_density",9,2.79453764881644,0.0628680844388423,1.45830069137496e-08,1,0.000263260802703515,0.319096111289953,11.4185654798782,"aumento"
620960871,"population",9,54.7584525214301,1.23188858032227,1.45830069137489e-08,1,0.000263260802703515,6.2526297569275,11.4185654798782,"aumento"
620962180,"pop_density",9,1026.83049304392,14.3975893252032,1.64053968183904e-08,1,0.000263260802703515,73.5029318027652,7.15823422665157,"aumento"
620962180,"population",9,7789.57904730903,109.220714518229,1.64053968183817e-08,1,0.000263260802703515,557.596313476562,7.15823422665168,"aumento"
620962191,"pop_density",9,100.668592683133,1.16663432989561,2.66313789814262e-09,1,0.000263260802703515,5.96017964672363,5.92059498187687,"aumento"
620962191,"population",9,2110.12769911024,24.4539766438803,2.66313789813917e-09,1,0.000263260802703515,124.932114664714,5.9205949818768,"aumento"
620962200,"pop_density",9,20.1103807918996,0.468475040337909,1.48759999708746e-09,1,0.000263260802703515,2.34577678509076,11.6645070491934,"aumento"
620962200,"population",9,563.789204915365,13.133573811849,1.48759999708754e-09,1,0.000263260802703515,65.7632315499445,11.6645070491935,"aumento"
620963556,"pop_density",9,547.4612821569,9.40853723924811,5.88562262966763e-05,1,0.000263260802703515,42.8207958308073,7.8217030548902,"aumento"
620963556,"population",9,931.137376573352,16.0023018391927,5.88562262966807e-05,1,0.000263260802703515,72.8308006286626,7.82170305489024,"aumento"
620963571,"pop_density",9,174.277350247215,1.63162170018664,4.36093539530382e-08,1,0.000263260802703515,8.02480729088667,4.60461860333736,"aumento"
620963571,"population",9,956.360507541233,8.95365091959641,4.36093539530291e-08,1,0.000263260802703515,44.0367538452154,4.60461860333738,"aumento"
620963599,"pop_density",9,0.824376130799496,0.0225945442034674,1.82150297107697e-07,1,0.000263260802703515,0.114728960435384,13.9170648141059,"aumento"
620963599,"population",9,30.1987054612901,0.827687702178955,1.82150297107697e-07,1,0.000263260802703515,4.20277341206869,13.9170648141059,"aumento"
620963612,"pop_density",9,0,0,NA,NA,NA,0,NA,"sin tendencia"
620963612,"population",9,0,0,NA,NA,NA,0,NA,"sin tendencia"
620964932,"pop_density",9,47.6157343133164,0.350486157481053,0.00274243758472955,0.777777777777778,0.00487856447503363,1.92637901511377,4.04567742762927,"aumento"
620964932,"population",9,766.703403049045,5.64349019368488,0.00274243758472956,0.777777777777778,0.00487856447503363,31.0183465140207,4.04567742762927,"aumento"
620964950,"pop_density",9,0,0,NA,NA,NA,0,NA,"sin tendencia"
620964950,"population",9,0,0,NA,NA,NA,0,NA,"sin tendencia"
620964958,"pop_density",9,0,0,NA,NA,NA,0,NA,"sin tendencia"
620964958,"population",9,0,0,NA,NA,NA,0,NA,"sin tendencia"
620964971,"pop_density",9,0.992503450716828,0.0267114657368837,1.31961079682609e-07,1,0.000263260802703515,0.13362005222066,13.4629307458986,"aumento"
620964971,"population",9,25.6016667683919,0.68902334213257,1.3196107968262e-07,1,0.000263260802703515,3.44673466682435,13.4629307458986,"aumento"
620964977,"pop_density",9,0,0,NA,NA,NA,0,NA,"sin tendencia"
620964977,"population",9,0,0,NA,NA,NA,0,NA,"sin tendencia"
620966326,"pop_density",9,0,0,NA,NA,NA,0,NA,"sin tendencia"
620966326,"population",9,0,0,NA,NA,NA,0,NA,"sin tendencia"
620966338,"pop_density",9,14.7137715572739,0.136255639796324,2.11914848486223e-07,1,0.000263260802703515,0.650870983708745,4.42354960572281,"aumento"
620966338,"population",9,269.753341674805,2.49802805582682,2.11914848486217e-07,1,0.000263260802703515,11.9326728820801,4.42354960572287,"aumento"
620966345,"pop_density",9,0,0,NA,NA,NA,0,NA,"sin tendencia"
620966345,"population",9,0,0,NA,NA,NA,0,NA,"sin tendencia"
620966364,"pop_density",9,0,0,NA,NA,NA,0,NA,"sin tendencia"
620966364,"population",9,0,0,NA,NA,NA,0,NA,"sin tendencia"
620966369,"pop_density",9,1.17882534136909,0.032476671069752,2.05809003631311e-07,1,0.000263260802703515,0.164907426253239,13.9891314231262,"aumento"
620966369,"population",9,20.357753223843,0.560856669743855,2.05809003631327e-07,1,0.000263260802703515,2.84787285327911,13.9891314231262,"aumento"
620967708,"pop_density",9,0,0,NA,NA,NA,0,NA,"sin tendencia"
620967708,"population",9,0,0,NA,NA,NA,0,NA,"sin tendencia"
620967723,"pop_density",9,4.49732963355461,0.123413105729721,3.61044165828909e-08,1,0.000263260802703515,0.611813722673405,13.6039332787319,"aumento"
620967723,"population",9,39.2447001139323,1.07693024953206,3.61044165828927e-08,1,0.000263260802703515,5.33882281893775,13.6039332787319,"aumento"
620969063,"pop_density",9,14.1739761784319,0.387712581959188,7.08349820860308e-08,1,0.000263260802703515,1.96909785154687,13.8923462743163,"aumento"
620969063,"population",9,448.740927802192,12.2747845458984,7.08349820860326e-08,1,0.000263260802703515,62.3406435648601,13.8923462743163,"aumento"
620969076,"pop_density",9,0.583763188207275,0.0134441878624238,9.52415008053778e-08,1,0.000263260802703515,0.0683281990892634,11.704780374915,"aumento"
620969076,"population",9,2.50558274322086,0.0577040926615396,9.52415008053873e-08,1,0.000263260802703515,0.293272957205773,11.704780374915,"aumento"
620969084,"pop_density",9,0.0432247171223132,0.000976334072630517,2.25046061622106e-07,1,0.000263260802703515,0.00498596232066056,11.5349796426701,"aumento"
620969084,"population",9,0.446424927976397,0.0100835794210434,2.25046061622109e-07,1,0.000263260802703515,0.0514950245618823,11.5349796426702,"aumento"
620969092,"pop_density",9,6.74304766123059,0.0784109616908447,0.00113681330475501,0.722222222222222,0.00914914757959376,0.414394556177765,6.14550833683621,"aumento"
620969092,"population",9,7.88294357723661,0.0916661453247077,0.00113681330475505,0.722222222222222,0.00914914757959376,0.484446954727172,6.14550833683624,"aumento"
620969097,"pop_density",9,0.00171601176186244,4.42276143351476e-05,5.86021460536695e-07,1,0.000263260802703515,0.000231842686876819,13.5105534839221,"aumento"
620969097,"population",9,0.0386119476623005,0.000995164699852467,5.86021460536624e-07,1,0.000263260802703515,0.00521668784009914,13.5105534839222,"aumento"
620969099,"pop_density",9,1.43766638248366,0.0394516041834538,3.61043697562958e-08,1,0.000263260802703515,0.195579152127211,13.6039316568936,"aumento"
620969099,"population",9,11.6295480728149,0.319131290117899,3.61043697562968e-08,1,0.000263260802703515,1.58207577183133,13.6039316568936,"aumento"
620970405,"pop_density",9,189.771185267055,2.63035836900149,1.68982643439396e-10,1,0.000263260802703515,13.1510416208263,6.92994650495515,"aumento"
620970405,"population",9,146.204149034288,2.02648946126301,1.68982643439419e-10,1,0.000263260802703515,10.1318693161011,6.92994650495518,"aumento"
620970451,"pop_density",9,0,0,NA,NA,NA,0,NA,"sin tendencia"
620970451,"population",9,0,0,NA,NA,NA,0,NA,"sin tendencia"
620970468,"pop_density",9,11.959115568803,0.221436814474969,2.16278325129256e-05,1,0.000263260802703515,1.13616314063021,9.50039435687071,"aumento"
620970468,"population",9,94.4417097303602,1.74869715372721,2.16278325129262e-05,1,0.000263260802703515,8.97233486175542,9.50039435687078,"aumento"
620970469,"pop_density",9,0,0,NA,NA,NA,0,NA,"sin tendencia"
620970469,"population",9,0,0,NA,NA,NA,0,NA,"sin tendencia"
620970475,"pop_density",9,0,0,NA,NA,NA,0,NA,"sin tendencia"
620970475,"population",9,0,0,NA,NA,NA,0,NA,"sin tendencia"
620971822,"pop_density",9,2.6202802838217,0.0593643037959743,2.8464374512138e-10,1,0.000263260802703515,0.297334677805984,11.3474378921143,"aumento"
620971822,"population",9,49.187212838067,1.11437110900879,2.84643745121348e-10,1,0.000263260802703515,5.58148842766171,11.3474378921143,"aumento"
620971825,"pop_density",9,60.3196047271076,0.535236883576537,5.28754804069814e-07,1,0.000263260802703515,2.46811945495741,4.09173678462159,"aumento"
620971825,"population",9,1214.51813422309,10.7768428548179,5.28754804069633e-07,1,0.000263260802703515,49.6948852539093,4.09173678462185,"aumento"
620971844,"pop_density",9,66.7499333414804,1.7691114924348,2.26979175041385e-10,1,0.000263260802703515,9.05284083294705,13.5623219077005,"aumento"
620971844,"population",9,2219.97420247396,58.8372403971354,2.26979175041272e-10,1,0.000263260802703515,301.080047607423,13.5623219077004,"aumento"
620973201,"pop_density",9,0,0,NA,NA,NA,0,NA,"sin tendencia"
620973201,"population",9,0,0,NA,NA,NA,0,NA,"sin tendencia"
620973220,"pop_density",9,0.245676573225391,0.00667102404278824,2.40496096883791e-07,1,0.000263260802703515,0.0339225436260153,13.8078055960564,"aumento"
620973220,"population",9,8.29880301157634,0.225343074798584,2.40496096883785e-07,1,0.000263260802703515,1.14588258663813,13.8078055960564,"aumento"
620974543,"pop_density",9,647.023906244025,7.93563960213641,2.71084604245342e-07,1,0.000263260802703515,38.4452158443572,5.94185399849161,"aumento"
620974543,"population",9,2217.72748480903,27.2000553385416,2.71084604245344e-07,1,0.000263260802703515,131.774129231775,5.94185399849172,"aumento"
620974556,"pop_density",9,198.136926842514,2.22401777199009,6.71767555668758e-09,1,0.000263260802703515,11.0924309902288,5.5983663252461,"aumento"
620974556,"population",9,1686.12613932292,18.9261767578124,6.71767555669219e-09,1,0.000263260802703515,94.3955179850242,5.59836632524597,"aumento"
620974576,"pop_density",9,0,0,NA,NA,NA,0,NA,"sin tendencia"
620974576,"population",9,0,0,NA,NA,NA,0,NA,"sin tendencia"
620974577,"pop_density",9,0,0,NA,NA,NA,0,NA,"sin tendencia"
620974577,"population",9,0,0,NA,NA,NA,0,NA,"sin tendencia"
620974581,"pop_density",9,0,0,NA,NA,NA,0,NA,"sin tendencia"
620974581,"population",9,0,0,NA,NA,NA,0,NA,"sin tendencia"
620975932,"pop_density",9,124.488062153169,1.45639028111156,1.57270295975914e-09,1,0.000263260802703515,7.37442415969777,5.92380026819305,"aumento"
620975932,"population",9,1332.9462890625,15.5941861979167,1.57270295975956e-09,1,0.000263260802703515,78.9610758463537,5.92380026819305,"aumento"
620975946,"pop_density",9,43.9604813165669,0.513363061306524,4.63846405962302e-08,1,0.000263260802703515,2.56875853922289,5.84333579226494,"aumento"
620975946,"population",9,104.532040066189,1.22070747375488,4.63846405961943e-08,1,0.000263260802703515,6.10815811157221,5.8433357922648,"aumento"
620975952,"pop_density",9,0,0,NA,NA,NA,0,NA,"sin tendencia"
620975952,"population",9,0,0,NA,NA,NA,0,NA,"sin tendencia"
620975953,"pop_density",9,0,0,NA,NA,NA,0,NA,"sin tendencia"
620975953,"population",9,0,0,NA,NA,NA,0,NA,"sin tendencia"
620975992,"pop_density",9,0,0,NA,NA,NA,0,NA,"sin tendencia"
620975992,"population",9,0,0,NA,NA,NA,0,NA,"sin tendencia"
620977322,"pop_density",9,10.7301639477632,0.125543735421298,2.02733476242884e-08,1,0.000263260802703515,0.649947954133914,6.05720431950529,"aumento"
620977322,"population",9,117.255872938368,1.37190264383952,2.02733476242903e-08,1,0.000263260802703515,7.10242780049647,6.05720431950529,"aumento"
620977355,"pop_density",9,1.61657877309615,0.0410883013319711,2.59672459258746e-07,1,0.000263260802703515,0.200564569531361,12.4067303659586,"aumento"
620977355,"population",9,10.5875882572598,0.269102888107299,2.59672459258727e-07,1,0.000263260802703515,1.31357352733612,12.4067303659586,"aumento"
620977357,"pop_density",9,0.111230032915647,0.00163444283944858,5.11572877590973e-07,0.944444444444444,0.000580666545949214,0.0082177825218753,7.38809681743722,"aumento"
620977357,"population",9,3.42864502800835,0.0503813958168029,5.11572877590978e-07,0.944444444444444,0.000580666545949214,0.253311614195505,7.38809681743723,"aumento"
620978682,"pop_density",9,224.34367777468,2.36292025477555,2.533375839109e-09,1,0.000263260802703515,11.8559142018126,5.28471063656186,"aumento"
620978682,"population",9,3188.47482638889,33.5829020182292,2.53337583911076e-09,1,0.000263260802703515,168.501668294271,5.28471063656186,"aumento"
620978735,"pop_density",9,0,0,NA,NA,NA,0,NA,"sin tendencia"
620978735,"population",9,0,0,NA,NA,NA,0,NA,"sin tendencia"
620978750,"pop_density",9,0.0483990132542723,0.00137721670690947,3.775876175223e-07,1,0.000263260802703515,0.00693650911120365,14.3319225843749,"aumento"
620978750,"population",9,1.15640161434809,0.0329059523344039,3.77587617522292e-07,1,0.000263260802703515,0.16573458413283,14.3319225843749,"aumento"
620980080,"pop_density",9,0,0,NA,NA,NA,0,NA,"sin tendencia"
620980080,"population",9,0,0,NA,NA,NA,0,NA,"sin tendencia"
620980084,"pop_density",9,0,0,NA,NA,NA,0,NA,"sin tendencia"
620980084,"population",9,0,0,NA,NA,NA,0,NA,"sin tendencia"
620980094,"pop_density",9,0,0,NA,NA,NA,0,NA,"sin tendencia"
620980094,"population",9,0,0,NA,NA,NA,0,NA,"sin tendencia"
620980098,"pop_density",9,0,0,NA,NA,NA,0,NA,"sin tendencia"
620980098,"population",9,0,0,NA,NA,NA,0,NA,"sin tendencia"
620980102,"pop_density",9,0,0,NA,NA,NA,0,NA,"sin tendencia"
620980102,"population",9,0,0,NA,NA,NA,0,NA,"sin tendencia"
620980104,"pop_density",9,0,0,NA,NA,NA,0,NA,"sin tendencia"
620980104,"population",9,0,0,NA,NA,NA,0,NA,"sin tendencia"
620980129,"pop_density",9,0.000414423451156924,1.09650254154639e-05,1.32927228975601e-07,1,0.000263260802703515,5.62540178216013e-05,13.5740430867413,"aumento"
620980129,"population",9,0.00516903307288885,0.000136764893153061,1.32927228975592e-07,1,0.000263260802703515,0.000701646776481841,13.5740430867413,"aumento"
620981470,"pop_density",9,0.0102626677216405,0.000231807021789372,2.25045064909209e-07,1,0.000263260802703515,0.00118379680682008,11.5349813413899,"aumento"
620981470,"population",9,0.0812540480660068,0.00183531800905864,2.25045064909144e-07,1,0.000263260802703515,0.0093726392835379,11.5349813413899,"aumento"
620981481,"pop_density",9,4.0881914221366,0.235029433040203,7.00414139266379e-05,1,0.000263260802703515,1.17841669038433,28.8248902437269,"aumento"
620981481,"population",9,24.0711869663662,1.38384846528371,7.00414139266379e-05,1,0.000263260802703515,6.93849322341737,28.8248902437269,"aumento"
620981495,"pop_density",9,0,0,NA,NA,NA,0,NA,"sin tendencia"
620981495,"population",9,0,0,NA,NA,NA,0,NA,"sin tendencia"
620982832,"pop_density",9,83.9839455942538,0.73668255825065,1.18444253298768e-07,1,0.000263260802703515,3.44041917313651,4.09652005367548,"aumento"
620982832,"population",9,898.967787000868,7.8854819742839,1.18444253298779e-07,1,0.000263260802703515,36.8263956705728,4.09652005367543,"aumento"
620982834,"pop_density",9,0,0,NA,NA,NA,0,NA,"sin tendencia"
620982834,"population",9,0,0,NA,NA,NA,0,NA,"sin tendencia"
620982853,"pop_density",9,0,0,NA,NA,NA,0,NA,"sin tendencia"
620982853,"population",9,0,0,NA,NA,NA,0,NA,"sin tendencia"
620982855,"pop_density",9,15.2578468692959,0.438045078775073,5.8242435867108e-08,1,0.000263260802703515,2.19473042548036,14.3842735104186,"aumento"
620982855,"population",9,75.2478773328993,2.16032855987549,5.82424358670946e-08,1,0.000263260802703515,10.8238604863485,14.3842735104185,"aumento"
620982857,"pop_density",9,0,0,NA,NA,NA,0,NA,"sin tendencia"
620982857,"population",9,0,0,NA,NA,NA,0,NA,"sin tendencia"
620982871,"pop_density",9,1.26782848786403,0.0361438368206471,4.00938519926879e-08,1,0.000263260802703515,0.180947749187814,14.2722577162361,"aumento"
620982871,"population",9,59.1636530558268,1.68666459401449,4.0093851992676e-08,1,0.000263260802703515,8.44398903846741,14.2722577162361,"aumento"
620982878,"pop_density",9,0.0363022858185065,0.000834822055123078,4.01952293043806e-08,1,0.000263260802703515,0.00417153288675925,11.49110253722,"aumento"
620982878,"population",9,0.920474251111349,0.0211675983667374,4.01952293043721e-08,1,0.000263260802703515,0.105772640023913,11.49110253722,"aumento"
620982880,"pop_density",9,0,0,NA,NA,NA,0,NA,"sin tendencia"
620982880,"population",9,0,0,NA,NA,NA,0,NA,"sin tendencia"
620984224,"pop_density",9,0,0,NA,NA,NA,0,NA,"sin tendencia"
620984224,"population",9,0,0,NA,NA,NA,0,NA,"sin tendencia"
620984228,"pop_density",9,6.52929204407223,0.0573725622222879,1.99155447039458e-07,1,0.000263260802703515,0.285409844168188,4.3712219064746,"aumento"
620984228,"population",9,115.058903164334,1.01101682027181,1.99155447039423e-07,1,0.000263260802703515,5.02947998046859,4.37122190647446,"aumento"
620984233,"pop_density",9,0,0,NA,NA,NA,0,NA,"sin tendencia"
620984233,"population",9,0,0,NA,NA,NA,0,NA,"sin tendencia"
620984248,"pop_density",9,0.129938450694793,0.00355092601972278,1.55266195097803e-07,1,0.000263260802703515,0.0178684079565779,13.7514399017642,"aumento"
620984248,"population",9,3.08448633882734,0.084292083978653,1.55266195097815e-07,1,0.000263260802703515,0.424161285161972,13.7514399017643,"aumento"
620985611,"pop_density",9,13.4108248014233,0.365276363399859,3.81046754169913e-06,1,0.000263260802703515,1.78970733340107,13.3452443075025,"aumento"
620985611,"population",9,5.49729061126709,0.149732052485148,3.81046754169931e-06,1,0.000263260802703515,0.733626862366993,13.3452443075025,"aumento"
620986965,"pop_density",9,268.602422475672,2.12499122108247,6.87543548560643e-05,1,0.000263260802703515,8.96797538144149,3.33875446795486,"aumento"
620986965,"population",9,219.061760796441,1.73306076049804,6.87543548560543e-05,1,0.000263260802703515,7.313934326172,3.33875446795497,"aumento"
620986978,"pop_density",9,0,0,NA,NA,NA,0,NA,"sin tendencia"
620986978,"population",9,0,0,NA,NA,NA,0,NA,"sin tendencia"
620987005,"pop_density",9,0,0,NA,NA,NA,0,NA,"sin tendencia"
620987005,"population",9,0,0,NA,NA,NA,0,NA,"sin tendencia"
620988341,"pop_density",9,74.3158479368368,0.59823785865072,8.77849787996958e-06,1,0.000263260802703515,2.67011126287701,3.59292309380149,"aumento"
620988341,"population",9,1700.15478515625,13.6861381022135,8.77849787996707e-06,1,0.000263260802703515,61.0852539062515,3.59292309380158,"aumento"
620988364,"pop_density",9,0.687993813775231,0.0179982778231486,5.11444348579958e-08,1,0.000263260802703515,0.0895686040318663,13.0188095064949,"aumento"
620988364,"population",9,12.6462910970052,0.330833586057028,5.11444348579891e-08,1,0.000263260802703515,1.64639654755592,13.0188095064948,"aumento"
620988368,"pop_density",9,0.0104133476608545,0.000203710534138545,0.00127518113916915,0.777777777777778,0.00487856447503363,0.0010741293199442,10.3149280608582,"aumento"
620988368,"population",9,0.0883740650282966,0.00172881272931894,0.00127518113916915,0.777777777777778,0.00487856447503363,0.00911572123212472,10.3149280608581,"aumento"
620988373,"pop_density",9,0,0,NA,NA,NA,0,NA,"sin tendencia"
620988373,"population",9,0,0,NA,NA,NA,0,NA,"sin tendencia"
620988384,"pop_density",9,0,0,NA,NA,NA,0,NA,"sin tendencia"
620988384,"population",9,0,0,NA,NA,NA,0,NA,"sin tendencia"
620989742,"pop_density",9,0,0,NA,NA,NA,0,NA,"sin tendencia"
620989742,"population",9,0,0,NA,NA,NA,0,NA,"sin tendencia"
620991078,"pop_density",9,46.7315351225192,0.533349724661877,4.79590808342589e-08,1,0.000263260802703515,2.56681046123523,5.49267310501497,"aumento"
620991078,"population",9,603.172427707248,6.88404195149738,4.79590808342654e-08,1,0.000263260802703515,33.1302897135417,5.49267310501494,"aumento"
620991118,"pop_density",9,0,0,NA,NA,NA,0,NA,"sin tendencia"
620991118,"population",9,0,0,NA,NA,NA,0,NA,"sin tendencia"
620991125,"pop_density",9,0,0,NA,NA,NA,0,NA,"sin tendencia"
620991125,"population",9,0,0,NA,NA,NA,0,NA,"sin tendencia"
620992454,"pop_density",9,21.7310871160242,0.218073461888318,1.32038696063718e-07,1,0.000263260802703515,1.11981186290844,5.15304115679841,"aumento"
620992454,"population",9,252.147087944878,2.53031926472981,1.32038696063658e-07,1,0.000263260802703515,12.9932432174683,5.1530411567984,"aumento"
620992467,"pop_density",9,7.29272101286336,0.172365530643965,1.11268750932076e-07,1,0.000263260802703515,0.86000180211512,11.7926052648688,"aumento"
620992467,"population",9,160.061133490669,3.7830903116862,1.11268750932087e-07,1,0.000263260802703515,18.8753776550295,11.792605264869,"aumento"
620992480,"pop_density",9,3.31046721502892,0.0938693947441515,2.67731884751886e-07,1,0.000263260802703515,0.477086740118031,14.4114624652419,"aumento"
620992480,"population",9,292.360083685981,8.28996704101562,2.67731884751901e-07,1,0.000263260802703515,42.1333637237548,14.4114624652418,"aumento"
620992484,"pop_density",9,0,0,NA,NA,NA,0,NA,"sin tendencia"
620992484,"population",9,0,0,NA,NA,NA,0,NA,"sin tendencia"
620992501,"pop_density",9,0,0,NA,NA,NA,0,NA,"sin tendencia"
620992501,"population",9,0,0,NA,NA,NA,0,NA,"sin tendencia"
620992502,"pop_density",9,0,0,NA,NA,NA,0,NA,"sin tendencia"
620992502,"population",9,0,0,NA,NA,NA,0,NA,"sin tendencia"
620993840,"pop_density",9,1.48896767035146,0.0400073556844358,2.65693160970446e-07,1,0.000263260802703515,0.199967219795168,13.4299235488415,"aumento"
620993840,"population",9,21.9079392751058,0.588648589452107,2.65693160970477e-07,1,0.000263260802703515,2.94221949577332,13.4299235488414,"aumento"
620993843,"pop_density",9,11.6254832688358,0.20136730573008,6.15050605348677e-06,1,0.000263260802703515,1.04494599101973,8.98840905668752,"aumento"
620993843,"population",9,56.9429698520236,0.98632049560547,6.15050605348651e-06,1,0.000263260802703515,5.11826705932619,8.98840905668761,"aumento"
620993845,"pop_density",9,0,0,NA,NA,NA,0,NA,"sin tendencia"
620993845,"population",9,0,0,NA,NA,NA,0,NA,"sin tendencia"
620993860,"pop_density",9,0,0,NA,NA,NA,0,NA,"sin tendencia"
620993860,"population",9,0,0,NA,NA,NA,0,NA,"sin tendencia"
620993862,"pop_density",9,10.6238350571046,0.212101916207779,6.60706507488468e-08,1,0.000263260802703515,1.06574909961098,10.0316796512976,"aumento"
620993862,"population",9,130.742956373427,2.61024681091309,6.60706507488351e-08,1,0.000263260802703515,13.1157145500182,10.0316796512978,"aumento"
620993872,"pop_density",9,0,0,NA,NA,NA,0,NA,"sin tendencia"
620993872,"population",9,0,0,NA,NA,NA,0,NA,"sin tendencia"
620993877,"pop_density",9,0,0,NA,NA,NA,0,NA,"sin tendencia"
620993877,"population",9,0,0,NA,NA,NA,0,NA,"sin tendencia"
620993879,"pop_density",9,0,0,NA,NA,NA,0,NA,"sin tendencia"
620993879,"population",9,0,0,NA,NA,NA,0,NA,"sin tendencia"
620993888,"pop_density",9,0.102661443982473,0.00231232506595878,6.96363995716285e-08,1,0.000263260802703515,0.0116326530013656,11.3310825857384,"aumento"
620993888,"population",9,1.09124277035395,0.0245789257685344,6.96363995716196e-08,1,0.000263260802703515,0.123649619519714,11.3310825857391,"aumento"
620995221,"pop_density",9,0,0,NA,NA,NA,0,NA,"sin tendencia"
620995221,"population",9,0,0,NA,NA,NA,0,NA,"sin tendencia"
620995238,"pop_density",9,0,0,NA,NA,NA,0,NA,"sin tendencia"
620995238,"population",9,0,0,NA,NA,NA,0,NA,"sin tendencia"
620995248,"pop_density",9,7.4916443738579,0.132800937957337,0.012254254990645,0.666666666666667,0.0164886567276701,0.657908755366031,8.78190050854262,"aumento"
620995248,"population",9,0.000509252399852913,9.02728332827489e-06,0.0122542549906451,0.666666666666667,0.0164886567276701,4.47220390924482e-05,8.78190050854256,"aumento"
620995253,"pop_density",9,6.91288408203688,0.19531748439099,1.61895575497008e-07,1,0.000263260802703515,0.983417120310445,14.2258586812681,"aumento"
620995253,"population",9,186.013455708822,5.25564725240072,1.61895575496998e-07,1,0.000263260802703515,26.4620113372803,14.2258586812682,"aumento"
620995255,"pop_density",9,0.0316309453605728,0.000862507926291621,1.94062541362621e-07,1,0.000263260802703515,0.0043524101564073,13.7599749447656,"aumento"
620995255,"population",9,0.281200079454316,0.00766772205630939,1.94062541362639e-07,1,0.000263260802703515,0.0386930604775747,13.7599749447655,"aumento"
620995261,"pop_density",9,0,0,NA,NA,NA,0,NA,"sin tendencia"
620995261,"population",9,0,0,NA,NA,NA,0,NA,"sin tendencia"
620995264,"pop_density",9,0.0884016602665847,0.00239696129786672,2.48658189796707e-07,1,0.000263260802703515,0.0120737156360394,13.6577928509824,"aumento"
620995264,"population",9,3.39558492766486,0.0920693755149841,2.48658189796748e-07,1,0.000263260802703515,0.463761955499649,13.6577928509824,"aumento"
620996577,"pop_density",9,66.5506466902463,0.567444355867807,6.86941221087824e-06,1,0.000263260802703515,2.67001440759171,4.01200370000767,"aumento"
620996577,"population",9,352.998752170139,3.00984527587889,6.8694122108788e-06,1,0.000263260802703515,14.1623229980467,4.01200370000761,"aumento"
620996578,"pop_density",9,238.926182640901,2.44737186146306,4.12966322750826e-08,1,0.000263260802703515,11.7740680804382,4.92791034883533,"aumento"
620996578,"population",9,2612.61478678385,26.7615706380209,4.1296632275092e-08,1,0.000263260802703515,128.747314453125,4.92791034883538,"aumento"
620996597,"pop_density",9,0,0,NA,NA,NA,0,NA,"sin tendencia"
620996597,"population",9,0,0,NA,NA,NA,0,NA,"sin tendencia"
620996614,"pop_density",9,0,0,NA,NA,NA,0,NA,"sin tendencia"
620996614,"population",9,0,0,NA,NA,NA,0,NA,"sin tendencia"
620996631,"pop_density",9,2.55658321690591,0.0696771344816475,2.43223588217003e-07,1,0.000263260802703515,0.354308771888813,13.8586833217818,"aumento"
620996631,"population",9,72.4954160054525,1.9757905069987,2.43223588216999e-07,1,0.000263260802703515,10.046910127004,13.8586833217818,"aumento"
620997971,"pop_density",9,2.13715509567333,0.0524991055461904,1.10098349799539e-07,1,0.000263260802703515,0.26331968734054,12.3210378073931,"aumento"
620997971,"population",9,77.6491898430718,1.90744837443033,1.10098349799533e-07,1,0.000263260802703515,9.56718603769937,12.3210378073932,"aumento"
620997989,"pop_density",9,0.136889795861598,0.00403465960669823,8.90139547955403e-06,1,0.000263260802703515,0.0197909389220495,14.4575706300702,"aumento"
620997989,"population",9,1.13067555427551,0.0333252815405528,8.90139547955441e-06,1,0.000263260802703515,0.16346821685632,14.4575706300702,"aumento"
620999353,"pop_density",9,229.36750230157,2.32572363080313,1.61637178146679e-08,1,0.000263260802703515,11.6411501547363,5.07532673021424,"aumento"
620999353,"population",9,6471.12917751736,65.6154768880209,1.61637178146676e-08,1,0.000263260802703515,328.430948893229,5.0753267302142,"aumento"
620999365,"pop_density",9,1.2771554449437,0.0364165419573402,3.58698954278409e-07,1,0.000263260802703515,0.186388033392908,14.5939974754697,"aumento"
620999365,"population",9,20.8135698106554,0.593473755518595,3.58698954278453e-07,1,0.000263260802703515,3.03753185272217,14.5939974754697,"aumento"
620999387,"pop_density",9,0,0,NA,NA,NA,0,NA,"sin tendencia"
620999387,"population",9,0,0,NA,NA,NA,0,NA,"sin tendencia"
621000736,"pop_density",9,0,0,NA,NA,NA,0,NA,"sin tendencia"
621000736,"population",9,0,0,NA,NA,NA,0,NA,"sin tendencia"
621000737,"pop_density",9,0,0,NA,NA,NA,0,NA,"sin tendencia"
621000737,"population",9,0,0,NA,NA,NA,0,NA,"sin tendencia"
621000741,"pop_density",9,0,0,NA,NA,NA,0,NA,"sin tendencia"
621000741,"population",9,0,0,NA,NA,NA,0,NA,"sin tendencia"
621002080,"pop_density",9,549.803549885113,5.33687507567913,1.939951865515e-06,1,0.000263260802703515,27.0044449584161,4.9116534376795,"aumento"
621002080,"population",9,7946.94455295139,77.1400081380208,1.93995186551509e-06,1,0.000263260802703515,390.326375325521,4.9116534376795,"aumento"
621002112,"pop_density",9,0,0,NA,NA,NA,0,NA,"sin tendencia"
621002112,"population",9,0,0,NA,NA,NA,0,NA,"sin tendencia"
621002113,"pop_density",9,0,0,NA,NA,NA,0,NA,"sin tendencia"
621002113,"population",9,0,0,NA,NA,NA,0,NA,"sin tendencia"
621002132,"pop_density",9,0,0,NA,NA,NA,0,NA,"sin tendencia"
621002132,"population",9,0,0,NA,NA,NA,0,NA,"sin tendencia"
621003488,"pop_density",9,0,0,NA,NA,NA,0,NA,"sin tendencia"
621003488,"population",9,0,0,NA,NA,NA,0,NA,"sin tendencia"
621003489,"pop_density",9,0,0,NA,NA,NA,0,NA,"sin tendencia"
621003489,"population",9,0,0,NA,NA,NA,0,NA,"sin tendencia"
621003490,"pop_density",9,0,0,NA,NA,NA,0,NA,"sin tendencia"
621003490,"population",9,0,0,NA,NA,NA,0,NA,"sin tendencia"
621003495,"pop_density",9,11.0168218264819,0.317104408191168,7.73144934670008e-08,1,0.000263260802703515,1.58830955906148,14.4171303128779,"aumento"
621003495,"population",9,304.302797105577,8.7589469909668,7.73144934670052e-08,1,0.000263260802703515,43.8717308044431,14.4171303128778,"aumento"
621003506,"pop_density",9,0,0,NA,NA,NA,0,NA,"sin tendencia"
621003506,"population",9,0,0,NA,NA,NA,0,NA,"sin tendencia"
621003508,"pop_density",9,0.04177666072446,0.0011639905091157,3.42450032567338e-07,1,0.000263260802703515,0.00580257590898173,13.889515840562,"aumento"
621003508,"population",9,0.615981651677026,0.0171626162528992,3.4245003256736e-07,1,0.000263260802703515,0.0855568690846365,13.8895158405621,"aumento"
621003517,"pop_density",9,0,0,NA,NA,NA,0,NA,"sin tendencia"
621003517,"population",9,0,0,NA,NA,NA,0,NA,"sin tendencia"
621004837,"pop_density",9,4.27814059279685,-0.014265076235454,0.218011685663682,-0.0555555555555556,0.916965236628864,-0.012081757847764,-0.282406750916652,"sin tendencia"
621004837,"population",9,49.0296143425835,-0.163484853108724,0.218011685663682,-0.0555555555555556,0.916965236628864,-0.138462940851845,-0.282406750916632,"sin tendencia"
621004866,"pop_density",9,0,0,NA,NA,NA,0,NA,"sin tendencia"
621004866,"population",9,0,0,NA,NA,NA,0,NA,"sin tendencia"
621004868,"pop_density",9,0,0,NA,NA,NA,0,NA,"sin tendencia"
621004868,"population",9,0,0,NA,NA,NA,0,NA,"sin tendencia"
621004871,"pop_density",9,0,0,NA,NA,NA,0,NA,"sin tendencia"
621004871,"population",9,0,0,NA,NA,NA,0,NA,"sin tendencia"
621004879,"pop_density",9,0.00796145220131496,0.000209752239365267,7.2790307043262e-07,1,0.000263260802703515,0.00110432661666054,13.8709193842569,"aumento"
621004879,"population",9,0.0161998573069771,0.000426801073675354,7.27903070432626e-07,1,0.000263260802703515,0.00224706914741546,13.870919384257,"aumento"
621004884,"pop_density",9,0,0,NA,NA,NA,0,NA,"sin tendencia"
621004884,"population",9,0,0,NA,NA,NA,0,NA,"sin tendencia"
621004893,"pop_density",9,5.32994338555667,0.14615290862909,2.32733502393661e-07,1,0.000263260802703515,0.744158172447051,13.9618400912776,"aumento"
621004893,"population",9,65.4570638868544,1.79490467071534,2.32733502393686e-07,1,0.000263260802703515,9.13901058832804,13.9618400912776,"aumento"
621006213,"pop_density",9,29.1648563468478,0.0208005503790003,0.708601492747102,0.333333333333333,0.251452186508022,0.428929638685445,1.47070718807708,"sin tendencia"
621006213,"population",9,755.205579969618,0.538617146809904,0.708601492747104,0.333333333333333,0.251452186508022,11.1068627493723,1.47070718807707,"sin tendencia"
621006247,"pop_density",9,0,0,NA,NA,NA,0,NA,"sin tendencia"
621006247,"population",9,0,0,NA,NA,NA,0,NA,"sin tendencia"
621007616,"pop_density",9,50.7442455460132,1.61960523912034,4.19194254622401e-08,1,0.000263260802703515,8.39793923282043,16.5495400364273,"aumento"
621007616,"population",9,248.10360039605,7.91872825622558,4.19194254622437e-08,1,0.000263260802703515,41.060004679362,16.5495400364273,"aumento"
621007620,"pop_density",9,0,0,NA,NA,NA,0,NA,"sin tendencia"
621007620,"population",9,0,0,NA,NA,NA,0,NA,"sin tendencia"
621007623,"pop_density",9,0,0,NA,NA,NA,0,NA,"sin tendencia"
621007623,"population",9,0,0,NA,NA,NA,0,NA,"sin tendencia"
621007626,"pop_density",9,0.206976480894534,0.0060772174136106,4.1544489350573e-07,1,0.000263260802703515,0.0310348564675948,14.9943879292299,"aumento"
621007626,"population",9,5.83492234018114,0.17132425626119,4.15444893505714e-07,1,0.000263260802703515,0.87491089105606,14.9943879292299,"aumento"
621007643,"pop_density",9,0,0,NA,NA,NA,0,NA,"sin tendencia"
621007643,"population",9,0,0,NA,NA,NA,0,NA,"sin tendencia"
621008992,"pop_density",9,8.13083302102822,0.304948090974216,1.16195045879387e-07,1,0.000263260802703515,1.49573439434808,18.395832142657,"aumento"
621008992,"population",9,205.444129943848,7.70521237691243,1.16195045879387e-07,1,0.000263260802703515,37.7931572914124,18.395832142657,"aumento"
621008999,"pop_density",9,0,0,NA,NA,NA,0,NA,"sin tendencia"
621008999,"population",9,0,0,NA,NA,NA,0,NA,"sin tendencia"
621009002,"pop_density",9,0,0,NA,NA,NA,0,NA,"sin tendencia"
621009002,"population",9,0,0,NA,NA,NA,0,NA,"sin tendencia"
621009018,"pop_density",9,0,0,NA,NA,NA,0,NA,"sin tendencia"
621009018,"population",9,0,0,NA,NA,NA,0,NA,"sin tendencia"
621009019,"pop_density",9,4.45797579025094,0.101862202383609,9.50504675676112e-09,1,0.000263260802703515,0.514864848047143,11.5492966375701,"aumento"
621009019,"population",9,129.507049560547,2.95916216532389,9.50504675675994e-09,1,0.000263260802703515,14.9571533203123,11.54929663757,"aumento"
621011733,"pop_density",9,19.7124720184818,0.524457660086518,3.53429084281988e-07,1,0.000263260802703515,2.62931153242815,13.3383145957696,"aumento"
621011733,"population",9,381.06374613444,10.1383428955078,3.53429084282023e-07,1,0.000263260802703515,50.8274812698364,13.3383145957696,"aumento"
621011746,"pop_density",9,0,0,NA,NA,NA,0,NA,"sin tendencia"
621011746,"population",9,0,0,NA,NA,NA,0,NA,"sin tendencia"
621011775,"pop_density",9,0,0,NA,NA,NA,0,NA,"sin tendencia"
621011775,"population",9,0,0,NA,NA,NA,0,NA,"sin tendencia"
621011778,"pop_density",9,0,0,NA,NA,NA,0,NA,"sin tendencia"
621011778,"population",9,0,0,NA,NA,NA,0,NA,"sin tendencia"
621013109,"pop_density",9,70.2363626920529,1.9075464546673,1.22951113173098e-07,1,0.000263260802703515,9.52109179808479,13.5557871067861,"aumento"
621013109,"population",9,1197.97561984592,32.5357700602213,1.22951113173087e-07,1,0.000263260802703515,162.395024617513,13.555787106786,"aumento"
621013122,"pop_density",9,0,0,NA,NA,NA,0,NA,"sin tendencia"
621013122,"population",9,0,0,NA,NA,NA,0,NA,"sin tendencia"
621013142,"pop_density",9,0,0,NA,NA,NA,0,NA,"sin tendencia"
621013142,"population",9,0,0,NA,NA,NA,0,NA,"sin tendencia"
621013154,"pop_density",9,4.68606625656509,0.105580429933225,6.63287177311456e-09,1,0.000263260802703515,0.532875344992337,11.3714855022758,"aumento"
621013154,"population",9,94.738976372613,2.13453701019288,6.63287177311475e-09,1,0.000263260802703515,10.7732289632162,11.3714855022758,"aumento"
621014469,"pop_density",9,16.2596029616582,0.0743191396807171,0.0199670539743601,0.666666666666667,0.0164886567276701,0.454386258141434,2.79457167074081,"aumento"
621014469,"population",9,435.440504286024,1.99030466715495,0.0199670539743616,0.666666666666667,0.0164886567276701,12.168696975708,2.79457167074078,"aumento"
621014498,"pop_density",9,0,0,NA,NA,NA,0,NA,"sin tendencia"
621014498,"population",9,0,0,NA,NA,NA,0,NA,"sin tendencia"
621014508,"pop_density",9,0,0,NA,NA,NA,0,NA,"sin tendencia"
621014508,"population",9,0,0,NA,NA,NA,0,NA,"sin tendencia"
621015845,"pop_density",9,4.43997680848368,0.0292149613869773,0.0117703441643565,0.666666666666667,0.0164886567276701,0.160802995543168,3.62170800612998,"aumento"
621015845,"population",9,73.1650750901964,0.481424776713053,0.011770344164356,0.666666666666667,0.0164886567276701,2.64982538223266,3.62170800612999,"aumento"
621015859,"pop_density",9,0,0,NA,NA,NA,0,NA,"sin tendencia"
621015859,"population",9,0,0,NA,NA,NA,0,NA,"sin tendencia"
621015873,"pop_density",9,0,0,NA,NA,NA,0,NA,"sin tendencia"
621015873,"population",9,0,0,NA,NA,NA,0,NA,"sin tendencia"
621017221,"pop_density",9,0.0649383125287113,-5.89935968387181e-06,0.957834515247827,0.166666666666667,0.602167527748196,0.000366102516862704,0.563769680188161,"sin tendencia"
621017221,"population",9,0.638352844450209,-5.79915444056083e-05,0.957834515247832,0.166666666666667,0.602167527748196,0.00359883978962903,0.56376968018817,"sin tendencia"
621017241,"pop_density",9,0,0,NA,NA,NA,0,NA,"sin tendencia"
621017241,"population",9,0,0,NA,NA,NA,0,NA,"sin tendencia"
621017249,"pop_density",9,0,0,NA,NA,NA,0,NA,"sin tendencia"
621017249,"population",9,0,0,NA,NA,NA,0,NA,"sin tendencia"
621017267,"pop_density",9,1.60559587264723,0.0241727993324775,7.60193814206201e-08,1,0.000263260802703515,0.117244791412408,7.30226038879265,"aumento"
621017267,"population",9,19.5722658369276,0.294667208989461,7.60193814206501e-08,1,0.000263260802703515,1.42921781539916,7.30226038879261,"aumento"
621017274,"pop_density",9,0,0,NA,NA,NA,0,NA,"sin tendencia"
621017274,"population",9,0,0,NA,NA,NA,0,NA,"sin tendencia"
621018597,"pop_density",9,0.402605642626798,0.00633080747628722,0.000542577757679341,0.888888888888889,0.00122938491894486,0.028515008339785,7.08261517492377,"aumento"
621018597,"population",9,2.15551169713338,0.0338945313294728,0.000542577757679356,0.888888888888889,0.00122938491894486,0.152666598558426,7.08261517492377,"aumento"
621018617,"pop_density",9,0,0,NA,NA,NA,0,NA,"sin tendencia"
621018617,"population",9,0,0,NA,NA,NA,0,NA,"sin tendencia"
621018625,"pop_density",9,0,0,NA,NA,NA,0,NA,"sin tendencia"
621018625,"population",9,0,0,NA,NA,NA,0,NA,"sin tendencia"
621018633,"pop_density",9,0.000341189454042979,9.42530557686942e-06,4.63094434783837e-08,1,0.000263260802703515,4.64372795794296e-05,13.6104088298051,"aumento"
621018633,"population",9,0.00350127536027382,9.67221870087086e-05,4.63094434783819e-08,1,0.000263260802703515,0.000476537890790492,13.6104088298049,"aumento"
621018643,"pop_density",9,0,0,NA,NA,NA,0,NA,"sin tendencia"
621018643,"population",9,0,0,NA,NA,NA,0,NA,"sin tendencia"
621018650,"pop_density",9,0,0,NA,NA,NA,0,NA,"sin tendencia"
621018650,"population",9,0,0,NA,NA,NA,0,NA,"sin tendencia"
621019973,"pop_density",9,345.05397586433,3.97876655352999,3.23881267574323e-07,1,0.000263260802703515,19.1988131454068,5.56400287732244,"aumento"
621019973,"population",9,658.288689507378,7.59062988281249,3.23881267574352e-07,1,0.000263260802703515,36.6272016252788,5.56400287732245,"aumento"
621020020,"pop_density",9,0,0,NA,NA,NA,0,NA,"sin tendencia"
621020020,"population",9,0,0,NA,NA,NA,0,NA,"sin tendencia"
621021349,"pop_density",9,34.1548308133553,0.291496403600558,5.48887824255153e-05,0.888888888888889,0.00122938491894486,1.7444044141551,5.10734315648549,"aumento"
621021349,"population",9,417.305168999566,3.56151540120444,5.48887824255164e-05,0.888888888888889,0.00122938491894486,21.3132069905598,5.10734315648556,"aumento"
621021377,"pop_density",9,0,0,NA,NA,NA,0,NA,"sin tendencia"
621021377,"population",9,0,0,NA,NA,NA,0,NA,"sin tendencia"
621021383,"pop_density",9,8.11594503766264,0.211525515140574,1.26610412895379e-08,1,0.000263260802703515,1.03414818974446,12.74217832853,"aumento"
621021383,"population",9,103.967547098796,2.70970156351726,1.26610412895377e-08,1,0.000263260802703515,13.247730255127,12.74217832853,"aumento"
621021385,"pop_density",9,0,0,NA,NA,NA,0,NA,"sin tendencia"
621021385,"population",9,0,0,NA,NA,NA,0,NA,"sin tendencia"
621021396,"pop_density",9,0,0,NA,NA,NA,0,NA,"sin tendencia"
621021396,"population",9,0,0,NA,NA,NA,0,NA,"sin tendencia"
621022725,"pop_density",9,0.479359538781876,0.0252339768360062,0.000337983217350068,0.888888888888889,0.00122938491894486,0.124507520934545,25.9737234500301,"aumento"
621022725,"population",9,12.7449617385864,0.670907832781473,0.00033798321735007,0.888888888888889,0.00122938491894486,3.31034111579259,25.9737234500302,"aumento"
621022731,"pop_density",9,87.2962924475558,0.823034374384294,3.93453782556545e-08,1,0.000263260802703515,4.00426369985554,4.58698025722129,"aumento"
621022731,"population",9,52.1798650953505,0.491954714457194,3.93453782556539e-08,1,0.000263260802703515,2.39348011016844,4.58698025722132,"aumento"
621022753,"pop_density",9,0,0,NA,NA,NA,0,NA,"sin tendencia"
621022753,"population",9,0,0,NA,NA,NA,0,NA,"sin tendencia"
621022759,"pop_density",9,0.0276255253646716,0.000814339938636694,5.9193353889964e-08,0.944444444444444,0.000580666545949214,0.00407751211775412,14.7599441600795,"aumento"
621022759,"population",9,0.264778854118453,0.00780510028203328,5.91933538899651e-08,0.944444444444444,0.000580666545949214,0.0390812110155821,14.7599441600795,"aumento"
621022761,"pop_density",9,0,0,NA,NA,NA,0,NA,"sin tendencia"
621022761,"population",9,0,0,NA,NA,NA,0,NA,"sin tendencia"
621022762,"pop_density",9,0,0,NA,NA,NA,0,NA,"sin tendencia"
621022762,"population",9,0,0,NA,NA,NA,0,NA,"sin tendencia"
621022772,"pop_density",9,0,0,NA,NA,NA,0,NA,"sin tendencia"
621022772,"population",9,0,0,NA,NA,NA,0,NA,"sin tendencia"
621022783,"pop_density",9,0.00356714158388424,0.000115450000070528,0.00132320768490762,0.888888888888889,0.00122938491894486,0.000505629872005033,14.174651050841,"aumento"
621022783,"population",9,0.0804697204795149,0.00260439038276673,0.00132320768490759,0.888888888888889,0.00122938491894486,0.0114063020795584,14.174651050841,"aumento"
621024101,"pop_density",9,2.0363739195531,0.0484440082853413,0.000113312107525428,0.833333333333333,0.00249902885761126,0.236845210087315,11.6307328341394,"aumento"
621024101,"population",9,28.6279282040066,0.681039752960205,0.000113312107525427,0.833333333333333,0.00249902885761126,3.32963784535726,11.6307328341394,"aumento"
621024107,"pop_density",9,42.8936002246764,0.474252563639194,2.68190674184798e-09,1,0.000263260802703515,2.44651464540996,5.70368221038834,"aumento"
621024107,"population",9,597.014702690972,6.60088572184243,2.68190674184841e-09,1,0.000263260802703515,34.0518213907877,5.70368221038832,"aumento"
621024129,"pop_density",9,0,0,NA,NA,NA,0,NA,"sin tendencia"
621024129,"population",9,0,0,NA,NA,NA,0,NA,"sin tendencia"
621024135,"pop_density",9,0,0,NA,NA,NA,0,NA,"sin tendencia"
621024135,"population",9,0,0,NA,NA,NA,0,NA,"sin tendencia"
621024137,"pop_density",9,0,0,NA,NA,NA,0,NA,"sin tendencia"
621024137,"population",9,0,0,NA,NA,NA,0,NA,"sin tendencia"
621025477,"pop_density",9,7.91037618054464,0.0550568842377058,1.71414331038314e-06,0.944444444444444,0.000580666545949214,0.280181464999465,3.54194868366139,"aumento"
621025477,"population",9,56.6415091620551,0.394229672749837,1.71414331038327e-06,0.944444444444444,0.000580666545949214,2.00621318817135,3.54194868366137,"aumento"
621025483,"pop_density",9,78.3842588314906,0.820252475061096,9.5522256647483e-09,1,0.000263260802703515,4.11110136215742,5.24480479045596,"aumento"
621025483,"population",9,775.850470648871,8.11889119466145,9.55222566474776e-09,1,0.000263260802703515,40.6918426513674,5.24480479045599,"aumento"
621025488,"pop_density",9,0,0,NA,NA,NA,0,NA,"sin tendencia"
621025488,"population",9,0,0,NA,NA,NA,0,NA,"sin tendencia"
621025506,"pop_density",9,3.23408391177054,0.0871204755680158,3.05815963324682e-08,1,0.000263260802703515,0.437747153462133,13.5354296735759,"aumento"
621025506,"population",9,61.5394685533312,1.65776396433512,3.05815963324659e-08,1,0.000263260802703515,8.32963148752848,13.5354296735759,"aumento"
621025511,"pop_density",9,0,0,NA,NA,NA,0,NA,"sin tendencia"
621025511,"population",9,0,0,NA,NA,NA,0,NA,"sin tendencia"
621025521,"pop_density",9,0,0,NA,NA,NA,0,NA,"sin tendencia"
621025521,"population",9,0,0,NA,NA,NA,0,NA,"sin tendencia"
621026853,"pop_density",9,14.3638113279313,0.235234330883092,3.15618124664089e-08,1,0.000263260802703515,1.17964571691051,8.21262330713445,"aumento"
621026853,"population",9,519.746405707465,8.51182149251302,3.15618124664103e-08,1,0.000263260802703515,42.6848144531249,8.21262330713446,"aumento"
621026882,"pop_density",9,0,0,NA,NA,NA,0,NA,"sin tendencia"
621026882,"population",9,0,0,NA,NA,NA,0,NA,"sin tendencia"
621026887,"pop_density",9,0,0,NA,NA,NA,0,NA,"sin tendencia"
621026887,"population",9,0,0,NA,NA,NA,0,NA,"sin tendencia"
621026899,"pop_density",9,0,0,NA,NA,NA,0,NA,"sin tendencia"
621026899,"population",9,0,0,NA,NA,NA,0,NA,"sin tendencia"
621026911,"pop_density",9,0,0,NA,NA,NA,0,NA,"sin tendencia"
621026911,"population",9,0,0,NA,NA,NA,0,NA,"sin tendencia"
621028229,"pop_density",9,37.6530351027376,0.269645809541333,1.43538412588108e-05,1,0.000263260802703515,1.41606541387485,3.76082674347784,"aumento"
621028229,"population",9,216.706270005968,1.5519051106771,1.43538412588115e-05,1,0.000263260802703515,8.1499473571778,3.76082674347787,"aumento"
621028241,"pop_density",9,0,0,NA,NA,NA,0,NA,"sin tendencia"
621028241,"population",9,0,0,NA,NA,NA,0,NA,"sin tendencia"
621028258,"pop_density",9,0,0,NA,NA,NA,0,NA,"sin tendencia"
621028258,"population",9,0,0,NA,NA,NA,0,NA,"sin tendencia"
621028270,"pop_density",9,0,0,NA,NA,NA,0,NA,"sin tendencia"
621028270,"population",9,0,0,NA,NA,NA,0,NA,"sin tendencia"
621028275,"pop_density",9,0,0,NA,NA,NA,0,NA,"sin tendencia"
621028275,"population",9,0,0,NA,NA,NA,0,NA,"sin tendencia"
621028291,"pop_density",9,0,0,NA,NA,NA,0,NA,"sin tendencia"
621028291,"population",9,0,0,NA,NA,NA,0,NA,"sin tendencia"
621029605,"pop_density",9,19.1018596097095,0.169449375557834,2.40539500922189e-05,0.888888888888889,0.00122938491894486,0.8371671270383,4.38264726127904,"aumento"
621029605,"population",9,4.22628826565213,0.0374906905492148,2.40539500922193e-05,0.888888888888889,0.00122938491894486,0.185223306928362,4.38264726127907,"aumento"
621029625,"pop_density",9,5.93588235071085,0.170070300808376,3.10331266124182e-07,1,0.000263260802703515,0.872864862319834,14.7048881825514,"aumento"
621029625,"population",9,65.5222884284126,1.87729382832846,3.1033126612421e-07,1,0.000263260802703515,9.63497924804688,14.7048881825514,"aumento"
621029634,"pop_density",9,0,0,NA,NA,NA,0,NA,"sin tendencia"
621029634,"population",9,0,0,NA,NA,NA,0,NA,"sin tendencia"
621029637,"pop_density",9,0,0,NA,NA,NA,0,NA,"sin tendencia"
621029637,"population",9,0,0,NA,NA,NA,0,NA,"sin tendencia"
621029646,"pop_density",9,0,0,NA,NA,NA,0,NA,"sin tendencia"
621029646,"population",9,0,0,NA,NA,NA,0,NA,"sin tendencia"
621029658,"pop_density",9,0,0,NA,NA,NA,0,NA,"sin tendencia"
621029658,"population",9,0,0,NA,NA,NA,0,NA,"sin tendencia"
621029674,"pop_density",9,1.46190303349052,0.0374174175435832,2.90686093967379e-06,0.944444444444444,0.000580666545949214,0.185545283693232,12.6920376688879,"aumento"
621029674,"population",9,1.08351619376077,0.0277326039473216,2.90686093967364e-06,0.944444444444444,0.000580666545949214,0.137520283460618,12.692037668888,"aumento"
621030981,"pop_density",9,7.37849830211241,0.0545606265876996,2.74581672622261e-06,0.944444444444444,0.000580666545949214,0.261927824734805,3.54987985373415,"aumento"
621030981,"population",9,134.171025594076,0.99213348388672,2.745816726224e-06,0.944444444444444,0.000580666545949214,4.762910207113,3.54987985373446,"aumento"
621031001,"pop_density",9,5.25045828058423,0.114649646934719,8.23820488751399e-09,1,0.000263260802703515,0.574668165031482,10.9451048712559,"aumento"
621031001,"population",9,75.5577100118002,1.64988736470541,8.23820488751569e-09,1,0.000263260802703515,8.26987059911096,10.9451048712559,"aumento"
621031017,"pop_density",9,0,0,NA,NA,NA,0,NA,"sin tendencia"
621031017,"population",9,0,0,NA,NA,NA,0,NA,"sin tendencia"
621031034,"pop_density",9,0,0,NA,NA,NA,0,NA,"sin tendencia"
621031034,"population",9,0,0,NA,NA,NA,0,NA,"sin tendencia"
621031050,"pop_density",9,0,0,NA,NA,NA,0,NA,"sin tendencia"
621031050,"population",9,0,0,NA,NA,NA,0,NA,"sin tendencia"
621032385,"pop_density",9,0,0,NA,NA,NA,0,NA,"sin tendencia"
621032385,"population",9,0,0,NA,NA,NA,0,NA,"sin tendencia"
621032386,"pop_density",9,0,0,NA,NA,NA,0,NA,"sin tendencia"
621032386,"population",9,0,0,NA,NA,NA,0,NA,"sin tendencia"
621032393,"pop_density",9,0,0,NA,NA,NA,0,NA,"sin tendencia"
621032393,"population",9,0,0,NA,NA,NA,0,NA,"sin tendencia"
621032410,"pop_density",9,0,0,NA,NA,NA,0,NA,"sin tendencia"
621032410,"population",9,0,0,NA,NA,NA,0,NA,"sin tendencia"
621032426,"pop_density",9,0,0,NA,NA,NA,0,NA,"sin tendencia"
621032426,"population",9,0,0,NA,NA,NA,0,NA,"sin tendencia"
621033769,"pop_density",9,0.673060979129431,0.0141895968144376,7.17538695901976e-06,1,0.000263260802703515,0.0683239031028394,10.1512203532008,"aumento"
621033769,"population",9,7.26546812057495,0.153171950976054,7.17538695901989e-06,1,0.000263260802703515,0.73753367861112,10.1512203532008,"aumento"
621033802,"pop_density",9,3.87499141723554,0.0837522190251257,5.86390933480218e-07,1,0.000263260802703515,0.40645235557988,10.4891162796393,"aumento"
621033802,"population",9,47.0398536258274,1.01669699350993,5.86390933480234e-07,1,0.000263260802703515,4.93406494458515,10.4891162796393,"aumento"
621035141,"pop_density",9,2.43404467500449,0.0647328548536401,1.02427878286118e-07,1,0.000263260802703515,0.321379950786476,13.2035354193276,"aumento"
621035141,"population",9,51.6020387013753,1.37234427769979,1.02427878286122e-07,1,0.000263260802703515,6.81329345703124,13.2035354193276,"aumento"
621035145,"pop_density",9,2.78529307175839,0.0699533665801378,2.66291925518749e-07,1,0.000263260802703515,0.350723381870523,12.5919740879945,"aumento"
621035145,"population",9,25.3118347591824,0.635713373819987,2.66291925518751e-07,1,0.000263260802703515,3.18725967407226,12.5919740879946,"aumento"
621035155,"pop_density",9,0,0,NA,NA,NA,0,NA,"sin tendencia"
621035155,"population",9,0,0,NA,NA,NA,0,NA,"sin tendencia"
621035162,"pop_density",9,0,0,NA,NA,NA,0,NA,"sin tendencia"
621035162,"population",9,0,0,NA,NA,NA,0,NA,"sin tendencia"
621036521,"pop_density",9,0.0919359927044385,0.00231775468510797,0.00141355472420736,0.722222222222222,0.00914914757959376,0.0108190095575415,11.7679803516378,"aumento"
621036521,"population",9,0.74166656865014,0.018697803914547,0.00141355472420738,0.722222222222222,0.00914914757959376,0.0872791760734151,11.7679803516378,"aumento"
621036531,"pop_density",9,0,0,NA,NA,NA,0,NA,"sin tendencia"
621036531,"population",9,0,0,NA,NA,NA,0,NA,"sin tendencia"
621037897,"pop_density",9,0,0,NA,NA,NA,0,NA,"sin tendencia"
621037897,"population",9,0,0,NA,NA,NA,0,NA,"sin tendencia"
621037923,"pop_density",9,0,0,NA,NA,NA,0,NA,"sin tendencia"
621037923,"population",9,0,0,NA,NA,NA,0,NA,"sin tendencia"
621039295,"pop_density",9,0.177350419992921,0.00384240352887268,1.5097171049357e-08,1,0.000263260802703515,0.0197149556311547,11.1163850821112,"aumento"
621039295,"population",9,4.00020281473796,0.086666800181071,1.50971710493582e-08,1,0.000263260802703515,0.444677948951722,11.1163850821112,"aumento"
621039299,"pop_density",9,0,0,NA,NA,NA,0,NA,"sin tendencia"
621039299,"population",9,0,0,NA,NA,NA,0,NA,"sin tendencia"
621042024,"pop_density",9,79.9095016600212,2.28333458879042,8.70264630170888e-08,1,0.000263260802703515,11.5033709626334,14.3954983120468,"aumento"
621042024,"population",9,1315.38387722439,37.5857869466146,8.70264630170925e-08,1,0.000263260802703515,189.356063842773,14.3954983120468,"aumento"
621042051,"pop_density",9,0,0,NA,NA,NA,0,NA,"sin tendencia"
621042051,"population",9,0,0,NA,NA,NA,0,NA,"sin tendencia"
621043400,"pop_density",9,0,0,NA,NA,NA,0,NA,"sin tendencia"
621043400,"population",9,0,0,NA,NA,NA,0,NA,"sin tendencia"
621043411,"pop_density",9,0,0,NA,NA,NA,0,NA,"sin tendencia"
621043411,"population",9,0,0,NA,NA,NA,0,NA,"sin tendencia"
621044776,"pop_density",9,0,0,NA,NA,NA,0,NA,"sin tendencia"
621044776,"population",9,0,0,NA,NA,NA,0,NA,"sin tendencia"
621044787,"pop_density",9,0,0,NA,NA,NA,0,NA,"sin tendencia"
621044787,"population",9,0,0,NA,NA,NA,0,NA,"sin tendencia"
621044803,"pop_density",9,1.05135005339213,0.0242171538876096,3.7409127706526e-08,1,0.000263260802703515,0.122007318536603,11.6048235450174,"aumento"
621044803,"population",9,23.0483761893378,0.530904118220013,3.74091277065319e-08,1,0.000263260802703515,2.67472338676454,11.6048235450177,"aumento"
621044808,"pop_density",9,7.81574143490692,0.173131395740507,1.40202453421461e-08,1,0.000263260802703515,0.880312983430642,11.2633329897399,"aumento"
621044808,"population",9,189.110145568848,4.18909756978353,1.40202453421454e-08,1,0.000263260802703515,21.3001054128011,11.2633329897399,"aumento"
621046152,"pop_density",9,0,0,NA,NA,NA,0,NA,"sin tendencia"
621046152,"population",9,0,0,NA,NA,NA,0,NA,"sin tendencia"
621046153,"pop_density",9,0,0,NA,NA,NA,0,NA,"sin tendencia"
621046153,"population",9,0,0,NA,NA,NA,0,NA,"sin tendencia"
621046163,"pop_density",9,0,0,NA,NA,NA,0,NA,"sin tendencia"
621046163,"population",9,0,0,NA,NA,NA,0,NA,"sin tendencia"
621046179,"pop_density",9,1.70913207813666,0.0375900346250959,1.83953859876201e-08,1,0.000263260802703515,0.191391925120635,11.1981939587311,"aumento"
621046179,"population",9,18.6045438978407,0.409181629816691,1.83953859876211e-08,1,0.000263260802703515,2.08337291081746,11.198193958731,"aumento"
621047525,"pop_density",9,18.4505655437815,0.46312724455902,1.03324164834795e-07,1,0.000263260802703515,2.32617958190965,12.6076329551516,"aumento"
621047525,"population",9,221.20374806722,5.55243047078449,1.03324164834804e-07,1,0.000263260802703515,27.8885566393534,12.6076329551516,"aumento"
621047528,"pop_density",9,0,0,NA,NA,NA,0,NA,"sin tendencia"
621047528,"population",9,0,0,NA,NA,NA,0,NA,"sin tendencia"
621047529,"pop_density",9,0.335316886618478,0.00913316920862796,3.81046265592081e-06,1,0.000263260802703515,0.0447488560960013,13.3452438221271,"aumento"
621047529,"population",9,5.42177793714735,0.147675280570984,3.81046265592097e-06,1,0.000263260802703515,0.723549485206603,13.345243822127,"aumento"
621047555,"pop_density",9,0.262699665383975,0.00569154652153129,1.50971712465676e-08,1,0.000263260802703515,0.029202709583923,11.1163862889733,"aumento"
621047555,"population",9,2.65785894129011,0.0575841152667999,1.5097171246568e-08,1,0.000263260802703515,0.295457866929826,11.1163862889733,"aumento"
621048875,"pop_density",9,6.75713513254237,0.160966087155456,1.95037888671598e-08,1,0.000263260802703515,0.816166788556722,12.0785920741182,"aumento"
621048875,"population",9,45.9333246019152,1.09420743942261,1.95037888671558e-08,1,0.000263260802703515,5.54809890474592,12.0785920741182,"aumento"
621048901,"pop_density",9,0,0,NA,NA,NA,0,NA,"sin tendencia"
621048901,"population",9,0,0,NA,NA,NA,0,NA,"sin tendencia"
621048931,"pop_density",9,0,0,NA,NA,NA,0,NA,"sin tendencia"
621048931,"population",9,0,0,NA,NA,NA,0,NA,"sin tendencia"
621050307,"pop_density",9,0.0365826967633592,0.000967923550057934,1.32927293769404e-07,1,0.000263260802703515,0.00496575071599353,13.574042253132,"aumento"
621050307,"population",9,0.374159877498945,0.00989971185723941,1.32927293769392e-07,1,0.000263260802703515,0.0507886198659738,13.574042253132,"aumento"
621051652,"pop_density",9,0,0,NA,NA,NA,0,NA,"sin tendencia"
621051652,"population",9,0,0,NA,NA,NA,0,NA,"sin tendencia"
621055752,"pop_density",9,45.4101838155053,0.486027379357215,8.26566637417382e-10,1,0.000263260802703515,2.47402173532375,5.44816498734144,"aumento"
621055752,"population",9,1095.26878526476,11.7227144368489,8.26566637416947e-10,1,0.000263260802703515,59.6720504760742,5.44816498734143,"aumento"
621055780,"pop_density",9,0,0,NA,NA,NA,0,NA,"sin tendencia"
621055780,"population",9,0,0,NA,NA,NA,0,NA,"sin tendencia"
621055812,"pop_density",9,0,0,NA,NA,NA,0,NA,"sin tendencia"
621055812,"population",9,0,0,NA,NA,NA,0,NA,"sin tendencia"
621057133,"pop_density",9,105.021933132107,1.03316820400891,3.47187832859802e-08,1,0.000263260802703515,5.11865288624217,4.8738894187021,"aumento"
621057133,"population",9,2664.16403537327,26.2090926106771,3.47187832860033e-08,1,0.000263260802703515,129.848409016929,4.87388941870228,"aumento"
621059914,"pop_density",9,0.000453648518633433,1.96613232550214e-05,0.000319017604161649,0.833333333333333,0.00249902885761126,8.80644049032181e-05,19.4124749196807,"aumento"
621059914,"population",9,0.0113977462881141,0.000493983260045448,0.00031901760416165,0.833333333333333,0.00249902885761126,0.00221258463958899,19.4124749196807,"aumento"
621061290,"pop_density",9,0.427933251646382,0.0122399125669526,2.10574449616558e-07,1,0.000263260802703515,0.0619547445224784,14.4776654499553,"aumento"
621061290,"population",9,6.98153930240208,0.199688690503439,2.10574449616579e-07,1,0.000263260802703515,1.01076390345892,14.4776654499553,"aumento"
621066796,"pop_density",9,1.34146396116145,0.0377154141544323,2.96554473918359e-07,1,0.000263260802703515,0.191975924085201,14.3109266922822,"aumento"
621066796,"population",9,63.5242466396755,1.78599152882894,2.96554473918357e-07,1,0.000263260802703515,9.09090836842856,14.3109266922823,"aumento"
621068136,"pop_density",9,8.96658789142131,0.19290507805784,8.08930248047051e-06,1,0.000263260802703515,1.02110794577484,11.3879210033928,"aumento"
621068136,"population",9,1.6681627035141,0.0358884628613789,8.08930248046955e-06,1,0.000263260802703515,0.189969050884247,11.3879210033928,"aumento"
621075050,"pop_density",9,0,0,NA,NA,NA,0,NA,"sin tendencia"
621075050,"population",9,0,0,NA,NA,NA,0,NA,"sin tendencia"
621076428,"pop_density",9,0,0,NA,NA,NA,0,NA,"sin tendencia"
621076428,"population",9,0,0,NA,NA,NA,0,NA,"sin tendencia"
621076447,"pop_density",9,0,0,NA,NA,NA,0,NA,"sin tendencia"
621076447,"population",9,0,0,NA,NA,NA,0,NA,"sin tendencia"
621077802,"pop_density",9,0.137402851258724,0.00374765238880675,1.12460231659762e-07,1,0.000263260802703515,0.0186481228974185,13.571860210022,"aumento"
621077802,"population",9,2.46169822745853,0.0671426331996918,1.1246023165977e-07,1,0.000263260802703515,0.334098242223262,13.571860210022,"aumento"
621077804,"pop_density",9,0,0,NA,NA,NA,0,NA,"sin tendencia"
621077804,"population",9,0,0,NA,NA,NA,0,NA,"sin tendencia"
621077823,"pop_density",9,0,0,NA,NA,NA,0,NA,"sin tendencia"
621077823,"population",9,0,0,NA,NA,NA,0,NA,"sin tendencia"
621079180,"pop_density",9,0,0,NA,NA,NA,0,NA,"sin tendencia"
621079180,"population",9,0,0,NA,NA,NA,0,NA,"sin tendencia"
621079199,"pop_density",9,0,0,NA,NA,NA,0,NA,"sin tendencia"
621079199,"population",9,0,0,NA,NA,NA,0,NA,"sin tendencia"
621080554,"pop_density",9,11.6664684713116,0.310847257453353,1.04079009078381e-07,1,0.000263260802703515,1.55191853694778,13.3023848713432,"aumento"
621080554,"population",9,89.1042455037434,2.37413836161295,1.0407900907839e-07,1,0.000263260802703515,11.8529896736145,13.3023848713432,"aumento"
621087434,"pop_density",9,0,0,NA,NA,NA,0,NA,"sin tendencia"
621087434,"population",9,0,0,NA,NA,NA,0,NA,"sin tendencia"
621088810,"pop_density",9,0,0,NA,NA,NA,0,NA,"sin tendencia"
621088810,"population",9,0,0,NA,NA,NA,0,NA,"sin tendencia"
621090186,"pop_density",9,0,0,NA,NA,NA,0,NA,"sin tendencia"
621090186,"population",9,0,0,NA,NA,NA,0,NA,"sin tendencia"
621090188,"pop_density",9,0,0,NA,NA,NA,0,NA,"sin tendencia"
621090188,"population",9,0,0,NA,NA,NA,0,NA,"sin tendencia"
621091562,"pop_density",9,0,0,NA,NA,NA,0,NA,"sin tendencia"
621091562,"population",9,0,0,NA,NA,NA,0,NA,"sin tendencia"
621091564,"pop_density",9,0,0,NA,NA,NA,0,NA,"sin tendencia"
621091564,"population",9,0,0,NA,NA,NA,0,NA,"sin tendencia"
621145233,"pop_density",9,0.153465232739588,0.00272040777930557,0.0122542545536777,0.666666666666667,0.0164886567276701,0.0134771651954337,8.78190125205933,"aumento"
621145233,"population",9,0.0655945357349184,0.00116276424378157,0.0122542545536778,0.666666666666667,0.0164886567276701,0.00576044735498725,8.78190125205925,"aumento"
621160369,"pop_density",9,1.78279928037522,0.0501939220639458,2.2703468893209e-07,1,0.000263260802703515,0.25506005417643,14.3067173620772,"aumento"
621160369,"population",9,39.3031046125624,1.10656145731608,2.27034688932067e-07,1,0.000263260802703515,5.62298409144084,14.3067173620772,"aumento"
621161745,"pop_density",9,0,0,NA,NA,NA,0,NA,"sin tendencia"
621161745,"population",9,0,0,NA,NA,NA,0,NA,"sin tendencia"
621175505,"pop_density",9,0,0,NA,NA,NA,0,NA,"sin tendencia"
621175505,"population",9,0,0,NA,NA,NA,0,NA,"sin tendencia"
621176881,"pop_density",9,0,0,NA,NA,NA,0,NA,"sin tendencia"
621176881,"population",9,0,0,NA,NA,NA,0,NA,"sin tendencia"
670033154,"pop_density",9,0,0,NA,NA,NA,0,NA,"sin tendencia"
670033154,"population",9,0,0,NA,NA,NA,0,NA,"sin tendencia"
670034208,"pop_density",9,0,0,NA,NA,NA,0,NA,"sin tendencia"
670034208,"population",9,0,0,NA,NA,NA,0,NA,"sin tendencia"
670035200,"pop_density",9,0,0,NA,NA,NA,0,NA,"sin tendencia"
670035200,"population",9,0,0,NA,NA,NA,0,NA,"sin tendencia"
670036258,"pop_density",9,0,0,NA,NA,NA,0,NA,"sin tendencia"
670036258,"population",9,0,0,NA,NA,NA,0,NA,"sin tendencia"
670037263,"pop_density",9,0.286060744120876,0.0026006599594668,0.000314119590079454,0.722222222222222,0.00914914757959376,0.0127700009411211,4.46408715756019,"aumento"
670037263,"population",9,0.0464188121259212,0.000422006684044998,0.000314119590079466,0.722222222222222,0.00914914757959376,0.00207217623080531,4.46408715756035,"aumento"
670037282,"pop_density",9,0.869451016701233,0.00622711687823166,0.0309238691153811,0.611111111111111,0.028567681801513,0.0343577727774951,3.95166284442926,"aumento"
670037282,"population",9,0.021070999196834,0.000150913130491973,0.0309238691153808,0.611111111111111,0.028567681801513,0.000832654846211267,3.9516628444292,"aumento"
670038287,"pop_density",9,0.00168781616458384,1.53444171535174e-05,0.000314119888721839,0.722222222222222,0.00914914757959376,7.53455045247171e-05,4.46408241049729,"aumento"
670038287,"population",9,9.51202714026698e-05,8.64765461301425e-07,0.000314119888721876,0.722222222222222,0.00914914757959376,4.24624730450362e-06,4.46408241049703,"aumento"
670038302,"pop_density",9,0,0,NA,NA,NA,0,NA,"sin tendencia"
670038302,"population",9,0,0,NA,NA,NA,0,NA,"sin tendencia"
670038315,"pop_density",9,0,0,NA,NA,NA,0,NA,"sin tendencia"
670038315,"population",9,0,0,NA,NA,NA,0,NA,"sin tendencia"
670040325,"pop_density",9,0,0,NA,NA,NA,0,NA,"sin tendencia"
670040325,"population",9,0,0,NA,NA,NA,0,NA,"sin tendencia"
670040340,"pop_density",9,0.427340867473118,0.00400053860560388,3.94403135772681e-07,1,0.000263260802703515,0.0197080151407897,4.61177870895518,"aumento"
670040340,"population",9,0.215485865871112,0.00201726441582044,3.9440313577275e-07,1,0.000263260802703515,0.00993773128305159,4.61177870895516,"aumento"
670041349,"pop_density",9,0,0,NA,NA,NA,0,NA,"sin tendencia"
670041349,"population",9,0,0,NA,NA,NA,0,NA,"sin tendencia"
670041370,"pop_density",9,0.0533311335067455,0.000297157849286728,0.000892845147608902,0.777777777777778,0.00487856447503363,0.00151486510881824,2.84048923997956,"aumento"
670041370,"population",9,0.00790031533688307,4.40200790762901e-05,0.000892845147608874,0.777777777777778,0.00487856447503363,0.000224407607068619,2.84048923997956,"aumento"
670041381,"pop_density",9,118.259373434539,1.10400731058515,1.59739022662841e-08,1,0.000263260802703515,5.6256723518526,4.75706253844361,"aumento"
670041381,"population",9,12.4113331900703,0.115865678787232,1.59739022662877e-08,1,0.000263260802703515,0.59041488170625,4.75706253844361,"aumento"
670042390,"pop_density",9,0,0,NA,NA,NA,0,NA,"sin tendencia"
670042390,"population",9,0,0,NA,NA,NA,0,NA,"sin tendencia"
670042395,"pop_density",9,0,0,NA,NA,NA,0,NA,"sin tendencia"
670042395,"population",9,0,0,NA,NA,NA,0,NA,"sin tendencia"
670043404,"pop_density",9,0.0561068431225169,4.81500659716256e-05,0.14091466342806,0.222222222222222,0.465512169874187,0.000160199596419968,0.285525949250344,"sin tendencia"
670043404,"population",9,0.0194115324152841,1.66586910684903e-05,0.140914663428072,0.222222222222222,0.465512169874187,5.54249621927816e-05,0.285525949250362,"sin tendencia"
670044419,"pop_density",9,0,0,NA,NA,NA,0,NA,"sin tendencia"
670044419,"population",9,0,0,NA,NA,NA,0,NA,"sin tendencia"
670045443,"pop_density",9,0,0,NA,NA,NA,0,NA,"sin tendencia"
670045443,"population",9,0,0,NA,NA,NA,0,NA,"sin tendencia"
670045449,"pop_density",9,0,0,NA,NA,NA,0,NA,"sin tendencia"
670045449,"population",9,0,0,NA,NA,NA,0,NA,"sin tendencia"
670047503,"pop_density",9,0.696015388082596,0.00807394645822058,9.46266669965718e-06,1,0.000263260802703515,0.0411216506271496,5.90815251088524,"aumento"
670047503,"population",9,0.0348428605745236,0.000404185590644679,9.46266669965704e-06,1,0.000263260802703515,0.00205856934189797,5.90815251088527,"aumento"
670047531,"pop_density",9,0,0,NA,NA,NA,0,NA,"sin tendencia"
670047531,"population",9,0,0,NA,NA,NA,0,NA,"sin tendencia"
670048531,"pop_density",9,0,0,NA,NA,NA,0,NA,"sin tendencia"
670048531,"population",9,0,0,NA,NA,NA,0,NA,"sin tendencia"
670049526,"pop_density",9,0,0,NA,NA,NA,0,NA,"sin tendencia"
670049526,"population",9,0,0,NA,NA,NA,0,NA,"sin tendencia"
670050598,"pop_density",9,0.212421865907808,0.00249003122913805,7.1635724824576e-06,0.944444444444444,0.000580666545949214,0.0124007381585463,5.83778798173643,"aumento"
670050598,"population",9,0.0230138055566284,0.000269770224889118,7.16357248245837e-06,0.944444444444444,0.000580666545949214,0.00134349717492504,5.8377879817364,"aumento"
670051579,"pop_density",9,0.143810946819986,0.00173521659173984,2.80481041019094e-08,1,0.000263260802703515,0.0083761156704568,5.8243936610344,"aumento"
670051579,"population",9,0.00666472486530741,8.04162786031764e-05,2.80481041019037e-08,1,0.000263260802703515,0.000388179812580348,5.8243936610344,"aumento"
670051600,"pop_density",9,1.01102481999947,0.0117281318900288,9.46268491020673e-06,1,0.000263260802703515,0.0597329000458043,5.90815367379763,"aumento"
670051600,"population",9,0.543118351035648,0.00630030393600465,9.46268491020666e-06,1,0.000263260802703515,0.0320882668097813,5.90815367379756,"aumento"
670052611,"pop_density",9,0,0,NA,NA,NA,0,NA,"sin tendencia"
670052611,"population",9,0,0,NA,NA,NA,0,NA,"sin tendencia"
670052647,"pop_density",9,0,0,NA,NA,NA,0,NA,"sin tendencia"
670052647,"population",9,0,0,NA,NA,NA,0,NA,"sin tendencia"
670055688,"pop_density",9,0,0,NA,NA,NA,0,NA,"sin tendencia"
670055688,"population",9,0,0,NA,NA,NA,0,NA,"sin tendencia"
670056712,"pop_density",9,0,0,NA,NA,NA,0,NA,"sin tendencia"
670056712,"population",9,0,0,NA,NA,NA,0,NA,"sin tendencia"
670056748,"pop_density",9,1.312846505309,0.0132075924593207,5.9444107391747e-06,0.944444444444444,0.000580666545949214,0.064988129176703,4.95016964389198,"aumento"
670056748,"population",9,0.609331429004669,0.00613003969192506,5.94441073917302e-06,0.944444444444444,0.000580666545949214,0.0301629394292833,4.95016964389214,"aumento"
670058744,"pop_density",9,3.78923558613289,0.0525775641047751,5.87394901129248e-06,0.944444444444444,0.000580666545949214,0.259719397645624,6.85413698203654,"aumento"
670058744,"population",9,1.05733756886588,0.0146710946162542,5.87394901129017e-06,0.944444444444444,0.000580666545949214,0.0724713653326059,6.85413698203686,"aumento"
670058750,"pop_density",9,0,0,NA,NA,NA,0,NA,"sin tendencia"
670058750,"population",9,0,0,NA,NA,NA,0,NA,"sin tendencia"
670058797,"pop_density",9,0,0,NA,NA,NA,0,NA,"sin tendencia"
670058797,"population",9,0,0,NA,NA,NA,0,NA,"sin tendencia"
670060783,"pop_density",9,0,0,NA,NA,NA,0,NA,"sin tendencia"
670060783,"population",9,0,0,NA,NA,NA,0,NA,"sin tendencia"
670060838,"pop_density",9,0.447275344589612,0.00468698463453984,8.66985068713192e-07,1,0.000263260802703515,0.0233937553418136,5.23028054749543,"aumento"
670060838,"population",9,0.00440602030398117,4.61705517955124e-05,8.66985068713133e-07,1,0.000263260802703515,0.000230447222877827,5.23028054749544,"aumento"
670062832,"pop_density",9,0,0,NA,NA,NA,0,NA,"sin tendencia"
670062832,"population",9,0,0,NA,NA,NA,0,NA,"sin tendencia"
670062877,"pop_density",9,0,0,NA,NA,NA,0,NA,"sin tendencia"
670062877,"population",9,0,0,NA,NA,NA,0,NA,"sin tendencia"
670062886,"pop_density",9,0.777333364914282,0.00563043565963363,7.49273477240454e-06,1,0.000263260802703515,0.0270131613130629,3.47510637421844,"aumento"
670062886,"population",9,0.0705931890341971,0.000511325548092525,7.49273477240344e-06,1,0.000263260802703515,0.00245318841189147,3.47510637421846,"aumento"
670063855,"pop_density",9,7.15363386953396,0.114568996602254,6.51933618457081e-09,1,0.000263260802703515,0.569284936817365,7.95798257500774,"aumento"
670063855,"population",9,0.679069853491253,0.0108756407101949,6.51933618457003e-09,1,0.000263260802703515,0.0540402606129645,7.95798257500774,"aumento"
670063901,"pop_density",9,0,0,NA,NA,NA,0,NA,"sin tendencia"
670063901,"population",9,0,0,NA,NA,NA,0,NA,"sin tendencia"
670064879,"pop_density",9,0,0,NA,NA,NA,0,NA,"sin tendencia"
670064879,"population",9,0,0,NA,NA,NA,0,NA,"sin tendencia"
670069998,"pop_density",9,0.243739744962793,0.00385775238041238,1.971343872175e-08,1,0.000263260802703515,0.0193737386591838,7.94853488590514,"aumento"
670069998,"population",9,0.0766763956182533,0.00121358356128136,1.97134387217426e-08,1,0.000263260802703515,0.0060946500549714,7.948534885905,"aumento"
670071022,"pop_density",9,0,0,NA,NA,NA,0,NA,"sin tendencia"
670071022,"population",9,0,0,NA,NA,NA,0,NA,"sin tendencia"
670071027,"pop_density",9,0,0,NA,NA,NA,0,NA,"sin tendencia"
670071027,"population",9,0,0,NA,NA,NA,0,NA,"sin tendencia"
670076141,"pop_density",9,0,0,NA,NA,NA,0,NA,"sin tendencia"
670076141,"population",9,0,0,NA,NA,NA,0,NA,"sin tendencia"
670077165,"pop_density",9,0,0,NA,NA,NA,0,NA,"sin tendencia"
670077165,"population",9,0,0,NA,NA,NA,0,NA,"sin tendencia"
670078204,"pop_density",9,0,0,NA,NA,NA,0,NA,"sin tendencia"
670078204,"population",9,0,0,NA,NA,NA,0,NA,"sin tendencia"
670084339,"pop_density",9,19.6893859994132,0.297517677695254,4.12316379071047e-09,1,0.000263260802703515,1.49317087273202,7.58363350069178,"aumento"
670084339,"population",9,2.40707851780785,0.0363723079363505,4.12316379071071e-09,1,0.000263260802703515,0.182544012864431,7.58363350069175,"aumento"
670085363,"pop_density",9,41.5851822057962,0.571277520324956,2.82228759429587e-11,1,0.000263260802703515,2.85713700057575,6.87056506434524,"aumento"
670085363,"population",9,3.31261558002896,0.0455071425437926,2.82228759429558e-11,1,0.000263260802703515,0.227595408757528,6.87056506434527,"aumento"
